n,alpha,method,effect_size,noise_sd,sigma_y,z_encoding,window_start,window_end,window_length,is_global,delay_yz,is_control,seed,detected,p_value,lla_score,localization_correct,start_error,end_error,window_overlap,delay_correct,detected_delay,delay_error,replicate,computation_time,batch_time_seconds
100,1.0,additive,0.5,0.1,1.0,-11,10,90,80,False,0,False,1598285771,True,0.002,0.4578,False,-1.0,9.0,0.8888888888888888,,,,0,10.020244836807251,1092.4066858291626
100,1.0,additive,0.5,0.1,1.0,-11,10,90,80,False,0,False,409287327,True,0.001,0.4879,False,-4.0,9.0,0.8602150537634409,,,,1,10.384774208068848,1092.4066858291626
100,1.0,additive,0.5,0.1,1.0,-11,10,90,80,False,0,False,73227746,True,0.002,0.4514,False,1.0,6.0,0.9186046511627907,,,,2,10.16735315322876,1092.4066858291626
100,1.0,additive,0.5,0.1,1.0,-11,10,90,80,False,0,False,1031712950,True,0.002,0.4797,False,-6.0,10.0,0.8333333333333334,,,,3,10.165379047393799,1092.4066858291626
100,1.0,additive,0.5,0.1,1.0,-11,10,90,80,False,0,False,2037816167,True,0.003,0.4522,False,-10.0,1.0,0.8791208791208791,,,,4,12.445350408554077,1092.4066858291626
100,1.0,additive,0.5,0.1,1.0,-11,10,90,80,False,0,False,848817723,True,0.003,0.4471,False,-6.0,8.0,0.851063829787234,,,,5,16.552619457244873,1092.4066858291626
100,1.0,additive,0.5,0.1,1.0,-11,10,90,80,False,0,False,512758142,True,0.004,0.4521,False,0.0,6.0,0.9302325581395349,,,,6,10.070795774459839,1092.4066858291626
100,1.0,additive,0.5,0.1,1.0,-11,10,90,80,False,0,False,176698561,True,0.001,0.4121,False,-3.0,1.0,0.9523809523809523,,,,7,10.439582824707031,1092.4066858291626
100,1.0,additive,0.5,0.1,1.0,-11,10,90,80,False,0,False,329862915,True,0.001,0.4588,False,-1.0,10.0,0.8791208791208791,,,,8,10.306027173995972,1092.4066858291626
100,1.0,additive,0.5,0.1,1.0,-11,10,90,80,False,0,False,2141286982,True,0.001,0.4748,False,-10.0,10.0,0.8,,,,9,10.069204330444336,1092.4066858291626
100,1.0,additive,0.5,0.1,1.0,-11,10,90,80,False,0,False,952288538,True,0.002,0.4546,False,-4.0,0.0,0.9523809523809523,,,,10,10.4444899559021,1092.4066858291626
100,1.0,additive,0.5,0.1,1.0,-11,10,90,80,False,0,False,616228957,True,0.004,0.4405,False,0.0,9.0,0.898876404494382,,,,11,10.137370347976685,1092.4066858291626
100,1.0,additive,0.5,0.1,1.0,-11,10,90,80,False,0,False,769393311,True,0.006,0.4524,False,-5.0,6.0,0.8791208791208791,,,,12,10.176079750061035,1092.4066858291626
100,1.0,additive,0.5,0.1,1.0,-11,10,90,80,False,0,False,433333730,True,0.001,0.4586,False,-9.0,9.0,0.8163265306122449,,,,13,10.263992547988892,1092.4066858291626
100,1.0,additive,0.5,0.1,1.0,-11,10,90,80,False,0,False,97274149,True,0.007,0.4392,False,-8.0,8.0,0.8333333333333334,,,,14,9.92591404914856,1092.4066858291626
100,1.0,additive,0.5,0.1,1.0,-11,10,90,80,False,0,False,1055759353,True,0.002,0.4605,False,-10.0,6.0,0.8333333333333334,,,,15,12.439802408218384,1092.4066858291626
100,1.0,additive,0.5,0.1,1.0,-11,10,90,80,False,0,False,719699772,True,0.004,0.4574,False,-10.0,10.0,0.8,,,,16,10.11277461051941,1092.4066858291626
100,1.0,additive,0.5,0.1,1.0,-11,10,90,80,False,0,False,872864126,True,0.002,0.4921,False,-10.0,0.0,0.8888888888888888,,,,17,10.327958822250366,1092.4066858291626
100,1.0,additive,0.5,0.1,1.0,-11,10,90,80,False,0,False,536804545,True,0.002,0.49,False,-10.0,9.0,0.8080808080808081,,,,18,10.246879577636719,1092.4066858291626
100,1.0,additive,0.5,0.1,1.0,-11,10,90,80,False,0,False,200744964,True,0.007,0.4244,False,0.0,1.0,0.9876543209876543,,,,19,10.002672910690308,1092.4066858291626
100,1.0,additive,0.5,0.1,1.0,-11,10,90,80,False,0,False,1159230168,True,0.002,0.4369,False,-1.0,2.0,0.963855421686747,,,,20,10.099950313568115,1092.4066858291626
100,1.0,additive,0.5,0.1,1.0,-11,10,90,80,False,0,False,17849737,True,0.011,0.4394,False,-10.0,5.0,0.8421052631578947,,,,21,10.142337322235107,1092.4066858291626
100,1.0,additive,0.5,0.1,1.0,-11,10,90,80,False,0,False,976334941,True,0.005,0.4465,False,-8.0,8.0,0.8333333333333334,,,,22,15.660371780395508,1092.4066858291626
100,1.0,additive,0.5,0.1,1.0,-11,10,90,80,False,0,False,640275360,True,0.002,0.4475,False,-6.0,0.0,0.9302325581395349,,,,23,10.108472347259521,1092.4066858291626
100,1.0,additive,0.5,0.1,1.0,-11,10,90,80,False,0,False,1598760564,True,0.001,0.4491,False,-6.0,1.0,0.9195402298850575,,,,24,10.251133918762207,1092.4066858291626
100,1.0,additive,0.5,0.1,1.0,-11,10,90,80,False,0,False,457380133,True,0.007,0.4333,False,-1.0,0.0,0.9876543209876543,,,,25,10.02701187133789,1092.4066858291626
100,1.0,additive,0.5,0.1,1.0,-11,10,90,80,False,0,False,121320552,True,0.001,0.467,False,-10.0,0.0,0.8888888888888888,,,,26,10.184059858322144,1092.4066858291626
100,1.0,additive,0.5,0.1,1.0,-11,10,90,80,False,0,False,1079805756,True,0.003,0.4585,False,-7.0,4.0,0.8791208791208791,,,,27,16.31001329421997,1092.4066858291626
100,1.0,additive,0.5,0.1,1.0,-11,10,90,80,False,0,False,743746175,True,0.001,0.4783,False,-6.0,3.0,0.898876404494382,,,,28,10.284619808197021,1092.4066858291626
100,1.0,additive,0.5,0.1,1.0,-11,10,90,80,False,0,False,896910529,True,0.005,0.4503,False,-1.0,3.0,0.9523809523809523,,,,29,10.311863660812378,1092.4066858291626
100,1.0,additive,0.5,0.1,1.0,-11,10,90,80,False,0,False,560850948,True,0.004,0.4477,False,-9.0,10.0,0.8080808080808081,,,,30,10.02002215385437,1092.4066858291626
100,1.0,additive,0.5,0.1,1.0,-11,10,90,80,False,0,False,1519336152,True,0.009,0.4277,False,-1.0,0.0,0.9876543209876543,,,,31,10.908742427825928,1092.4066858291626
100,1.0,additive,0.5,0.1,1.0,-11,10,90,80,False,0,False,1183276571,True,0.002,0.4624,False,0.0,10.0,0.8888888888888888,,,,32,10.462074041366577,1092.4066858291626
100,1.0,additive,0.5,0.1,1.0,-11,10,90,80,False,0,False,41896140,True,0.005,0.4029,False,0.0,5.0,0.9411764705882353,,,,33,10.67914605140686,1092.4066858291626
100,1.0,additive,0.5,0.1,1.0,-11,10,90,80,False,0,False,1000381344,True,0.001,0.4548,False,-5.0,1.0,0.9302325581395349,,,,34,10.069695711135864,1092.4066858291626
100,1.0,additive,0.5,0.1,1.0,-11,10,90,80,False,0,False,664321763,True,0.002,0.4648,False,-4.0,8.0,0.8695652173913043,,,,35,10.416184425354004,1092.4066858291626
100,1.0,additive,0.5,0.1,1.0,-11,10,90,80,False,0,False,1622806967,True,0.002,0.4359,False,-5.0,7.0,0.8695652173913043,,,,36,10.038960218429565,1092.4066858291626
100,1.0,additive,0.5,0.1,1.0,-11,10,90,80,False,0,False,481426536,True,0.005,0.4773,False,-4.0,4.0,0.9090909090909091,,,,37,9.87799596786499,1092.4066858291626
100,1.0,additive,0.5,0.1,1.0,-11,10,90,80,False,0,False,1439911740,True,0.003,0.477,False,-10.0,6.0,0.8333333333333334,,,,38,14.672436237335205,1092.4066858291626
100,1.0,additive,0.5,0.1,1.0,-11,10,90,80,False,0,False,1103852159,True,0.002,0.452,False,-10.0,0.0,0.8888888888888888,,,,39,10.045432567596436,1092.4066858291626
100,1.0,additive,0.5,0.1,1.0,-11,10,90,80,False,0,False,767792578,True,0.006,0.4436,False,0.0,1.0,0.9876543209876543,,,,40,9.635033369064331,1092.4066858291626
100,1.0,additive,0.5,0.1,1.0,-11,10,90,80,False,0,False,1726277782,True,0.004,0.4599,False,-7.0,10.0,0.8247422680412371,,,,41,10.011681318283081,1092.4066858291626
100,1.0,additive,0.5,0.1,1.0,-11,10,90,80,False,0,False,584897351,True,0.003,0.4504,False,-10.0,8.0,0.8163265306122449,,,,42,10.333653450012207,1092.4066858291626
100,1.0,additive,0.5,0.1,1.0,-11,10,90,80,False,0,False,1543382555,True,0.003,0.4184,False,-10.0,1.0,0.8791208791208791,,,,43,10.11943507194519,1092.4066858291626
100,1.0,additive,0.5,0.1,1.0,-11,10,90,80,False,0,False,1207322974,True,0.003,0.473,False,-8.0,3.0,0.8791208791208791,,,,44,15.288769721984863,1092.4066858291626
100,1.0,additive,0.5,0.1,1.0,-11,10,90,80,False,0,False,871263393,True,0.001,0.4457,False,-7.0,0.0,0.9195402298850575,,,,45,10.151667356491089,1092.4066858291626
100,1.0,additive,0.5,0.1,1.0,-11,10,90,80,False,0,False,1024427747,True,0.003,0.4427,False,-9.0,10.0,0.8080808080808081,,,,46,9.979207754135132,1092.4066858291626
100,1.0,additive,0.5,0.1,1.0,-11,10,90,80,False,0,False,688368166,True,0.001,0.4639,False,0.0,5.0,0.9411764705882353,,,,47,15.997454404830933,1092.4066858291626
100,1.0,additive,0.5,0.1,1.0,-11,10,90,80,False,0,False,1646853370,True,0.002,0.4685,False,-2.0,-1.0,0.9634146341463414,,,,48,10.042857646942139,1092.4066858291626
100,1.0,additive,0.5,0.1,1.0,-11,10,90,80,False,0,False,1310793789,True,0.003,0.4471,False,-2.0,7.0,0.898876404494382,,,,49,15.907172203063965,1092.4066858291626
100,1.0,additive,0.5,0.1,1.0,-11,10,90,80,False,0,True,1786753162,False,0.7193,0.116,,,,,,,,0,9.521766185760498,1092.4066858291626
100,1.0,additive,0.5,0.1,1.0,-11,10,90,80,False,0,True,597754718,False,0.8112,-0.1054,,,,,,,,1,10.464636087417603,1092.4066858291626
100,1.0,additive,0.5,0.1,1.0,-11,10,90,80,False,0,True,261695137,False,0.2507,0.1629,,,,,,,,2,10.054611921310425,1092.4066858291626
100,1.0,additive,0.5,0.1,1.0,-11,10,90,80,False,0,True,1220180341,False,0.6823,-0.113,,,,,,,,3,12.671879053115845,1092.4066858291626
100,1.0,additive,0.5,0.1,1.0,-11,10,90,80,False,0,True,78799910,False,0.981,-0.0692,,,,,,,,4,10.885955333709717,1092.4066858291626
100,1.0,additive,0.5,0.1,1.0,-11,10,90,80,False,0,True,1037285114,False,0.3097,-0.1403,,,,,,,,5,10.142893552780151,1092.4066858291626
100,1.0,additive,0.5,0.1,1.0,-11,10,90,80,False,0,True,701225533,False,0.9331,0.0825,,,,,,,,6,10.374989032745361,1092.4066858291626
100,1.0,additive,0.5,0.1,1.0,-11,10,90,80,False,0,True,365165952,False,0.0579,0.2273,,,,,,,,7,12.764277935028076,1092.4066858291626
100,1.0,additive,0.5,0.1,1.0,-11,10,90,80,False,0,True,518330306,False,0.9241,0.0807,,,,,,,,8,13.820913553237915,1092.4066858291626
100,1.0,additive,0.5,0.1,1.0,-11,10,90,80,False,0,True,182270725,False,0.7892,0.1007,,,,,,,,9,10.309136390686035,1092.4066858291626
100,1.0,additive,0.5,0.1,1.0,-11,10,90,80,False,0,True,1140755929,False,0.5814,-0.1146,,,,,,,,10,10.639673948287964,1092.4066858291626
100,1.0,additive,0.5,0.1,1.0,-11,10,90,80,False,0,True,804696348,False,0.6154,0.1206,,,,,,,,11,10.229004621505737,1092.4066858291626
100,1.0,additive,0.5,0.1,1.0,-11,10,90,80,False,0,True,957860702,False,0.4226,-0.137,,,,,,,,12,10.15829873085022,1092.4066858291626
100,1.0,additive,0.5,0.1,1.0,-11,10,90,80,False,0,True,621801121,False,0.4715,0.1187,,,,,,,,13,10.33234977722168,1092.4066858291626
100,1.0,additive,0.5,0.1,1.0,-11,10,90,80,False,0,True,285741540,False,0.5854,-0.1147,,,,,,,,14,10.102606773376465,1092.4066858291626
100,1.0,additive,0.5,0.1,1.0,-11,10,90,80,False,0,True,1244226744,False,0.7512,-0.091,,,,,,,,15,10.307376146316528,1092.4066858291626
100,1.0,additive,0.5,0.1,1.0,-11,10,90,80,False,0,True,908167163,False,0.0519,0.2426,,,,,,,,16,9.711137771606445,1092.4066858291626
100,1.0,additive,0.5,0.1,1.0,-11,10,90,80,False,0,True,1061331517,False,0.7782,-0.088,,,,,,,,17,11.248848915100098,1092.4066858291626
100,1.0,additive,0.5,0.1,1.0,-11,10,90,80,False,0,True,725271936,False,0.0959,0.2259,,,,,,,,18,10.6112642288208,1092.4066858291626
100,1.0,additive,0.5,0.1,1.0,-11,10,90,80,False,0,True,389212355,False,0.5904,-0.0988,,,,,,,,19,10.292004108428955,1092.4066858291626
100,1.0,additive,0.5,0.1,1.0,-11,10,90,80,False,0,True,1347697559,False,0.9161,-0.0782,,,,,,,,20,10.224840641021729,1092.4066858291626
100,1.0,additive,0.5,0.1,1.0,-11,10,90,80,False,0,True,106978241,False,0.6204,-0.1113,,,,,,,,21,10.01924467086792,1092.4066858291626
100,1.0,additive,0.5,0.1,1.0,-11,10,90,80,False,0,True,1164802332,False,0.0799,-0.1722,,,,,,,,22,10.364460468292236,1092.4066858291626
100,1.0,additive,0.5,0.1,1.0,-11,10,90,80,False,0,True,828742751,False,0.984,0.0668,,,,,,,,23,10.079273700714111,1092.4066858291626
100,1.0,additive,0.5,0.1,1.0,-11,10,90,80,False,0,True,1787227955,False,0.4825,-0.1377,,,,,,,,24,13.556265354156494,1092.4066858291626
100,1.0,additive,0.5,0.1,1.0,-11,10,90,80,False,0,True,645847524,False,0.0639,-0.2231,,,,,,,,25,11.516367435455322,1092.4066858291626
100,1.0,additive,0.5,0.1,1.0,-11,10,90,80,False,0,True,210449056,False,0.5365,-0.1262,,,,,,,,26,12.481814861297607,1092.4066858291626
100,1.0,additive,0.5,0.1,1.0,-11,10,90,80,False,0,True,1268273147,False,0.4545,0.1309,,,,,,,,27,12.01418685913086,1092.4066858291626
100,1.0,additive,0.5,0.1,1.0,-11,10,90,80,False,0,True,932213566,False,0.4955,-0.1413,,,,,,,,28,12.67028260231018,1092.4066858291626
100,1.0,additive,0.5,0.1,1.0,-11,10,90,80,False,0,True,1085377920,False,0.2018,-0.1762,,,,,,,,29,9.426377773284912,1092.4066858291626
100,1.0,additive,0.5,0.1,1.0,-11,10,90,80,False,0,True,749318339,False,0.2458,-0.1521,,,,,,,,30,9.924135208129883,1092.4066858291626
100,1.0,additive,0.5,0.1,1.0,-11,10,90,80,False,0,True,1707803543,False,0.7113,-0.0959,,,,,,,,31,10.098248720169067,1092.4066858291626
100,1.0,additive,0.5,0.1,1.0,-11,10,90,80,False,0,True,1371743962,False,0.8212,-0.0999,,,,,,,,32,10.853646516799927,1092.4066858291626
100,1.0,additive,0.5,0.1,1.0,-11,10,90,80,False,0,True,131024644,False,0.1858,0.1751,,,,,,,,33,10.186090230941772,1092.4066858291626
100,1.0,additive,0.5,0.1,1.0,-11,10,90,80,False,0,True,1188848735,False,0.989,0.0618,,,,,,,,34,10.051803588867188,1092.4066858291626
100,1.0,additive,0.5,0.1,1.0,-11,10,90,80,False,0,True,852789154,False,0.0939,0.2211,,,,,,,,35,9.777846813201904,1092.4066858291626
100,1.0,additive,0.5,0.1,1.0,-11,10,90,80,False,0,True,1811274358,False,0.0979,0.1968,,,,,,,,36,10.013759136199951,1092.4066858291626
100,1.0,additive,0.5,0.1,1.0,-11,10,90,80,False,0,True,570555040,False,0.7173,0.1015,,,,,,,,37,10.105339050292969,1092.4066858291626
100,1.0,additive,0.5,0.1,1.0,-11,10,90,80,False,0,True,1628379131,False,0.7443,-0.0965,,,,,,,,38,10.152156114578247,1092.4066858291626
100,1.0,additive,0.5,0.1,1.0,-11,10,90,80,False,0,True,1292319550,False,0.6334,-0.1193,,,,,,,,39,11.808204174041748,1092.4066858291626
100,1.0,additive,0.5,0.1,1.0,-11,10,90,80,False,0,True,956259969,False,0.2687,0.1636,,,,,,,,40,10.180079221725464,1092.4066858291626
100,1.0,additive,0.5,0.1,1.0,-11,10,90,80,False,0,True,1914745173,False,0.5085,-0.1421,,,,,,,,41,12.987475872039795,1092.4066858291626
100,1.0,additive,0.5,0.1,1.0,-11,10,90,80,False,0,True,674025855,False,0.1878,0.1572,,,,,,,,42,10.270305633544922,1092.4066858291626
100,1.0,additive,0.5,0.1,1.0,-11,10,90,80,False,0,True,1731849946,False,0.6683,-0.1035,,,,,,,,43,10.298929929733276,1092.4066858291626
100,1.0,additive,0.5,0.1,1.0,-11,10,90,80,False,0,True,1395790365,False,0.0639,-0.2201,,,,,,,,44,10.124004125595093,1092.4066858291626
100,1.0,additive,0.5,0.1,1.0,-11,10,90,80,False,0,True,1059730784,False,0.8731,-0.0989,,,,,,,,45,14.67396855354309,1092.4066858291626
100,1.0,additive,0.5,0.1,1.0,-11,10,90,80,False,0,True,1113556251,False,0.3666,-0.1269,,,,,,,,46,9.992679834365845,1092.4066858291626
100,1.0,additive,0.5,0.1,1.0,-11,10,90,80,False,0,True,777496670,False,0.3796,0.1553,,,,,,,,47,10.343092441558838,1092.4066858291626
100,1.0,additive,0.5,0.1,1.0,-11,10,90,80,False,0,True,1835320761,False,0.6284,0.113,,,,,,,,48,10.11219573020935,1092.4066858291626
100,1.0,additive,0.5,0.1,1.0,-11,10,90,80,False,0,True,1499261180,False,0.7942,-0.0898,,,,,,,,49,10.233180046081543,1092.4066858291626
100,1.0,additive,0.6,0.1,1.0,-11,10,90,80,False,0,False,2011488377,True,0.004,0.4115,False,-4.0,0.0,0.9523809523809523,,,,0,13.515892505645752,1063.134976387024
100,1.0,additive,0.6,0.1,1.0,-11,10,90,80,False,0,False,1675428796,True,0.006,0.4262,False,-6.0,10.0,0.8333333333333334,,,,1,12.96200942993164,1063.134976387024
100,1.0,additive,0.6,0.1,1.0,-11,10,90,80,False,0,False,486430352,True,0.004,0.4203,True,0.0,0.0,1.0,,,,2,10.268767833709717,1063.134976387024
100,1.0,additive,0.6,0.1,1.0,-11,10,90,80,False,0,False,150370771,True,0.001,0.4354,False,-6.0,0.0,0.9302325581395349,,,,3,9.945689678192139,1063.134976387024
100,1.0,additive,0.6,0.1,1.0,-11,10,90,80,False,0,False,1108855975,True,0.001,0.4937,False,-10.0,6.0,0.8333333333333334,,,,4,10.351237058639526,1063.134976387024
100,1.0,additive,0.6,0.1,1.0,-11,10,90,80,False,0,False,2114959192,True,0.008,0.4097,False,0.0,8.0,0.9090909090909091,,,,5,10.044926404953003,1063.134976387024
100,1.0,additive,0.6,0.1,1.0,-11,10,90,80,False,0,False,1778899611,True,0.005,0.447,False,-7.0,1.0,0.9090909090909091,,,,6,10.099804162979126,1063.134976387024
100,1.0,additive,0.6,0.1,1.0,-11,10,90,80,False,0,False,589901167,True,0.002,0.4854,False,-6.0,3.0,0.898876404494382,,,,7,13.425167798995972,1063.134976387024
100,1.0,additive,0.6,0.1,1.0,-11,10,90,80,False,0,False,253841586,True,0.006,0.4538,False,-8.0,3.0,0.8791208791208791,,,,8,9.8106210231781,1063.134976387024
100,1.0,additive,0.6,0.1,1.0,-11,10,90,80,False,0,False,407005940,True,0.004,0.4463,False,-1.0,4.0,0.9411764705882353,,,,9,13.454054594039917,1063.134976387024
100,1.0,additive,0.6,0.1,1.0,-11,10,90,80,False,0,False,70946359,True,0.004,0.4343,False,-10.0,0.0,0.8888888888888888,,,,10,9.734084844589233,1063.134976387024
100,1.0,additive,0.6,0.1,1.0,-11,10,90,80,False,0,False,1029431563,True,0.001,0.4493,False,-10.0,0.0,0.8888888888888888,,,,11,10.377448558807373,1063.134976387024
100,1.0,additive,0.6,0.1,1.0,-11,10,90,80,False,0,False,693371982,True,0.005,0.4574,False,-9.0,2.0,0.8791208791208791,,,,12,13.56436538696289,1063.134976387024
100,1.0,additive,0.6,0.1,1.0,-11,10,90,80,False,0,False,1699475199,True,0.002,0.4773,False,-9.0,0.0,0.898876404494382,,,,13,11.046986103057861,1063.134976387024
100,1.0,additive,0.6,0.1,1.0,-11,10,90,80,False,0,False,510476755,True,0.002,0.491,False,-9.0,9.0,0.8163265306122449,,,,14,10.092204809188843,1063.134976387024
100,1.0,additive,0.6,0.1,1.0,-11,10,90,80,False,0,False,174417174,True,0.005,0.4538,False,-1.0,6.0,0.9195402298850575,,,,15,11.28480863571167,1063.134976387024
100,1.0,additive,0.6,0.1,1.0,-11,10,90,80,False,0,False,1132902378,True,0.001,0.4575,False,-7.0,10.0,0.8247422680412371,,,,16,10.06946849822998,1063.134976387024
100,1.0,additive,0.6,0.1,1.0,-11,10,90,80,False,0,False,2139005595,True,0.005,0.4545,False,-10.0,10.0,0.8,,,,17,10.341719150543213,1063.134976387024
100,1.0,additive,0.6,0.1,1.0,-11,10,90,80,False,0,False,950007151,True,0.005,0.4487,False,-5.0,0.0,0.9411764705882353,,,,18,10.214223384857178,1063.134976387024
100,1.0,additive,0.6,0.1,1.0,-11,10,90,80,False,0,False,613947570,True,0.001,0.5052,False,-5.0,10.0,0.8421052631578947,,,,19,10.101248502731323,1063.134976387024
100,1.0,additive,0.6,0.1,1.0,-11,10,90,80,False,0,False,277887989,True,0.002,0.4367,False,-7.0,0.0,0.9195402298850575,,,,20,10.304381847381592,1063.134976387024
100,1.0,additive,0.6,0.1,1.0,-11,10,90,80,False,0,False,431052343,True,0.002,0.4579,False,-10.0,3.0,0.8602150537634409,,,,21,10.055936098098755,1063.134976387024
100,1.0,additive,0.6,0.1,1.0,-11,10,90,80,False,0,False,94992762,True,0.002,0.4356,False,-5.0,-1.0,0.9294117647058824,,,,22,10.156481266021729,1063.134976387024
100,1.0,additive,0.6,0.1,1.0,-11,10,90,80,False,0,False,1053477966,True,0.003,0.4915,False,-7.0,6.0,0.8602150537634409,,,,23,10.228096723556519,1063.134976387024
100,1.0,additive,0.6,0.1,1.0,-11,10,90,80,False,0,False,717418385,True,0.001,0.4915,False,-5.0,10.0,0.8421052631578947,,,,24,10.033944368362427,1063.134976387024
100,1.0,additive,0.6,0.1,1.0,-11,10,90,80,False,0,False,870582739,True,0.004,0.4731,False,-9.0,4.0,0.8602150537634409,,,,25,10.251116275787354,1063.134976387024
100,1.0,additive,0.6,0.1,1.0,-11,10,90,80,False,0,False,534523158,True,0.001,0.4522,False,-10.0,3.0,0.8602150537634409,,,,26,10.162945747375488,1063.134976387024
100,1.0,additive,0.6,0.1,1.0,-11,10,90,80,False,0,False,198463577,True,0.002,0.4625,False,-7.0,9.0,0.8333333333333334,,,,27,10.425495147705078,1063.134976387024
100,1.0,additive,0.6,0.1,1.0,-11,10,90,80,False,0,False,1156948781,True,0.002,0.4406,False,0.0,3.0,0.963855421686747,,,,28,10.194394588470459,1063.134976387024
100,1.0,additive,0.6,0.1,1.0,-11,10,90,80,False,0,False,820889200,True,0.003,0.4486,False,-3.0,8.0,0.8791208791208791,,,,29,9.972650289535522,1063.134976387024
100,1.0,additive,0.6,0.1,1.0,-11,10,90,80,False,0,False,974053554,True,0.002,0.4184,False,0.0,4.0,0.9523809523809523,,,,30,10.310743808746338,1063.134976387024
100,1.0,additive,0.6,0.1,1.0,-11,10,90,80,False,0,False,637993973,True,0.002,0.4536,False,-7.0,10.0,0.8247422680412371,,,,31,15.642528057098389,1063.134976387024
100,1.0,additive,0.6,0.1,1.0,-11,10,90,80,False,0,False,301934392,True,0.008,0.4329,False,-2.0,10.0,0.8695652173913043,,,,32,10.34972357749939,1063.134976387024
100,1.0,additive,0.6,0.1,1.0,-11,10,90,80,False,0,False,1260419596,True,0.001,0.4602,False,-10.0,0.0,0.8888888888888888,,,,33,10.021325588226318,1063.134976387024
100,1.0,additive,0.6,0.1,1.0,-11,10,90,80,False,0,False,119039165,True,0.004,0.443,False,-8.0,0.0,0.9090909090909091,,,,34,10.580760955810547,1063.134976387024
100,1.0,additive,0.6,0.1,1.0,-11,10,90,80,False,0,False,1077524369,True,0.002,0.4969,False,-10.0,7.0,0.8247422680412371,,,,35,13.882798910140991,1063.134976387024
100,1.0,additive,0.6,0.1,1.0,-11,10,90,80,False,0,False,741464788,True,0.002,0.4805,False,-10.0,7.0,0.8247422680412371,,,,36,10.600218296051025,1063.134976387024
100,1.0,additive,0.6,0.1,1.0,-11,10,90,80,False,0,False,1699949992,True,0.002,0.4594,False,-4.0,3.0,0.9195402298850575,,,,37,10.181719303131104,1063.134976387024
100,1.0,additive,0.6,0.1,1.0,-11,10,90,80,False,0,False,558569561,True,0.001,0.4388,False,-3.0,0.0,0.963855421686747,,,,38,10.106677770614624,1063.134976387024
100,1.0,additive,0.6,0.1,1.0,-11,10,90,80,False,0,False,222509980,True,0.002,0.4568,False,-2.0,4.0,0.9302325581395349,,,,39,15.164229154586792,1063.134976387024
100,1.0,additive,0.6,0.1,1.0,-11,10,90,80,False,0,False,1180995184,True,0.005,0.4386,False,-5.0,2.0,0.9195402298850575,,,,40,10.293228149414062,1063.134976387024
100,1.0,additive,0.6,0.1,1.0,-11,10,90,80,False,0,False,844935603,True,0.002,0.4513,False,-5.0,10.0,0.8421052631578947,,,,41,10.051760196685791,1063.134976387024
100,1.0,additive,0.6,0.1,1.0,-11,10,90,80,False,0,False,998099957,True,0.002,0.4622,False,0.0,2.0,0.975609756097561,,,,42,10.481713771820068,1063.134976387024
100,1.0,additive,0.6,0.1,1.0,-11,10,90,80,False,0,False,662040376,True,0.003,0.4217,False,0.0,4.0,0.9523809523809523,,,,43,10.20503306388855,1063.134976387024
100,1.0,additive,0.6,0.1,1.0,-11,10,90,80,False,0,False,1620525580,True,0.002,0.4593,False,-6.0,9.0,0.8421052631578947,,,,44,10.655409097671509,1063.134976387024
100,1.0,additive,0.6,0.1,1.0,-11,10,90,80,False,0,False,1284465999,True,0.007,0.4574,False,-8.0,8.0,0.8333333333333334,,,,45,10.6514253616333,1063.134976387024
100,1.0,additive,0.6,0.1,1.0,-11,10,90,80,False,0,False,143085568,True,0.002,0.4765,False,-10.0,8.0,0.8163265306122449,,,,46,10.41040849685669,1063.134976387024
100,1.0,additive,0.6,0.1,1.0,-11,10,90,80,False,0,False,1101570772,True,0.005,0.4269,True,0.0,0.0,1.0,,,,47,10.15794062614441,1063.134976387024
100,1.0,additive,0.6,0.1,1.0,-11,10,90,80,False,0,False,765511191,True,0.005,0.4504,False,-3.0,0.0,0.963855421686747,,,,48,10.502867221832275,1063.134976387024
100,1.0,additive,0.6,0.1,1.0,-11,10,90,80,False,0,False,1723996395,True,0.004,0.4277,False,-9.0,10.0,0.8080808080808081,,,,49,10.947841167449951,1063.134976387024
100,1.0,additive,0.6,0.1,1.0,-11,10,90,80,False,0,True,52472120,False,0.2408,-0.1578,,,,,,,,0,10.798671245574951,1063.134976387024
100,1.0,additive,0.6,0.1,1.0,-11,10,90,80,False,0,True,1863896187,False,0.2547,-0.1651,,,,,,,,1,10.655588865280151,1063.134976387024
100,1.0,additive,0.6,0.1,1.0,-11,10,90,80,False,0,True,674897743,False,0.3167,-0.1594,,,,,,,,2,10.281816005706787,1063.134976387024
100,1.0,additive,0.6,0.1,1.0,-11,10,90,80,False,0,True,338838162,False,0.2607,-0.162,,,,,,,,3,10.195882081985474,1063.134976387024
100,1.0,additive,0.6,0.1,1.0,-11,10,90,80,False,0,True,1297323366,False,0.2947,-0.1505,,,,,,,,4,9.957897186279297,1063.134976387024
100,1.0,additive,0.6,0.1,1.0,-11,10,90,80,False,0,True,155942935,False,0.0589,0.2292,,,,,,,,5,9.981046676635742,1063.134976387024
100,1.0,additive,0.6,0.1,1.0,-11,10,90,80,False,0,True,1967367002,False,0.96,-0.0682,,,,,,,,6,10.95010757446289,1063.134976387024
100,1.0,additive,0.6,0.1,1.0,-11,10,90,80,False,0,True,778368558,False,0.1349,-0.1783,,,,,,,,7,10.154662609100342,1063.134976387024
100,1.0,additive,0.6,0.1,1.0,-11,10,90,80,False,0,True,442308977,False,0.2048,0.1648,,,,,,,,8,9.797536134719849,1063.134976387024
100,1.0,additive,0.6,0.1,1.0,-11,10,90,80,False,0,True,595473331,False,0.5425,-0.1443,,,,,,,,9,10.386101484298706,1063.134976387024
100,1.0,additive,0.6,0.1,1.0,-11,10,90,80,False,0,True,259413750,False,0.1858,0.1733,,,,,,,,10,9.992591381072998,1063.134976387024
100,1.0,additive,0.6,0.1,1.0,-11,10,90,80,False,0,True,1217898954,True,0.008,0.3006,,,,,,,,11,9.784579038619995,1063.134976387024
100,1.0,additive,0.6,0.1,1.0,-11,10,90,80,False,0,True,881839373,False,0.4625,0.1372,,,,,,,,12,10.158950090408325,1063.134976387024
100,1.0,additive,0.6,0.1,1.0,-11,10,90,80,False,0,True,1788603703,False,0.2248,0.162,,,,,,,,13,10.238772869110107,1063.134976387024
100,1.0,additive,0.6,0.1,1.0,-11,10,90,80,False,0,True,698944146,False,0.6054,0.1104,,,,,,,,14,10.109020948410034,1063.134976387024
100,1.0,additive,0.6,0.1,1.0,-11,10,90,80,False,0,True,362884565,False,0.8172,-0.1082,,,,,,,,15,10.099958181381226,1063.134976387024
100,1.0,additive,0.6,0.1,1.0,-11,10,90,80,False,0,True,1321369769,False,0.0639,0.2117,,,,,,,,16,9.725884437561035,1063.134976387024
100,1.0,additive,0.6,0.1,1.0,-11,10,90,80,False,0,True,80650451,True,0.024,0.2641,,,,,,,,17,10.343167543411255,1063.134976387024
100,1.0,additive,0.6,0.1,1.0,-11,10,90,80,False,0,True,1138474542,False,0.4026,-0.1666,,,,,,,,18,9.634353160858154,1063.134976387024
100,1.0,additive,0.6,0.1,1.0,-11,10,90,80,False,0,True,802414961,False,0.3636,-0.1588,,,,,,,,19,10.319779634475708,1063.134976387024
100,1.0,additive,0.6,0.1,1.0,-11,10,90,80,False,0,True,466355380,False,0.6444,0.1016,,,,,,,,20,9.872718572616577,1063.134976387024
100,1.0,additive,0.6,0.1,1.0,-11,10,90,80,False,0,True,619519734,False,0.5165,-0.1348,,,,,,,,21,10.222682237625122,1063.134976387024
100,1.0,additive,0.6,0.1,1.0,-11,10,90,80,False,0,True,184121266,False,0.6933,0.1083,,,,,,,,22,10.049508810043335,1063.134976387024
100,1.0,additive,0.6,0.1,1.0,-11,10,90,80,False,0,True,1241945357,False,0.986,0.0716,,,,,,,,23,10.00913119316101,1063.134976387024
100,1.0,additive,0.6,0.1,1.0,-11,10,90,80,False,0,True,905885776,False,0.1129,-0.1753,,,,,,,,24,10.171691179275513,1063.134976387024
100,1.0,additive,0.6,0.1,1.0,-11,10,90,80,False,0,True,1059050130,False,0.3996,-0.1382,,,,,,,,25,9.968077182769775,1063.134976387024
100,1.0,additive,0.6,0.1,1.0,-11,10,90,80,False,0,True,722990549,False,0.985,-0.0619,,,,,,,,26,10.012403011322021,1063.134976387024
100,1.0,additive,0.6,0.1,1.0,-11,10,90,80,False,0,True,287592081,False,0.8531,0.0885,,,,,,,,27,10.799343347549438,1063.134976387024
100,1.0,additive,0.6,0.1,1.0,-11,10,90,80,False,0,True,1345416172,False,0.5125,-0.1382,,,,,,,,28,10.02207899093628,1063.134976387024
100,1.0,additive,0.6,0.1,1.0,-11,10,90,80,False,0,True,1009356591,False,0.1848,0.1585,,,,,,,,29,10.583010911941528,1063.134976387024
100,1.0,additive,0.6,0.1,1.0,-11,10,90,80,False,0,True,1162520945,False,0.967,-0.0658,,,,,,,,30,10.082942962646484,1063.134976387024
100,1.0,additive,0.6,0.1,1.0,-11,10,90,80,False,0,True,826461364,False,0.2008,0.1561,,,,,,,,31,10.14856767654419,1063.134976387024
100,1.0,additive,0.6,0.1,1.0,-11,10,90,80,False,0,True,391062896,False,0.7852,0.0981,,,,,,,,32,10.294142961502075,1063.134976387024
100,1.0,additive,0.6,0.1,1.0,-11,10,90,80,False,0,True,1448886987,False,0.7742,0.1005,,,,,,,,33,10.039799690246582,1063.134976387024
100,1.0,additive,0.6,0.1,1.0,-11,10,90,80,False,0,True,208167669,False,0.5425,-0.1393,,,,,,,,34,10.677876949310303,1063.134976387024
100,1.0,additive,0.6,0.1,1.0,-11,10,90,80,False,0,True,1265991760,False,0.6094,-0.1167,,,,,,,,35,13.30582594871521,1063.134976387024
100,1.0,additive,0.6,0.1,1.0,-11,10,90,80,False,0,True,929932179,True,0.023,-0.2699,,,,,,,,36,11.688437700271606,1063.134976387024
100,1.0,additive,0.6,0.1,1.0,-11,10,90,80,False,0,True,1888417383,False,0.1009,0.1765,,,,,,,,37,15.024267435073853,1063.134976387024
100,1.0,additive,0.6,0.1,1.0,-11,10,90,80,False,0,True,647698065,True,0.04,-0.2628,,,,,,,,38,10.185892343521118,1063.134976387024
100,1.0,additive,0.6,0.1,1.0,-11,10,90,80,False,0,True,311638484,False,0.2358,-0.18,,,,,,,,39,9.950262069702148,1063.134976387024
100,1.0,additive,0.6,0.1,1.0,-11,10,90,80,False,0,True,1369462575,False,0.0879,0.1964,,,,,,,,40,9.972474575042725,1063.134976387024
100,1.0,additive,0.6,0.1,1.0,-11,10,90,80,False,0,True,1033402994,False,0.5185,0.1297,,,,,,,,41,10.307006120681763,1063.134976387024
100,1.0,additive,0.6,0.1,1.0,-11,10,90,80,False,0,True,1087228461,False,0.1229,0.2009,,,,,,,,42,10.163879632949829,1063.134976387024
100,1.0,additive,0.6,0.1,1.0,-11,10,90,80,False,0,True,751168880,False,0.9371,-0.0767,,,,,,,,43,10.10903263092041,1063.134976387024
100,1.0,additive,0.6,0.1,1.0,-11,10,90,80,False,0,True,1808992971,False,0.9201,0.0759,,,,,,,,44,10.072527647018433,1063.134976387024
100,1.0,additive,0.6,0.1,1.0,-11,10,90,80,False,0,True,1472933390,False,0.3377,0.1326,,,,,,,,45,10.208356380462646,1063.134976387024
100,1.0,additive,0.6,0.1,1.0,-11,10,90,80,False,0,True,232214072,False,0.7742,0.1047,,,,,,,,46,10.273457527160645,1063.134976387024
100,1.0,additive,0.6,0.1,1.0,-11,10,90,80,False,0,True,1190699276,False,0.4116,-0.1294,,,,,,,,47,10.453685760498047,1063.134976387024
100,1.0,additive,0.6,0.1,1.0,-11,10,90,80,False,0,True,854639695,False,0.7722,0.1006,,,,,,,,48,10.187330961227417,1063.134976387024
100,1.0,additive,0.6,0.1,1.0,-11,10,90,80,False,0,True,1912463786,False,0.7952,-0.1016,,,,,,,,49,10.571046352386475,1063.134976387024
100,1.0,additive,0.7,0.1,1.0,-11,10,90,80,False,0,False,1417863596,True,0.005,0.4489,False,-9.0,4.0,0.8602150537634409,,,,0,10.02077031135559,1152.489717245102
100,1.0,additive,0.7,0.1,1.0,-11,10,90,80,False,0,False,1081804015,True,0.002,0.4835,False,-8.0,4.0,0.8695652173913043,,,,1,11.866265773773193,1152.489717245102
100,1.0,additive,0.7,0.1,1.0,-11,10,90,80,False,0,False,2139628106,True,0.001,0.453,False,-10.0,8.0,0.8163265306122449,,,,2,10.427574396133423,1152.489717245102
100,1.0,additive,0.7,0.1,1.0,-11,10,90,80,False,0,False,1803568525,True,0.003,0.4644,False,-7.0,2.0,0.898876404494382,,,,3,10.5553457736969,1152.489717245102
100,1.0,additive,0.7,0.1,1.0,-11,10,90,80,False,0,False,1956732879,True,0.005,0.4352,True,0.0,0.0,1.0,,,,4,10.293916940689087,1152.489717245102
100,1.0,additive,0.7,0.1,1.0,-11,10,90,80,False,0,False,1521334411,True,0.004,0.4534,False,-6.0,3.0,0.898876404494382,,,,5,10.077663660049438,1152.489717245102
100,1.0,additive,0.7,0.1,1.0,-11,10,90,80,False,0,False,1185274830,True,0.004,0.4542,False,-1.0,2.0,0.963855421686747,,,,6,10.166127443313599,1152.489717245102
100,1.0,additive,0.7,0.1,1.0,-11,10,90,80,False,0,False,95615273,True,0.001,0.4563,False,0.0,10.0,0.8888888888888888,,,,7,12.938551902770996,1152.489717245102
100,1.0,additive,0.7,0.1,1.0,-11,10,90,80,False,0,False,1002379603,True,0.001,0.4753,False,-10.0,10.0,0.8,,,,8,11.498958349227905,1152.489717245102
100,1.0,additive,0.7,0.1,1.0,-11,10,90,80,False,0,False,2060203694,True,0.002,0.4512,False,-4.0,10.0,0.851063829787234,,,,9,13.912465810775757,1152.489717245102
100,1.0,additive,0.7,0.1,1.0,-11,10,90,80,False,0,False,1624805226,True,0.002,0.4784,False,-10.0,10.0,0.8,,,,10,10.088005542755127,1152.489717245102
100,1.0,additive,0.7,0.1,1.0,-11,10,90,80,False,0,False,1288745645,True,0.005,0.4385,True,0.0,0.0,1.0,,,,11,10.611897230148315,1152.489717245102
100,1.0,additive,0.7,0.1,1.0,-11,10,90,80,False,0,False,199086088,True,0.004,0.4266,False,-8.0,9.0,0.8247422680412371,,,,12,14.00963020324707,1152.489717245102
100,1.0,additive,0.7,0.1,1.0,-11,10,90,80,False,0,False,1105850418,True,0.004,0.4408,False,-8.0,0.0,0.9090909090909091,,,,13,10.188421964645386,1152.489717245102
100,1.0,additive,0.7,0.1,1.0,-11,10,90,80,False,0,False,16190861,True,0.002,0.43,False,0.0,1.0,0.9876543209876543,,,,14,10.386238098144531,1152.489717245102
100,1.0,additive,0.7,0.1,1.0,-11,10,90,80,False,0,False,1728276041,True,0.004,0.4532,False,-9.0,5.0,0.851063829787234,,,,15,10.396620035171509,1152.489717245102
100,1.0,additive,0.7,0.1,1.0,-11,10,90,80,False,0,False,638616484,True,0.002,0.4607,False,-7.0,3.0,0.8888888888888888,,,,16,13.473980188369751,1152.489717245102
100,1.0,additive,0.7,0.1,1.0,-11,10,90,80,False,0,False,1545380814,True,0.009,0.4813,False,0.0,8.0,0.9090909090909091,,,,17,11.615907669067383,1152.489717245102
100,1.0,additive,0.7,0.1,1.0,-11,10,90,80,False,0,False,1209321233,True,0.006,0.4622,False,-10.0,0.0,0.8888888888888888,,,,18,10.112483024597168,1152.489717245102
100,1.0,additive,0.7,0.1,1.0,-11,10,90,80,False,0,False,119661676,True,0.004,0.4584,False,-3.0,1.0,0.9523809523809523,,,,19,13.293950080871582,1152.489717245102
100,1.0,additive,0.7,0.1,1.0,-11,10,90,80,False,0,False,1831746856,True,0.004,0.4436,False,-2.0,2.0,0.9523809523809523,,,,20,10.673207521438599,1152.489717245102
100,1.0,additive,0.7,0.1,1.0,-11,10,90,80,False,0,False,1984911210,True,0.002,0.4624,False,-4.0,7.0,0.8791208791208791,,,,21,13.581936359405518,1152.489717245102
100,1.0,additive,0.7,0.1,1.0,-11,10,90,80,False,0,False,1648851629,True,0.003,0.464,False,-10.0,4.0,0.851063829787234,,,,22,11.416559934616089,1152.489717245102
100,1.0,additive,0.7,0.1,1.0,-11,10,90,80,False,0,False,559192072,True,0.007,0.3967,False,1.0,0.0,0.9875,,,,23,11.269809007644653,1152.489717245102
100,1.0,additive,0.7,0.1,1.0,-11,10,90,80,False,0,False,223132491,True,0.002,0.4556,False,-5.0,1.0,0.9302325581395349,,,,24,11.825987815856934,1152.489717245102
100,1.0,additive,0.7,0.1,1.0,-11,10,90,80,False,0,False,1129896821,True,0.002,0.4704,False,-10.0,1.0,0.8791208791208791,,,,25,12.043254137039185,1152.489717245102
100,1.0,additive,0.7,0.1,1.0,-11,10,90,80,False,0,False,2088382025,True,0.003,0.4609,False,-3.0,10.0,0.8602150537634409,,,,26,10.35676383972168,1152.489717245102
100,1.0,additive,0.7,0.1,1.0,-11,10,90,80,False,0,False,1752322444,True,0.003,0.4438,False,-10.0,0.0,0.8888888888888888,,,,27,9.497424364089966,1152.489717245102
100,1.0,additive,0.7,0.1,1.0,-11,10,90,80,False,0,False,662662887,True,0.006,0.435,False,-1.0,5.0,0.9302325581395349,,,,28,10.249126434326172,1152.489717245102
100,1.0,additive,0.7,0.1,1.0,-11,10,90,80,False,0,False,1569427217,True,0.005,0.456,False,0.0,9.0,0.898876404494382,,,,29,12.19048261642456,1152.489717245102
100,1.0,additive,0.7,0.1,1.0,-11,10,90,80,False,0,False,1233367636,True,0.003,0.4583,False,-9.0,10.0,0.8080808080808081,,,,30,14.352791786193848,1152.489717245102
100,1.0,additive,0.7,0.1,1.0,-11,10,90,80,False,0,False,44369192,True,0.002,0.4844,False,-10.0,0.0,0.8888888888888888,,,,31,12.442426681518555,1152.489717245102
100,1.0,additive,0.7,0.1,1.0,-11,10,90,80,False,0,False,1855793259,True,0.001,0.5033,False,-10.0,4.0,0.851063829787234,,,,32,13.620686054229736,1152.489717245102
100,1.0,additive,0.7,0.1,1.0,-11,10,90,80,False,0,False,2008957613,True,0.003,0.4634,False,-4.0,3.0,0.9195402298850575,,,,33,13.351552724838257,1152.489717245102
100,1.0,additive,0.7,0.1,1.0,-11,10,90,80,False,0,False,1672898032,True,0.002,0.4851,False,-10.0,3.0,0.8602150537634409,,,,34,10.153178691864014,1152.489717245102
100,1.0,additive,0.7,0.1,1.0,-11,10,90,80,False,0,False,483899588,True,0.002,0.4767,False,-7.0,10.0,0.8247422680412371,,,,35,10.137666702270508,1152.489717245102
100,1.0,additive,0.7,0.1,1.0,-11,10,90,80,False,0,False,147840007,True,0.005,0.4575,False,-6.0,8.0,0.851063829787234,,,,36,10.14537262916565,1152.489717245102
100,1.0,additive,0.7,0.1,1.0,-11,10,90,80,False,0,False,1959264074,True,0.002,0.4627,False,-7.0,1.0,0.9090909090909091,,,,37,9.977876424789429,1152.489717245102
100,1.0,additive,0.7,0.1,1.0,-11,10,90,80,False,0,False,2112428428,True,0.002,0.4618,False,-6.0,9.0,0.8421052631578947,,,,38,10.462274551391602,1152.489717245102
100,1.0,additive,0.7,0.1,1.0,-11,10,90,80,False,0,False,1776368847,True,0.003,0.4769,False,-10.0,5.0,0.8421052631578947,,,,39,13.132455348968506,1152.489717245102
100,1.0,additive,0.7,0.1,1.0,-11,10,90,80,False,0,False,587370403,True,0.004,0.4577,False,-5.0,2.0,0.9195402298850575,,,,40,12.108370542526245,1152.489717245102
100,1.0,additive,0.7,0.1,1.0,-11,10,90,80,False,0,False,251310822,True,0.007,0.4432,False,0.0,1.0,0.9876543209876543,,,,41,10.418756484985352,1152.489717245102
100,1.0,additive,0.7,0.1,1.0,-11,10,90,80,False,0,False,404475176,True,0.004,0.4303,False,-2.0,1.0,0.963855421686747,,,,42,12.54666805267334,1152.489717245102
100,1.0,additive,0.7,0.1,1.0,-11,10,90,80,False,0,False,68415595,True,0.004,0.4552,False,-4.0,1.0,0.9411764705882353,,,,43,11.342120170593262,1152.489717245102
100,1.0,additive,0.7,0.1,1.0,-11,10,90,80,False,0,False,1879839662,True,0.003,0.4755,False,-8.0,2.0,0.8888888888888888,,,,44,12.821027994155884,1152.489717245102
100,1.0,additive,0.7,0.1,1.0,-11,10,90,80,False,0,False,690841218,True,0.003,0.4668,False,-10.0,10.0,0.8,,,,45,13.40606141090393,1152.489717245102
100,1.0,additive,0.7,0.1,1.0,-11,10,90,80,False,0,False,1696944435,True,0.006,0.4406,False,-2.0,0.0,0.975609756097561,,,,46,10.57758617401123,1152.489717245102
100,1.0,additive,0.7,0.1,1.0,-11,10,90,80,False,0,False,507945991,True,0.003,0.4529,False,0.0,5.0,0.9411764705882353,,,,47,11.909481287002563,1152.489717245102
100,1.0,additive,0.7,0.1,1.0,-11,10,90,80,False,0,False,171886410,True,0.002,0.4699,False,0.0,10.0,0.8888888888888888,,,,48,11.414442300796509,1152.489717245102
100,1.0,additive,0.7,0.1,1.0,-11,10,90,80,False,0,False,1229710501,True,0.004,0.4555,False,-1.0,8.0,0.898876404494382,,,,49,12.123003482818604,1152.489717245102
100,1.0,additive,0.7,0.1,1.0,-11,10,90,80,False,0,True,1606330987,False,0.8292,-0.0976,,,,,,,,0,14.478979587554932,1152.489717245102
100,1.0,additive,0.7,0.1,1.0,-11,10,90,80,False,0,True,1270271406,False,0.99,-0.0601,,,,,,,,1,13.32858419418335,1152.489717245102
100,1.0,additive,0.7,0.1,1.0,-11,10,90,80,False,0,True,81272962,True,0.038,-0.266,,,,,,,,2,13.007445096969604,1152.489717245102
100,1.0,additive,0.7,0.1,1.0,-11,10,90,80,False,0,True,1892697029,False,0.983,0.0664,,,,,,,,3,13.618891477584839,1152.489717245102
100,1.0,additive,0.7,0.1,1.0,-11,10,90,80,False,0,True,2045861383,False,0.1499,-0.1954,,,,,,,,4,9.617934703826904,1152.489717245102
100,1.0,additive,0.7,0.1,1.0,-11,10,90,80,False,0,True,1709801802,False,0.5504,0.1262,,,,,,,,5,10.119130849838257,1152.489717245102
100,1.0,additive,0.7,0.1,1.0,-11,10,90,80,False,0,True,1373742221,False,0.2637,-0.1469,,,,,,,,6,12.620983839035034,1152.489717245102
100,1.0,additive,0.7,0.1,1.0,-11,10,90,80,False,0,True,184743777,False,0.2977,-0.1349,,,,,,,,7,11.803232669830322,1152.489717245102
100,1.0,additive,0.7,0.1,1.0,-11,10,90,80,False,0,True,1190846994,False,0.0789,-0.2315,,,,,,,,8,10.461397647857666,1152.489717245102
100,1.0,additive,0.7,0.1,1.0,-11,10,90,80,False,0,True,1848550,False,0.5544,-0.1116,,,,,,,,9,11.386259078979492,1152.489717245102
100,1.0,additive,0.7,0.1,1.0,-11,10,90,80,False,0,True,1813272617,False,0.6484,-0.1113,,,,,,,,10,13.962697744369507,1152.489717245102
100,1.0,additive,0.7,0.1,1.0,-11,10,90,80,False,0,True,1477213036,False,0.7233,-0.1011,,,,,,,,11,12.630700588226318,1152.489717245102
100,1.0,additive,0.7,0.1,1.0,-11,10,90,80,False,0,True,288214592,False,0.5744,0.1193,,,,,,,,12,12.105104207992554,1152.489717245102
100,1.0,additive,0.7,0.1,1.0,-11,10,90,80,False,0,True,1294317809,False,0.8122,-0.1033,,,,,,,,13,11.748311281204224,1152.489717245102
100,1.0,additive,0.7,0.1,1.0,-11,10,90,80,False,0,True,105319365,False,0.1988,-0.1686,,,,,,,,14,12.14249038696289,1152.489717245102
100,1.0,additive,0.7,0.1,1.0,-11,10,90,80,False,0,True,1916743432,False,0.7193,0.0985,,,,,,,,15,12.78036642074585,1152.489717245102
100,1.0,additive,0.7,0.1,1.0,-11,10,90,80,False,0,True,727744988,False,0.1449,-0.2176,,,,,,,,16,10.962896347045898,1152.489717245102
100,1.0,additive,0.7,0.1,1.0,-11,10,90,80,False,0,True,1733848205,False,0.7153,0.1176,,,,,,,,17,12.665568590164185,1152.489717245102
100,1.0,additive,0.7,0.1,1.0,-11,10,90,80,False,0,True,1397788624,False,0.2547,-0.1625,,,,,,,,18,10.540090799331665,1152.489717245102
100,1.0,additive,0.7,0.1,1.0,-11,10,90,80,False,0,True,208790180,False,0.9411,-0.0779,,,,,,,,19,10.079958200454712,1152.489717245102
100,1.0,additive,0.7,0.1,1.0,-11,10,90,80,False,0,True,2020214247,False,0.9091,0.0797,,,,,,,,20,10.051191806793213,1152.489717245102
100,1.0,additive,0.7,0.1,1.0,-11,10,90,80,False,0,True,25894953,False,0.4575,0.1376,,,,,,,,21,10.14389705657959,1152.489717245102
100,1.0,additive,0.7,0.1,1.0,-11,10,90,80,False,0,True,1837319020,False,0.2647,0.1428,,,,,,,,22,11.859839677810669,1152.489717245102
100,1.0,additive,0.7,0.1,1.0,-11,10,90,80,False,0,True,648320576,False,0.996,-0.0545,,,,,,,,23,10.143324136734009,1152.489717245102
100,1.0,additive,0.7,0.1,1.0,-11,10,90,80,False,0,True,312260995,False,0.4775,-0.1514,,,,,,,,24,14.72864818572998,1152.489717245102
100,1.0,additive,0.7,0.1,1.0,-11,10,90,80,False,0,True,1318364212,False,0.5834,-0.1211,,,,,,,,25,10.555521249771118,1152.489717245102
100,1.0,additive,0.7,0.1,1.0,-11,10,90,80,False,0,True,129365768,False,0.9191,-0.0938,,,,,,,,26,10.630756616592407,1152.489717245102
100,1.0,additive,0.7,0.1,1.0,-11,10,90,80,False,0,True,1940789835,False,0.1029,-0.231,,,,,,,,27,10.551476240158081,1152.489717245102
100,1.0,additive,0.7,0.1,1.0,-11,10,90,80,False,0,True,751791391,False,0.2617,0.1545,,,,,,,,28,10.213726043701172,1152.489717245102
100,1.0,additive,0.7,0.1,1.0,-11,10,90,80,False,0,True,1757894608,False,0.961,-0.0879,,,,,,,,29,10.540808916091919,1152.489717245102
100,1.0,additive,0.7,0.1,1.0,-11,10,90,80,False,0,True,1421835027,False,0.4645,-0.1393,,,,,,,,30,9.901332378387451,1152.489717245102
100,1.0,additive,0.7,0.1,1.0,-11,10,90,80,False,0,True,232836583,False,0.4226,-0.1548,,,,,,,,31,12.234916925430298,1152.489717245102
100,1.0,additive,0.7,0.1,1.0,-11,10,90,80,False,0,True,2044260650,False,0.1249,0.1896,,,,,,,,32,14.541741371154785,1152.489717245102
100,1.0,additive,0.7,0.1,1.0,-11,10,90,80,False,0,True,49941356,False,0.7822,0.103,,,,,,,,33,12.80204439163208,1152.489717245102
100,1.0,additive,0.7,0.1,1.0,-11,10,90,80,False,0,True,1861365423,False,0.4056,-0.1392,,,,,,,,34,10.348197937011719,1152.489717245102
100,1.0,additive,0.7,0.1,1.0,-11,10,90,80,False,0,True,672366979,False,0.1588,-0.1724,,,,,,,,35,10.243501901626587,1152.489717245102
100,1.0,additive,0.7,0.1,1.0,-11,10,90,80,False,0,True,336307398,False,0.8362,-0.0909,,,,,,,,36,10.343822956085205,1152.489717245102
100,1.0,additive,0.7,0.1,1.0,-11,10,90,80,False,0,True,247817,False,0.7572,-0.1085,,,,,,,,37,12.91136622428894,1152.489717245102
100,1.0,additive,0.7,0.1,1.0,-11,10,90,80,False,0,True,153412171,False,0.5544,0.1299,,,,,,,,38,12.124598503112793,1152.489717245102
100,1.0,additive,0.7,0.1,1.0,-11,10,90,80,False,0,True,1964836238,False,0.4885,-0.1416,,,,,,,,39,10.637163400650024,1152.489717245102
100,1.0,additive,0.7,0.1,1.0,-11,10,90,80,False,0,True,775837794,False,0.6024,0.1254,,,,,,,,40,10.48676061630249,1152.489717245102
100,1.0,additive,0.7,0.1,1.0,-11,10,90,80,False,0,True,439778213,False,0.9031,0.0887,,,,,,,,41,10.987085103988647,1152.489717245102
100,1.0,additive,0.7,0.1,1.0,-11,10,90,80,False,0,True,592942567,False,0.5185,-0.1364,,,,,,,,42,10.95865273475647,1152.489717245102
100,1.0,additive,0.7,0.1,1.0,-11,10,90,80,False,0,True,256882986,False,0.3437,0.1446,,,,,,,,43,14.606003046035767,1152.489717245102
100,1.0,additive,0.7,0.1,1.0,-11,10,90,80,False,0,True,2068307053,False,0.7872,0.1087,,,,,,,,44,9.99737286567688,1152.489717245102
100,1.0,additive,0.7,0.1,1.0,-11,10,90,80,False,0,True,879308609,False,0.5744,0.1254,,,,,,,,45,12.297712326049805,1152.489717245102
100,1.0,additive,0.7,0.1,1.0,-11,10,90,80,False,0,True,1885411826,False,0.4805,-0.1257,,,,,,,,46,10.232475996017456,1152.489717245102
100,1.0,additive,0.7,0.1,1.0,-11,10,90,80,False,0,True,696413382,False,0.3127,-0.167,,,,,,,,47,10.3083655834198,1152.489717245102
100,1.0,additive,0.7,0.1,1.0,-11,10,90,80,False,0,True,360353801,False,0.3087,-0.1797,,,,,,,,48,10.331425666809082,1152.489717245102
100,1.0,additive,0.7,0.1,1.0,-11,10,90,80,False,0,True,1318839005,False,0.4436,-0.1454,,,,,,,,49,10.77005910873413,1152.489717245102
100,1.0,additive,0.8,0.1,1.0,-11,10,90,80,False,0,False,125729897,True,0.003,0.4361,False,-2.0,0.0,0.975609756097561,,,,0,10.28936219215393,1108.9092938899994
100,1.0,additive,0.8,0.1,1.0,-11,10,90,80,False,0,False,1183553988,True,0.003,0.455,False,-8.0,10.0,0.8163265306122449,,,,1,10.074248552322388,1108.9092938899994
100,1.0,additive,0.8,0.1,1.0,-11,10,90,80,False,0,False,748155520,True,0.002,0.4555,False,0.0,10.0,0.8888888888888888,,,,2,10.096286058425903,1108.9092938899994
100,1.0,additive,0.8,0.1,1.0,-11,10,90,80,False,0,False,1805979611,True,0.006,0.4414,False,0.0,3.0,0.963855421686747,,,,3,13.289839029312134,1108.9092938899994
100,1.0,additive,0.8,0.1,1.0,-11,10,90,80,False,0,False,565260293,True,0.001,0.4253,False,0.0,10.0,0.8888888888888888,,,,4,10.210553169250488,1108.9092938899994
100,1.0,additive,0.8,0.1,1.0,-11,10,90,80,False,0,False,229200712,True,0.003,0.4316,False,-9.0,2.0,0.8791208791208791,,,,5,10.09987473487854,1108.9092938899994
100,1.0,additive,0.8,0.1,1.0,-11,10,90,80,False,0,False,1287024803,True,0.008,0.4706,False,-3.0,9.0,0.8695652173913043,,,,6,10.257756471633911,1108.9092938899994
100,1.0,additive,0.8,0.1,1.0,-11,10,90,80,False,0,False,851626335,True,0.004,0.4368,False,-1.0,9.0,0.8888888888888888,,,,7,10.0968759059906,1108.9092938899994
100,1.0,additive,0.8,0.1,1.0,-11,10,90,80,False,0,False,1004790689,True,0.006,0.4313,False,0.0,3.0,0.963855421686747,,,,8,10.214211702346802,1108.9092938899994
100,1.0,additive,0.8,0.1,1.0,-11,10,90,80,False,0,False,668731108,True,0.003,0.4533,False,-2.0,0.0,0.975609756097561,,,,9,10.558968305587769,1108.9092938899994
100,1.0,additive,0.8,0.1,1.0,-11,10,90,80,False,0,False,1726555199,True,0.003,0.445,False,-3.0,9.0,0.8695652173913043,,,,10,10.817897319793701,1108.9092938899994
100,1.0,additive,0.8,0.1,1.0,-11,10,90,80,False,0,False,1390495618,True,0.004,0.4353,False,-1.0,0.0,0.9876543209876543,,,,11,10.200654983520508,1108.9092938899994
100,1.0,additive,0.8,0.1,1.0,-11,10,90,80,False,0,False,1054436037,True,0.002,0.4692,False,0.0,6.0,0.9302325581395349,,,,12,10.049640893936157,1108.9092938899994
100,1.0,additive,0.8,0.1,1.0,-11,10,90,80,False,0,False,1108261504,True,0.002,0.4345,False,-5.0,3.0,0.9090909090909091,,,,13,10.139029741287231,1108.9092938899994
100,1.0,additive,0.8,0.1,1.0,-11,10,90,80,False,0,False,772201923,True,0.001,0.4465,False,-9.0,3.0,0.8695652173913043,,,,14,10.55449104309082,1108.9092938899994
100,1.0,additive,0.8,0.1,1.0,-11,10,90,80,False,0,False,1830026014,True,0.003,0.4463,False,-4.0,1.0,0.9411764705882353,,,,15,10.130139589309692,1108.9092938899994
100,1.0,additive,0.8,0.1,1.0,-11,10,90,80,False,0,False,1493966433,True,0.001,0.4781,False,-10.0,1.0,0.8791208791208791,,,,16,10.214855194091797,1108.9092938899994
100,1.0,additive,0.8,0.1,1.0,-11,10,90,80,False,0,False,1547791900,True,0.005,0.4545,False,0.0,5.0,0.9411764705882353,,,,17,10.307201623916626,1108.9092938899994
100,1.0,additive,0.8,0.1,1.0,-11,10,90,80,False,0,False,1211732319,True,0.001,0.4756,False,-10.0,0.0,0.8888888888888888,,,,18,10.292136192321777,1108.9092938899994
100,1.0,additive,0.8,0.1,1.0,-11,10,90,80,False,0,False,875672738,True,0.004,0.4489,False,-9.0,2.0,0.8791208791208791,,,,19,10.36704397201538,1108.9092938899994
100,1.0,additive,0.8,0.1,1.0,-11,10,90,80,False,0,False,1933496829,True,0.003,0.4573,False,-9.0,2.0,0.8791208791208791,,,,20,10.04072117805481,1108.9092938899994
100,1.0,additive,0.8,0.1,1.0,-11,10,90,80,False,0,False,692777511,True,0.005,0.4746,False,0.0,6.0,0.9302325581395349,,,,21,10.159434080123901,1108.9092938899994
100,1.0,additive,0.8,0.1,1.0,-11,10,90,80,False,0,False,1750601602,True,0.003,0.4367,False,-4.0,10.0,0.851063829787234,,,,22,9.54470157623291,1108.9092938899994
100,1.0,additive,0.8,0.1,1.0,-11,10,90,80,False,0,False,1315203134,True,0.002,0.4387,False,-8.0,3.0,0.8791208791208791,,,,23,9.843278169631958,1108.9092938899994
100,1.0,additive,0.8,0.1,1.0,-11,10,90,80,False,0,False,979143553,True,0.002,0.4721,False,-2.0,3.0,0.9411764705882353,,,,24,10.140751838684082,1108.9092938899994
100,1.0,additive,0.8,0.1,1.0,-11,10,90,80,False,0,False,1132307907,True,0.004,0.4724,False,-6.0,0.0,0.9302325581395349,,,,25,9.722455263137817,1108.9092938899994
100,1.0,additive,0.8,0.1,1.0,-11,10,90,80,False,0,False,796248326,True,0.006,0.4505,False,-10.0,3.0,0.8602150537634409,,,,26,9.985966920852661,1108.9092938899994
100,1.0,additive,0.8,0.1,1.0,-11,10,90,80,False,0,False,1854072417,True,0.001,0.4742,False,-4.0,10.0,0.851063829787234,,,,27,10.199161052703857,1108.9092938899994
100,1.0,additive,0.8,0.1,1.0,-11,10,90,80,False,0,False,1418673949,True,0.001,0.4884,False,-9.0,1.0,0.8888888888888888,,,,28,10.834558010101318,1108.9092938899994
100,1.0,additive,0.8,0.1,1.0,-11,10,90,80,False,0,False,1571838303,True,0.007,0.4606,False,-7.0,2.0,0.898876404494382,,,,29,10.5244779586792,1108.9092938899994
100,1.0,additive,0.8,0.1,1.0,-11,10,90,80,False,0,False,1235778722,True,0.004,0.4463,False,0.0,8.0,0.9090909090909091,,,,30,9.46775507926941,1108.9092938899994
100,1.0,additive,0.8,0.1,1.0,-11,10,90,80,False,0,False,899719141,True,0.001,0.4789,False,-8.0,10.0,0.8163265306122449,,,,31,10.044262886047363,1108.9092938899994
100,1.0,additive,0.8,0.1,1.0,-11,10,90,80,False,0,False,1957543232,True,0.001,0.475,False,-6.0,4.0,0.8888888888888888,,,,32,10.089776039123535,1108.9092938899994
100,1.0,additive,0.8,0.1,1.0,-11,10,90,80,False,0,False,716823914,True,0.002,0.4924,False,-4.0,10.0,0.851063829787234,,,,33,9.827008724212646,1108.9092938899994
100,1.0,additive,0.8,0.1,1.0,-11,10,90,80,False,0,False,1675309118,True,0.01,0.4297,False,-1.0,1.0,0.975609756097561,,,,34,10.257954120635986,1108.9092938899994
100,1.0,additive,0.8,0.1,1.0,-11,10,90,80,False,0,False,1339249537,True,0.002,0.4737,False,-7.0,7.0,0.851063829787234,,,,35,10.27347207069397,1108.9092938899994
100,1.0,additive,0.8,0.1,1.0,-11,10,90,80,False,0,False,249589980,True,0.004,0.4408,True,0.0,0.0,1.0,,,,36,10.056061506271362,1108.9092938899994
100,1.0,additive,0.8,0.1,1.0,-11,10,90,80,False,0,False,2061014047,True,0.002,0.4335,False,-7.0,2.0,0.898876404494382,,,,37,9.983812093734741,1108.9092938899994
100,1.0,additive,0.8,0.1,1.0,-11,10,90,80,False,0,False,820294729,True,0.003,0.4633,False,-5.0,0.0,0.9411764705882353,,,,38,10.014658689498901,1108.9092938899994
100,1.0,additive,0.8,0.1,1.0,-11,10,90,80,False,0,False,1778779933,True,0.005,0.4665,False,-9.0,0.0,0.898876404494382,,,,39,10.206092834472656,1108.9092938899994
100,1.0,additive,0.8,0.1,1.0,-11,10,90,80,False,0,False,1442720352,True,0.008,0.4589,False,-10.0,2.0,0.8695652173913043,,,,40,10.153290510177612,1108.9092938899994
100,1.0,additive,0.8,0.1,1.0,-11,10,90,80,False,0,False,353060795,True,0.005,0.4669,False,-3.0,10.0,0.8602150537634409,,,,41,10.240540981292725,1108.9092938899994
100,1.0,additive,0.8,0.1,1.0,-11,10,90,80,False,0,False,1259825125,True,0.004,0.4752,False,0.0,9.0,0.898876404494382,,,,42,9.897211790084839,1108.9092938899994
100,1.0,additive,0.8,0.1,1.0,-11,10,90,80,False,0,False,923765544,True,0.005,0.4505,False,-5.0,8.0,0.8602150537634409,,,,43,10.286595582962036,1108.9092938899994
100,1.0,additive,0.8,0.1,1.0,-11,10,90,80,False,0,False,1882250748,True,0.005,0.4689,False,-10.0,9.0,0.8080808080808081,,,,44,10.865476131439209,1108.9092938899994
100,1.0,additive,0.8,0.1,1.0,-11,10,90,80,False,0,False,1546191167,True,0.001,0.4724,False,-6.0,10.0,0.8333333333333334,,,,45,10.511422157287598,1108.9092938899994
100,1.0,additive,0.8,0.1,1.0,-11,10,90,80,False,0,False,1699355521,True,0.01,0.4465,False,-4.0,10.0,0.851063829787234,,,,46,9.901105165481567,1108.9092938899994
100,1.0,additive,0.8,0.1,1.0,-11,10,90,80,False,0,False,1363295940,True,0.001,0.4267,False,-5.0,7.0,0.8695652173913043,,,,47,12.877676486968994,1108.9092938899994
100,1.0,additive,0.8,0.1,1.0,-11,10,90,80,False,0,False,174297496,True,0.002,0.4322,False,0.0,1.0,0.9876543209876543,,,,48,10.407561302185059,1108.9092938899994
100,1.0,additive,0.8,0.1,1.0,-11,10,90,80,False,0,False,1985721563,True,0.001,0.4269,False,-10.0,9.0,0.8080808080808081,,,,49,10.192230224609375,1108.9092938899994
100,1.0,additive,0.8,0.1,1.0,-11,10,90,80,False,0,True,314197288,False,0.8452,-0.0985,,,,,,,,0,10.035056352615356,1108.9092938899994
100,1.0,additive,0.8,0.1,1.0,-11,10,90,80,False,0,True,1272682492,False,0.1309,-0.2045,,,,,,,,1,10.45057463645935,1108.9092938899994
100,1.0,additive,0.8,0.1,1.0,-11,10,90,80,False,0,True,936622911,False,0.0599,-0.2202,,,,,,,,2,10.08731985092163,1108.9092938899994
100,1.0,additive,0.8,0.1,1.0,-11,10,90,80,False,0,True,1895108115,False,0.6004,-0.1098,,,,,,,,3,10.11387848854065,1108.9092938899994
100,1.0,additive,0.8,0.1,1.0,-11,10,90,80,False,0,True,753727684,False,0.5175,0.1315,,,,,,,,4,13.612401723861694,1108.9092938899994
100,1.0,additive,0.8,0.1,1.0,-11,10,90,80,False,0,True,417668103,False,0.7473,0.1113,,,,,,,,5,10.24819564819336,1108.9092938899994
100,1.0,additive,0.8,0.1,1.0,-11,10,90,80,False,0,True,1376153307,False,0.2777,0.1476,,,,,,,,6,11.21238923072815,1108.9092938899994
100,1.0,additive,0.8,0.1,1.0,-11,10,90,80,False,0,True,1040093726,False,0.2478,-0.1476,,,,,,,,7,10.113093614578247,1108.9092938899994
100,1.0,additive,0.8,0.1,1.0,-11,10,90,80,False,0,True,1193258080,False,0.7622,0.1052,,,,,,,,8,10.079048871994019,1108.9092938899994
100,1.0,additive,0.8,0.1,1.0,-11,10,90,80,False,0,True,857198499,False,0.5644,-0.1309,,,,,,,,9,13.062108039855957,1108.9092938899994
100,1.0,additive,0.8,0.1,1.0,-11,10,90,80,False,0,True,1815683703,False,0.6853,-0.1308,,,,,,,,10,13.230050563812256,1108.9092938899994
100,1.0,additive,0.8,0.1,1.0,-11,10,90,80,False,0,True,1479624122,False,0.972,0.0741,,,,,,,,11,14.171392440795898,1108.9092938899994
100,1.0,additive,0.8,0.1,1.0,-11,10,90,80,False,0,True,1143564541,True,0.026,0.255,,,,,,,,12,12.83689260482788,1108.9092938899994
100,1.0,additive,0.8,0.1,1.0,-11,10,90,80,False,0,True,1296728895,False,0.1489,0.1694,,,,,,,,13,15.198222160339355,1108.9092938899994
100,1.0,additive,0.8,0.1,1.0,-11,10,90,80,False,0,True,960669314,False,0.4406,-0.1421,,,,,,,,14,12.93856954574585,1108.9092938899994
100,1.0,additive,0.8,0.1,1.0,-11,10,90,80,False,0,True,1919154518,False,0.9261,-0.0814,,,,,,,,15,12.884636878967285,1108.9092938899994
100,1.0,additive,0.8,0.1,1.0,-11,10,90,80,False,0,True,1583094937,False,0.8841,0.0839,,,,,,,,16,12.234033584594727,1108.9092938899994
100,1.0,additive,0.8,0.1,1.0,-11,10,90,80,False,0,True,1736259291,False,0.7762,-0.1139,,,,,,,,17,14.640092849731445,1108.9092938899994
100,1.0,additive,0.8,0.1,1.0,-11,10,90,80,False,0,True,1400199710,False,0.1249,-0.1684,,,,,,,,18,14.758211374282837,1108.9092938899994
100,1.0,additive,0.8,0.1,1.0,-11,10,90,80,False,0,True,1064140129,False,0.9341,-0.0772,,,,,,,,19,12.34878659248352,1108.9092938899994
100,1.0,additive,0.8,0.1,1.0,-11,10,90,80,False,0,True,2022625333,False,0.9301,-0.0826,,,,,,,,20,14.05453896522522,1108.9092938899994
100,1.0,additive,0.8,0.1,1.0,-11,10,90,80,False,0,True,881244902,False,0.5475,0.1258,,,,,,,,21,14.934158086776733,1108.9092938899994
100,1.0,additive,0.8,0.1,1.0,-11,10,90,80,False,0,True,1839730106,False,0.5295,-0.1414,,,,,,,,22,12.341112852096558,1108.9092938899994
100,1.0,additive,0.8,0.1,1.0,-11,10,90,80,False,0,True,1503670525,False,0.8771,-0.102,,,,,,,,23,15.62575626373291,1108.9092938899994
100,1.0,additive,0.8,0.1,1.0,-11,10,90,80,False,0,True,1167610944,False,0.1978,0.1626,,,,,,,,24,12.696109533309937,1108.9092938899994
100,1.0,additive,0.8,0.1,1.0,-11,10,90,80,False,0,True,1320775298,False,0.8851,-0.085,,,,,,,,25,11.257784605026245,1108.9092938899994
100,1.0,additive,0.8,0.1,1.0,-11,10,90,80,False,0,True,984715717,False,0.992,0.0541,,,,,,,,26,10.102274179458618,1108.9092938899994
100,1.0,additive,0.8,0.1,1.0,-11,10,90,80,False,0,True,1943200921,False,0.6663,-0.1005,,,,,,,,27,10.009446859359741,1108.9092938899994
100,1.0,additive,0.8,0.1,1.0,-11,10,90,80,False,0,True,1607141340,False,0.2148,0.1639,,,,,,,,28,12.063077926635742,1108.9092938899994
100,1.0,additive,0.8,0.1,1.0,-11,10,90,80,False,0,True,1760305694,False,0.7532,-0.1171,,,,,,,,29,9.87914228439331,1108.9092938899994
100,1.0,additive,0.8,0.1,1.0,-11,10,90,80,False,0,True,1424246113,False,0.3596,-0.1587,,,,,,,,30,14.515028953552246,1108.9092938899994
100,1.0,additive,0.8,0.1,1.0,-11,10,90,80,False,0,True,1088186532,False,0.8462,0.0805,,,,,,,,31,14.57696795463562,1108.9092938899994
100,1.0,additive,0.8,0.1,1.0,-11,10,90,80,False,0,True,2046671736,False,0.6723,-0.1018,,,,,,,,32,10.616779804229736,1108.9092938899994
100,1.0,additive,0.8,0.1,1.0,-11,10,90,80,False,0,True,905291305,False,0.9301,-0.0677,,,,,,,,33,12.32138180732727,1108.9092938899994
100,1.0,additive,0.8,0.1,1.0,-11,10,90,80,False,0,True,1863776509,False,0.4745,0.1229,,,,,,,,34,10.42109489440918,1108.9092938899994
100,1.0,additive,0.8,0.1,1.0,-11,10,90,80,False,0,True,1527716928,False,0.0959,-0.1888,,,,,,,,35,10.506485223770142,1108.9092938899994
100,1.0,additive,0.8,0.1,1.0,-11,10,90,80,False,0,True,338718484,False,0.973,-0.0716,,,,,,,,36,10.371947288513184,1108.9092938899994
100,1.0,additive,0.8,0.1,1.0,-11,10,90,80,False,0,True,2658903,False,0.5844,-0.1311,,,,,,,,37,10.382842540740967,1108.9092938899994
100,1.0,additive,0.8,0.1,1.0,-11,10,90,80,False,0,True,1008762120,False,0.2947,-0.1737,,,,,,,,38,10.330942153930664,1108.9092938899994
100,1.0,additive,0.8,0.1,1.0,-11,10,90,80,False,0,True,1967247324,False,0.2208,-0.181,,,,,,,,39,11.475875616073608,1108.9092938899994
100,1.0,additive,0.8,0.1,1.0,-11,10,90,80,False,0,True,1631187743,False,0.984,0.0631,,,,,,,,40,14.105788469314575,1108.9092938899994
100,1.0,additive,0.8,0.1,1.0,-11,10,90,80,False,0,True,442189299,False,0.8951,0.0847,,,,,,,,41,14.188536405563354,1108.9092938899994
100,1.0,additive,0.8,0.1,1.0,-11,10,90,80,False,0,True,1448292516,False,0.8821,0.0893,,,,,,,,42,11.472898006439209,1108.9092938899994
100,1.0,additive,0.8,0.1,1.0,-11,10,90,80,False,0,True,1112232935,False,0.1219,0.1726,,,,,,,,43,10.28986120223999,1108.9092938899994
100,1.0,additive,0.8,0.1,1.0,-11,10,90,80,False,0,True,2070718139,False,0.3447,-0.1471,,,,,,,,44,9.951362133026123,1108.9092938899994
100,1.0,additive,0.8,0.1,1.0,-11,10,90,80,False,0,True,1734658558,False,1.0,0.0469,,,,,,,,45,10.334933519363403,1108.9092938899994
100,1.0,additive,0.8,0.1,1.0,-11,10,90,80,False,0,True,1887822912,False,0.9081,0.0884,,,,,,,,46,10.230236530303955,1108.9092938899994
100,1.0,additive,0.8,0.1,1.0,-11,10,90,80,False,0,True,1551763331,False,0.1598,-0.1668,,,,,,,,47,10.511504173278809,1108.9092938899994
100,1.0,additive,0.8,0.1,1.0,-11,10,90,80,False,0,True,362764887,False,0.1598,-0.2042,,,,,,,,48,9.989014863967896,1108.9092938899994
100,1.0,additive,0.8,0.1,1.0,-11,10,90,80,False,0,True,26705306,False,0.994,-0.0588,,,,,,,,49,9.852349042892456,1108.9092938899994
100,1.0,additive,0.82,0.1,1.0,-11,10,90,80,False,0,False,501088714,True,0.001,0.4603,False,-10.0,10.0,0.8,,,,0,14.956565618515015,1114.787761926651
100,1.0,additive,0.82,0.1,1.0,-11,10,90,80,False,0,False,165029133,True,0.008,0.451,False,-2.0,7.0,0.898876404494382,,,,1,9.927219867706299,1114.787761926651
100,1.0,additive,0.82,0.1,1.0,-11,10,90,80,False,0,False,318193487,True,0.004,0.4691,False,-2.0,10.0,0.8695652173913043,,,,2,12.653636932373047,1114.787761926651
100,1.0,additive,0.82,0.1,1.0,-11,10,90,80,False,0,False,2129617554,True,0.002,0.4353,False,-10.0,4.0,0.851063829787234,,,,3,10.18144416809082,1114.787761926651
100,1.0,additive,0.82,0.1,1.0,-11,10,90,80,False,0,False,940619110,True,0.001,0.4489,False,-10.0,5.0,0.8421052631578947,,,,4,10.004451990127563,1114.787761926651
100,1.0,additive,0.82,0.1,1.0,-11,10,90,80,False,0,False,604559529,True,0.005,0.4706,False,-8.0,0.0,0.9090909090909091,,,,5,10.594082117080688,1114.787761926651
100,1.0,additive,0.82,0.1,1.0,-11,10,90,80,False,0,False,1610662746,True,0.002,0.47,False,0.0,10.0,0.8888888888888888,,,,6,9.956483840942383,1114.787761926651
100,1.0,additive,0.82,0.1,1.0,-11,10,90,80,False,0,False,421664302,True,0.001,0.4577,False,-9.0,0.0,0.898876404494382,,,,7,12.086759805679321,1114.787761926651
100,1.0,additive,0.82,0.1,1.0,-11,10,90,80,False,0,False,85604721,True,0.004,0.4353,False,-6.0,8.0,0.851063829787234,,,,8,10.221891641616821,1114.787761926651
100,1.0,additive,0.82,0.1,1.0,-11,10,90,80,False,0,False,1044089925,True,0.002,0.4699,False,-9.0,0.0,0.898876404494382,,,,9,13.516590118408203,1114.787761926651
100,1.0,additive,0.82,0.1,1.0,-11,10,90,80,False,0,False,2050193142,True,0.004,0.4489,False,0.0,2.0,0.975609756097561,,,,10,10.454786539077759,1114.787761926651
100,1.0,additive,0.82,0.1,1.0,-11,10,90,80,False,0,False,861194698,True,0.001,0.437,True,0.0,0.0,1.0,,,,11,9.991148948669434,1114.787761926651
100,1.0,additive,0.82,0.1,1.0,-11,10,90,80,False,0,False,525135117,True,0.004,0.4674,False,-9.0,1.0,0.8888888888888888,,,,12,10.74232029914856,1114.787761926651
100,1.0,additive,0.82,0.1,1.0,-11,10,90,80,False,0,False,189075536,True,0.001,0.4346,False,-9.0,10.0,0.8080808080808081,,,,13,10.172669410705566,1114.787761926651
100,1.0,additive,0.82,0.1,1.0,-11,10,90,80,False,0,False,342239890,True,0.004,0.45,False,-4.0,8.0,0.8695652173913043,,,,14,10.35429573059082,1114.787761926651
100,1.0,additive,0.82,0.1,1.0,-11,10,90,80,False,0,False,6180309,True,0.002,0.4488,False,-4.0,4.0,0.9090909090909091,,,,15,14.99679160118103,1114.787761926651
100,1.0,additive,0.82,0.1,1.0,-11,10,90,80,False,0,False,964665513,True,0.006,0.4609,False,-6.0,4.0,0.8888888888888888,,,,16,10.075066089630127,1114.787761926651
100,1.0,additive,0.82,0.1,1.0,-11,10,90,80,False,0,False,628605932,True,0.001,0.4664,False,-3.0,10.0,0.8602150537634409,,,,17,10.573387384414673,1114.787761926651
100,1.0,additive,0.82,0.1,1.0,-11,10,90,80,False,0,False,1634709149,True,0.003,0.4689,False,-10.0,0.0,0.8888888888888888,,,,18,10.770684242248535,1114.787761926651
100,1.0,additive,0.82,0.1,1.0,-11,10,90,80,False,0,False,445710705,True,0.003,0.4316,False,-3.0,10.0,0.8602150537634409,,,,19,13.102731943130493,1114.787761926651
100,1.0,additive,0.82,0.1,1.0,-11,10,90,80,False,0,False,109651124,True,0.003,0.4431,False,-2.0,0.0,0.975609756097561,,,,20,10.395072221755981,1114.787761926651
100,1.0,additive,0.82,0.1,1.0,-11,10,90,80,False,0,False,1068136328,True,0.003,0.4168,False,-10.0,8.0,0.8163265306122449,,,,21,12.383589506149292,1114.787761926651
100,1.0,additive,0.82,0.1,1.0,-11,10,90,80,False,0,False,732076747,True,0.004,0.4608,False,-9.0,5.0,0.851063829787234,,,,22,12.832725048065186,1114.787761926651
100,1.0,additive,0.82,0.1,1.0,-11,10,90,80,False,0,False,885241101,True,0.005,0.4615,False,-10.0,0.0,0.8888888888888888,,,,23,10.362260580062866,1114.787761926651
100,1.0,additive,0.82,0.1,1.0,-11,10,90,80,False,0,False,549181520,True,0.002,0.4314,False,-1.0,9.0,0.8888888888888888,,,,24,13.675876140594482,1114.787761926651
100,1.0,additive,0.82,0.1,1.0,-11,10,90,80,False,0,False,213121939,True,0.002,0.4563,False,-5.0,10.0,0.8421052631578947,,,,25,11.660834074020386,1114.787761926651
100,1.0,additive,0.82,0.1,1.0,-11,10,90,80,False,0,False,1171607143,True,0.003,0.4487,False,-1.0,2.0,0.963855421686747,,,,26,9.924649953842163,1114.787761926651
100,1.0,additive,0.82,0.1,1.0,-11,10,90,80,False,0,False,30226712,True,0.001,0.4631,False,-10.0,2.0,0.8695652173913043,,,,27,10.772057294845581,1114.787761926651
100,1.0,additive,0.82,0.1,1.0,-11,10,90,80,False,0,False,988711916,True,0.002,0.4551,False,-10.0,2.0,0.8695652173913043,,,,28,13.864746570587158,1114.787761926651
100,1.0,additive,0.82,0.1,1.0,-11,10,90,80,False,0,False,652652335,True,0.01,0.4516,False,-10.0,0.0,0.8888888888888888,,,,29,10.133535385131836,1114.787761926651
100,1.0,additive,0.82,0.1,1.0,-11,10,90,80,False,0,False,1611137539,True,0.003,0.465,False,-10.0,5.0,0.8421052631578947,,,,30,10.168111085891724,1114.787761926651
100,1.0,additive,0.82,0.1,1.0,-11,10,90,80,False,0,False,469757108,True,0.003,0.4733,False,-1.0,10.0,0.8791208791208791,,,,31,10.208636045455933,1114.787761926651
100,1.0,additive,0.82,0.1,1.0,-11,10,90,80,False,0,False,133697527,True,0.002,0.4495,False,-2.0,10.0,0.8695652173913043,,,,32,10.455994367599487,1114.787761926651
100,1.0,additive,0.82,0.1,1.0,-11,10,90,80,False,0,False,1092182731,True,0.002,0.4384,False,-2.0,0.0,0.975609756097561,,,,33,10.703476190567017,1114.787761926651
100,1.0,additive,0.82,0.1,1.0,-11,10,90,80,False,0,False,756123150,True,0.002,0.4827,False,-4.0,10.0,0.851063829787234,,,,34,9.851554870605469,1114.787761926651
100,1.0,additive,0.82,0.1,1.0,-11,10,90,80,False,0,False,909287504,True,0.003,0.4239,False,-6.0,0.0,0.9302325581395349,,,,35,15.162782907485962,1114.787761926651
100,1.0,additive,0.82,0.1,1.0,-11,10,90,80,False,0,False,573227923,True,0.004,0.4609,False,-10.0,0.0,0.8888888888888888,,,,36,10.806662797927856,1114.787761926651
100,1.0,additive,0.82,0.1,1.0,-11,10,90,80,False,0,False,237168342,True,0.002,0.4542,False,0.0,10.0,0.8888888888888888,,,,37,10.680365800857544,1114.787761926651
100,1.0,additive,0.82,0.1,1.0,-11,10,90,80,False,0,False,1195653546,True,0.002,0.4678,False,-8.0,0.0,0.9090909090909091,,,,38,10.145148515701294,1114.787761926651
100,1.0,additive,0.82,0.1,1.0,-11,10,90,80,False,0,False,54273115,True,0.002,0.4669,False,-1.0,6.0,0.9195402298850575,,,,39,10.611554384231567,1114.787761926651
100,1.0,additive,0.82,0.1,1.0,-11,10,90,80,False,0,False,1012758319,True,0.004,0.4409,False,-1.0,10.0,0.8791208791208791,,,,40,14.153688669204712,1114.787761926651
100,1.0,additive,0.82,0.1,1.0,-11,10,90,80,False,0,False,676698738,True,0.002,0.4441,False,-10.0,7.0,0.8247422680412371,,,,41,13.853746175765991,1114.787761926651
100,1.0,additive,0.82,0.1,1.0,-11,10,90,80,False,0,False,1635183942,True,0.004,0.4354,False,-10.0,2.0,0.8695652173913043,,,,42,10.118196487426758,1114.787761926651
100,1.0,additive,0.82,0.1,1.0,-11,10,90,80,False,0,False,1299124361,True,0.004,0.4463,False,-7.0,4.0,0.8791208791208791,,,,43,15.237142324447632,1114.787761926651
100,1.0,additive,0.82,0.1,1.0,-11,10,90,80,False,0,False,157743930,True,0.003,0.4301,False,-7.0,5.0,0.8695652173913043,,,,44,10.505825519561768,1114.787761926651
100,1.0,additive,0.82,0.1,1.0,-11,10,90,80,False,0,False,1116229134,True,0.004,0.461,False,-9.0,6.0,0.8421052631578947,,,,45,10.627249956130981,1114.787761926651
100,1.0,additive,0.82,0.1,1.0,-11,10,90,80,False,0,False,780169553,True,0.002,0.4584,False,-5.0,9.0,0.851063829787234,,,,46,11.827271223068237,1114.787761926651
100,1.0,additive,0.82,0.1,1.0,-11,10,90,80,False,0,False,1738654757,True,0.005,0.4535,True,0.0,0.0,1.0,,,,47,10.615514993667603,1114.787761926651
100,1.0,additive,0.82,0.1,1.0,-11,10,90,80,False,0,False,597274326,True,0.002,0.4619,False,-3.0,10.0,0.8602150537634409,,,,48,10.773109674453735,1114.787761926651
100,1.0,additive,0.82,0.1,1.0,-11,10,90,80,False,0,False,1555759530,True,0.002,0.4677,False,-7.0,0.0,0.9195402298850575,,,,49,9.720582008361816,1114.787761926651
100,1.0,additive,0.82,0.1,1.0,-11,10,90,80,False,0,True,689556105,False,0.4396,-0.1455,,,,,,,,0,10.00487732887268,1114.787761926651
100,1.0,additive,0.82,0.1,1.0,-11,10,90,80,False,0,True,254157637,False,0.6074,-0.1122,,,,,,,,1,10.050798177719116,1114.787761926651
100,1.0,additive,0.82,0.1,1.0,-11,10,90,80,False,0,True,407321991,False,0.2917,-0.1455,,,,,,,,2,11.64809775352478,1114.787761926651
100,1.0,additive,0.82,0.1,1.0,-11,10,90,80,False,0,True,71262410,False,0.9061,0.09,,,,,,,,3,10.100152254104614,1114.787761926651
100,1.0,additive,0.82,0.1,1.0,-11,10,90,80,False,0,True,1129086501,False,0.2697,0.1461,,,,,,,,4,12.835184574127197,1114.787761926651
100,1.0,additive,0.82,0.1,1.0,-11,10,90,80,False,0,True,793026920,False,0.8881,-0.0863,,,,,,,,5,17.53048086166382,1114.787761926651
100,1.0,additive,0.82,0.1,1.0,-11,10,90,80,False,0,True,1699791250,False,0.4456,-0.1352,,,,,,,,6,10.753514766693115,1114.787761926651
100,1.0,additive,0.82,0.1,1.0,-11,10,90,80,False,0,True,510792806,False,0.7922,0.0961,,,,,,,,7,10.806519746780396,1114.787761926651
100,1.0,additive,0.82,0.1,1.0,-11,10,90,80,False,0,True,174733225,False,0.8541,-0.0958,,,,,,,,8,10.576809644699097,1114.787761926651
100,1.0,additive,0.82,0.1,1.0,-11,10,90,80,False,0,True,1232557316,False,0.4955,-0.1379,,,,,,,,9,10.206088304519653,1114.787761926651
100,1.0,additive,0.82,0.1,1.0,-11,10,90,80,False,0,True,2139321646,True,0.021,-0.2395,,,,,,,,10,9.904975891113281,1114.787761926651
100,1.0,additive,0.82,0.1,1.0,-11,10,90,80,False,0,True,950323202,False,0.9421,0.0774,,,,,,,,11,11.381214380264282,1114.787761926651
100,1.0,additive,0.82,0.1,1.0,-11,10,90,80,False,0,True,614263621,False,0.8232,0.0949,,,,,,,,12,10.197598695755005,1114.787761926651
100,1.0,additive,0.82,0.1,1.0,-11,10,90,80,False,0,True,278204040,False,0.8661,-0.0925,,,,,,,,13,10.539750814437866,1114.787761926651
100,1.0,additive,0.82,0.1,1.0,-11,10,90,80,False,0,True,431368394,False,0.998,0.0523,,,,,,,,14,10.466994285583496,1114.787761926651
100,1.0,additive,0.82,0.1,1.0,-11,10,90,80,False,0,True,95308813,False,0.7473,0.1076,,,,,,,,15,10.19611668586731,1114.787761926651
100,1.0,additive,0.82,0.1,1.0,-11,10,90,80,False,0,True,1153132904,False,0.2727,-0.1629,,,,,,,,16,10.867624044418335,1114.787761926651
100,1.0,additive,0.82,0.1,1.0,-11,10,90,80,False,0,True,717734436,False,0.9361,0.0765,,,,,,,,17,10.114518165588379,1114.787761926651
100,1.0,additive,0.82,0.1,1.0,-11,10,90,80,False,0,True,1723837653,False,0.994,0.0583,,,,,,,,18,10.638977766036987,1114.787761926651
100,1.0,additive,0.82,0.1,1.0,-11,10,90,80,False,0,True,534839209,False,0.8392,0.086,,,,,,,,19,10.100764274597168,1114.787761926651
100,1.0,additive,0.82,0.1,1.0,-11,10,90,80,False,0,True,198779628,False,0.3586,-0.1485,,,,,,,,20,10.69201374053955,1114.787761926651
100,1.0,additive,0.82,0.1,1.0,-11,10,90,80,False,0,True,1256603719,False,0.2677,-0.1665,,,,,,,,21,10.429645776748657,1114.787761926651
100,1.0,additive,0.82,0.1,1.0,-11,10,90,80,False,0,True,821205251,False,0.951,0.0726,,,,,,,,22,10.619235754013062,1114.787761926651
100,1.0,additive,0.82,0.1,1.0,-11,10,90,80,False,0,True,974369605,False,0.8102,0.0924,,,,,,,,23,12.81871509552002,1114.787761926651
100,1.0,additive,0.82,0.1,1.0,-11,10,90,80,False,0,True,638310024,False,0.5105,0.1391,,,,,,,,24,10.577530860900879,1114.787761926651
100,1.0,additive,0.82,0.1,1.0,-11,10,90,80,False,0,True,302250443,False,0.0549,0.2347,,,,,,,,25,11.025879859924316,1114.787761926651
100,1.0,additive,0.82,0.1,1.0,-11,10,90,80,False,0,True,1360074534,False,0.6733,-0.1101,,,,,,,,26,10.102004528045654,1114.787761926651
100,1.0,additive,0.82,0.1,1.0,-11,10,90,80,False,0,True,119355216,False,0.7113,-0.1104,,,,,,,,27,10.010630130767822,1114.787761926651
100,1.0,additive,0.82,0.1,1.0,-11,10,90,80,False,0,True,1077840420,False,0.0679,0.1941,,,,,,,,28,9.714873313903809,1114.787761926651
100,1.0,additive,0.82,0.1,1.0,-11,10,90,80,False,0,True,741780839,False,0.0549,-0.2326,,,,,,,,29,10.18468189239502,1114.787761926651
100,1.0,additive,0.82,0.1,1.0,-11,10,90,80,False,0,True,1799604930,False,0.2707,-0.1647,,,,,,,,30,10.12867522239685,1114.787761926651
100,1.0,additive,0.82,0.1,1.0,-11,10,90,80,False,0,True,558885612,False,0.8791,-0.099,,,,,,,,31,10.159474611282349,1114.787761926651
100,1.0,additive,0.82,0.1,1.0,-11,10,90,80,False,0,True,222826031,False,0.1349,-0.1818,,,,,,,,32,10.056615114212036,1114.787761926651
100,1.0,additive,0.82,0.1,1.0,-11,10,90,80,False,0,True,1181311235,False,0.7692,-0.1074,,,,,,,,33,10.888345718383789,1114.787761926651
100,1.0,additive,0.82,0.1,1.0,-11,10,90,80,False,0,True,845251654,False,0.8671,-0.0831,,,,,,,,34,11.062952280044556,1114.787761926651
100,1.0,additive,0.82,0.1,1.0,-11,10,90,80,False,0,True,998416008,False,0.7732,-0.096,,,,,,,,35,14.14090871810913,1114.787761926651
100,1.0,additive,0.82,0.1,1.0,-11,10,90,80,False,0,True,662356427,False,0.4725,0.1427,,,,,,,,36,13.537914276123047,1114.787761926651
100,1.0,additive,0.82,0.1,1.0,-11,10,90,80,False,0,True,326296846,False,0.958,0.0696,,,,,,,,37,10.145717859268188,1114.787761926651
100,1.0,additive,0.82,0.1,1.0,-11,10,90,80,False,0,True,1284782050,True,0.021,0.2745,,,,,,,,38,9.859331130981445,1114.787761926651
100,1.0,additive,0.82,0.1,1.0,-11,10,90,80,False,0,True,143401619,False,0.3317,-0.1595,,,,,,,,39,10.55715823173523,1114.787761926651
100,1.0,additive,0.82,0.1,1.0,-11,10,90,80,False,0,True,1101886823,False,0.5145,-0.115,,,,,,,,40,9.650543928146362,1114.787761926651
100,1.0,additive,0.82,0.1,1.0,-11,10,90,80,False,0,True,765827242,True,0.02,0.2482,,,,,,,,41,9.788227319717407,1114.787761926651
100,1.0,additive,0.82,0.1,1.0,-11,10,90,80,False,0,True,1724312446,False,0.3736,-0.1224,,,,,,,,42,10.569242477416992,1114.787761926651
100,1.0,additive,0.82,0.1,1.0,-11,10,90,80,False,0,True,1388252865,False,0.1349,-0.1791,,,,,,,,43,11.685982704162598,1114.787761926651
100,1.0,additive,0.82,0.1,1.0,-11,10,90,80,False,0,True,246872434,False,0.9131,0.0774,,,,,,,,44,12.55786943435669,1114.787761926651
100,1.0,additive,0.82,0.1,1.0,-11,10,90,80,False,0,True,1205357638,False,0.4436,-0.1375,,,,,,,,45,10.259087324142456,1114.787761926651
100,1.0,additive,0.82,0.1,1.0,-11,10,90,80,False,0,True,869298057,False,0.7642,-0.1008,,,,,,,,46,9.923300981521606,1114.787761926651
100,1.0,additive,0.82,0.1,1.0,-11,10,90,80,False,0,True,1827783261,False,0.8052,0.0928,,,,,,,,47,12.688334226608276,1114.787761926651
100,1.0,additive,0.82,0.1,1.0,-11,10,90,80,False,0,True,686402830,False,0.7872,-0.0918,,,,,,,,48,13.93190860748291,1114.787761926651
100,1.0,additive,0.82,0.1,1.0,-11,10,90,80,False,0,True,1644888034,False,0.2697,-0.1648,,,,,,,,49,10.013706684112549,1114.787761926651
100,1.0,additive,0.84,0.1,1.0,-11,10,90,80,False,0,False,1766934206,True,0.002,0.4632,False,-1.0,3.0,0.9523809523809523,,,,0,13.799415111541748,1137.2374653816223
100,1.0,additive,0.84,0.1,1.0,-11,10,90,80,False,0,False,1920098560,True,0.006,0.4769,False,-10.0,7.0,0.8247422680412371,,,,1,10.406549453735352,1137.2374653816223
100,1.0,additive,0.84,0.1,1.0,-11,10,90,80,False,0,False,1584038979,True,0.003,0.4578,False,-10.0,6.0,0.8333333333333334,,,,2,12.1939537525177,1137.2374653816223
100,1.0,additive,0.84,0.1,1.0,-11,10,90,80,False,0,False,494379422,True,0.002,0.4572,False,-6.0,10.0,0.8333333333333334,,,,3,11.858556747436523,1137.2374653816223
100,1.0,additive,0.84,0.1,1.0,-11,10,90,80,False,0,False,58980954,True,0.004,0.4519,False,-10.0,10.0,0.8,,,,4,9.68928837776184,1137.2374653816223
100,1.0,additive,0.84,0.1,1.0,-11,10,90,80,False,0,False,1065084171,True,0.003,0.4375,False,-1.0,0.0,0.9876543209876543,,,,5,12.955790996551514,1137.2374653816223
100,1.0,additive,0.84,0.1,1.0,-11,10,90,80,False,0,False,2023569375,True,0.005,0.4311,False,-1.0,8.0,0.898876404494382,,,,6,12.177273750305176,1137.2374653816223
100,1.0,additive,0.84,0.1,1.0,-11,10,90,80,False,0,False,1687509794,True,0.005,0.4736,False,-1.0,6.0,0.9195402298850575,,,,7,11.87979531288147,1137.2374653816223
100,1.0,additive,0.84,0.1,1.0,-11,10,90,80,False,0,False,597850237,True,0.002,0.4688,False,-1.0,9.0,0.8888888888888888,,,,8,10.117637872695923,1137.2374653816223
100,1.0,additive,0.84,0.1,1.0,-11,10,90,80,False,0,False,162451769,True,0.001,0.459,False,-5.0,0.0,0.9411764705882353,,,,9,10.45644474029541,1137.2374653816223
100,1.0,additive,0.84,0.1,1.0,-11,10,90,80,False,0,False,1168554986,True,0.003,0.4725,False,-2.0,0.0,0.975609756097561,,,,10,9.793771982192993,1137.2374653816223
100,1.0,additive,0.84,0.1,1.0,-11,10,90,80,False,0,False,2127040190,True,0.003,0.4639,False,-10.0,2.0,0.8695652173913043,,,,11,13.209342241287231,1137.2374653816223
100,1.0,additive,0.84,0.1,1.0,-11,10,90,80,False,0,False,1790980609,True,0.004,0.4503,False,-10.0,2.0,0.8695652173913043,,,,12,11.367359161376953,1137.2374653816223
100,1.0,additive,0.84,0.1,1.0,-11,10,90,80,False,0,False,701321052,True,0.001,0.4216,False,-9.0,0.0,0.898876404494382,,,,13,12.581185102462769,1137.2374653816223
100,1.0,additive,0.84,0.1,1.0,-11,10,90,80,False,0,False,1608085382,True,0.003,0.4371,False,-9.0,2.0,0.8791208791208791,,,,14,11.528023481369019,1137.2374653816223
100,1.0,additive,0.84,0.1,1.0,-11,10,90,80,False,0,False,419086938,True,0.004,0.4486,False,-7.0,0.0,0.9195402298850575,,,,15,13.954435586929321,1137.2374653816223
100,1.0,additive,0.84,0.1,1.0,-11,10,90,80,False,0,False,83027357,True,0.003,0.4632,False,0.0,10.0,0.8888888888888888,,,,16,11.299281358718872,1137.2374653816223
100,1.0,additive,0.84,0.1,1.0,-11,10,90,80,False,0,False,1894451424,True,0.001,0.4651,False,-4.0,9.0,0.8602150537634409,,,,17,12.331972122192383,1137.2374653816223
100,1.0,additive,0.84,0.1,1.0,-11,10,90,80,False,0,False,2047615778,True,0.002,0.4342,False,-9.0,10.0,0.8080808080808081,,,,18,9.956028699874878,1137.2374653816223
100,1.0,additive,0.84,0.1,1.0,-11,10,90,80,False,0,False,1711556197,True,0.005,0.4568,False,-5.0,2.0,0.9195402298850575,,,,19,10.477978467941284,1137.2374653816223
100,1.0,additive,0.84,0.1,1.0,-11,10,90,80,False,0,False,522557753,True,0.003,0.4509,False,-10.0,1.0,0.8791208791208791,,,,20,13.63407015800476,1137.2374653816223
100,1.0,additive,0.84,0.1,1.0,-11,10,90,80,False,0,False,186498172,True,0.002,0.4423,False,-2.0,2.0,0.9523809523809523,,,,21,13.537472486495972,1137.2374653816223
100,1.0,additive,0.84,0.1,1.0,-11,10,90,80,False,0,False,339662526,True,0.002,0.4474,True,0.0,0.0,1.0,,,,22,13.15683102607727,1137.2374653816223
100,1.0,additive,0.84,0.1,1.0,-11,10,90,80,False,0,False,3602945,True,0.004,0.4372,False,-3.0,1.0,0.9523809523809523,,,,23,10.943259716033936,1137.2374653816223
100,1.0,additive,0.84,0.1,1.0,-11,10,90,80,False,0,False,1815027012,True,0.003,0.46,False,-2.0,5.0,0.9195402298850575,,,,24,12.666653871536255,1137.2374653816223
100,1.0,additive,0.84,0.1,1.0,-11,10,90,80,False,0,False,626028568,True,0.008,0.4389,False,-9.0,9.0,0.8163265306122449,,,,25,12.822694063186646,1137.2374653816223
100,1.0,additive,0.84,0.1,1.0,-11,10,90,80,False,0,False,1632131785,True,0.001,0.4256,False,-4.0,0.0,0.9523809523809523,,,,26,10.026796817779541,1137.2374653816223
100,1.0,additive,0.84,0.1,1.0,-11,10,90,80,False,0,False,443133341,True,0.003,0.4579,False,0.0,9.0,0.898876404494382,,,,27,10.463539123535156,1137.2374653816223
100,1.0,additive,0.84,0.1,1.0,-11,10,90,80,False,0,False,107073760,True,0.003,0.4513,False,0.0,8.0,0.9090909090909091,,,,28,10.226882219314575,1137.2374653816223
100,1.0,additive,0.84,0.1,1.0,-11,10,90,80,False,0,False,1918497827,True,0.002,0.4453,False,-3.0,0.0,0.963855421686747,,,,29,10.282315492630005,1137.2374653816223
100,1.0,additive,0.84,0.1,1.0,-11,10,90,80,False,0,False,2071662181,True,0.003,0.4524,False,-6.0,1.0,0.9195402298850575,,,,30,10.12165904045105,1137.2374653816223
100,1.0,additive,0.84,0.1,1.0,-11,10,90,80,False,0,False,1735602600,True,0.003,0.4595,False,0.0,10.0,0.8888888888888888,,,,31,10.149896621704102,1137.2374653816223
100,1.0,additive,0.84,0.1,1.0,-11,10,90,80,False,0,False,546604156,True,0.002,0.4623,False,-6.0,0.0,0.9302325581395349,,,,32,12.783641815185547,1137.2374653816223
100,1.0,additive,0.84,0.1,1.0,-11,10,90,80,False,0,False,210544575,True,0.005,0.4625,False,-9.0,10.0,0.8080808080808081,,,,33,10.13135051727295,1137.2374653816223
100,1.0,additive,0.84,0.1,1.0,-11,10,90,80,False,0,False,1169029779,True,0.003,0.4284,False,-1.0,1.0,0.975609756097561,,,,34,10.681331157684326,1137.2374653816223
100,1.0,additive,0.84,0.1,1.0,-11,10,90,80,False,0,False,27649348,True,0.003,0.4748,False,-8.0,0.0,0.9090909090909091,,,,35,10.02576494216919,1137.2374653816223
100,1.0,additive,0.84,0.1,1.0,-11,10,90,80,False,0,False,1839073415,True,0.004,0.4561,False,-3.0,0.0,0.963855421686747,,,,36,10.265566110610962,1137.2374653816223
100,1.0,additive,0.84,0.1,1.0,-11,10,90,80,False,0,False,650074971,True,0.003,0.4603,False,-10.0,7.0,0.8247422680412371,,,,37,10.150410175323486,1137.2374653816223
100,1.0,additive,0.84,0.1,1.0,-11,10,90,80,False,0,False,314015390,True,0.001,0.4356,False,-10.0,4.0,0.851063829787234,,,,38,11.793244123458862,1137.2374653816223
100,1.0,additive,0.84,0.1,1.0,-11,10,90,80,False,0,False,467179744,True,0.003,0.4687,False,0.0,6.0,0.9302325581395349,,,,39,10.085376739501953,1137.2374653816223
100,1.0,additive,0.84,0.1,1.0,-11,10,90,80,False,0,False,131120163,True,0.002,0.4832,False,-7.0,7.0,0.851063829787234,,,,40,11.907141923904419,1137.2374653816223
100,1.0,additive,0.84,0.1,1.0,-11,10,90,80,False,0,False,1089605367,True,0.008,0.4554,False,-2.0,8.0,0.8888888888888888,,,,41,11.19570517539978,1137.2374653816223
100,1.0,additive,0.84,0.1,1.0,-11,10,90,80,False,0,False,753545786,True,0.012,0.4263,False,0.0,1.0,0.9876543209876543,,,,42,11.974188804626465,1137.2374653816223
100,1.0,additive,0.84,0.1,1.0,-11,10,90,80,False,0,False,1759649003,True,0.003,0.4493,False,-1.0,10.0,0.8791208791208791,,,,43,11.927441596984863,1137.2374653816223
100,1.0,additive,0.84,0.1,1.0,-11,10,90,80,False,0,False,570650559,True,0.003,0.4516,True,0.0,0.0,1.0,,,,44,11.670405387878418,1137.2374653816223
100,1.0,additive,0.84,0.1,1.0,-11,10,90,80,False,0,False,234590978,True,0.007,0.4454,False,-10.0,-1.0,0.8777777777777778,,,,45,10.170426368713379,1137.2374653816223
100,1.0,additive,0.84,0.1,1.0,-11,10,90,80,False,0,False,1193076182,True,0.005,0.4578,False,0.0,5.0,0.9411764705882353,,,,46,10.120954751968384,1137.2374653816223
100,1.0,additive,0.84,0.1,1.0,-11,10,90,80,False,0,False,51695751,True,0.004,0.4822,False,-10.0,0.0,0.8888888888888888,,,,47,9.908851385116577,1137.2374653816223
100,1.0,additive,0.84,0.1,1.0,-11,10,90,80,False,0,False,1010180955,True,0.004,0.4475,False,-5.0,1.0,0.9302325581395349,,,,48,11.535268068313599,1137.2374653816223
100,1.0,additive,0.84,0.1,1.0,-11,10,90,80,False,0,False,674121374,True,0.005,0.4549,False,-1.0,9.0,0.8888888888888888,,,,49,13.127080202102661,1137.2374653816223
100,1.0,additive,0.84,0.1,1.0,-11,10,90,80,False,0,True,1955401597,False,0.7922,0.1101,,,,,,,,0,12.618104219436646,1137.2374653816223
100,1.0,additive,0.84,0.1,1.0,-11,10,90,80,False,0,True,2108565951,False,0.4925,0.1424,,,,,,,,1,9.974388122558594,1137.2374653816223
100,1.0,additive,0.84,0.1,1.0,-11,10,90,80,False,0,True,1772506370,False,0.7373,-0.1155,,,,,,,,2,10.028091192245483,1137.2374653816223
100,1.0,additive,0.84,0.1,1.0,-11,10,90,80,False,0,True,583507926,False,0.3716,0.1578,,,,,,,,3,10.35069227218628,1137.2374653816223
100,1.0,additive,0.84,0.1,1.0,-11,10,90,80,False,0,True,247448345,False,0.7423,0.1028,,,,,,,,4,10.590094089508057,1137.2374653816223
100,1.0,additive,0.84,0.1,1.0,-11,10,90,80,False,0,True,1253551562,False,0.2897,-0.1646,,,,,,,,5,10.23276138305664,1137.2374653816223
100,1.0,additive,0.84,0.1,1.0,-11,10,90,80,False,0,True,64553118,False,0.6553,-0.1127,,,,,,,,6,10.067803382873535,1137.2374653816223
100,1.0,additive,0.84,0.1,1.0,-11,10,90,80,False,0,True,1875977185,False,0.7253,0.0975,,,,,,,,7,12.511608362197876,1137.2374653816223
100,1.0,additive,0.84,0.1,1.0,-11,10,90,80,False,0,True,686978741,False,0.981,-0.0759,,,,,,,,8,10.127982378005981,1137.2374653816223
100,1.0,additive,0.84,0.1,1.0,-11,10,90,80,False,0,True,350919160,False,0.8981,0.0868,,,,,,,,9,11.706654787063599,1137.2374653816223
100,1.0,additive,0.84,0.1,1.0,-11,10,90,80,False,0,True,1357022377,False,0.8771,-0.0877,,,,,,,,10,12.91714859008789,1137.2374653816223
100,1.0,additive,0.84,0.1,1.0,-11,10,90,80,False,0,True,168023933,False,0.6943,-0.124,,,,,,,,11,11.18975830078125,1137.2374653816223
100,1.0,additive,0.84,0.1,1.0,-11,10,90,80,False,0,True,1979448000,False,0.7822,0.1088,,,,,,,,12,10.197718858718872,1137.2374653816223
100,1.0,additive,0.84,0.1,1.0,-11,10,90,80,False,0,True,790449556,False,0.3516,-0.1503,,,,,,,,13,11.660467863082886,1137.2374653816223
100,1.0,additive,0.84,0.1,1.0,-11,10,90,80,False,0,True,1796552773,False,0.3087,0.1578,,,,,,,,14,10.35416030883789,1137.2374653816223
100,1.0,additive,0.84,0.1,1.0,-11,10,90,80,False,0,True,607554329,False,0.0939,-0.1852,,,,,,,,15,13.823366641998291,1137.2374653816223
100,1.0,additive,0.84,0.1,1.0,-11,10,90,80,False,0,True,271494748,False,0.2158,-0.171,,,,,,,,16,11.484472751617432,1137.2374653816223
100,1.0,additive,0.84,0.1,1.0,-11,10,90,80,False,0,True,2082918815,False,0.6484,0.1208,,,,,,,,17,10.144978761672974,1137.2374653816223
100,1.0,additive,0.84,0.1,1.0,-11,10,90,80,False,0,True,88599521,False,0.971,-0.0629,,,,,,,,18,12.471649885177612,1137.2374653816223
100,1.0,additive,0.84,0.1,1.0,-11,10,90,80,False,0,True,1900023588,False,0.1918,0.1625,,,,,,,,19,10.317254304885864,1137.2374653816223
100,1.0,additive,0.84,0.1,1.0,-11,10,90,80,False,0,True,711025144,False,0.2557,-0.161,,,,,,,,20,10.094385385513306,1137.2374653816223
100,1.0,additive,0.84,0.1,1.0,-11,10,90,80,False,0,True,374965563,False,0.1668,-0.1698,,,,,,,,21,14.418553590774536,1137.2374653816223
100,1.0,additive,0.84,0.1,1.0,-11,10,90,80,False,0,True,528129917,False,0.8571,-0.0946,,,,,,,,22,13.669732332229614,1137.2374653816223
100,1.0,additive,0.84,0.1,1.0,-11,10,90,80,False,0,True,192070336,False,0.6194,0.1278,,,,,,,,23,10.43940019607544,1137.2374653816223
100,1.0,additive,0.84,0.1,1.0,-11,10,90,80,False,0,True,2003494403,False,0.4995,0.1136,,,,,,,,24,10.157357692718506,1137.2374653816223
100,1.0,additive,0.84,0.1,1.0,-11,10,90,80,False,0,True,814495959,False,0.6873,0.0967,,,,,,,,25,10.11061716079712,1137.2374653816223
100,1.0,additive,0.84,0.1,1.0,-11,10,90,80,False,0,True,1820599176,False,0.1618,0.196,,,,,,,,26,10.382042407989502,1137.2374653816223
100,1.0,additive,0.84,0.1,1.0,-11,10,90,80,False,0,True,631600732,True,0.04,0.2095,,,,,,,,27,10.38186240196228,1137.2374653816223
100,1.0,additive,0.84,0.1,1.0,-11,10,90,80,False,0,True,295541151,False,0.6314,0.1212,,,,,,,,28,10.172729015350342,1137.2374653816223
100,1.0,additive,0.84,0.1,1.0,-11,10,90,80,False,0,True,2106965218,False,0.7942,-0.0997,,,,,,,,29,10.390498876571655,1137.2374653816223
100,1.0,additive,0.84,0.1,1.0,-11,10,90,80,False,0,True,112645924,False,0.1409,-0.1694,,,,,,,,30,10.189551591873169,1137.2374653816223
100,1.0,additive,0.84,0.1,1.0,-11,10,90,80,False,0,True,1924069991,False,0.0939,-0.2023,,,,,,,,31,10.165968894958496,1137.2374653816223
100,1.0,additive,0.84,0.1,1.0,-11,10,90,80,False,0,True,735071547,False,0.4855,0.1424,,,,,,,,32,12.635026931762695,1137.2374653816223
100,1.0,additive,0.84,0.1,1.0,-11,10,90,80,False,0,True,399011966,False,0.2118,0.1827,,,,,,,,33,10.290543556213379,1137.2374653816223
100,1.0,additive,0.84,0.1,1.0,-11,10,90,80,False,0,True,1357497170,False,0.988,0.0555,,,,,,,,34,13.387725830078125,1137.2374653816223
100,1.0,additive,0.84,0.1,1.0,-11,10,90,80,False,0,True,216116739,False,0.8432,-0.0858,,,,,,,,35,9.828495264053345,1137.2374653816223
100,1.0,additive,0.84,0.1,1.0,-11,10,90,80,False,0,True,2027540806,False,0.8651,0.0877,,,,,,,,36,13.334167718887329,1137.2374653816223
100,1.0,additive,0.84,0.1,1.0,-11,10,90,80,False,0,True,838542362,False,0.9071,0.0921,,,,,,,,37,12.648605823516846,1137.2374653816223
100,1.0,additive,0.84,0.1,1.0,-11,10,90,80,False,0,True,502482781,False,0.2717,-0.1731,,,,,,,,38,12.732699632644653,1137.2374653816223
100,1.0,additive,0.84,0.1,1.0,-11,10,90,80,False,0,True,655647135,False,0.6853,-0.1222,,,,,,,,39,10.210179328918457,1137.2374653816223
100,1.0,additive,0.84,0.1,1.0,-11,10,90,80,False,0,True,319587554,True,0.04,-0.2476,,,,,,,,40,13.766833782196045,1137.2374653816223
100,1.0,additive,0.84,0.1,1.0,-11,10,90,80,False,0,True,1278072758,False,0.5345,0.1286,,,,,,,,41,12.671156644821167,1137.2374653816223
100,1.0,additive,0.84,0.1,1.0,-11,10,90,80,False,0,True,942013177,False,0.7073,-0.1111,,,,,,,,42,10.47861123085022,1137.2374653816223
100,1.0,additive,0.84,0.1,1.0,-11,10,90,80,False,0,True,1848777507,True,0.026,0.2513,,,,,,,,43,11.839883089065552,1137.2374653816223
100,1.0,additive,0.84,0.1,1.0,-11,10,90,80,False,0,True,759117950,False,0.4875,-0.1497,,,,,,,,44,10.158091306686401,1137.2374653816223
100,1.0,additive,0.84,0.1,1.0,-11,10,90,80,False,0,True,423058369,False,0.5754,0.134,,,,,,,,45,15.136422634124756,1137.2374653816223
100,1.0,additive,0.84,0.1,1.0,-11,10,90,80,False,0,True,1381543573,False,0.6284,-0.1217,,,,,,,,46,10.687472820281982,1137.2374653816223
100,1.0,additive,0.84,0.1,1.0,-11,10,90,80,False,0,True,240163142,False,0.2847,-0.1582,,,,,,,,47,13.104675531387329,1137.2374653816223
100,1.0,additive,0.84,0.1,1.0,-11,10,90,80,False,0,True,1198648346,False,0.995,-0.0682,,,,,,,,48,10.511037111282349,1137.2374653816223
100,1.0,additive,0.84,0.1,1.0,-11,10,90,80,False,0,True,862588765,False,0.956,-0.0753,,,,,,,,49,10.509346008300781,1137.2374653816223
100,1.0,additive,0.86,0.1,1.0,-11,10,90,80,False,0,False,1454105223,True,0.004,0.4279,False,-1.0,0.0,0.9876543209876543,,,,0,9.851973295211792,1092.2640986442566
100,1.0,additive,0.86,0.1,1.0,-11,10,90,80,False,0,False,1118045642,True,0.002,0.4886,False,-9.0,7.0,0.8333333333333334,,,,1,14.980641841888428,1092.2640986442566
100,1.0,additive,0.86,0.1,1.0,-11,10,90,80,False,0,False,28386085,True,0.002,0.4467,False,-2.0,5.0,0.9195402298850575,,,,2,10.256189346313477,1092.2640986442566
100,1.0,additive,0.86,0.1,1.0,-11,10,90,80,False,0,False,935150415,True,0.002,0.4509,False,-1.0,5.0,0.9302325581395349,,,,3,15.050886631011963,1092.2640986442566
100,1.0,additive,0.86,0.1,1.0,-11,10,90,80,False,0,False,1992974506,True,0.003,0.4762,False,0.0,10.0,0.8888888888888888,,,,4,13.335589408874512,1092.2640986442566
100,1.0,additive,0.86,0.1,1.0,-11,10,90,80,False,0,False,1557576038,True,0.006,0.452,False,0.0,5.0,0.9411764705882353,,,,5,10.752713680267334,1092.2640986442566
100,1.0,additive,0.86,0.1,1.0,-11,10,90,80,False,0,False,1221516457,True,0.003,0.4427,False,-3.0,0.0,0.963855421686747,,,,6,13.424726486206055,1092.2640986442566
100,1.0,additive,0.86,0.1,1.0,-11,10,90,80,False,0,False,1374680811,True,0.003,0.4518,False,-3.0,2.0,0.9411764705882353,,,,7,10.155880451202393,1092.2640986442566
100,1.0,additive,0.86,0.1,1.0,-11,10,90,80,False,0,False,1038621230,True,0.001,0.4552,False,-2.0,10.0,0.8695652173913043,,,,8,14.398608207702637,1092.2640986442566
100,1.0,additive,0.86,0.1,1.0,-11,10,90,80,False,0,False,2096445321,True,0.004,0.4408,False,0.0,1.0,0.9876543209876543,,,,9,12.122742652893066,1092.2640986442566
100,1.0,additive,0.86,0.1,1.0,-11,10,90,80,False,0,False,1661046853,True,0.002,0.4549,False,-4.0,9.0,0.8602150537634409,,,,10,10.280954837799072,1092.2640986442566
100,1.0,additive,0.86,0.1,1.0,-11,10,90,80,False,0,False,519666422,True,0.002,0.4814,False,-5.0,7.0,0.8695652173913043,,,,11,11.517914056777954,1092.2640986442566
100,1.0,additive,0.86,0.1,1.0,-11,10,90,80,False,0,False,1478151626,True,0.002,0.4482,False,-1.0,1.0,0.975609756097561,,,,12,11.91918134689331,1092.2640986442566
100,1.0,additive,0.86,0.1,1.0,-11,10,90,80,False,0,False,1142092045,True,0.002,0.4619,False,-2.0,8.0,0.8888888888888888,,,,13,14.012404203414917,1092.2640986442566
100,1.0,additive,0.86,0.1,1.0,-11,10,90,80,False,0,False,52432488,True,0.002,0.4491,False,-4.0,6.0,0.8888888888888888,,,,14,12.326704978942871,1092.2640986442566
100,1.0,additive,0.86,0.1,1.0,-11,10,90,80,False,0,False,1863856555,True,0.004,0.4563,False,-3.0,0.0,0.963855421686747,,,,15,13.958400964736938,1092.2640986442566
100,1.0,additive,0.86,0.1,1.0,-11,10,90,80,False,0,False,1917682022,True,0.004,0.4462,False,-9.0,1.0,0.8888888888888888,,,,16,10.332569122314453,1092.2640986442566
100,1.0,additive,0.86,0.1,1.0,-11,10,90,80,False,0,False,1581622441,True,0.004,0.4567,False,-6.0,0.0,0.9302325581395349,,,,17,10.248838901519775,1092.2640986442566
100,1.0,additive,0.86,0.1,1.0,-11,10,90,80,False,0,False,1245562860,True,0.001,0.4667,False,-2.0,0.0,0.975609756097561,,,,18,13.53734016418457,1092.2640986442566
100,1.0,additive,0.86,0.1,1.0,-11,10,90,80,False,0,False,155903303,True,0.001,0.4572,False,-9.0,9.0,0.8163265306122449,,,,19,10.288712501525879,1092.2640986442566
100,1.0,additive,0.86,0.1,1.0,-11,10,90,80,False,0,False,1062667633,True,0.003,0.4785,False,-4.0,10.0,0.851063829787234,,,,20,9.928250074386597,1092.2640986442566
100,1.0,additive,0.86,0.1,1.0,-11,10,90,80,False,0,False,2021152837,True,0.003,0.4727,False,-4.0,1.0,0.9411764705882353,,,,21,10.472248554229736,1092.2640986442566
100,1.0,additive,0.86,0.1,1.0,-11,10,90,80,False,0,False,1685093256,True,0.002,0.4612,False,-6.0,1.0,0.9195402298850575,,,,22,14.97464108467102,1092.2640986442566
100,1.0,additive,0.86,0.1,1.0,-11,10,90,80,False,0,False,595433699,True,0.003,0.4506,False,-6.0,0.0,0.9302325581395349,,,,23,10.109442234039307,1092.2640986442566
100,1.0,additive,0.86,0.1,1.0,-11,10,90,80,False,0,False,1502198029,True,0.001,0.4536,False,-3.0,10.0,0.8602150537634409,,,,24,13.46762752532959,1092.2640986442566
100,1.0,additive,0.86,0.1,1.0,-11,10,90,80,False,0,False,1166138448,True,0.001,0.4711,False,-8.0,10.0,0.8163265306122449,,,,25,12.516571760177612,1092.2640986442566
100,1.0,additive,0.86,0.1,1.0,-11,10,90,80,False,0,False,2124623652,True,0.005,0.4238,False,0.0,4.0,0.9523809523809523,,,,26,12.3172287940979,1092.2640986442566
100,1.0,additive,0.86,0.1,1.0,-11,10,90,80,False,0,False,1788564071,True,0.003,0.4185,False,-10.0,0.0,0.8888888888888888,,,,27,10.206576824188232,1092.2640986442566
100,1.0,additive,0.86,0.1,1.0,-11,10,90,80,False,0,False,1941728425,True,0.005,0.4537,False,-7.0,0.0,0.9195402298850575,,,,28,10.113586187362671,1092.2640986442566
100,1.0,additive,0.86,0.1,1.0,-11,10,90,80,False,0,False,1605668844,True,0.002,0.4791,False,-10.0,1.0,0.8791208791208791,,,,29,10.589253664016724,1092.2640986442566
100,1.0,additive,0.86,0.1,1.0,-11,10,90,80,False,0,False,516009287,True,0.005,0.466,False,0.0,7.0,0.9195402298850575,,,,30,10.25529432296753,1092.2640986442566
100,1.0,additive,0.86,0.1,1.0,-11,10,90,80,False,0,False,80610819,True,0.004,0.4487,False,-3.0,10.0,0.8602150537634409,,,,31,10.160192251205444,1092.2640986442566
100,1.0,additive,0.86,0.1,1.0,-11,10,90,80,False,0,False,1086714036,True,0.003,0.4499,False,-1.0,1.0,0.975609756097561,,,,32,11.001745223999023,1092.2640986442566
100,1.0,additive,0.86,0.1,1.0,-11,10,90,80,False,0,False,2045199240,True,0.004,0.4701,False,-1.0,0.0,0.9876543209876543,,,,33,10.709856748580933,1092.2640986442566
100,1.0,additive,0.86,0.1,1.0,-11,10,90,80,False,0,False,1709139659,True,0.004,0.4576,False,-9.0,1.0,0.8888888888888888,,,,34,9.975701332092285,1092.2640986442566
100,1.0,additive,0.86,0.1,1.0,-11,10,90,80,False,0,False,619480102,True,0.001,0.4853,False,-9.0,10.0,0.8080808080808081,,,,35,10.684417963027954,1092.2640986442566
100,1.0,additive,0.86,0.1,1.0,-11,10,90,80,False,0,False,1526244432,True,0.001,0.4536,False,-1.0,1.0,0.975609756097561,,,,36,10.101430416107178,1092.2640986442566
100,1.0,additive,0.86,0.1,1.0,-11,10,90,80,False,0,False,1190184851,True,0.004,0.4445,False,-3.0,2.0,0.9411764705882353,,,,37,10.200889110565186,1092.2640986442566
100,1.0,additive,0.86,0.1,1.0,-11,10,90,80,False,0,False,1186407,True,0.001,0.4708,False,-8.0,9.0,0.8247422680412371,,,,38,10.097124576568604,1092.2640986442566
100,1.0,additive,0.86,0.1,1.0,-11,10,90,80,False,0,False,1812610474,True,0.002,0.451,False,-4.0,2.0,0.9302325581395349,,,,39,10.48688530921936,1092.2640986442566
100,1.0,additive,0.86,0.1,1.0,-11,10,90,80,False,0,False,722950917,True,0.003,0.458,False,0.0,9.0,0.898876404494382,,,,40,10.661403894424438,1092.2640986442566
100,1.0,additive,0.86,0.1,1.0,-11,10,90,80,False,0,False,1629715247,True,0.003,0.4492,False,-8.0,6.0,0.851063829787234,,,,41,10.10505747795105,1092.2640986442566
100,1.0,additive,0.86,0.1,1.0,-11,10,90,80,False,0,False,440716803,True,0.001,0.4339,False,-2.0,8.0,0.8888888888888888,,,,42,10.14751648902893,1092.2640986442566
100,1.0,additive,0.86,0.1,1.0,-11,10,90,80,False,0,False,104657222,True,0.004,0.471,False,-10.0,1.0,0.8791208791208791,,,,43,10.633468389511108,1092.2640986442566
100,1.0,additive,0.86,0.1,1.0,-11,10,90,80,False,0,False,1916081289,True,0.005,0.4452,False,-2.0,8.0,0.8888888888888888,,,,44,10.342329025268555,1092.2640986442566
100,1.0,additive,0.86,0.1,1.0,-11,10,90,80,False,0,False,2069245643,True,0.003,0.4392,False,-10.0,3.0,0.8602150537634409,,,,45,10.53154706954956,1092.2640986442566
100,1.0,additive,0.86,0.1,1.0,-11,10,90,80,False,0,False,1733186062,True,0.006,0.4635,False,-8.0,10.0,0.8163265306122449,,,,46,10.044752597808838,1092.2640986442566
100,1.0,additive,0.86,0.1,1.0,-11,10,90,80,False,0,False,544187618,True,0.003,0.4202,False,-8.0,10.0,0.8163265306122449,,,,47,10.182754755020142,1092.2640986442566
100,1.0,additive,0.86,0.1,1.0,-11,10,90,80,False,0,False,208128037,True,0.003,0.4557,False,-9.0,0.0,0.898876404494382,,,,48,10.025662183761597,1092.2640986442566
100,1.0,additive,0.86,0.1,1.0,-11,10,90,80,False,0,False,361292391,True,0.002,0.4429,True,0.0,0.0,1.0,,,,49,10.072755336761475,1092.2640986442566
100,1.0,additive,0.86,0.1,1.0,-11,10,90,80,False,0,True,1642572614,False,0.8042,-0.1023,,,,,,,,0,10.174392938613892,1092.2640986442566
100,1.0,additive,0.86,0.1,1.0,-11,10,90,80,False,0,True,1306513033,False,0.4665,0.1354,,,,,,,,1,10.156392097473145,1092.2640986442566
100,1.0,additive,0.86,0.1,1.0,-11,10,90,80,False,0,True,117514589,False,0.5744,0.1251,,,,,,,,2,10.547783374786377,1092.2640986442566
100,1.0,additive,0.86,0.1,1.0,-11,10,90,80,False,0,True,1123617806,True,0.041,-0.2438,,,,,,,,3,10.363970041275024,1092.2640986442566
100,1.0,additive,0.86,0.1,1.0,-11,10,90,80,False,0,True,2082103010,False,0.5465,-0.1143,,,,,,,,4,10.532487630844116,1092.2640986442566
100,1.0,additive,0.86,0.1,1.0,-11,10,90,80,False,0,True,1746043429,True,0.044,-0.2254,,,,,,,,5,10.509330749511719,1092.2640986442566
100,1.0,additive,0.86,0.1,1.0,-11,10,90,80,False,0,True,1409983848,False,0.3137,0.1437,,,,,,,,6,10.297991037368774,1092.2640986442566
100,1.0,additive,0.86,0.1,1.0,-11,10,90,80,False,0,True,1563148202,False,0.8492,0.0989,,,,,,,,7,12.325217723846436,1092.2640986442566
100,1.0,additive,0.86,0.1,1.0,-11,10,90,80,False,0,True,1227088621,False,0.4575,0.1337,,,,,,,,8,10.40890097618103,1092.2640986442566
100,1.0,additive,0.86,0.1,1.0,-11,10,90,80,False,0,True,38090177,False,0.8342,-0.0948,,,,,,,,9,10.938321113586426,1092.2640986442566
100,1.0,additive,0.86,0.1,1.0,-11,10,90,80,False,0,True,1849514244,False,0.2328,0.1576,,,,,,,,10,10.136820316314697,1092.2640986442566
100,1.0,additive,0.86,0.1,1.0,-11,10,90,80,False,0,True,708133813,False,0.2947,-0.1513,,,,,,,,11,10.070080757141113,1092.2640986442566
100,1.0,additive,0.86,0.1,1.0,-11,10,90,80,False,0,True,1666619017,False,0.1878,-0.182,,,,,,,,12,10.638411045074463,1092.2640986442566
100,1.0,additive,0.86,0.1,1.0,-11,10,90,80,False,0,True,1330559436,False,0.3467,0.1342,,,,,,,,13,10.088363647460938,1092.2640986442566
100,1.0,additive,0.86,0.1,1.0,-11,10,90,80,False,0,True,141560992,False,0.7293,-0.1062,,,,,,,,14,10.192752838134766,1092.2640986442566
100,1.0,additive,0.86,0.1,1.0,-11,10,90,80,False,0,True,1952985059,False,0.1049,-0.2129,,,,,,,,15,10.120985746383667,1092.2640986442566
100,1.0,additive,0.86,0.1,1.0,-11,10,90,80,False,0,True,2106149413,False,0.5215,-0.1378,,,,,,,,16,10.144970417022705,1092.2640986442566
100,1.0,additive,0.86,0.1,1.0,-11,10,90,80,False,0,True,1770089832,False,0.7133,-0.1096,,,,,,,,17,10.620304346084595,1092.2640986442566
100,1.0,additive,0.86,0.1,1.0,-11,10,90,80,False,0,True,1434030251,False,0.2388,0.1677,,,,,,,,18,10.189333438873291,1092.2640986442566
100,1.0,additive,0.86,0.1,1.0,-11,10,90,80,False,0,True,245031807,False,0.1898,0.1464,,,,,,,,19,10.178098678588867,1092.2640986442566
100,1.0,additive,0.86,0.1,1.0,-11,10,90,80,False,0,True,1251135024,False,0.3786,0.1274,,,,,,,,20,10.243168115615845,1092.2640986442566
100,1.0,additive,0.86,0.1,1.0,-11,10,90,80,False,0,True,62136580,False,0.0669,-0.2485,,,,,,,,21,10.437197208404541,1092.2640986442566
100,1.0,additive,0.86,0.1,1.0,-11,10,90,80,False,0,True,1873560647,False,0.4585,0.1283,,,,,,,,22,10.400410890579224,1092.2640986442566
100,1.0,additive,0.86,0.1,1.0,-11,10,90,80,False,0,True,684562203,False,0.2717,-0.1437,,,,,,,,23,10.289649486541748,1092.2640986442566
100,1.0,additive,0.86,0.1,1.0,-11,10,90,80,False,0,True,1690665420,False,0.4515,-0.1299,,,,,,,,24,10.493057012557983,1092.2640986442566
100,1.0,additive,0.86,0.1,1.0,-11,10,90,80,False,0,True,1354605839,False,0.2298,0.1576,,,,,,,,25,15.040879964828491,1092.2640986442566
100,1.0,additive,0.86,0.1,1.0,-11,10,90,80,False,0,True,165607395,False,0.7413,0.0877,,,,,,,,26,10.143296241760254,1092.2640986442566
100,1.0,additive,0.86,0.1,1.0,-11,10,90,80,False,0,True,1977031462,False,0.7672,0.1093,,,,,,,,27,10.020409107208252,1092.2640986442566
100,1.0,additive,0.86,0.1,1.0,-11,10,90,80,False,0,True,2130195816,False,0.3756,-0.1416,,,,,,,,28,10.23218321800232,1092.2640986442566
100,1.0,additive,0.86,0.1,1.0,-11,10,90,80,False,0,True,1794136235,False,0.95,0.0902,,,,,,,,29,10.198684453964233,1092.2640986442566
100,1.0,additive,0.86,0.1,1.0,-11,10,90,80,False,0,True,605137791,False,0.9181,-0.0777,,,,,,,,30,10.162004709243774,1092.2640986442566
100,1.0,additive,0.86,0.1,1.0,-11,10,90,80,False,0,True,269078210,False,0.3137,-0.181,,,,,,,,31,10.668063879013062,1092.2640986442566
100,1.0,additive,0.86,0.1,1.0,-11,10,90,80,False,0,True,1275181427,False,0.7373,0.1066,,,,,,,,32,10.164664268493652,1092.2640986442566
100,1.0,additive,0.86,0.1,1.0,-11,10,90,80,False,0,True,86182983,False,0.9091,-0.0722,,,,,,,,33,10.153267621994019,1092.2640986442566
100,1.0,additive,0.86,0.1,1.0,-11,10,90,80,False,0,True,1897607050,False,0.983,-0.077,,,,,,,,34,10.161130666732788,1092.2640986442566
100,1.0,additive,0.86,0.1,1.0,-11,10,90,80,False,0,True,708608606,False,0.1109,0.2143,,,,,,,,35,10.390891313552856,1092.2640986442566
100,1.0,additive,0.86,0.1,1.0,-11,10,90,80,False,0,True,1714711823,False,0.7782,0.1053,,,,,,,,36,10.151914834976196,1092.2640986442566
100,1.0,additive,0.86,0.1,1.0,-11,10,90,80,False,0,True,1378652242,False,0.7772,-0.1094,,,,,,,,37,10.459241151809692,1092.2640986442566
100,1.0,additive,0.86,0.1,1.0,-11,10,90,80,False,0,True,189653798,False,0.7023,0.1018,,,,,,,,38,10.08606243133545,1092.2640986442566
100,1.0,additive,0.86,0.1,1.0,-11,10,90,80,False,0,True,2001077865,False,0.6044,0.127,,,,,,,,39,10.126938104629517,1092.2640986442566
100,1.0,additive,0.86,0.1,1.0,-11,10,90,80,False,0,True,812079421,False,0.1568,0.1754,,,,,,,,40,10.8116774559021,1092.2640986442566
100,1.0,additive,0.86,0.1,1.0,-11,10,90,80,False,0,True,1818182638,False,0.8891,0.0902,,,,,,,,41,10.159362554550171,1092.2640986442566
100,1.0,additive,0.86,0.1,1.0,-11,10,90,80,False,0,True,629184194,False,0.4675,0.1301,,,,,,,,42,10.155558109283447,1092.2640986442566
100,1.0,additive,0.86,0.1,1.0,-11,10,90,80,False,0,True,293124613,False,0.0729,-0.2291,,,,,,,,43,10.47285771369934,1092.2640986442566
100,1.0,additive,0.86,0.1,1.0,-11,10,90,80,False,0,True,2104548680,False,0.7433,0.1101,,,,,,,,44,10.309868335723877,1092.2640986442566
100,1.0,additive,0.86,0.1,1.0,-11,10,90,80,False,0,True,110229386,False,0.3646,-0.1329,,,,,,,,45,10.120531558990479,1092.2640986442566
100,1.0,additive,0.86,0.1,1.0,-11,10,90,80,False,0,True,1921653453,False,0.3576,0.1414,,,,,,,,46,16.165076732635498,1092.2640986442566
100,1.0,additive,0.86,0.1,1.0,-11,10,90,80,False,0,True,732655009,False,0.4565,-0.128,,,,,,,,47,10.102736949920654,1092.2640986442566
100,1.0,additive,0.86,0.1,1.0,-11,10,90,80,False,0,True,396595428,False,0.0869,-0.2362,,,,,,,,48,10.32057809829712,1092.2640986442566
100,1.0,additive,0.86,0.1,1.0,-11,10,90,80,False,0,True,549759782,False,0.6853,0.095,,,,,,,,49,10.665148973464966,1092.2640986442566
100,1.0,additive,0.88,0.1,1.0,-11,10,90,80,False,0,False,1592001999,True,0.005,0.4679,False,-7.0,10.0,0.8247422680412371,,,,0,10.256702661514282,1090.8505980968475
100,1.0,additive,0.88,0.1,1.0,-11,10,90,80,False,0,False,450621568,True,0.002,0.4686,False,-2.0,7.0,0.898876404494382,,,,1,10.097040891647339,1090.8505980968475
100,1.0,additive,0.88,0.1,1.0,-11,10,90,80,False,0,False,1409106772,True,0.002,0.473,False,-7.0,3.0,0.8888888888888888,,,,2,10.462384462356567,1090.8505980968475
100,1.0,additive,0.88,0.1,1.0,-11,10,90,80,False,0,False,1073047191,True,0.002,0.4318,True,0.0,0.0,1.0,,,,3,10.459061622619629,1090.8505980968475
100,1.0,additive,0.88,0.1,1.0,-11,10,90,80,False,0,False,736987610,True,0.003,0.4384,False,-8.0,2.0,0.8888888888888888,,,,4,10.44027829170227,1090.8505980968475
100,1.0,additive,0.88,0.1,1.0,-11,10,90,80,False,0,False,890151964,True,0.003,0.484,False,-10.0,10.0,0.8,,,,5,10.326311588287354,1090.8505980968475
100,1.0,additive,0.88,0.1,1.0,-11,10,90,80,False,0,False,554092383,True,0.001,0.4469,False,-1.0,6.0,0.9195402298850575,,,,6,10.04427695274353,1090.8505980968475
100,1.0,additive,0.88,0.1,1.0,-11,10,90,80,False,0,False,1512577587,True,0.006,0.4613,False,-7.0,3.0,0.8888888888888888,,,,7,17.15939712524414,1090.8505980968475
100,1.0,additive,0.88,0.1,1.0,-11,10,90,80,False,0,False,1176518006,True,0.006,0.4548,False,-4.0,4.0,0.9090909090909091,,,,8,11.648497581481934,1090.8505980968475
100,1.0,additive,0.88,0.1,1.0,-11,10,90,80,False,0,False,2135003210,True,0.001,0.456,False,-4.0,8.0,0.8695652173913043,,,,9,10.295116662979126,1090.8505980968475
100,1.0,additive,0.88,0.1,1.0,-11,10,90,80,False,0,False,993622779,True,0.002,0.4706,False,-10.0,6.0,0.8333333333333334,,,,10,11.475366830825806,1090.8505980968475
100,1.0,additive,0.88,0.1,1.0,-11,10,90,80,False,0,False,657563198,True,0.003,0.4593,False,-4.0,0.0,0.9523809523809523,,,,11,11.672511577606201,1090.8505980968475
100,1.0,additive,0.88,0.1,1.0,-11,10,90,80,False,0,False,1616048402,True,0.001,0.4708,False,-3.0,2.0,0.9411764705882353,,,,12,10.075460195541382,1090.8505980968475
100,1.0,additive,0.88,0.1,1.0,-11,10,90,80,False,0,False,1279988821,True,0.003,0.4529,False,0.0,10.0,0.8888888888888888,,,,13,10.34125018119812,1090.8505980968475
100,1.0,additive,0.88,0.1,1.0,-11,10,90,80,False,0,False,1433153175,True,0.007,0.4596,False,0.0,10.0,0.8888888888888888,,,,14,10.87040662765503,1090.8505980968475
100,1.0,additive,0.88,0.1,1.0,-11,10,90,80,False,0,False,1097093594,True,0.003,0.4406,False,-6.0,5.0,0.8791208791208791,,,,15,10.443613290786743,1090.8505980968475
100,1.0,additive,0.88,0.1,1.0,-11,10,90,80,False,0,False,761034013,True,0.002,0.4765,False,-3.0,10.0,0.8602150537634409,,,,16,10.679312944412231,1090.8505980968475
100,1.0,additive,0.88,0.1,1.0,-11,10,90,80,False,0,False,1719519217,True,0.007,0.4444,False,-5.0,4.0,0.898876404494382,,,,17,13.095910787582397,1090.8505980968475
100,1.0,additive,0.88,0.1,1.0,-11,10,90,80,False,0,False,578138786,True,0.001,0.4519,False,0.0,3.0,0.963855421686747,,,,18,10.602925062179565,1090.8505980968475
100,1.0,additive,0.88,0.1,1.0,-11,10,90,80,False,0,False,1536623990,True,0.004,0.4618,False,-9.0,9.0,0.8163265306122449,,,,19,10.515297889709473,1090.8505980968475
100,1.0,additive,0.88,0.1,1.0,-11,10,90,80,False,0,False,1200564409,True,0.002,0.4766,False,-9.0,10.0,0.8080808080808081,,,,20,10.09938359260559,1090.8505980968475
100,1.0,additive,0.88,0.1,1.0,-11,10,90,80,False,0,False,11565965,True,0.002,0.4588,False,-7.0,1.0,0.9090909090909091,,,,21,10.710073471069336,1090.8505980968475
100,1.0,additive,0.88,0.1,1.0,-11,10,90,80,False,0,False,1017669182,True,0.002,0.4583,False,-5.0,7.0,0.8695652173913043,,,,22,10.346719741821289,1090.8505980968475
100,1.0,additive,0.88,0.1,1.0,-11,10,90,80,False,0,False,681609601,True,0.004,0.4576,False,1.0,6.0,0.9186046511627907,,,,23,10.484638929367065,1090.8505980968475
100,1.0,additive,0.88,0.1,1.0,-11,10,90,80,False,0,False,1640094805,True,0.002,0.4703,False,0.0,10.0,0.8888888888888888,,,,24,10.307608127593994,1090.8505980968475
100,1.0,additive,0.88,0.1,1.0,-11,10,90,80,False,0,False,1304035224,True,0.002,0.4499,False,-10.0,10.0,0.8,,,,25,10.752938032150269,1090.8505980968475
100,1.0,additive,0.88,0.1,1.0,-11,10,90,80,False,0,False,1457199578,True,0.003,0.4633,False,-10.0,1.0,0.8791208791208791,,,,26,10.734033823013306,1090.8505980968475
100,1.0,additive,0.88,0.1,1.0,-11,10,90,80,False,0,False,1121139997,True,0.007,0.4435,False,-9.0,5.0,0.851063829787234,,,,27,10.286571025848389,1090.8505980968475
100,1.0,additive,0.88,0.1,1.0,-11,10,90,80,False,0,False,2079625201,True,0.004,0.4724,False,-4.0,0.0,0.9523809523809523,,,,28,10.674705028533936,1090.8505980968475
100,1.0,additive,0.88,0.1,1.0,-11,10,90,80,False,0,False,1743565620,True,0.007,0.4535,False,-3.0,-1.0,0.9518072289156626,,,,29,10.443633317947388,1090.8505980968475
100,1.0,additive,0.88,0.1,1.0,-11,10,90,80,False,0,False,1407506039,True,0.004,0.4374,False,-8.0,6.0,0.851063829787234,,,,30,10.280282020568848,1090.8505980968475
100,1.0,additive,0.88,0.1,1.0,-11,10,90,80,False,0,False,1560670393,True,0.003,0.4625,False,-9.0,5.0,0.851063829787234,,,,31,11.381891250610352,1090.8505980968475
100,1.0,additive,0.88,0.1,1.0,-11,10,90,80,False,0,False,1224610812,True,0.002,0.4661,False,-4.0,6.0,0.8888888888888888,,,,32,10.359075546264648,1090.8505980968475
100,1.0,additive,0.88,0.1,1.0,-11,10,90,80,False,0,False,35612368,True,0.002,0.4367,False,-6.0,1.0,0.9195402298850575,,,,33,10.651302576065063,1090.8505980968475
100,1.0,additive,0.88,0.1,1.0,-11,10,90,80,False,0,False,1847036435,True,0.008,0.428,False,-3.0,0.0,0.963855421686747,,,,34,10.381319522857666,1090.8505980968475
100,1.0,additive,0.88,0.1,1.0,-11,10,90,80,False,0,False,2000200789,True,0.003,0.4117,False,0.0,10.0,0.8888888888888888,,,,35,10.35059404373169,1090.8505980968475
100,1.0,additive,0.88,0.1,1.0,-11,10,90,80,False,0,False,1664141208,True,0.004,0.4861,False,-7.0,5.0,0.8695652173913043,,,,36,10.769904375076294,1090.8505980968475
100,1.0,additive,0.88,0.1,1.0,-11,10,90,80,False,0,False,1328081627,True,0.004,0.4317,False,-5.0,7.0,0.8695652173913043,,,,37,10.7144775390625,1090.8505980968475
100,1.0,additive,0.88,0.1,1.0,-11,10,90,80,False,0,False,139083183,True,0.002,0.4375,False,-7.0,5.0,0.8695652173913043,,,,38,10.266823291778564,1090.8505980968475
100,1.0,additive,0.88,0.1,1.0,-11,10,90,80,False,0,False,1145186400,True,0.005,0.4142,True,0.0,0.0,1.0,,,,39,11.258301734924316,1090.8505980968475
100,1.0,additive,0.88,0.1,1.0,-11,10,90,80,False,0,False,2103671604,True,0.003,0.4618,False,-10.0,6.0,0.8333333333333334,,,,40,10.839289426803589,1090.8505980968475
100,1.0,additive,0.88,0.1,1.0,-11,10,90,80,False,0,False,1767612023,True,0.004,0.4554,False,-1.0,10.0,0.8791208791208791,,,,41,11.05622148513794,1090.8505980968475
100,1.0,additive,0.88,0.1,1.0,-11,10,90,80,False,0,False,1431552442,True,0.002,0.4593,False,-5.0,10.0,0.8421052631578947,,,,42,10.49124002456665,1090.8505980968475
100,1.0,additive,0.88,0.1,1.0,-11,10,90,80,False,0,False,1584716796,True,0.003,0.4719,False,-1.0,7.0,0.9090909090909091,,,,43,16.987285137176514,1090.8505980968475
100,1.0,additive,0.88,0.1,1.0,-11,10,90,80,False,0,False,1248657215,True,0.004,0.4536,False,-2.0,3.0,0.9411764705882353,,,,44,9.81285810470581,1090.8505980968475
100,1.0,additive,0.88,0.1,1.0,-11,10,90,80,False,0,False,59658771,True,0.007,0.4461,False,-2.0,0.0,0.975609756097561,,,,45,10.465226173400879,1090.8505980968475
100,1.0,additive,0.88,0.1,1.0,-11,10,90,80,False,0,False,1871082838,True,0.001,0.4631,False,-5.0,1.0,0.9302325581395349,,,,46,10.31965947151184,1090.8505980968475
100,1.0,additive,0.88,0.1,1.0,-11,10,90,80,False,0,False,2024247192,True,0.003,0.4661,False,-2.0,9.0,0.8791208791208791,,,,47,10.051483154296875,1090.8505980968475
100,1.0,additive,0.88,0.1,1.0,-11,10,90,80,False,0,False,1688187611,True,0.004,0.4434,False,0.0,10.0,0.8888888888888888,,,,48,10.28501296043396,1090.8505980968475
100,1.0,additive,0.88,0.1,1.0,-11,10,90,80,False,0,False,1352128030,True,0.001,0.4582,False,0.0,6.0,0.9302325581395349,,,,49,10.375820398330688,1090.8505980968475
100,1.0,additive,0.88,0.1,1.0,-11,10,90,80,False,0,True,1780469390,False,0.4116,-0.1364,,,,,,,,0,10.450239181518555,1090.8505980968475
100,1.0,additive,0.88,0.1,1.0,-11,10,90,80,False,0,True,539750072,False,0.7882,-0.0972,,,,,,,,1,11.193506240844727,1090.8505980968475
100,1.0,additive,0.88,0.1,1.0,-11,10,90,80,False,0,True,1597574163,False,0.2158,0.1847,,,,,,,,2,10.291496753692627,1090.8505980968475
100,1.0,additive,0.88,0.1,1.0,-11,10,90,80,False,0,True,1261514582,False,0.7083,-0.1254,,,,,,,,3,10.456952095031738,1090.8505980968475
100,1.0,additive,0.88,0.1,1.0,-11,10,90,80,False,0,True,925455001,False,0.5584,-0.113,,,,,,,,4,10.443300485610962,1090.8505980968475
100,1.0,additive,0.88,0.1,1.0,-11,10,90,80,False,0,True,1078619355,False,0.5744,-0.1198,,,,,,,,5,10.556228160858154,1090.8505980968475
100,1.0,additive,0.88,0.1,1.0,-11,10,90,80,False,0,True,643220887,False,0.3477,0.1429,,,,,,,,6,12.954855918884277,1090.8505980968475
100,1.0,additive,0.88,0.1,1.0,-11,10,90,80,False,0,True,1701044978,False,0.4795,0.1312,,,,,,,,7,10.866116523742676,1090.8505980968475
100,1.0,additive,0.88,0.1,1.0,-11,10,90,80,False,0,True,1364985397,True,0.029,0.2605,,,,,,,,8,10.846967458724976,1090.8505980968475
100,1.0,additive,0.88,0.1,1.0,-11,10,90,80,False,0,True,175986953,False,0.3646,0.1531,,,,,,,,9,9.95384931564331,1090.8505980968475
100,1.0,additive,0.88,0.1,1.0,-11,10,90,80,False,0,True,1182090170,False,0.5844,0.1234,,,,,,,,10,10.835004091262817,1090.8505980968475
100,1.0,additive,0.88,0.1,1.0,-11,10,90,80,False,0,True,746691702,False,0.2957,0.1413,,,,,,,,11,12.260682582855225,1090.8505980968475
100,1.0,additive,0.88,0.1,1.0,-11,10,90,80,False,0,True,1804515793,False,0.6084,0.1031,,,,,,,,12,10.280463218688965,1090.8505980968475
100,1.0,additive,0.88,0.1,1.0,-11,10,90,80,False,0,True,1468456212,False,0.1778,0.1739,,,,,,,,13,10.582183122634888,1090.8505980968475
100,1.0,additive,0.88,0.1,1.0,-11,10,90,80,False,0,True,1621620566,False,0.6953,-0.1038,,,,,,,,14,12.576396703720093,1090.8505980968475
100,1.0,additive,0.88,0.1,1.0,-11,10,90,80,False,0,True,1285560985,False,0.6533,0.1105,,,,,,,,15,10.433996677398682,1090.8505980968475
100,1.0,additive,0.88,0.1,1.0,-11,10,90,80,False,0,True,850162517,False,0.2807,-0.1525,,,,,,,,16,10.289223194122314,1090.8505980968475
100,1.0,additive,0.88,0.1,1.0,-11,10,90,80,False,0,True,1907986608,False,0.8731,-0.088,,,,,,,,17,10.44070315361023,1090.8505980968475
100,1.0,additive,0.88,0.1,1.0,-11,10,90,80,False,0,True,667267290,False,0.6114,0.1159,,,,,,,,18,10.684153079986572,1090.8505980968475
100,1.0,additive,0.88,0.1,1.0,-11,10,90,80,False,0,True,1725091381,False,0.3516,-0.1491,,,,,,,,19,10.648054361343384,1090.8505980968475
100,1.0,additive,0.88,0.1,1.0,-11,10,90,80,False,0,True,1389031800,False,0.3986,0.1646,,,,,,,,20,15.384492874145508,1090.8505980968475
100,1.0,additive,0.88,0.1,1.0,-11,10,90,80,False,0,True,200033356,False,0.2807,-0.1781,,,,,,,,21,10.642889976501465,1090.8505980968475
100,1.0,additive,0.88,0.1,1.0,-11,10,90,80,False,0,True,1106797686,False,0.3836,-0.1403,,,,,,,,22,10.361870765686035,1090.8505980968475
100,1.0,additive,0.88,0.1,1.0,-11,10,90,80,False,0,True,770738105,False,0.972,0.0746,,,,,,,,23,11.480436086654663,1090.8505980968475
100,1.0,additive,0.88,0.1,1.0,-11,10,90,80,False,0,True,1828562196,False,0.9371,-0.0793,,,,,,,,24,12.15269422531128,1090.8505980968475
100,1.0,additive,0.88,0.1,1.0,-11,10,90,80,False,0,True,1492502615,False,0.3117,-0.1593,,,,,,,,25,10.355957508087158,1090.8505980968475
100,1.0,additive,0.88,0.1,1.0,-11,10,90,80,False,0,True,1546328082,False,0.2378,0.1748,,,,,,,,26,10.566272258758545,1090.8505980968475
100,1.0,additive,0.88,0.1,1.0,-11,10,90,80,False,0,True,1210268501,False,0.5804,-0.1317,,,,,,,,27,15.564176559448242,1090.8505980968475
100,1.0,additive,0.88,0.1,1.0,-11,10,90,80,False,0,True,120608944,False,0.6783,0.1089,,,,,,,,28,10.289179801940918,1090.8505980968475
100,1.0,additive,0.88,0.1,1.0,-11,10,90,80,False,0,True,1932033011,False,0.2428,-0.1744,,,,,,,,29,11.069746255874634,1090.8505980968475
100,1.0,additive,0.88,0.1,1.0,-11,10,90,80,False,0,True,1595973430,False,0.7732,0.1014,,,,,,,,30,10.653196811676025,1090.8505980968475
100,1.0,additive,0.88,0.1,1.0,-11,10,90,80,False,0,True,1649798897,False,0.8691,0.0839,,,,,,,,31,10.352213144302368,1090.8505980968475
100,1.0,additive,0.88,0.1,1.0,-11,10,90,80,False,0,True,1313739316,False,0.4755,-0.1367,,,,,,,,32,11.949856042861938,1090.8505980968475
100,1.0,additive,0.88,0.1,1.0,-11,10,90,80,False,0,True,224079759,False,0.2128,-0.1674,,,,,,,,33,10.581917762756348,1090.8505980968475
100,1.0,additive,0.88,0.1,1.0,-11,10,90,80,False,0,True,2035503826,False,0.959,0.0654,,,,,,,,34,10.237511396408081,1090.8505980968475
100,1.0,additive,0.88,0.1,1.0,-11,10,90,80,False,0,True,41184532,False,0.4935,-0.13,,,,,,,,35,10.16996955871582,1090.8505980968475
100,1.0,additive,0.88,0.1,1.0,-11,10,90,80,False,0,True,1753269712,True,0.011,-0.3016,,,,,,,,36,10.348143577575684,1090.8505980968475
100,1.0,additive,0.88,0.1,1.0,-11,10,90,80,False,0,True,1417210131,False,0.3756,-0.1388,,,,,,,,37,10.404640197753906,1090.8505980968475
100,1.0,additive,0.88,0.1,1.0,-11,10,90,80,False,0,True,327550574,False,0.2947,-0.1617,,,,,,,,38,10.679207563400269,1090.8505980968475
100,1.0,additive,0.88,0.1,1.0,-11,10,90,80,False,0,True,1234314904,True,0.031,-0.2671,,,,,,,,39,10.287015199661255,1090.8505980968475
100,1.0,additive,0.88,0.1,1.0,-11,10,90,80,False,0,True,144655347,False,0.95,0.075,,,,,,,,40,10.317862033843994,1090.8505980968475
100,1.0,additive,0.88,0.1,1.0,-11,10,90,80,False,0,True,1856740527,False,0.979,0.0657,,,,,,,,41,11.04988431930542,1090.8505980968475
100,1.0,additive,0.88,0.1,1.0,-11,10,90,80,False,0,True,1520680946,False,0.7502,0.1122,,,,,,,,42,10.381717205047607,1090.8505980968475
100,1.0,additive,0.88,0.1,1.0,-11,10,90,80,False,0,True,1673845300,False,0.1059,-0.1789,,,,,,,,43,10.880491256713867,1090.8505980968475
100,1.0,additive,0.88,0.1,1.0,-11,10,90,80,False,0,True,1337785719,False,0.8771,0.08,,,,,,,,44,10.560340404510498,1090.8505980968475
100,1.0,additive,0.88,0.1,1.0,-11,10,90,80,False,0,True,248126162,False,0.8402,-0.087,,,,,,,,45,10.320972919464111,1090.8505980968475
100,1.0,additive,0.88,0.1,1.0,-11,10,90,80,False,0,True,1960211342,False,0.1938,-0.1727,,,,,,,,46,10.513819694519043,1090.8505980968475
100,1.0,additive,0.88,0.1,1.0,-11,10,90,80,False,0,True,2113375696,False,0.1838,-0.1705,,,,,,,,47,10.31953740119934,1090.8505980968475
100,1.0,additive,0.88,0.1,1.0,-11,10,90,80,False,0,True,1777316115,False,0.3197,-0.1664,,,,,,,,48,11.736165046691895,1090.8505980968475
100,1.0,additive,0.88,0.1,1.0,-11,10,90,80,False,0,True,1441256534,False,0.975,0.0686,,,,,,,,49,10.855064153671265,1090.8505980968475
100,1.0,additive,0.9,0.1,1.0,-11,10,90,80,False,0,False,859753204,True,0.004,0.4586,False,-5.0,0.0,0.9411764705882353,,,,0,10.270183324813843,1120.6591441631317
100,1.0,additive,0.9,0.1,1.0,-11,10,90,80,False,0,False,523693623,True,0.005,0.4477,False,-9.0,1.0,0.8888888888888888,,,,1,10.445014476776123,1120.6591441631317
100,1.0,additive,0.9,0.1,1.0,-11,10,90,80,False,0,False,1430457953,True,0.005,0.4428,False,-9.0,6.0,0.8421052631578947,,,,2,13.487848997116089,1120.6591441631317
100,1.0,additive,0.9,0.1,1.0,-11,10,90,80,False,0,False,340798396,True,0.002,0.4796,False,-7.0,5.0,0.8695652173913043,,,,3,10.431318998336792,1120.6591441631317
100,1.0,additive,0.9,0.1,1.0,-11,10,90,80,False,0,False,4738815,True,0.004,0.4643,False,-2.0,10.0,0.8695652173913043,,,,4,11.648131132125854,1120.6591441631317
100,1.0,additive,0.9,0.1,1.0,-11,10,90,80,False,0,False,963224019,True,0.005,0.4677,False,-9.0,7.0,0.8333333333333334,,,,5,12.159236431121826,1120.6591441631317
100,1.0,additive,0.9,0.1,1.0,-11,10,90,80,False,0,False,1869988349,True,0.001,0.4673,False,-7.0,10.0,0.8247422680412371,,,,6,10.420199632644653,1120.6591441631317
100,1.0,additive,0.9,0.1,1.0,-11,10,90,80,False,0,False,780328792,True,0.005,0.4537,False,-3.0,0.0,0.963855421686747,,,,7,10.328918695449829,1120.6591441631317
100,1.0,additive,0.9,0.1,1.0,-11,10,90,80,False,0,False,444269211,True,0.002,0.458,False,-1.0,5.0,0.9302325581395349,,,,8,10.713378190994263,1120.6591441631317
100,1.0,additive,0.9,0.1,1.0,-11,10,90,80,False,0,False,108209630,True,0.005,0.4684,False,0.0,9.0,0.898876404494382,,,,9,10.6577889919281,1120.6591441631317
100,1.0,additive,0.9,0.1,1.0,-11,10,90,80,False,0,False,162035097,True,0.003,0.4465,False,-9.0,0.0,0.898876404494382,,,,10,10.47657036781311,1120.6591441631317
100,1.0,additive,0.9,0.1,1.0,-11,10,90,80,False,0,False,1973459164,True,0.002,0.4508,False,-2.0,4.0,0.9302325581395349,,,,11,10.66977834701538,1120.6591441631317
100,1.0,additive,0.9,0.1,1.0,-11,10,90,80,False,0,False,883799607,True,0.003,0.4745,False,-4.0,8.0,0.8695652173913043,,,,12,12.862515449523926,1120.6591441631317
100,1.0,additive,0.9,0.1,1.0,-11,10,90,80,False,0,False,547740026,True,0.003,0.4637,False,-4.0,5.0,0.898876404494382,,,,13,10.518564939498901,1120.6591441631317
100,1.0,additive,0.9,0.1,1.0,-11,10,90,80,False,0,False,1454504356,True,0.006,0.456,False,-10.0,1.0,0.8791208791208791,,,,14,12.95534348487854,1120.6591441631317
100,1.0,additive,0.9,0.1,1.0,-11,10,90,80,False,0,False,364844799,True,0.002,0.4528,False,-3.0,1.0,0.9523809523809523,,,,15,10.436400890350342,1120.6591441631317
100,1.0,additive,0.9,0.1,1.0,-11,10,90,80,False,0,False,2076929979,True,0.003,0.467,False,1.0,8.0,0.8977272727272727,,,,16,10.61983847618103,1120.6591441631317
100,1.0,additive,0.9,0.1,1.0,-11,10,90,80,False,0,False,987270422,True,0.002,0.4612,False,-10.0,10.0,0.8,,,,17,10.139554023742676,1120.6591441631317
100,1.0,additive,0.9,0.1,1.0,-11,10,90,80,False,0,False,1894034752,True,0.004,0.4536,False,-8.0,1.0,0.898876404494382,,,,18,10.933346033096313,1120.6591441631317
100,1.0,additive,0.9,0.1,1.0,-11,10,90,80,False,0,False,804375195,True,0.001,0.4526,False,-8.0,0.0,0.9090909090909091,,,,19,10.363497018814087,1120.6591441631317
100,1.0,additive,0.9,0.1,1.0,-11,10,90,80,False,0,False,468315614,True,0.004,0.427,False,-4.0,1.0,0.9411764705882353,,,,20,10.697362899780273,1120.6591441631317
100,1.0,additive,0.9,0.1,1.0,-11,10,90,80,False,0,False,32917146,True,0.008,0.4534,False,-9.0,3.0,0.8695652173913043,,,,21,10.237426280975342,1120.6591441631317
100,1.0,additive,0.9,0.1,1.0,-11,10,90,80,False,0,False,186081500,True,0.002,0.4632,False,-3.0,10.0,0.8602150537634409,,,,22,9.743015050888062,1120.6591441631317
100,1.0,additive,0.9,0.1,1.0,-11,10,90,80,False,0,False,1997505567,True,0.003,0.4849,False,-10.0,6.0,0.8333333333333334,,,,23,10.149081707000732,1120.6591441631317
100,1.0,additive,0.9,0.1,1.0,-11,10,90,80,False,0,False,907846010,True,0.001,0.4903,False,-9.0,9.0,0.8163265306122449,,,,24,10.23588252067566,1120.6591441631317
100,1.0,additive,0.9,0.1,1.0,-11,10,90,80,False,0,False,571786429,True,0.002,0.4434,False,-5.0,0.0,0.9411764705882353,,,,25,10.097719430923462,1120.6591441631317
100,1.0,additive,0.9,0.1,1.0,-11,10,90,80,False,0,False,1530271633,True,0.004,0.4348,False,0.0,8.0,0.9090909090909091,,,,26,10.268346548080444,1120.6591441631317
100,1.0,additive,0.9,0.1,1.0,-11,10,90,80,False,0,False,289552315,True,0.007,0.4247,True,0.0,0.0,1.0,,,,27,10.285542488098145,1120.6591441631317
100,1.0,additive,0.9,0.1,1.0,-11,10,90,80,False,0,False,2100976382,True,0.004,0.4242,False,-7.0,0.0,0.9195402298850575,,,,28,10.352321863174438,1120.6591441631317
100,1.0,additive,0.9,0.1,1.0,-11,10,90,80,False,0,False,1011316825,True,0.003,0.4394,False,-1.0,1.0,0.975609756097561,,,,29,10.740897178649902,1120.6591441631317
100,1.0,additive,0.9,0.1,1.0,-11,10,90,80,False,0,False,675257244,True,0.006,0.4763,False,-10.0,3.0,0.8602150537634409,,,,30,10.076913356781006,1120.6591441631317
100,1.0,additive,0.9,0.1,1.0,-11,10,90,80,False,0,False,729082711,True,0.001,0.4307,False,-3.0,10.0,0.8602150537634409,,,,31,16.645133018493652,1120.6591441631317
100,1.0,additive,0.9,0.1,1.0,-11,10,90,80,False,0,False,393023130,True,0.004,0.4696,False,-1.0,2.0,0.963855421686747,,,,32,13.340590238571167,1120.6591441631317
100,1.0,additive,0.9,0.1,1.0,-11,10,90,80,False,0,False,1450847221,True,0.003,0.424,True,0.0,0.0,1.0,,,,33,14.990044593811035,1120.6591441631317
100,1.0,additive,0.9,0.1,1.0,-11,10,90,80,False,0,False,1114787640,True,0.002,0.4872,False,-10.0,7.0,0.8247422680412371,,,,34,16.29068684577942,1120.6591441631317
100,1.0,additive,0.9,0.1,1.0,-11,10,90,80,False,0,False,2021551970,True,0.002,0.4365,False,-10.0,0.0,0.8888888888888888,,,,35,10.1657395362854,1120.6591441631317
100,1.0,additive,0.9,0.1,1.0,-11,10,90,80,False,0,False,832553526,True,0.004,0.4667,False,-8.0,0.0,0.9090909090909091,,,,36,10.151596307754517,1120.6591441631317
100,1.0,additive,0.9,0.1,1.0,-11,10,90,80,False,0,False,496493945,True,0.005,0.4313,False,1.0,6.0,0.9186046511627907,,,,37,10.106065273284912,1120.6591441631317
100,1.0,additive,0.9,0.1,1.0,-11,10,90,80,False,0,False,1554318036,True,0.003,0.4379,False,-9.0,0.0,0.898876404494382,,,,38,10.484615087509155,1120.6591441631317
100,1.0,additive,0.9,0.1,1.0,-11,10,90,80,False,0,False,313598718,True,0.002,0.4351,False,-2.0,10.0,0.8695652173913043,,,,39,10.441892862319946,1120.6591441631317
100,1.0,additive,0.9,0.1,1.0,-11,10,90,80,False,0,False,2125022785,True,0.007,0.4562,False,-10.0,5.0,0.8421052631578947,,,,40,10.636839389801025,1120.6591441631317
100,1.0,additive,0.9,0.1,1.0,-11,10,90,80,False,0,False,936024341,True,0.003,0.4262,False,-1.0,9.0,0.8888888888888888,,,,41,10.152844667434692,1120.6591441631317
100,1.0,additive,0.9,0.1,1.0,-11,10,90,80,False,0,False,599964760,True,0.001,0.483,False,-7.0,8.0,0.8421052631578947,,,,42,10.300584077835083,1120.6591441631317
100,1.0,additive,0.9,0.1,1.0,-11,10,90,80,False,0,False,753129114,True,0.009,0.455,False,-2.0,2.0,0.9523809523809523,,,,43,15.876334190368652,1120.6591441631317
100,1.0,additive,0.9,0.1,1.0,-11,10,90,80,False,0,False,417069533,True,0.005,0.4707,False,-5.0,2.0,0.9195402298850575,,,,44,10.6581449508667,1120.6591441631317
100,1.0,additive,0.9,0.1,1.0,-11,10,90,80,False,0,False,1474893624,True,0.002,0.4569,False,-10.0,1.0,0.8791208791208791,,,,45,10.415914535522461,1120.6591441631317
100,1.0,additive,0.9,0.1,1.0,-11,10,90,80,False,0,False,1039495156,True,0.006,0.4366,False,-3.0,9.0,0.8695652173913043,,,,46,11.199262142181396,1120.6591441631317
100,1.0,additive,0.9,0.1,1.0,-11,10,90,80,False,0,False,2045598373,True,0.002,0.4587,False,-8.0,10.0,0.8163265306122449,,,,47,10.246244668960571,1120.6591441631317
100,1.0,additive,0.9,0.1,1.0,-11,10,90,80,False,0,False,856599929,True,0.003,0.4633,False,0.0,10.0,0.8888888888888888,,,,48,10.926159858703613,1120.6591441631317
100,1.0,additive,0.9,0.1,1.0,-11,10,90,80,False,0,False,520540348,True,0.007,0.4555,False,-8.0,5.0,0.8602150537634409,,,,49,10.057279586791992,1120.6591441631317
100,1.0,additive,0.9,0.1,1.0,-11,10,90,80,False,0,True,948881708,False,0.4456,-0.1285,,,,,,,,0,10.447519302368164,1120.6591441631317
100,1.0,additive,0.9,0.1,1.0,-11,10,90,80,False,0,True,612822127,False,0.0899,-0.2153,,,,,,,,1,12.654798746109009,1120.6591441631317
100,1.0,additive,0.9,0.1,1.0,-11,10,90,80,False,0,True,1618925344,False,0.2088,0.1792,,,,,,,,2,12.623010396957397,1120.6591441631317
100,1.0,additive,0.9,0.1,1.0,-11,10,90,80,False,0,True,429926900,True,0.032,0.2333,,,,,,,,3,10.00667428970337,1120.6591441631317
100,1.0,additive,0.9,0.1,1.0,-11,10,90,80,False,0,True,93867319,False,0.1239,0.1778,,,,,,,,4,10.384357213973999,1120.6591441631317
100,1.0,additive,0.9,0.1,1.0,-11,10,90,80,False,0,True,1052352523,False,0.6693,-0.122,,,,,,,,5,14.471644878387451,1120.6591441631317
100,1.0,additive,0.9,0.1,1.0,-11,10,90,80,False,0,True,2058455740,False,0.6513,0.1059,,,,,,,,6,10.098386287689209,1120.6591441631317
100,1.0,additive,0.9,0.1,1.0,-11,10,90,80,False,0,True,869457296,False,0.1099,0.2049,,,,,,,,7,10.021570444107056,1120.6591441631317
100,1.0,additive,0.9,0.1,1.0,-11,10,90,80,False,0,True,533397715,False,0.4705,0.1227,,,,,,,,8,10.206487894058228,1120.6591441631317
100,1.0,additive,0.9,0.1,1.0,-11,10,90,80,False,0,True,197338134,False,0.8751,0.0796,,,,,,,,9,16.69522976875305,1120.6591441631317
100,1.0,additive,0.9,0.1,1.0,-11,10,90,80,False,0,True,350502488,False,0.7493,0.1175,,,,,,,,10,11.453377962112427,1120.6591441631317
100,1.0,additive,0.9,0.1,1.0,-11,10,90,80,False,0,True,14442907,False,0.5125,-0.1248,,,,,,,,11,10.42650580406189,1120.6591441631317
100,1.0,additive,0.9,0.1,1.0,-11,10,90,80,False,0,True,972928111,False,0.6773,0.1137,,,,,,,,12,12.663188457489014,1120.6591441631317
100,1.0,additive,0.9,0.1,1.0,-11,10,90,80,False,0,True,636868530,False,0.2078,0.1883,,,,,,,,13,13.95690107345581,1120.6591441631317
100,1.0,additive,0.9,0.1,1.0,-11,10,90,80,False,0,True,1642971747,False,0.983,-0.07,,,,,,,,14,10.033316135406494,1120.6591441631317
100,1.0,additive,0.9,0.1,1.0,-11,10,90,80,False,0,True,453973303,False,0.6134,-0.1073,,,,,,,,15,10.289386749267578,1120.6591441631317
100,1.0,additive,0.9,0.1,1.0,-11,10,90,80,False,0,True,117913722,False,0.1379,-0.2016,,,,,,,,16,15.541670083999634,1120.6591441631317
100,1.0,additive,0.9,0.1,1.0,-11,10,90,80,False,0,True,1076398926,False,0.7163,0.1111,,,,,,,,17,10.087011337280273,1120.6591441631317
100,1.0,additive,0.9,0.1,1.0,-11,10,90,80,False,0,True,2082502143,False,0.8092,-0.1025,,,,,,,,18,10.153933048248291,1120.6591441631317
100,1.0,additive,0.9,0.1,1.0,-11,10,90,80,False,0,True,893503699,False,0.8591,-0.0939,,,,,,,,19,10.515993356704712,1120.6591441631317
100,1.0,additive,0.9,0.1,1.0,-11,10,90,80,False,0,True,557444118,True,0.047,0.235,,,,,,,,20,10.958082914352417,1120.6591441631317
100,1.0,additive,0.9,0.1,1.0,-11,10,90,80,False,0,True,221384537,False,0.6673,0.0911,,,,,,,,21,11.307961702346802,1120.6591441631317
100,1.0,additive,0.9,0.1,1.0,-11,10,90,80,False,0,True,374548891,False,0.2078,0.164,,,,,,,,22,10.121700763702393,1120.6591441631317
100,1.0,additive,0.9,0.1,1.0,-11,10,90,80,False,0,True,38489310,False,0.6254,0.1233,,,,,,,,23,10.425280570983887,1120.6591441631317
100,1.0,additive,0.9,0.1,1.0,-11,10,90,80,False,0,True,996974514,False,0.8751,-0.0886,,,,,,,,24,10.908403396606445,1120.6591441631317
100,1.0,additive,0.9,0.1,1.0,-11,10,90,80,False,0,True,660914933,False,0.5574,-0.1337,,,,,,,,25,10.118063688278198,1120.6591441631317
100,1.0,additive,0.9,0.1,1.0,-11,10,90,80,False,0,True,1619400137,False,0.9171,-0.0788,,,,,,,,26,10.115735292434692,1120.6591441631317
100,1.0,additive,0.9,0.1,1.0,-11,10,90,80,False,0,True,478019706,False,0.4416,0.1334,,,,,,,,27,10.468862533569336,1120.6591441631317
100,1.0,additive,0.9,0.1,1.0,-11,10,90,80,False,0,True,141960125,False,0.994,0.0588,,,,,,,,28,10.75940489768982,1120.6591441631317
100,1.0,additive,0.9,0.1,1.0,-11,10,90,80,False,0,True,1100445329,False,0.2727,0.171,,,,,,,,29,10.316681385040283,1120.6591441631317
100,1.0,additive,0.9,0.1,1.0,-11,10,90,80,False,0,True,764385748,False,0.7682,0.0927,,,,,,,,30,10.104422569274902,1120.6591441631317
100,1.0,additive,0.9,0.1,1.0,-11,10,90,80,False,0,True,917550102,False,0.1828,-0.168,,,,,,,,31,10.474276781082153,1120.6591441631317
100,1.0,additive,0.9,0.1,1.0,-11,10,90,80,False,0,True,581490521,False,0.5524,-0.1317,,,,,,,,32,15.822251081466675,1120.6591441631317
100,1.0,additive,0.9,0.1,1.0,-11,10,90,80,False,0,True,1539975725,False,0.7103,-0.0989,,,,,,,,33,10.225629806518555,1120.6591441631317
100,1.0,additive,0.9,0.1,1.0,-11,10,90,80,False,0,True,1203916144,False,0.4036,0.1578,,,,,,,,34,10.698260068893433,1120.6591441631317
100,1.0,additive,0.9,0.1,1.0,-11,10,90,80,False,0,True,62535713,False,0.9161,0.0883,,,,,,,,35,11.679447650909424,1120.6591441631317
100,1.0,additive,0.9,0.1,1.0,-11,10,90,80,False,0,True,1021020917,False,0.2478,-0.1884,,,,,,,,36,11.386240005493164,1120.6591441631317
100,1.0,additive,0.9,0.1,1.0,-11,10,90,80,False,0,True,684961336,False,0.2587,-0.1764,,,,,,,,37,10.184983253479004,1120.6591441631317
100,1.0,additive,0.9,0.1,1.0,-11,10,90,80,False,0,True,1643446540,False,0.4705,0.1288,,,,,,,,38,10.030046224594116,1120.6591441631317
100,1.0,additive,0.9,0.1,1.0,-11,10,90,80,False,0,True,502066109,False,0.3417,-0.1559,,,,,,,,39,11.252792835235596,1120.6591441631317
100,1.0,additive,0.9,0.1,1.0,-11,10,90,80,False,0,True,166006528,False,0.6833,-0.1154,,,,,,,,40,11.10709261894226,1120.6591441631317
100,1.0,additive,0.9,0.1,1.0,-11,10,90,80,False,0,True,1124491732,False,0.954,-0.0718,,,,,,,,41,10.011218786239624,1120.6591441631317
100,1.0,additive,0.9,0.1,1.0,-11,10,90,80,False,0,True,788432151,False,0.8691,0.0828,,,,,,,,42,9.971089124679565,1120.6591441631317
100,1.0,additive,0.9,0.1,1.0,-11,10,90,80,False,0,True,941596505,False,0.4745,-0.1308,,,,,,,,43,14.109702348709106,1120.6591441631317
100,1.0,additive,0.9,0.1,1.0,-11,10,90,80,False,0,True,605536924,False,0.5734,-0.1035,,,,,,,,44,12.525480508804321,1120.6591441631317
100,1.0,additive,0.9,0.1,1.0,-11,10,90,80,False,0,True,1564022128,False,0.7403,0.1053,,,,,,,,45,10.030943393707275,1120.6591441631317
100,1.0,additive,0.9,0.1,1.0,-11,10,90,80,False,0,True,1227962547,False,0.7602,0.0978,,,,,,,,46,10.364394187927246,1120.6591441631317
100,1.0,additive,0.9,0.1,1.0,-11,10,90,80,False,0,True,86582116,False,0.4366,0.1349,,,,,,,,47,11.413226842880249,1120.6591441631317
100,1.0,additive,0.9,0.1,1.0,-11,10,90,80,False,0,True,1045067320,False,0.4835,-0.1425,,,,,,,,48,14.171048641204834,1120.6591441631317
100,1.0,additive,0.9,0.1,1.0,-11,10,90,80,False,0,True,709007739,False,0.3646,0.1262,,,,,,,,49,9.91790509223938,1120.6591441631317
100,1.0,additive,0.92,0.1,1.0,-11,10,90,80,False,0,False,645522466,True,0.007,0.4698,False,-9.0,8.0,0.8247422680412371,,,,0,10.394287109375,1105.6627976894379
100,1.0,additive,0.92,0.1,1.0,-11,10,90,80,False,0,False,309462885,True,0.001,0.4504,False,-8.0,0.0,0.9090909090909091,,,,1,13.322537422180176,1105.6627976894379
100,1.0,additive,0.92,0.1,1.0,-11,10,90,80,False,0,False,1267948089,True,0.001,0.458,False,-1.0,2.0,0.963855421686747,,,,2,12.526340246200562,1105.6627976894379
100,1.0,additive,0.92,0.1,1.0,-11,10,90,80,False,0,False,931888508,True,0.004,0.4306,False,-4.0,1.0,0.9411764705882353,,,,3,14.165844917297363,1105.6627976894379
100,1.0,additive,0.92,0.1,1.0,-11,10,90,80,False,0,False,1937991725,True,0.003,0.4307,False,0.0,5.0,0.9411764705882353,,,,4,11.147078037261963,1105.6627976894379
100,1.0,additive,0.92,0.1,1.0,-11,10,90,80,False,0,False,748993281,True,0.005,0.4655,False,-10.0,5.0,0.8421052631578947,,,,5,11.180100202560425,1105.6627976894379
100,1.0,additive,0.92,0.1,1.0,-11,10,90,80,False,0,False,412933700,True,0.005,0.4431,False,-5.0,8.0,0.8602150537634409,,,,6,10.11223840713501,1105.6627976894379
100,1.0,additive,0.92,0.1,1.0,-11,10,90,80,False,0,False,1371418904,True,0.004,0.4492,False,-1.0,10.0,0.8791208791208791,,,,7,15.978913307189941,1105.6627976894379
100,1.0,additive,0.92,0.1,1.0,-11,10,90,80,False,0,False,230038473,True,0.005,0.4632,False,-10.0,0.0,0.8888888888888888,,,,8,13.12705111503601,1105.6627976894379
100,1.0,additive,0.92,0.1,1.0,-11,10,90,80,False,0,False,1188523677,True,0.003,0.4398,False,-10.0,0.0,0.8888888888888888,,,,9,10.015004873275757,1105.6627976894379
100,1.0,additive,0.92,0.1,1.0,-11,10,90,80,False,0,False,852464096,True,0.003,0.4508,False,-6.0,6.0,0.8695652173913043,,,,10,10.23762845993042,1105.6627976894379
100,1.0,additive,0.92,0.1,1.0,-11,10,90,80,False,0,False,516404515,True,0.004,0.4579,False,-6.0,0.0,0.9302325581395349,,,,11,17.257436990737915,1105.6627976894379
100,1.0,additive,0.92,0.1,1.0,-11,10,90,80,False,0,False,1474889719,True,0.004,0.4791,False,-4.0,9.0,0.8602150537634409,,,,12,12.687860012054443,1105.6627976894379
100,1.0,additive,0.92,0.1,1.0,-11,10,90,80,False,0,False,333509288,True,0.004,0.4473,False,-6.0,4.0,0.8888888888888888,,,,13,15.947632551193237,1105.6627976894379
100,1.0,additive,0.92,0.1,1.0,-11,10,90,80,False,0,False,1291994492,True,0.007,0.4455,False,0.0,1.0,0.9876543209876543,,,,14,10.777895212173462,1105.6627976894379
100,1.0,additive,0.92,0.1,1.0,-11,10,90,80,False,0,False,955934911,True,0.001,0.4491,False,-8.0,7.0,0.8421052631578947,,,,15,11.233924150466919,1105.6627976894379
100,1.0,additive,0.92,0.1,1.0,-11,10,90,80,False,0,False,1914420115,True,0.001,0.4651,False,-4.0,6.0,0.8888888888888888,,,,16,10.173695087432861,1105.6627976894379
100,1.0,additive,0.92,0.1,1.0,-11,10,90,80,False,0,False,773039684,True,0.002,0.4654,False,-5.0,9.0,0.851063829787234,,,,17,10.162870645523071,1105.6627976894379
100,1.0,additive,0.92,0.1,1.0,-11,10,90,80,False,0,False,436980103,True,0.004,0.4711,False,0.0,2.0,0.975609756097561,,,,18,10.295979976654053,1105.6627976894379
100,1.0,additive,0.92,0.1,1.0,-11,10,90,80,False,0,False,1395465307,True,0.001,0.4914,False,-10.0,1.0,0.8791208791208791,,,,19,14.612378358840942,1105.6627976894379
100,1.0,additive,0.92,0.1,1.0,-11,10,90,80,False,0,False,1059405726,True,0.002,0.4659,False,-10.0,5.0,0.8421052631578947,,,,20,10.068924903869629,1105.6627976894379
100,1.0,additive,0.92,0.1,1.0,-11,10,90,80,False,0,False,1212570080,True,0.004,0.4641,False,0.0,6.0,0.9302325581395349,,,,21,11.169427633285522,1105.6627976894379
100,1.0,additive,0.92,0.1,1.0,-11,10,90,80,False,0,False,876510499,True,0.003,0.4567,False,0.0,10.0,0.8888888888888888,,,,22,14.096041679382324,1105.6627976894379
100,1.0,additive,0.92,0.1,1.0,-11,10,90,80,False,0,False,1834995703,True,0.005,0.4611,False,-7.0,2.0,0.898876404494382,,,,23,10.252185344696045,1105.6627976894379
100,1.0,additive,0.92,0.1,1.0,-11,10,90,80,False,0,False,1498936122,True,0.004,0.4132,True,0.0,0.0,1.0,,,,24,10.159391403198242,1105.6627976894379
100,1.0,additive,0.92,0.1,1.0,-11,10,90,80,False,0,False,357555691,True,0.002,0.4608,False,-8.0,5.0,0.8602150537634409,,,,25,10.500672578811646,1105.6627976894379
100,1.0,additive,0.92,0.1,1.0,-11,10,90,80,False,0,False,1316040895,True,0.002,0.4624,False,-10.0,9.0,0.8080808080808081,,,,26,9.410279512405396,1105.6627976894379
100,1.0,additive,0.92,0.1,1.0,-11,10,90,80,False,0,False,979981314,True,0.003,0.4219,True,0.0,0.0,1.0,,,,27,10.058717489242554,1105.6627976894379
100,1.0,additive,0.92,0.1,1.0,-11,10,90,80,False,0,False,1938466518,True,0.003,0.4844,False,-10.0,2.0,0.8695652173913043,,,,28,10.660751104354858,1105.6627976894379
100,1.0,additive,0.92,0.1,1.0,-11,10,90,80,False,0,False,797086087,True,0.002,0.4855,False,-3.0,4.0,0.9195402298850575,,,,29,16.722594261169434,1105.6627976894379
100,1.0,additive,0.92,0.1,1.0,-11,10,90,80,False,0,False,461026506,True,0.003,0.4497,False,0.0,9.0,0.898876404494382,,,,30,10.288450956344604,1105.6627976894379
100,1.0,additive,0.92,0.1,1.0,-11,10,90,80,False,0,False,1419511710,True,0.004,0.4334,False,-10.0,0.0,0.8888888888888888,,,,31,10.120244264602661,1105.6627976894379
100,1.0,additive,0.92,0.1,1.0,-11,10,90,80,False,0,False,1083452129,True,0.003,0.4624,False,-4.0,7.0,0.8791208791208791,,,,32,10.36424469947815,1105.6627976894379
100,1.0,additive,0.92,0.1,1.0,-11,10,90,80,False,0,False,1236616483,True,0.005,0.4613,False,-10.0,1.0,0.8791208791208791,,,,33,10.008468627929688,1105.6627976894379
100,1.0,additive,0.92,0.1,1.0,-11,10,90,80,False,0,False,900556902,True,0.002,0.4771,False,-10.0,9.0,0.8080808080808081,,,,34,10.076614618301392,1105.6627976894379
100,1.0,additive,0.92,0.1,1.0,-11,10,90,80,False,0,False,1859042106,True,0.001,0.4776,False,-9.0,10.0,0.8080808080808081,,,,35,10.362755537033081,1105.6627976894379
100,1.0,additive,0.92,0.1,1.0,-11,10,90,80,False,0,False,1522982525,True,0.001,0.4792,False,-6.0,10.0,0.8333333333333334,,,,36,10.000192403793335,1105.6627976894379
100,1.0,additive,0.92,0.1,1.0,-11,10,90,80,False,0,False,1186922944,True,0.003,0.457,False,-10.0,1.0,0.8791208791208791,,,,37,10.228497982025146,1105.6627976894379
100,1.0,additive,0.92,0.1,1.0,-11,10,90,80,False,0,False,1340087298,True,0.004,0.4586,False,-7.0,4.0,0.8791208791208791,,,,38,10.323670864105225,1105.6627976894379
100,1.0,additive,0.92,0.1,1.0,-11,10,90,80,False,0,False,1004027717,True,0.004,0.4823,False,-8.0,2.0,0.8888888888888888,,,,39,10.030948877334595,1105.6627976894379
100,1.0,additive,0.92,0.1,1.0,-11,10,90,80,False,0,False,1962512921,True,0.006,0.4592,False,-4.0,8.0,0.8695652173913043,,,,40,10.365779876708984,1105.6627976894379
100,1.0,additive,0.92,0.1,1.0,-11,10,90,80,False,0,False,1626453340,True,0.003,0.4662,False,-7.0,8.0,0.8421052631578947,,,,41,13.403520822525024,1105.6627976894379
100,1.0,additive,0.92,0.1,1.0,-11,10,90,80,False,0,False,1779617694,True,0.002,0.4303,True,0.0,0.0,1.0,,,,42,10.361121654510498,1105.6627976894379
100,1.0,additive,0.92,0.1,1.0,-11,10,90,80,False,0,False,1443558113,True,0.003,0.4681,False,-1.0,6.0,0.9195402298850575,,,,43,10.111613512039185,1105.6627976894379
100,1.0,additive,0.92,0.1,1.0,-11,10,90,80,False,0,False,1107498532,True,0.006,0.4368,False,-5.0,2.0,0.9195402298850575,,,,44,10.06914234161377,1105.6627976894379
100,1.0,additive,0.92,0.1,1.0,-11,10,90,80,False,0,False,2065983736,True,0.005,0.4707,False,-5.0,5.0,0.8888888888888888,,,,45,10.376707792282104,1105.6627976894379
100,1.0,additive,0.92,0.1,1.0,-11,10,90,80,False,0,False,924603305,True,0.005,0.4094,False,-1.0,6.0,0.9195402298850575,,,,46,10.173458099365234,1105.6627976894379
100,1.0,additive,0.92,0.1,1.0,-11,10,90,80,False,0,False,1883088509,True,0.001,0.449,False,-10.0,2.0,0.8695652173913043,,,,47,10.105839729309082,1105.6627976894379
100,1.0,additive,0.92,0.1,1.0,-11,10,90,80,False,0,False,1547028928,True,0.001,0.4385,False,-9.0,5.0,0.851063829787234,,,,48,10.353147745132446,1105.6627976894379
100,1.0,additive,0.92,0.1,1.0,-11,10,90,80,False,0,False,1210969347,True,0.001,0.436,False,-9.0,2.0,0.8791208791208791,,,,49,10.178905963897705,1105.6627976894379
100,1.0,additive,0.92,0.1,1.0,-11,10,90,80,False,0,True,734650970,False,0.1209,0.1779,,,,,,,,0,10.224664449691772,1105.6627976894379
100,1.0,additive,0.92,0.1,1.0,-11,10,90,80,False,0,True,398591389,False,0.8671,-0.0814,,,,,,,,1,10.36882734298706,1105.6627976894379
100,1.0,additive,0.92,0.1,1.0,-11,10,90,80,False,0,True,1357076593,True,0.026,0.2207,,,,,,,,2,10.10484790802002,1105.6627976894379
100,1.0,additive,0.92,0.1,1.0,-11,10,90,80,False,0,True,1021017012,False,0.1369,0.2016,,,,,,,,3,10.243444442749023,1105.6627976894379
100,1.0,additive,0.92,0.1,1.0,-11,10,90,80,False,0,True,2027120229,False,0.7862,0.1017,,,,,,,,4,10.247917175292969,1105.6627976894379
100,1.0,additive,0.92,0.1,1.0,-11,10,90,80,False,0,True,838121785,False,0.3157,0.1417,,,,,,,,5,10.149943351745605,1105.6627976894379
100,1.0,additive,0.92,0.1,1.0,-11,10,90,80,False,0,True,502062204,False,0.2887,-0.1573,,,,,,,,6,10.606106281280518,1105.6627976894379
100,1.0,additive,0.92,0.1,1.0,-11,10,90,80,False,0,True,1460547408,False,0.5125,0.1313,,,,,,,,7,10.0898118019104,1105.6627976894379
100,1.0,additive,0.92,0.1,1.0,-11,10,90,80,False,0,True,319166977,True,0.011,-0.2671,,,,,,,,8,10.488903045654297,1105.6627976894379
100,1.0,additive,0.92,0.1,1.0,-11,10,90,80,False,0,True,1277652181,False,0.4725,0.1176,,,,,,,,9,10.16511082649231,1105.6627976894379
100,1.0,additive,0.92,0.1,1.0,-11,10,90,80,False,0,True,941592600,False,0.7772,0.1073,,,,,,,,10,10.239346265792847,1105.6627976894379
100,1.0,additive,0.92,0.1,1.0,-11,10,90,80,False,0,True,605533019,False,0.962,-0.0718,,,,,,,,11,10.693190097808838,1105.6627976894379
100,1.0,additive,0.92,0.1,1.0,-11,10,90,80,False,0,True,1564018223,False,0.1878,-0.1649,,,,,,,,12,10.059657096862793,1105.6627976894379
100,1.0,additive,0.92,0.1,1.0,-11,10,90,80,False,0,True,422637792,False,0.8541,0.1088,,,,,,,,13,12.98031497001648,1105.6627976894379
100,1.0,additive,0.92,0.1,1.0,-11,10,90,80,False,0,True,1381122996,False,0.1339,0.1717,,,,,,,,14,10.115524530410767,1105.6627976894379
100,1.0,additive,0.92,0.1,1.0,-11,10,90,80,False,0,True,1045063415,False,0.5335,0.1231,,,,,,,,15,11.678831100463867,1105.6627976894379
100,1.0,additive,0.92,0.1,1.0,-11,10,90,80,False,0,True,2003548619,False,0.1798,-0.1976,,,,,,,,16,10.681901216506958,1105.6627976894379
100,1.0,additive,0.92,0.1,1.0,-11,10,90,80,False,0,True,862168188,True,0.042,-0.2191,,,,,,,,17,11.26925277709961,1105.6627976894379
100,1.0,additive,0.92,0.1,1.0,-11,10,90,80,False,0,True,526108607,False,0.6513,0.1093,,,,,,,,18,10.529707670211792,1105.6627976894379
100,1.0,additive,0.92,0.1,1.0,-11,10,90,80,False,0,True,1484593811,False,0.8871,0.086,,,,,,,,19,10.090710163116455,1105.6627976894379
100,1.0,additive,0.92,0.1,1.0,-11,10,90,80,False,0,True,1148534230,False,0.6593,-0.1138,,,,,,,,20,10.287662267684937,1105.6627976894379
100,1.0,additive,0.92,0.1,1.0,-11,10,90,80,False,0,True,1301698584,False,0.1479,0.1775,,,,,,,,21,10.173249244689941,1105.6627976894379
100,1.0,additive,0.92,0.1,1.0,-11,10,90,80,False,0,True,965639003,False,0.2078,0.2003,,,,,,,,22,10.024360656738281,1105.6627976894379
100,1.0,additive,0.92,0.1,1.0,-11,10,90,80,False,0,True,1924124207,False,0.8691,0.0894,,,,,,,,23,10.424888610839844,1105.6627976894379
100,1.0,additive,0.92,0.1,1.0,-11,10,90,80,False,0,True,1588064626,False,0.966,0.0702,,,,,,,,24,10.06198525428772,1105.6627976894379
100,1.0,additive,0.92,0.1,1.0,-11,10,90,80,False,0,True,446684195,False,0.6214,-0.1327,,,,,,,,25,10.068172931671143,1105.6627976894379
100,1.0,additive,0.92,0.1,1.0,-11,10,90,80,False,0,True,1405169399,False,0.5475,0.1177,,,,,,,,26,10.20602011680603,1105.6627976894379
100,1.0,additive,0.92,0.1,1.0,-11,10,90,80,False,0,True,1069109818,False,0.6324,0.124,,,,,,,,27,10.21385383605957,1105.6627976894379
100,1.0,additive,0.92,0.1,1.0,-11,10,90,80,False,0,True,2027595022,False,0.6983,0.1124,,,,,,,,28,10.398714303970337,1105.6627976894379
100,1.0,additive,0.92,0.1,1.0,-11,10,90,80,False,0,True,886214591,False,0.7782,0.1053,,,,,,,,29,10.603612661361694,1105.6627976894379
100,1.0,additive,0.92,0.1,1.0,-11,10,90,80,False,0,True,550155010,False,0.1009,-0.2352,,,,,,,,30,16.93548822402954,1105.6627976894379
100,1.0,additive,0.92,0.1,1.0,-11,10,90,80,False,0,True,1508640214,False,0.5095,0.121,,,,,,,,31,10.263320207595825,1105.6627976894379
100,1.0,additive,0.92,0.1,1.0,-11,10,90,80,False,0,True,1172580633,False,0.8182,-0.0906,,,,,,,,32,10.084913969039917,1105.6627976894379
100,1.0,additive,0.92,0.1,1.0,-11,10,90,80,False,0,True,1325744987,False,0.97,-0.0742,,,,,,,,33,13.727581024169922,1105.6627976894379
100,1.0,additive,0.92,0.1,1.0,-11,10,90,80,False,0,True,989685406,False,0.8472,-0.0898,,,,,,,,34,10.081507444381714,1105.6627976894379
100,1.0,additive,0.92,0.1,1.0,-11,10,90,80,False,0,True,1948170610,False,0.3147,0.126,,,,,,,,35,10.321124792098999,1105.6627976894379
100,1.0,additive,0.92,0.1,1.0,-11,10,90,80,False,0,True,1612111029,False,0.4066,0.1421,,,,,,,,36,10.085098028182983,1105.6627976894379
100,1.0,additive,0.92,0.1,1.0,-11,10,90,80,False,0,True,1276051448,False,0.2338,0.1749,,,,,,,,37,9.517428159713745,1105.6627976894379
100,1.0,additive,0.92,0.1,1.0,-11,10,90,80,False,0,True,1429215802,False,0.8701,-0.0884,,,,,,,,38,10.101883172988892,1105.6627976894379
100,1.0,additive,0.92,0.1,1.0,-11,10,90,80,False,0,True,1093156221,False,0.0739,0.1997,,,,,,,,39,10.075027465820312,1105.6627976894379
100,1.0,additive,0.92,0.1,1.0,-11,10,90,80,False,0,True,2051641425,False,0.5055,0.1232,,,,,,,,40,14.572792291641235,1105.6627976894379
100,1.0,additive,0.92,0.1,1.0,-11,10,90,80,False,0,True,1715581844,False,0.6214,0.1208,,,,,,,,41,10.134467124938965,1105.6627976894379
100,1.0,additive,0.92,0.1,1.0,-11,10,90,80,False,0,True,1868746198,False,0.1019,-0.1912,,,,,,,,42,13.09399676322937,1105.6627976894379
100,1.0,additive,0.92,0.1,1.0,-11,10,90,80,False,0,True,1532686617,False,0.1648,0.1758,,,,,,,,43,10.119385242462158,1105.6627976894379
100,1.0,additive,0.92,0.1,1.0,-11,10,90,80,False,0,True,1196627036,False,0.4066,0.139,,,,,,,,44,10.244004487991333,1105.6627976894379
100,1.0,additive,0.92,0.1,1.0,-11,10,90,80,False,0,True,7628592,False,0.6643,0.119,,,,,,,,45,13.147331476211548,1105.6627976894379
100,1.0,additive,0.92,0.1,1.0,-11,10,90,80,False,0,True,1013731809,False,0.3766,0.1386,,,,,,,,46,10.151427984237671,1105.6627976894379
100,1.0,additive,0.92,0.1,1.0,-11,10,90,80,False,0,True,1972217013,False,0.5475,0.1124,,,,,,,,47,12.792561054229736,1105.6627976894379
100,1.0,additive,0.92,0.1,1.0,-11,10,90,80,False,0,True,1636157432,False,0.9251,-0.0788,,,,,,,,48,10.19210410118103,1105.6627976894379
100,1.0,additive,0.92,0.1,1.0,-11,10,90,80,False,0,True,1300097851,False,0.4655,-0.1383,,,,,,,,49,10.325371980667114,1105.6627976894379
100,1.0,additive,0.94,0.1,1.0,-11,10,90,80,False,0,False,1692068124,True,0.001,0.4509,False,-6.0,5.0,0.8791208791208791,,,,0,10.08748173713684,1096.2853412628174
100,1.0,additive,0.94,0.1,1.0,-11,10,90,80,False,0,False,1356008543,True,0.002,0.4302,False,-1.0,8.0,0.898876404494382,,,,1,9.9940505027771,1096.2853412628174
100,1.0,additive,0.94,0.1,1.0,-11,10,90,80,False,0,False,1509172897,True,0.001,0.4477,False,-4.0,3.0,0.9195402298850575,,,,2,11.638326168060303,1096.2853412628174
100,1.0,additive,0.94,0.1,1.0,-11,10,90,80,False,0,False,1173113316,True,0.006,0.4552,False,-2.0,0.0,0.975609756097561,,,,3,10.047180652618408,1096.2853412628174
100,1.0,additive,0.94,0.1,1.0,-11,10,90,80,False,0,False,2131598520,True,0.003,0.4537,False,-4.0,0.0,0.9523809523809523,,,,4,10.271855592727661,1096.2853412628174
100,1.0,additive,0.94,0.1,1.0,-11,10,90,80,False,0,False,1795538939,True,0.001,0.4984,False,-10.0,9.0,0.8080808080808081,,,,5,14.059679508209229,1096.2853412628174
100,1.0,additive,0.94,0.1,1.0,-11,10,90,80,False,0,False,1459479358,True,0.002,0.4785,False,-6.0,10.0,0.8333333333333334,,,,6,15.551347494125366,1096.2853412628174
100,1.0,additive,0.94,0.1,1.0,-11,10,90,80,False,0,False,1612643712,True,0.002,0.4602,False,-9.0,10.0,0.8080808080808081,,,,7,10.66366195678711,1096.2853412628174
100,1.0,additive,0.94,0.1,1.0,-11,10,90,80,False,0,False,1276584131,True,0.005,0.4328,False,-10.0,4.0,0.851063829787234,,,,8,10.503223180770874,1096.2853412628174
100,1.0,additive,0.94,0.1,1.0,-11,10,90,80,False,0,False,87585687,True,0.003,0.4254,False,-1.0,10.0,0.8791208791208791,,,,9,10.118655681610107,1096.2853412628174
100,1.0,additive,0.94,0.1,1.0,-11,10,90,80,False,0,False,1899009754,True,0.006,0.4686,False,-10.0,0.0,0.8888888888888888,,,,10,9.955503702163696,1096.2853412628174
100,1.0,additive,0.94,0.1,1.0,-11,10,90,80,False,0,False,2052174108,True,0.003,0.4412,False,0.0,9.0,0.898876404494382,,,,11,10.500365495681763,1096.2853412628174
100,1.0,additive,0.94,0.1,1.0,-11,10,90,80,False,0,False,1716114527,True,0.004,0.4661,False,-10.0,8.0,0.8163265306122449,,,,12,10.149894952774048,1096.2853412628174
100,1.0,additive,0.94,0.1,1.0,-11,10,90,80,False,0,False,1380054946,True,0.002,0.4259,False,-4.0,0.0,0.9523809523809523,,,,13,10.528197288513184,1096.2853412628174
100,1.0,additive,0.94,0.1,1.0,-11,10,90,80,False,0,False,191056502,True,0.004,0.4296,False,-1.0,4.0,0.9411764705882353,,,,14,10.180001258850098,1096.2853412628174
100,1.0,additive,0.94,0.1,1.0,-11,10,90,80,False,0,False,1197159719,True,0.004,0.4632,False,-3.0,4.0,0.9195402298850575,,,,15,10.054639101028442,1096.2853412628174
100,1.0,additive,0.94,0.1,1.0,-11,10,90,80,False,0,False,8161275,True,0.002,0.4657,False,-9.0,3.0,0.8695652173913043,,,,16,15.745643377304077,1096.2853412628174
100,1.0,additive,0.94,0.1,1.0,-11,10,90,80,False,0,False,1819585342,True,0.003,0.4779,False,0.0,7.0,0.9195402298850575,,,,17,10.26192307472229,1096.2853412628174
100,1.0,additive,0.94,0.1,1.0,-11,10,90,80,False,0,False,1483525761,True,0.003,0.4684,False,-1.0,2.0,0.963855421686747,,,,18,10.43475341796875,1096.2853412628174
100,1.0,additive,0.94,0.1,1.0,-11,10,90,80,False,0,False,1636690115,True,0.006,0.4713,False,-10.0,4.0,0.851063829787234,,,,19,10.041151523590088,1096.2853412628174
100,1.0,additive,0.94,0.1,1.0,-11,10,90,80,False,0,False,1300630534,True,0.005,0.4767,False,-5.0,2.0,0.9195402298850575,,,,20,10.209049940109253,1096.2853412628174
100,1.0,additive,0.94,0.1,1.0,-11,10,90,80,False,0,False,111632090,True,0.005,0.4489,False,0.0,10.0,0.8888888888888888,,,,21,10.075591564178467,1096.2853412628174
100,1.0,additive,0.94,0.1,1.0,-11,10,90,80,False,0,False,1923056157,True,0.002,0.4832,False,-3.0,0.0,0.963855421686747,,,,22,10.043394804000854,1096.2853412628174
100,1.0,additive,0.94,0.1,1.0,-11,10,90,80,False,0,False,2076220511,True,0.004,0.4868,False,-5.0,10.0,0.8421052631578947,,,,23,10.232127666473389,1096.2853412628174
100,1.0,additive,0.94,0.1,1.0,-11,10,90,80,False,0,False,1740160930,True,0.001,0.4864,False,-10.0,10.0,0.8,,,,24,10.081010341644287,1096.2853412628174
100,1.0,additive,0.94,0.1,1.0,-11,10,90,80,False,0,False,1404101349,True,0.001,0.4642,False,-9.0,9.0,0.8163265306122449,,,,25,9.993967056274414,1096.2853412628174
100,1.0,additive,0.94,0.1,1.0,-11,10,90,80,False,0,False,215102905,True,0.004,0.4497,False,-3.0,9.0,0.8695652173913043,,,,26,10.267555475234985,1096.2853412628174
100,1.0,additive,0.94,0.1,1.0,-11,10,90,80,False,0,False,2026526972,True,0.003,0.471,False,0.0,10.0,0.8888888888888888,,,,27,10.299151182174683,1096.2853412628174
100,1.0,additive,0.94,0.1,1.0,-11,10,90,80,False,0,False,32207678,True,0.003,0.4672,False,-5.0,4.0,0.898876404494382,,,,28,10.452353239059448,1096.2853412628174
100,1.0,additive,0.94,0.1,1.0,-11,10,90,80,False,0,False,1843631745,True,0.009,0.423,False,-6.0,0.0,0.9302325581395349,,,,29,10.087303638458252,1096.2853412628174
100,1.0,additive,0.94,0.1,1.0,-11,10,90,80,False,0,False,654633301,True,0.003,0.4838,False,-7.0,4.0,0.8791208791208791,,,,30,10.016316413879395,1096.2853412628174
100,1.0,additive,0.94,0.1,1.0,-11,10,90,80,False,0,False,318573720,True,0.002,0.4594,False,-5.0,3.0,0.9090909090909091,,,,31,10.36898398399353,1096.2853412628174
100,1.0,additive,0.94,0.1,1.0,-11,10,90,80,False,0,False,1324676937,True,0.001,0.4659,False,-9.0,10.0,0.8080808080808081,,,,32,13.16877269744873,1096.2853412628174
100,1.0,additive,0.94,0.1,1.0,-11,10,90,80,False,0,False,135678493,True,0.002,0.4465,False,-3.0,4.0,0.9195402298850575,,,,33,10.603444337844849,1096.2853412628174
100,1.0,additive,0.94,0.1,1.0,-11,10,90,80,False,0,False,1947102560,True,0.008,0.4506,False,-5.0,8.0,0.8602150537634409,,,,34,10.05036473274231,1096.2853412628174
100,1.0,additive,0.94,0.1,1.0,-11,10,90,80,False,0,False,758104116,True,0.003,0.4526,False,-10.0,0.0,0.8888888888888888,,,,35,15.461628437042236,1096.2853412628174
100,1.0,additive,0.94,0.1,1.0,-11,10,90,80,False,0,False,1764207333,True,0.006,0.4586,False,0.0,2.0,0.975609756097561,,,,36,10.176703929901123,1096.2853412628174
100,1.0,additive,0.94,0.1,1.0,-11,10,90,80,False,0,False,575208889,True,0.001,0.4655,False,-5.0,3.0,0.9090909090909091,,,,37,10.222175598144531,1096.2853412628174
100,1.0,additive,0.94,0.1,1.0,-11,10,90,80,False,0,False,239149308,True,0.003,0.463,False,-1.0,7.0,0.9090909090909091,,,,38,10.31820273399353,1096.2853412628174
100,1.0,additive,0.94,0.1,1.0,-11,10,90,80,False,0,False,2050573375,True,0.003,0.4846,False,-9.0,7.0,0.8333333333333334,,,,39,13.228745222091675,1096.2853412628174
100,1.0,additive,0.94,0.1,1.0,-11,10,90,80,False,0,False,56254081,True,0.002,0.4221,False,0.0,4.0,0.9523809523809523,,,,40,12.017942428588867,1096.2853412628174
100,1.0,additive,0.94,0.1,1.0,-11,10,90,80,False,0,False,1867678148,True,0.003,0.445,False,0.0,5.0,0.9411764705882353,,,,41,10.209872245788574,1096.2853412628174
100,1.0,additive,0.94,0.1,1.0,-11,10,90,80,False,0,False,678679704,True,0.001,0.4864,False,-10.0,10.0,0.8,,,,42,10.436775922775269,1096.2853412628174
100,1.0,additive,0.94,0.1,1.0,-11,10,90,80,False,0,False,342620123,True,0.005,0.4301,False,-7.0,0.0,0.9195402298850575,,,,43,15.827633142471313,1096.2853412628174
100,1.0,additive,0.94,0.1,1.0,-11,10,90,80,False,0,False,1348723340,True,0.002,0.4735,False,-9.0,10.0,0.8080808080808081,,,,44,11.970704078674316,1096.2853412628174
100,1.0,additive,0.94,0.1,1.0,-11,10,90,80,False,0,False,159724896,True,0.001,0.4632,False,0.0,6.0,0.9302325581395349,,,,45,10.262430667877197,1096.2853412628174
100,1.0,additive,0.94,0.1,1.0,-11,10,90,80,False,0,False,1971148963,True,0.006,0.4497,True,0.0,0.0,1.0,,,,46,15.523553848266602,1096.2853412628174
100,1.0,additive,0.94,0.1,1.0,-11,10,90,80,False,0,False,782150519,True,0.003,0.4256,False,-4.0,0.0,0.9523809523809523,,,,47,10.174119710922241,1096.2853412628174
100,1.0,additive,0.94,0.1,1.0,-11,10,90,80,False,0,False,1788253736,True,0.002,0.4751,False,-7.0,8.0,0.8421052631578947,,,,48,10.018890142440796,1096.2853412628174
100,1.0,additive,0.94,0.1,1.0,-11,10,90,80,False,0,False,599255292,True,0.005,0.456,False,0.0,7.0,0.9195402298850575,,,,49,10.352125406265259,1096.2853412628174
100,1.0,additive,0.94,0.1,1.0,-11,10,90,80,False,0,True,1880535515,False,0.2987,-0.1319,,,,,,,,0,11.188093900680542,1096.2853412628174
100,1.0,additive,0.94,0.1,1.0,-11,10,90,80,False,0,True,1544475934,False,0.3007,-0.1407,,,,,,,,1,10.576690196990967,1096.2853412628174
100,1.0,additive,0.94,0.1,1.0,-11,10,90,80,False,0,True,1697640288,False,0.8781,0.0939,,,,,,,,2,13.633892297744751,1096.2853412628174
100,1.0,additive,0.94,0.1,1.0,-11,10,90,80,False,0,True,1361580707,False,0.3347,0.1528,,,,,,,,3,11.519860982894897,1096.2853412628174
100,1.0,additive,0.94,0.1,1.0,-11,10,90,80,False,0,True,172582263,False,0.7712,0.0909,,,,,,,,4,10.223692655563354,1096.2853412628174
100,1.0,additive,0.94,0.1,1.0,-11,10,90,80,False,0,True,1984006330,False,0.5984,-0.144,,,,,,,,5,10.08040452003479,1096.2853412628174
100,1.0,additive,0.94,0.1,1.0,-11,10,90,80,False,0,True,1647946749,False,0.5285,-0.1365,,,,,,,,6,10.520397424697876,1096.2853412628174
100,1.0,additive,0.94,0.1,1.0,-11,10,90,80,False,0,True,1801111103,False,0.8442,-0.0972,,,,,,,,7,10.302600622177124,1096.2853412628174
100,1.0,additive,0.94,0.1,1.0,-11,10,90,80,False,0,True,1465051522,False,0.0909,-0.2074,,,,,,,,8,10.479816198348999,1096.2853412628174
100,1.0,additive,0.94,0.1,1.0,-11,10,90,80,False,0,True,276053078,False,0.5445,0.1394,,,,,,,,9,10.7269287109375,1096.2853412628174
100,1.0,additive,0.94,0.1,1.0,-11,10,90,80,False,0,True,2087477145,False,0.9391,0.0974,,,,,,,,10,15.242169618606567,1096.2853412628174
100,1.0,additive,0.94,0.1,1.0,-11,10,90,80,False,0,True,93157851,False,0.5684,-0.1348,,,,,,,,11,10.903819799423218,1096.2853412628174
100,1.0,additive,0.94,0.1,1.0,-11,10,90,80,False,0,True,1904581918,False,0.5914,0.1134,,,,,,,,12,10.13558030128479,1096.2853412628174
100,1.0,additive,0.94,0.1,1.0,-11,10,90,80,False,0,True,1568522337,False,0.976,-0.0606,,,,,,,,13,11.206291198730469,1096.2853412628174
100,1.0,additive,0.94,0.1,1.0,-11,10,90,80,False,0,True,379523893,False,0.1209,0.1813,,,,,,,,14,10.223250150680542,1096.2853412628174
100,1.0,additive,0.94,0.1,1.0,-11,10,90,80,False,0,True,1385627110,False,0.1409,-0.1996,,,,,,,,15,10.531357526779175,1096.2853412628174
100,1.0,additive,0.94,0.1,1.0,-11,10,90,80,False,0,True,196628666,False,0.8372,0.0827,,,,,,,,16,10.380304098129272,1096.2853412628174
100,1.0,additive,0.94,0.1,1.0,-11,10,90,80,False,0,True,2008052733,False,0.992,-0.0565,,,,,,,,17,10.170282363891602,1096.2853412628174
100,1.0,additive,0.94,0.1,1.0,-11,10,90,80,False,0,True,1671993152,False,0.9211,-0.0919,,,,,,,,18,10.26217269897461,1096.2853412628174
100,1.0,additive,0.94,0.1,1.0,-11,10,90,80,False,0,True,1825157506,False,0.8262,-0.1054,,,,,,,,19,10.158233404159546,1096.2853412628174
100,1.0,additive,0.94,0.1,1.0,-11,10,90,80,False,0,True,1489097925,False,0.6973,-0.114,,,,,,,,20,10.245279312133789,1096.2853412628174
100,1.0,additive,0.94,0.1,1.0,-11,10,90,80,False,0,True,300099481,False,0.8971,-0.0901,,,,,,,,21,10.279800653457642,1096.2853412628174
100,1.0,additive,0.94,0.1,1.0,-11,10,90,80,False,0,True,2111523548,False,0.1638,0.2018,,,,,,,,22,10.069904327392578,1096.2853412628174
100,1.0,additive,0.94,0.1,1.0,-11,10,90,80,False,0,True,117204254,False,0.5824,-0.1387,,,,,,,,23,11.95953106880188,1096.2853412628174
100,1.0,additive,0.94,0.1,1.0,-11,10,90,80,False,0,True,1928628321,False,0.8901,0.0919,,,,,,,,24,10.231203556060791,1096.2853412628174
100,1.0,additive,0.94,0.1,1.0,-11,10,90,80,False,0,True,1592568740,False,0.8382,0.0943,,,,,,,,25,10.809149026870728,1096.2853412628174
100,1.0,additive,0.94,0.1,1.0,-11,10,90,80,False,0,True,403570296,False,0.3347,0.1616,,,,,,,,26,10.178801536560059,1096.2853412628174
100,1.0,additive,0.94,0.1,1.0,-11,10,90,80,False,0,True,67510715,False,0.7423,0.1016,,,,,,,,27,9.987850189208984,1096.2853412628174
100,1.0,additive,0.94,0.1,1.0,-11,10,90,80,False,0,True,220675069,False,0.5524,0.1381,,,,,,,,28,17.487395524978638,1096.2853412628174
100,1.0,additive,0.94,0.1,1.0,-11,10,90,80,False,0,True,2032099136,False,0.7852,-0.0852,,,,,,,,29,10.641507625579834,1096.2853412628174
100,1.0,additive,0.94,0.1,1.0,-11,10,90,80,False,0,True,843100692,False,0.3037,-0.1457,,,,,,,,30,10.877414464950562,1096.2853412628174
100,1.0,additive,0.94,0.1,1.0,-11,10,90,80,False,0,True,507041111,False,0.5015,-0.1282,,,,,,,,31,10.218399047851562,1096.2853412628174
100,1.0,additive,0.94,0.1,1.0,-11,10,90,80,False,0,True,1513144328,False,0.979,-0.0691,,,,,,,,32,10.320987939834595,1096.2853412628174
100,1.0,additive,0.94,0.1,1.0,-11,10,90,80,False,0,True,324145884,False,0.8881,0.0782,,,,,,,,33,10.129870653152466,1096.2853412628174
100,1.0,additive,0.94,0.1,1.0,-11,10,90,80,False,0,True,2135569951,False,0.1079,-0.2199,,,,,,,,34,10.605751276016235,1096.2853412628174
100,1.0,additive,0.94,0.1,1.0,-11,10,90,80,False,0,True,946571507,False,0.4615,0.1453,,,,,,,,35,10.643629550933838,1096.2853412628174
100,1.0,additive,0.94,0.1,1.0,-11,10,90,80,False,0,True,1952674724,True,0.027,-0.2214,,,,,,,,36,9.90898609161377,1096.2853412628174
100,1.0,additive,0.94,0.1,1.0,-11,10,90,80,False,0,True,763676280,False,0.6773,0.1184,,,,,,,,37,10.218364238739014,1096.2853412628174
100,1.0,additive,0.94,0.1,1.0,-11,10,90,80,False,0,True,427616699,False,0.8861,-0.0788,,,,,,,,38,10.234946012496948,1096.2853412628174
100,1.0,additive,0.94,0.1,1.0,-11,10,90,80,False,0,True,91557118,False,0.5485,-0.1238,,,,,,,,39,10.124106645584106,1096.2853412628174
100,1.0,additive,0.94,0.1,1.0,-11,10,90,80,False,0,True,244721472,False,0.2198,-0.1937,,,,,,,,40,10.368044376373291,1096.2853412628174
100,1.0,additive,0.94,0.1,1.0,-11,10,90,80,False,0,True,2056145539,True,0.008,-0.3089,,,,,,,,41,10.038309335708618,1096.2853412628174
100,1.0,additive,0.94,0.1,1.0,-11,10,90,80,False,0,True,867147095,False,0.4975,-0.1358,,,,,,,,42,10.064195394515991,1096.2853412628174
100,1.0,additive,0.94,0.1,1.0,-11,10,90,80,False,0,True,531087514,False,0.0909,-0.227,,,,,,,,43,10.359881401062012,1096.2853412628174
100,1.0,additive,0.94,0.1,1.0,-11,10,90,80,False,0,True,1437851844,False,0.5495,-0.1331,,,,,,,,44,10.073365926742554,1096.2853412628174
100,1.0,additive,0.94,0.1,1.0,-11,10,90,80,False,0,True,348192287,False,0.0829,-0.1983,,,,,,,,45,10.340640306472778,1096.2853412628174
100,1.0,additive,0.94,0.1,1.0,-11,10,90,80,False,0,True,12132706,False,0.2827,-0.158,,,,,,,,46,10.1212477684021,1096.2853412628174
100,1.0,additive,0.94,0.1,1.0,-11,10,90,80,False,0,True,970617910,False,0.2867,0.1538,,,,,,,,47,17.395177841186523,1096.2853412628174
100,1.0,additive,0.94,0.1,1.0,-11,10,90,80,False,0,True,1877382240,False,0.2198,0.1625,,,,,,,,48,10.36148715019226,1096.2853412628174
100,1.0,additive,0.94,0.1,1.0,-11,10,90,80,False,0,True,787722683,False,0.5235,0.1219,,,,,,,,49,10.177974939346313,1096.2853412628174
100,1.0,additive,0.96,0.1,1.0,-11,10,90,80,False,0,False,1559843475,True,0.004,0.4453,True,0.0,0.0,1.0,,,,0,10.396979331970215,1036.9837050437927
100,1.0,additive,0.96,0.1,1.0,-11,10,90,80,False,0,False,370845031,True,0.001,0.4866,False,-10.0,10.0,0.8,,,,1,10.053456783294678,1036.9837050437927
100,1.0,additive,0.96,0.1,1.0,-11,10,90,80,False,0,False,34785450,True,0.005,0.4737,False,-9.0,2.0,0.8791208791208791,,,,2,10.262418270111084,1036.9837050437927
100,1.0,additive,0.96,0.1,1.0,-11,10,90,80,False,0,False,1040888667,True,0.003,0.4493,False,0.0,2.0,0.975609756097561,,,,3,10.255684614181519,1036.9837050437927
100,1.0,additive,0.96,0.1,1.0,-11,10,90,80,False,0,False,1999373871,True,0.003,0.4495,False,-7.0,10.0,0.8247422680412371,,,,4,9.972431421279907,1036.9837050437927
100,1.0,additive,0.96,0.1,1.0,-11,10,90,80,False,0,False,1663314290,True,0.004,0.4621,False,-9.0,0.0,0.898876404494382,,,,5,10.458302736282349,1036.9837050437927
100,1.0,additive,0.96,0.1,1.0,-11,10,90,80,False,0,False,474315846,True,0.003,0.4512,False,-9.0,6.0,0.8421052631578947,,,,6,10.105565309524536,1036.9837050437927
100,1.0,additive,0.96,0.1,1.0,-11,10,90,80,False,0,False,1480419063,True,0.001,0.4586,False,-10.0,9.0,0.8080808080808081,,,,7,12.406216621398926,1036.9837050437927
100,1.0,additive,0.96,0.1,1.0,-11,10,90,80,False,0,False,291420619,True,0.005,0.4222,False,-1.0,0.0,0.9876543209876543,,,,8,16.548830032348633,1036.9837050437927
100,1.0,additive,0.96,0.1,1.0,-11,10,90,80,False,0,False,2102844686,True,0.002,0.4806,False,-6.0,7.0,0.8602150537634409,,,,9,10.303770542144775,1036.9837050437927
100,1.0,additive,0.96,0.1,1.0,-11,10,90,80,False,0,False,1766785105,True,0.002,0.4512,False,-9.0,1.0,0.8888888888888888,,,,10,10.090328931808472,1036.9837050437927
100,1.0,additive,0.96,0.1,1.0,-11,10,90,80,False,0,False,577786661,True,0.003,0.471,False,-4.0,4.0,0.9090909090909091,,,,11,9.495890855789185,1036.9837050437927
100,1.0,additive,0.96,0.1,1.0,-11,10,90,80,False,0,False,1583889878,True,0.004,0.4535,False,0.0,5.0,0.9411764705882353,,,,12,10.361255407333374,1036.9837050437927
100,1.0,additive,0.96,0.1,1.0,-11,10,90,80,False,0,False,394891434,True,0.004,0.4571,False,-1.0,10.0,0.8791208791208791,,,,13,10.139974594116211,1036.9837050437927
100,1.0,additive,0.96,0.1,1.0,-11,10,90,80,False,0,False,58831853,True,0.003,0.4509,False,-1.0,10.0,0.8791208791208791,,,,14,10.257620096206665,1036.9837050437927
100,1.0,additive,0.96,0.1,1.0,-11,10,90,80,False,0,False,1017317057,True,0.001,0.4952,False,-6.0,10.0,0.8333333333333334,,,,15,12.420863151550293,1036.9837050437927
100,1.0,additive,0.96,0.1,1.0,-11,10,90,80,False,0,False,2023420274,True,0.002,0.4582,False,-8.0,9.0,0.8247422680412371,,,,16,10.174148797988892,1036.9837050437927
100,1.0,additive,0.96,0.1,1.0,-11,10,90,80,False,0,False,1687360693,True,0.004,0.4429,False,-1.0,0.0,0.9876543209876543,,,,17,11.406542301177979,1036.9837050437927
100,1.0,additive,0.96,0.1,1.0,-11,10,90,80,False,0,False,498362249,True,0.006,0.4375,False,0.0,7.0,0.9195402298850575,,,,18,10.100396394729614,1036.9837050437927
100,1.0,additive,0.96,0.1,1.0,-11,10,90,80,False,0,False,162302668,True,0.005,0.4521,False,0.0,6.0,0.9302325581395349,,,,19,10.289807081222534,1036.9837050437927
100,1.0,additive,0.96,0.1,1.0,-11,10,90,80,False,0,False,315467022,True,0.009,0.4371,False,1.0,0.0,0.9875,,,,20,10.090031623840332,1036.9837050437927
100,1.0,additive,0.96,0.1,1.0,-11,10,90,80,False,0,False,2126891089,True,0.004,0.4702,False,-3.0,3.0,0.9302325581395349,,,,21,10.00096845626831,1036.9837050437927
100,1.0,additive,0.96,0.1,1.0,-11,10,90,80,False,0,False,1790831508,True,0.005,0.4617,False,-10.0,4.0,0.851063829787234,,,,22,10.144303798675537,1036.9837050437927
100,1.0,additive,0.96,0.1,1.0,-11,10,90,80,False,0,False,601833064,True,0.003,0.4507,False,-2.0,10.0,0.8695652173913043,,,,23,10.132434606552124,1036.9837050437927
100,1.0,additive,0.96,0.1,1.0,-11,10,90,80,False,0,False,1607936281,True,0.002,0.464,False,-10.0,5.0,0.8421052631578947,,,,24,10.37034797668457,1036.9837050437927
100,1.0,additive,0.96,0.1,1.0,-11,10,90,80,False,0,False,418937837,True,0.003,0.451,False,-2.0,8.0,0.8888888888888888,,,,25,10.395231008529663,1036.9837050437927
100,1.0,additive,0.96,0.1,1.0,-11,10,90,80,False,0,False,82878256,True,0.004,0.4645,False,-10.0,1.0,0.8791208791208791,,,,26,10.198886394500732,1036.9837050437927
100,1.0,additive,0.96,0.1,1.0,-11,10,90,80,False,0,False,1041363460,True,0.004,0.4343,False,-7.0,6.0,0.8602150537634409,,,,27,10.22808051109314,1036.9837050437927
100,1.0,additive,0.96,0.1,1.0,-11,10,90,80,False,0,False,2047466677,True,0.004,0.4274,True,0.0,0.0,1.0,,,,28,10.089174270629883,1036.9837050437927
100,1.0,additive,0.96,0.1,1.0,-11,10,90,80,False,0,False,1711407096,True,0.006,0.4406,False,-3.0,10.0,0.8602150537634409,,,,29,10.266561508178711,1036.9837050437927
100,1.0,additive,0.96,0.1,1.0,-11,10,90,80,False,0,False,522408652,True,0.011,0.4287,False,-5.0,0.0,0.9411764705882353,,,,30,10.141078233718872,1036.9837050437927
100,1.0,additive,0.96,0.1,1.0,-11,10,90,80,False,0,False,186349071,True,0.005,0.4437,False,-3.0,2.0,0.9411764705882353,,,,31,10.152971744537354,1036.9837050437927
100,1.0,additive,0.96,0.1,1.0,-11,10,90,80,False,0,False,1144834275,True,0.004,0.4348,False,0.0,1.0,0.9876543209876543,,,,32,10.268749952316284,1036.9837050437927
100,1.0,additive,0.96,0.1,1.0,-11,10,90,80,False,0,False,3453844,True,0.001,0.4818,False,-9.0,9.0,0.8163265306122449,,,,33,10.71407437324524,1036.9837050437927
100,1.0,additive,0.96,0.1,1.0,-11,10,90,80,False,0,False,961939048,True,0.003,0.4693,False,-8.0,10.0,0.8163265306122449,,,,34,10.494579553604126,1036.9837050437927
100,1.0,additive,0.96,0.1,1.0,-11,10,90,80,False,0,False,625879467,True,0.004,0.4686,False,-8.0,2.0,0.8888888888888888,,,,35,10.184231281280518,1036.9837050437927
100,1.0,additive,0.96,0.1,1.0,-11,10,90,80,False,0,False,289819886,True,0.005,0.4717,False,-3.0,10.0,0.8602150537634409,,,,36,10.0221107006073,1036.9837050437927
100,1.0,additive,0.96,0.1,1.0,-11,10,90,80,False,0,False,442984240,True,0.004,0.4593,False,-4.0,5.0,0.898876404494382,,,,37,10.08733868598938,1036.9837050437927
100,1.0,additive,0.96,0.1,1.0,-11,10,90,80,False,0,False,106924659,True,0.004,0.415,False,0.0,4.0,0.9523809523809523,,,,38,10.208168745040894,1036.9837050437927
100,1.0,additive,0.96,0.1,1.0,-11,10,90,80,False,0,False,1065409863,True,0.006,0.4218,False,-1.0,0.0,0.9876543209876543,,,,39,10.190383911132812,1036.9837050437927
100,1.0,additive,0.96,0.1,1.0,-11,10,90,80,False,0,False,729350282,True,0.002,0.4396,False,-3.0,2.0,0.9411764705882353,,,,40,10.067403793334961,1036.9837050437927
100,1.0,additive,0.96,0.1,1.0,-11,10,90,80,False,0,False,1735453499,True,0.003,0.4654,False,-7.0,6.0,0.8602150537634409,,,,41,9.954014301300049,1036.9837050437927
100,1.0,additive,0.96,0.1,1.0,-11,10,90,80,False,0,False,546455055,True,0.002,0.4859,False,-10.0,10.0,0.8,,,,42,10.143166303634644,1036.9837050437927
100,1.0,additive,0.96,0.1,1.0,-11,10,90,80,False,0,False,210395474,True,0.007,0.4608,False,-9.0,2.0,0.8791208791208791,,,,43,10.20468521118164,1036.9837050437927
100,1.0,additive,0.96,0.1,1.0,-11,10,90,80,False,0,False,1168880678,True,0.001,0.4604,False,0.0,9.0,0.898876404494382,,,,44,10.095500469207764,1036.9837050437927
100,1.0,additive,0.96,0.1,1.0,-11,10,90,80,False,0,False,27500247,True,0.003,0.4521,False,-4.0,7.0,0.8791208791208791,,,,45,10.113987684249878,1036.9837050437927
100,1.0,additive,0.96,0.1,1.0,-11,10,90,80,False,0,False,985985451,True,0.004,0.4827,False,-9.0,9.0,0.8163265306122449,,,,46,10.098855018615723,1036.9837050437927
100,1.0,additive,0.96,0.1,1.0,-11,10,90,80,False,0,False,649925870,True,0.004,0.4757,False,-7.0,9.0,0.8333333333333334,,,,47,10.471163511276245,1036.9837050437927
100,1.0,additive,0.96,0.1,1.0,-11,10,90,80,False,0,False,313866289,True,0.005,0.4201,False,-3.0,1.0,0.9523809523809523,,,,48,10.19551157951355,1036.9837050437927
100,1.0,additive,0.96,0.1,1.0,-11,10,90,80,False,0,False,467030643,True,0.002,0.4589,False,-1.0,10.0,0.8791208791208791,,,,49,10.162856101989746,1036.9837050437927
100,1.0,additive,0.96,0.1,1.0,-11,10,90,80,False,0,True,1648971979,False,0.2877,0.1567,,,,,,,,0,10.292244672775269,1036.9837050437927
100,1.0,additive,0.96,0.1,1.0,-11,10,90,80,False,0,True,459973535,False,0.8482,0.1018,,,,,,,,1,10.543566226959229,1036.9837050437927
100,1.0,additive,0.96,0.1,1.0,-11,10,90,80,False,0,True,123913954,False,0.9371,0.0785,,,,,,,,2,10.182796478271484,1036.9837050437927
100,1.0,additive,0.96,0.1,1.0,-11,10,90,80,False,0,True,1130017171,False,0.9351,0.0851,,,,,,,,3,10.971345663070679,1036.9837050437927
100,1.0,additive,0.96,0.1,1.0,-11,10,90,80,False,0,True,2088502375,False,0.0719,-0.2169,,,,,,,,4,10.284562349319458,1036.9837050437927
100,1.0,additive,0.96,0.1,1.0,-11,10,90,80,False,0,True,1752442794,False,0.8731,-0.1053,,,,,,,,5,10.234139919281006,1036.9837050437927
100,1.0,additive,0.96,0.1,1.0,-11,10,90,80,False,0,True,563444350,False,0.2957,-0.1514,,,,,,,,6,10.695137977600098,1036.9837050437927
100,1.0,additive,0.96,0.1,1.0,-11,10,90,80,False,0,True,1569547567,False,0.1608,0.1721,,,,,,,,7,10.174784898757935,1036.9837050437927
100,1.0,additive,0.96,0.1,1.0,-11,10,90,80,False,0,True,380549123,False,0.2777,-0.1563,,,,,,,,8,10.15540862083435,1036.9837050437927
100,1.0,additive,0.96,0.1,1.0,-11,10,90,80,False,0,True,44489542,False,0.4156,0.1532,,,,,,,,9,10.155646324157715,1036.9837050437927
100,1.0,additive,0.96,0.1,1.0,-11,10,90,80,False,0,True,1855913609,False,0.7403,-0.117,,,,,,,,10,10.186626672744751,1036.9837050437927
100,1.0,additive,0.96,0.1,1.0,-11,10,90,80,False,0,True,666915165,False,0.4056,0.1504,,,,,,,,11,10.306384563446045,1036.9837050437927
100,1.0,additive,0.96,0.1,1.0,-11,10,90,80,False,0,True,1673018382,False,0.8921,0.089,,,,,,,,12,10.080708503723145,1036.9837050437927
100,1.0,additive,0.96,0.1,1.0,-11,10,90,80,False,0,True,484019938,False,0.5504,0.1354,,,,,,,,13,10.646133661270142,1036.9837050437927
100,1.0,additive,0.96,0.1,1.0,-11,10,90,80,False,0,True,147960357,False,0.8482,-0.0846,,,,,,,,14,10.114715576171875,1036.9837050437927
100,1.0,additive,0.96,0.1,1.0,-11,10,90,80,False,0,True,1205784448,False,0.1449,0.1913,,,,,,,,15,10.127942085266113,1036.9837050437927
100,1.0,additive,0.96,0.1,1.0,-11,10,90,80,False,0,True,2112548778,False,0.3127,-0.1527,,,,,,,,16,9.503491640090942,1036.9837050437927
100,1.0,additive,0.96,0.1,1.0,-11,10,90,80,False,0,True,1776489197,True,0.043,-0.2307,,,,,,,,17,10.259963035583496,1036.9837050437927
100,1.0,additive,0.96,0.1,1.0,-11,10,90,80,False,0,True,587490753,False,0.9021,-0.0766,,,,,,,,18,10.862191200256348,1036.9837050437927
100,1.0,additive,0.96,0.1,1.0,-11,10,90,80,False,0,True,251431172,False,0.9331,-0.078,,,,,,,,19,10.801284074783325,1036.9837050437927
100,1.0,additive,0.96,0.1,1.0,-11,10,90,80,False,0,True,404595526,False,0.999,-0.0486,,,,,,,,20,10.40219783782959,1036.9837050437927
100,1.0,additive,0.96,0.1,1.0,-11,10,90,80,False,0,True,68535945,False,0.8901,0.0948,,,,,,,,21,10.402044296264648,1036.9837050437927
100,1.0,additive,0.96,0.1,1.0,-11,10,90,80,False,0,True,1879960012,False,0.3387,-0.1448,,,,,,,,22,10.123738050460815,1036.9837050437927
100,1.0,additive,0.96,0.1,1.0,-11,10,90,80,False,0,True,690961568,False,0.4775,-0.1364,,,,,,,,23,10.108473539352417,1036.9837050437927
100,1.0,additive,0.96,0.1,1.0,-11,10,90,80,False,0,True,1697064785,False,0.6983,0.1129,,,,,,,,24,10.891204833984375,1036.9837050437927
100,1.0,additive,0.96,0.1,1.0,-11,10,90,80,False,0,True,508066341,False,0.6474,-0.1226,,,,,,,,25,10.49281907081604,1036.9837050437927
100,1.0,additive,0.96,0.1,1.0,-11,10,90,80,False,0,True,172006760,False,0.971,-0.066,,,,,,,,26,10.167542695999146,1036.9837050437927
100,1.0,additive,0.96,0.1,1.0,-11,10,90,80,False,0,True,1130491964,False,0.972,-0.0625,,,,,,,,27,10.137945175170898,1036.9837050437927
100,1.0,additive,0.96,0.1,1.0,-11,10,90,80,False,0,True,2136595181,False,0.6094,0.1115,,,,,,,,28,10.781673669815063,1036.9837050437927
100,1.0,additive,0.96,0.1,1.0,-11,10,90,80,False,0,True,1800535600,False,0.998,0.056,,,,,,,,29,10.442225456237793,1036.9837050437927
100,1.0,additive,0.96,0.1,1.0,-11,10,90,80,False,0,True,611537156,False,0.6773,0.1107,,,,,,,,30,10.045228004455566,1036.9837050437927
100,1.0,additive,0.96,0.1,1.0,-11,10,90,80,False,0,True,275477575,False,0.5924,-0.1091,,,,,,,,31,10.078815698623657,1036.9837050437927
100,1.0,additive,0.96,0.1,1.0,-11,10,90,80,False,0,True,1233962779,False,0.6014,-0.1304,,,,,,,,32,10.305753469467163,1036.9837050437927
100,1.0,additive,0.96,0.1,1.0,-11,10,90,80,False,0,True,92582348,False,0.3506,0.139,,,,,,,,33,10.414429426193237,1036.9837050437927
100,1.0,additive,0.96,0.1,1.0,-11,10,90,80,False,0,True,1051067552,False,0.7123,0.1102,,,,,,,,34,10.452458381652832,1036.9837050437927
100,1.0,additive,0.96,0.1,1.0,-11,10,90,80,False,0,True,715007971,False,0.7922,0.0991,,,,,,,,35,10.295682191848755,1036.9837050437927
100,1.0,additive,0.96,0.1,1.0,-11,10,90,80,False,0,True,378948390,False,0.7872,0.1195,,,,,,,,36,10.441767454147339,1036.9837050437927
100,1.0,additive,0.96,0.1,1.0,-11,10,90,80,False,0,True,532112744,False,0.7872,-0.1135,,,,,,,,37,9.987893104553223,1036.9837050437927
100,1.0,additive,0.96,0.1,1.0,-11,10,90,80,False,0,True,196053163,False,0.0719,0.1968,,,,,,,,38,10.102375268936157,1036.9837050437927
100,1.0,additive,0.96,0.1,1.0,-11,10,90,80,False,0,True,1154538367,False,0.7023,0.11,,,,,,,,39,10.13415789604187,1036.9837050437927
100,1.0,additive,0.96,0.1,1.0,-11,10,90,80,False,0,True,818478786,False,0.6264,-0.1148,,,,,,,,40,10.14344596862793,1036.9837050437927
100,1.0,additive,0.96,0.1,1.0,-11,10,90,80,False,0,True,1824582003,False,0.4446,0.14,,,,,,,,41,10.242536067962646,1036.9837050437927
100,1.0,additive,0.96,0.1,1.0,-11,10,90,80,False,0,True,635583559,False,0.1738,0.2069,,,,,,,,42,10.067034482955933,1036.9837050437927
100,1.0,additive,0.96,0.1,1.0,-11,10,90,80,False,0,True,299523978,False,0.7203,0.117,,,,,,,,43,10.301482200622559,1036.9837050437927
100,1.0,additive,0.96,0.1,1.0,-11,10,90,80,False,0,True,1258009182,False,0.3137,0.1568,,,,,,,,44,10.295778512954712,1036.9837050437927
100,1.0,additive,0.96,0.1,1.0,-11,10,90,80,False,0,True,116628751,False,0.6344,0.1047,,,,,,,,45,10.211625814437866,1036.9837050437927
100,1.0,additive,0.96,0.1,1.0,-11,10,90,80,False,0,True,1075113955,False,0.8871,-0.0725,,,,,,,,46,10.33650827407837,1036.9837050437927
100,1.0,additive,0.96,0.1,1.0,-11,10,90,80,False,0,True,739054374,False,0.998,0.0539,,,,,,,,47,10.1000497341156,1036.9837050437927
100,1.0,additive,0.96,0.1,1.0,-11,10,90,80,False,0,True,402994793,False,0.7902,0.0962,,,,,,,,48,10.204378128051758,1036.9837050437927
100,1.0,additive,0.96,0.1,1.0,-11,10,90,80,False,0,True,556159147,False,0.2627,-0.151,,,,,,,,49,10.462970733642578,1036.9837050437927
100,1.0,additive,0.98,0.1,1.0,-11,10,90,80,False,0,False,776895404,True,0.001,0.4479,False,-1.0,2.0,0.963855421686747,,,,0,13.940299272537231,1081.2292938232422
100,1.0,additive,0.98,0.1,1.0,-11,10,90,80,False,0,False,440835823,True,0.005,0.4569,False,0.0,8.0,0.9090909090909091,,,,1,10.347190856933594,1081.2292938232422
100,1.0,additive,0.98,0.1,1.0,-11,10,90,80,False,0,False,1399321027,True,0.002,0.4414,False,-4.0,2.0,0.9302325581395349,,,,2,10.098045587539673,1081.2292938232422
100,1.0,additive,0.98,0.1,1.0,-11,10,90,80,False,0,False,1063261446,True,0.002,0.47,False,-8.0,4.0,0.8695652173913043,,,,3,10.216174840927124,1081.2292938232422
100,1.0,additive,0.98,0.1,1.0,-11,10,90,80,False,0,False,1216425800,True,0.003,0.4446,False,-3.0,10.0,0.8602150537634409,,,,4,10.072204113006592,1081.2292938232422
100,1.0,additive,0.98,0.1,1.0,-11,10,90,80,False,0,False,880366219,True,0.002,0.4507,False,-7.0,10.0,0.8247422680412371,,,,5,13.594662427902222,1081.2292938232422
100,1.0,additive,0.98,0.1,1.0,-11,10,90,80,False,0,False,544306638,True,0.004,0.4582,False,0.0,10.0,0.8888888888888888,,,,6,10.261074781417847,1081.2292938232422
100,1.0,additive,0.98,0.1,1.0,-11,10,90,80,False,0,False,1502791842,True,0.003,0.4608,False,0.0,5.0,0.9411764705882353,,,,7,15.584252119064331,1081.2292938232422
100,1.0,additive,0.98,0.1,1.0,-11,10,90,80,False,0,False,361411411,True,0.002,0.4827,False,-10.0,7.0,0.8247422680412371,,,,8,12.952388048171997,1081.2292938232422
100,1.0,additive,0.98,0.1,1.0,-11,10,90,80,False,0,False,1319896615,True,0.003,0.4545,False,-7.0,7.0,0.851063829787234,,,,9,10.323784351348877,1081.2292938232422
100,1.0,additive,0.98,0.1,1.0,-11,10,90,80,False,0,False,983837034,True,0.004,0.4582,False,-10.0,10.0,0.8,,,,10,10.122259140014648,1081.2292938232422
100,1.0,additive,0.98,0.1,1.0,-11,10,90,80,False,0,False,2041661125,True,0.002,0.4774,False,-7.0,6.0,0.8602150537634409,,,,11,10.981049537658691,1081.2292938232422
100,1.0,additive,0.98,0.1,1.0,-11,10,90,80,False,0,False,800941807,True,0.003,0.4505,False,-5.0,4.0,0.898876404494382,,,,12,11.226093769073486,1081.2292938232422
100,1.0,additive,0.98,0.1,1.0,-11,10,90,80,False,0,False,464882226,True,0.006,0.4327,False,-1.0,8.0,0.898876404494382,,,,13,10.422940015792847,1081.2292938232422
100,1.0,additive,0.98,0.1,1.0,-11,10,90,80,False,0,False,1423367430,True,0.002,0.4584,False,0.0,1.0,0.9876543209876543,,,,14,10.238063335418701,1081.2292938232422
100,1.0,additive,0.98,0.1,1.0,-11,10,90,80,False,0,False,1087307849,True,0.005,0.4541,False,0.0,3.0,0.963855421686747,,,,15,12.760446786880493,1081.2292938232422
100,1.0,additive,0.98,0.1,1.0,-11,10,90,80,False,0,False,2145131940,True,0.005,0.4755,False,-8.0,4.0,0.8695652173913043,,,,16,11.65572476387024,1081.2292938232422
100,1.0,additive,0.98,0.1,1.0,-11,10,90,80,False,0,False,904412622,True,0.004,0.4539,False,-1.0,8.0,0.898876404494382,,,,17,10.185036897659302,1081.2292938232422
100,1.0,additive,0.98,0.1,1.0,-11,10,90,80,False,0,False,568353041,True,0.007,0.4249,True,0.0,0.0,1.0,,,,18,10.053658246994019,1081.2292938232422
100,1.0,additive,0.98,0.1,1.0,-11,10,90,80,False,0,False,1526838245,True,0.007,0.4585,False,-1.0,7.0,0.9090909090909091,,,,19,10.07839822769165,1081.2292938232422
100,1.0,additive,0.98,0.1,1.0,-11,10,90,80,False,0,False,1190778664,True,0.002,0.4903,False,-7.0,8.0,0.8421052631578947,,,,20,10.215356349945068,1081.2292938232422
100,1.0,additive,0.98,0.1,1.0,-11,10,90,80,False,0,False,1343943018,True,0.004,0.4206,False,-8.0,0.0,0.9090909090909091,,,,21,10.133278608322144,1081.2292938232422
100,1.0,additive,0.98,0.1,1.0,-11,10,90,80,False,0,False,1007883437,True,0.002,0.4969,False,-10.0,10.0,0.8,,,,22,15.955077648162842,1081.2292938232422
100,1.0,additive,0.98,0.1,1.0,-11,10,90,80,False,0,False,1966368641,True,0.003,0.4214,True,0.0,0.0,1.0,,,,23,9.54956340789795,1081.2292938232422
100,1.0,additive,0.98,0.1,1.0,-11,10,90,80,False,0,False,1630309060,True,0.006,0.4095,False,-10.0,0.0,0.8888888888888888,,,,24,10.396045446395874,1081.2292938232422
100,1.0,additive,0.98,0.1,1.0,-11,10,90,80,False,0,False,488928629,True,0.003,0.4578,False,-9.0,10.0,0.8080808080808081,,,,25,10.320635795593262,1081.2292938232422
100,1.0,additive,0.98,0.1,1.0,-11,10,90,80,False,0,False,1447413833,True,0.005,0.4365,False,-2.0,0.0,0.975609756097561,,,,26,10.195430040359497,1081.2292938232422
100,1.0,additive,0.98,0.1,1.0,-11,10,90,80,False,0,False,1111354252,True,0.005,0.4488,False,0.0,2.0,0.975609756097561,,,,27,10.458626985549927,1081.2292938232422
100,1.0,additive,0.98,0.1,1.0,-11,10,90,80,False,0,False,2069839456,True,0.001,0.4856,False,-8.0,4.0,0.8695652173913043,,,,28,10.41724681854248,1081.2292938232422
100,1.0,additive,0.98,0.1,1.0,-11,10,90,80,False,0,False,928459025,True,0.001,0.4485,False,0.0,7.0,0.9195402298850575,,,,29,10.223665475845337,1081.2292938232422
100,1.0,additive,0.98,0.1,1.0,-11,10,90,80,False,0,False,1886944229,True,0.003,0.4537,False,-4.0,3.0,0.9195402298850575,,,,30,10.113684177398682,1081.2292938232422
100,1.0,additive,0.98,0.1,1.0,-11,10,90,80,False,0,False,1550884648,True,0.003,0.4373,False,0.0,9.0,0.898876404494382,,,,31,10.35971474647522,1081.2292938232422
100,1.0,additive,0.98,0.1,1.0,-11,10,90,80,False,0,False,1214825067,True,0.005,0.4293,False,0.0,8.0,0.9090909090909091,,,,32,10.105139970779419,1081.2292938232422
100,1.0,additive,0.98,0.1,1.0,-11,10,90,80,False,0,False,1367989421,True,0.002,0.4516,False,0.0,10.0,0.8888888888888888,,,,33,15.093620777130127,1081.2292938232422
100,1.0,additive,0.98,0.1,1.0,-11,10,90,80,False,0,False,1031929840,True,0.003,0.4658,False,-5.0,10.0,0.8421052631578947,,,,34,10.258980751037598,1081.2292938232422
100,1.0,additive,0.98,0.1,1.0,-11,10,90,80,False,0,False,1990415044,True,0.001,0.4732,False,-10.0,0.0,0.8888888888888888,,,,35,10.340537071228027,1081.2292938232422
100,1.0,additive,0.98,0.1,1.0,-11,10,90,80,False,0,False,1654355463,True,0.002,0.4399,False,-3.0,10.0,0.8602150537634409,,,,36,10.728896141052246,1081.2292938232422
100,1.0,additive,0.98,0.1,1.0,-11,10,90,80,False,0,False,1318295882,True,0.005,0.4521,False,-3.0,1.0,0.9523809523809523,,,,37,10.188802242279053,1081.2292938232422
100,1.0,additive,0.98,0.1,1.0,-11,10,90,80,False,0,False,1471460236,True,0.002,0.4443,False,-4.0,8.0,0.8695652173913043,,,,38,10.310890913009644,1081.2292938232422
100,1.0,additive,0.98,0.1,1.0,-11,10,90,80,False,0,False,1135400655,True,0.001,0.4115,False,-3.0,0.0,0.963855421686747,,,,39,10.248388051986694,1081.2292938232422
100,1.0,additive,0.98,0.1,1.0,-11,10,90,80,False,0,False,2093885859,True,0.002,0.4685,False,-5.0,10.0,0.8421052631578947,,,,40,10.337985754013062,1081.2292938232422
100,1.0,additive,0.98,0.1,1.0,-11,10,90,80,False,0,False,1757826278,True,0.002,0.4334,False,0.0,3.0,0.963855421686747,,,,41,10.556629180908203,1081.2292938232422
100,1.0,additive,0.98,0.1,1.0,-11,10,90,80,False,0,False,1910990632,True,0.004,0.4661,False,-5.0,6.0,0.8791208791208791,,,,42,10.536484956741333,1081.2292938232422
100,1.0,additive,0.98,0.1,1.0,-11,10,90,80,False,0,False,1574931051,True,0.002,0.4135,False,-10.0,2.0,0.8695652173913043,,,,43,10.133171319961548,1081.2292938232422
100,1.0,additive,0.98,0.1,1.0,-11,10,90,80,False,0,False,1238871470,True,0.005,0.4652,False,-1.0,1.0,0.975609756097561,,,,44,11.939806699752808,1081.2292938232422
100,1.0,additive,0.98,0.1,1.0,-11,10,90,80,False,0,False,49873026,True,0.002,0.4706,False,-2.0,7.0,0.898876404494382,,,,45,10.735285997390747,1081.2292938232422
100,1.0,additive,0.98,0.1,1.0,-11,10,90,80,False,0,False,1055976243,True,0.002,0.478,False,-5.0,10.0,0.8421052631578947,,,,46,10.152652740478516,1081.2292938232422
100,1.0,additive,0.98,0.1,1.0,-11,10,90,80,False,0,False,2014461447,True,0.003,0.4718,False,-10.0,0.0,0.8888888888888888,,,,47,10.128772974014282,1081.2292938232422
100,1.0,additive,0.98,0.1,1.0,-11,10,90,80,False,0,False,1678401866,True,0.006,0.4267,False,-6.0,0.0,0.9302325581395349,,,,48,10.15170931816101,1081.2292938232422
100,1.0,additive,0.98,0.1,1.0,-11,10,90,80,False,0,False,489403422,True,0.002,0.4614,False,-6.0,7.0,0.8602150537634409,,,,49,10.08943772315979,1081.2292938232422
100,1.0,additive,0.98,0.1,1.0,-11,10,90,80,False,0,True,965362795,False,0.7992,-0.1015,,,,,,,,0,11.962944269180298,1081.2292938232422
100,1.0,additive,0.98,0.1,1.0,-11,10,90,80,False,0,True,629303214,False,0.7762,0.1011,,,,,,,,1,10.151580810546875,1081.2292938232422
100,1.0,additive,0.98,0.1,1.0,-11,10,90,80,False,0,True,1587788418,False,0.2637,0.1543,,,,,,,,2,10.159560441970825,1081.2292938232422
100,1.0,additive,0.98,0.1,1.0,-11,10,90,80,False,0,True,1251728837,False,0.4426,0.1389,,,,,,,,3,10.763431310653687,1081.2292938232422
100,1.0,additive,0.98,0.1,1.0,-11,10,90,80,False,0,True,1404893191,False,0.3586,0.1538,,,,,,,,4,11.222513437271118,1081.2292938232422
100,1.0,additive,0.98,0.1,1.0,-11,10,90,80,False,0,True,1068833610,False,0.3497,0.1432,,,,,,,,5,10.792071342468262,1081.2292938232422
100,1.0,additive,0.98,0.1,1.0,-11,10,90,80,False,0,True,732774029,False,0.7922,0.1002,,,,,,,,6,10.619824171066284,1081.2292938232422
100,1.0,additive,0.98,0.1,1.0,-11,10,90,80,False,0,True,1691259233,False,0.6434,-0.1187,,,,,,,,7,10.600161790847778,1081.2292938232422
100,1.0,additive,0.98,0.1,1.0,-11,10,90,80,False,0,True,549878802,False,0.8012,-0.1075,,,,,,,,8,10.068395853042603,1081.2292938232422
100,1.0,additive,0.98,0.1,1.0,-11,10,90,80,False,0,True,1508364006,False,0.4635,0.1234,,,,,,,,9,10.369524240493774,1081.2292938232422
100,1.0,additive,0.98,0.1,1.0,-11,10,90,80,False,0,True,1172304425,False,0.0579,-0.233,,,,,,,,10,14.10031771659851,1081.2292938232422
100,1.0,additive,0.98,0.1,1.0,-11,10,90,80,False,0,True,2130789629,False,0.6244,0.1287,,,,,,,,11,10.054474353790283,1081.2292938232422
100,1.0,additive,0.98,0.1,1.0,-11,10,90,80,False,0,True,989409198,False,0.2418,-0.1631,,,,,,,,12,11.293942213058472,1081.2292938232422
100,1.0,additive,0.98,0.1,1.0,-11,10,90,80,False,0,True,653349617,False,0.7443,-0.0982,,,,,,,,13,10.104194402694702,1081.2292938232422
100,1.0,additive,0.98,0.1,1.0,-11,10,90,80,False,0,True,1611834821,False,0.8581,-0.0995,,,,,,,,14,10.086665153503418,1081.2292938232422
100,1.0,additive,0.98,0.1,1.0,-11,10,90,80,False,0,True,1275775240,False,0.8831,-0.0929,,,,,,,,15,10.12989592552185,1081.2292938232422
100,1.0,additive,0.98,0.1,1.0,-11,10,90,80,False,0,True,86776796,False,0.4136,0.1466,,,,,,,,16,10.352153539657593,1081.2292938232422
100,1.0,additive,0.98,0.1,1.0,-11,10,90,80,False,0,True,1092880013,False,0.0589,0.2235,,,,,,,,17,10.141836404800415,1081.2292938232422
100,1.0,additive,0.98,0.1,1.0,-11,10,90,80,False,0,True,756820432,False,0.2827,-0.1687,,,,,,,,18,10.10215139389038,1081.2292938232422
100,1.0,additive,0.98,0.1,1.0,-11,10,90,80,False,0,True,1715305636,False,0.4685,0.1268,,,,,,,,19,10.515453338623047,1081.2292938232422
100,1.0,additive,0.98,0.1,1.0,-11,10,90,80,False,0,True,1379246055,False,0.7223,-0.1146,,,,,,,,20,10.414855241775513,1081.2292938232422
100,1.0,additive,0.98,0.1,1.0,-11,10,90,80,False,0,True,1532410409,False,0.9171,0.0897,,,,,,,,21,10.10899543762207,1081.2292938232422
100,1.0,additive,0.98,0.1,1.0,-11,10,90,80,False,0,True,1196350828,False,0.2957,-0.1576,,,,,,,,22,10.441307306289673,1081.2292938232422
100,1.0,additive,0.98,0.1,1.0,-11,10,90,80,False,0,True,7352384,False,0.9321,-0.0838,,,,,,,,23,10.27429723739624,1081.2292938232422
100,1.0,additive,0.98,0.1,1.0,-11,10,90,80,False,0,True,1818776451,False,0.4246,-0.13,,,,,,,,24,10.024506092071533,1081.2292938232422
100,1.0,additive,0.98,0.1,1.0,-11,10,90,80,False,0,True,677396020,False,0.5055,0.1065,,,,,,,,25,10.242221355438232,1081.2292938232422
100,1.0,additive,0.98,0.1,1.0,-11,10,90,80,False,0,True,1635881224,True,0.038,-0.2463,,,,,,,,26,10.18210482597351,1081.2292938232422
100,1.0,additive,0.98,0.1,1.0,-11,10,90,80,False,0,True,1299821643,False,0.8402,0.0987,,,,,,,,27,10.606158018112183,1081.2292938232422
100,1.0,additive,0.98,0.1,1.0,-11,10,90,80,False,0,True,110823199,False,0.6743,0.1121,,,,,,,,28,9.999629974365234,1081.2292938232422
100,1.0,additive,0.98,0.1,1.0,-11,10,90,80,False,0,True,1116926416,False,0.3836,0.1585,,,,,,,,29,10.409493684768677,1081.2292938232422
100,1.0,additive,0.98,0.1,1.0,-11,10,90,80,False,0,True,2075411620,False,0.1419,0.1902,,,,,,,,30,10.187967300415039,1081.2292938232422
100,1.0,additive,0.98,0.1,1.0,-11,10,90,80,False,0,True,1739352039,False,0.6374,0.1111,,,,,,,,31,10.156361818313599,1081.2292938232422
100,1.0,additive,0.98,0.1,1.0,-11,10,90,80,False,0,True,1403292458,False,0.1449,0.1661,,,,,,,,32,11.728977680206299,1081.2292938232422
100,1.0,additive,0.98,0.1,1.0,-11,10,90,80,False,0,True,1556456812,False,0.3187,0.1488,,,,,,,,33,10.128062725067139,1081.2292938232422
100,1.0,additive,0.98,0.1,1.0,-11,10,90,80,False,0,True,1220397231,False,0.9101,0.0868,,,,,,,,34,10.41480803489685,1081.2292938232422
100,1.0,additive,0.98,0.1,1.0,-11,10,90,80,False,0,True,31398787,False,0.5864,-0.1228,,,,,,,,35,10.123331308364868,1081.2292938232422
100,1.0,additive,0.98,0.1,1.0,-11,10,90,80,False,0,True,1842822854,False,0.8821,0.0933,,,,,,,,36,10.08524775505066,1081.2292938232422
100,1.0,additive,0.98,0.1,1.0,-11,10,90,80,False,0,True,1506763273,False,0.4376,-0.1307,,,,,,,,37,10.434928178787231,1081.2292938232422
100,1.0,additive,0.98,0.1,1.0,-11,10,90,80,False,0,True,1659927627,False,0.3546,-0.1604,,,,,,,,38,10.42441701889038,1081.2292938232422
100,1.0,additive,0.98,0.1,1.0,-11,10,90,80,False,0,True,1323868046,False,0.4346,0.1371,,,,,,,,39,10.052332878112793,1081.2292938232422
100,1.0,additive,0.98,0.1,1.0,-11,10,90,80,False,0,True,134869602,False,0.6314,0.1199,,,,,,,,40,12.222809076309204,1081.2292938232422
100,1.0,additive,0.98,0.1,1.0,-11,10,90,80,False,0,True,1946293669,False,0.5884,-0.1397,,,,,,,,41,10.135347127914429,1081.2292938232422
100,1.0,additive,0.98,0.1,1.0,-11,10,90,80,False,0,True,2099458023,False,0.3856,0.1528,,,,,,,,42,10.069263458251953,1081.2292938232422
100,1.0,additive,0.98,0.1,1.0,-11,10,90,80,False,0,True,1763398442,False,0.3057,-0.1619,,,,,,,,43,14.954986810684204,1081.2292938232422
100,1.0,additive,0.98,0.1,1.0,-11,10,90,80,False,0,True,1427338861,False,0.05,-0.2196,,,,,,,,44,16.452743530273438,1081.2292938232422
100,1.0,additive,0.98,0.1,1.0,-11,10,90,80,False,0,True,238340417,False,0.966,-0.0657,,,,,,,,45,10.372032642364502,1081.2292938232422
100,1.0,additive,0.98,0.1,1.0,-11,10,90,80,False,0,True,1244443634,False,0.2727,-0.1584,,,,,,,,46,10.499753475189209,1081.2292938232422
100,1.0,additive,0.98,0.1,1.0,-11,10,90,80,False,0,True,55445190,False,0.3836,0.1426,,,,,,,,47,9.949819087982178,1081.2292938232422
100,1.0,additive,0.98,0.1,1.0,-11,10,90,80,False,0,True,1866869257,False,0.6773,0.1154,,,,,,,,48,10.08108639717102,1081.2292938232422
100,1.0,additive,0.98,0.1,1.0,-11,10,90,80,False,0,True,677870813,False,0.5125,0.1184,,,,,,,,49,10.538102865219116,1081.2292938232422
100,1.0,additive,1.0,0.1,1.0,-11,10,90,80,False,0,False,560415838,True,0.002,0.4332,True,0.0,0.0,1.0,,,,0,10.462998151779175,1049.4566361904144
100,1.0,additive,1.0,0.1,1.0,-11,10,90,80,False,0,False,1566519055,True,0.006,0.4599,False,-6.0,4.0,0.8888888888888888,,,,1,10.136287212371826,1049.4566361904144
100,1.0,additive,1.0,0.1,1.0,-11,10,90,80,False,0,False,1230459474,True,0.004,0.4438,False,-2.0,10.0,0.8695652173913043,,,,2,10.22938585281372,1049.4566361904144
100,1.0,additive,1.0,0.1,1.0,-11,10,90,80,False,0,False,41461030,True,0.008,0.4757,False,-8.0,6.0,0.851063829787234,,,,3,10.667862176895142,1049.4566361904144
100,1.0,additive,1.0,0.1,1.0,-11,10,90,80,False,0,False,1852885097,True,0.004,0.4717,False,-1.0,10.0,0.8791208791208791,,,,4,10.55361032485962,1049.4566361904144
100,1.0,additive,1.0,0.1,1.0,-11,10,90,80,False,0,False,663886653,True,0.001,0.4456,False,-5.0,0.0,0.9411764705882353,,,,5,10.075323820114136,1049.4566361904144
100,1.0,additive,1.0,0.1,1.0,-11,10,90,80,False,0,False,1669989870,True,0.003,0.4378,False,-1.0,2.0,0.963855421686747,,,,6,10.210070848464966,1049.4566361904144
100,1.0,additive,1.0,0.1,1.0,-11,10,90,80,False,0,False,480991426,True,0.002,0.4777,False,-9.0,7.0,0.8333333333333334,,,,7,12.741047143936157,1049.4566361904144
100,1.0,additive,1.0,0.1,1.0,-11,10,90,80,False,0,False,144931845,True,0.002,0.4379,False,0.0,1.0,0.9876543209876543,,,,8,10.093983173370361,1049.4566361904144
100,1.0,additive,1.0,0.1,1.0,-11,10,90,80,False,0,False,1956355912,True,0.006,0.4424,False,-3.0,1.0,0.9523809523809523,,,,9,10.221588134765625,1049.4566361904144
100,1.0,additive,1.0,0.1,1.0,-11,10,90,80,False,0,False,2109520266,True,0.005,0.4251,False,0.0,5.0,0.9411764705882353,,,,10,10.493605613708496,1049.4566361904144
100,1.0,additive,1.0,0.1,1.0,-11,10,90,80,False,0,False,1773460685,True,0.002,0.4597,False,-6.0,0.0,0.9302325581395349,,,,11,10.158843517303467,1049.4566361904144
100,1.0,additive,1.0,0.1,1.0,-11,10,90,80,False,0,False,584462241,True,0.002,0.4696,False,-8.0,5.0,0.8602150537634409,,,,12,10.201316833496094,1049.4566361904144
100,1.0,additive,1.0,0.1,1.0,-11,10,90,80,False,0,False,248402660,True,0.001,0.4739,False,-10.0,0.0,0.8888888888888888,,,,13,10.1920485496521,1049.4566361904144
100,1.0,additive,1.0,0.1,1.0,-11,10,90,80,False,0,False,1254505877,True,0.006,0.4297,False,-2.0,7.0,0.898876404494382,,,,14,10.16185188293457,1049.4566361904144
100,1.0,additive,1.0,0.1,1.0,-11,10,90,80,False,0,False,65507433,True,0.003,0.4461,False,-1.0,3.0,0.9523809523809523,,,,15,10.403749942779541,1049.4566361904144
100,1.0,additive,1.0,0.1,1.0,-11,10,90,80,False,0,False,1876931500,True,0.003,0.4601,False,-1.0,4.0,0.9411764705882353,,,,16,10.559085607528687,1049.4566361904144
100,1.0,additive,1.0,0.1,1.0,-11,10,90,80,False,0,False,687933056,True,0.005,0.4539,False,0.0,3.0,0.963855421686747,,,,17,10.61611557006836,1049.4566361904144
100,1.0,additive,1.0,0.1,1.0,-11,10,90,80,False,0,False,1694036273,True,0.002,0.4627,False,-4.0,0.0,0.9523809523809523,,,,18,10.120132207870483,1049.4566361904144
100,1.0,additive,1.0,0.1,1.0,-11,10,90,80,False,0,False,505037829,True,0.001,0.4513,False,-8.0,4.0,0.8695652173913043,,,,19,11.566304206848145,1049.4566361904144
100,1.0,additive,1.0,0.1,1.0,-11,10,90,80,False,0,False,168978248,True,0.004,0.4468,False,-6.0,0.0,0.9302325581395349,,,,20,10.088242769241333,1049.4566361904144
100,1.0,additive,1.0,0.1,1.0,-11,10,90,80,False,0,False,1980402315,True,0.005,0.4461,False,-4.0,0.0,0.9523809523809523,,,,21,10.64732837677002,1049.4566361904144
100,1.0,additive,1.0,0.1,1.0,-11,10,90,80,False,0,False,2133566669,True,0.005,0.4591,False,-3.0,8.0,0.8791208791208791,,,,22,10.284231424331665,1049.4566361904144
100,1.0,additive,1.0,0.1,1.0,-11,10,90,80,False,0,False,1797507088,True,0.005,0.4528,False,-5.0,4.0,0.898876404494382,,,,23,10.658026456832886,1049.4566361904144
100,1.0,additive,1.0,0.1,1.0,-11,10,90,80,False,0,False,608508644,True,0.002,0.4115,False,-3.0,1.0,0.9523809523809523,,,,24,10.196935415267944,1049.4566361904144
100,1.0,additive,1.0,0.1,1.0,-11,10,90,80,False,0,False,272449063,True,0.007,0.4624,False,-1.0,4.0,0.9411764705882353,,,,25,10.115850925445557,1049.4566361904144
100,1.0,additive,1.0,0.1,1.0,-11,10,90,80,False,0,False,425613417,True,0.007,0.4342,True,0.0,0.0,1.0,,,,26,10.154728651046753,1049.4566361904144
100,1.0,additive,1.0,0.1,1.0,-11,10,90,80,False,0,False,89553836,True,0.005,0.4942,False,-7.0,5.0,0.8695652173913043,,,,27,9.934156894683838,1049.4566361904144
100,1.0,additive,1.0,0.1,1.0,-11,10,90,80,False,0,False,1900977903,True,0.003,0.467,False,-10.0,6.0,0.8333333333333334,,,,28,10.180532932281494,1049.4566361904144
100,1.0,additive,1.0,0.1,1.0,-11,10,90,80,False,0,False,711979459,True,0.002,0.4437,False,-2.0,4.0,0.9302325581395349,,,,29,10.159351825714111,1049.4566361904144
100,1.0,additive,1.0,0.1,1.0,-11,10,90,80,False,0,False,375919878,True,0.003,0.4792,False,-3.0,4.0,0.9195402298850575,,,,30,10.543169736862183,1049.4566361904144
100,1.0,additive,1.0,0.1,1.0,-11,10,90,80,False,0,False,529084232,True,0.004,0.4218,False,0.0,1.0,0.9876543209876543,,,,31,10.483275413513184,1049.4566361904144
100,1.0,additive,1.0,0.1,1.0,-11,10,90,80,False,0,False,193024651,True,0.002,0.4588,False,-10.0,3.0,0.8602150537634409,,,,32,10.09906554222107,1049.4566361904144
100,1.0,additive,1.0,0.1,1.0,-11,10,90,80,False,0,False,1151509855,True,0.011,0.3985,False,-1.0,0.0,0.9876543209876543,,,,33,10.174055576324463,1049.4566361904144
100,1.0,additive,1.0,0.1,1.0,-11,10,90,80,False,0,False,815450274,True,0.004,0.4573,False,-1.0,1.0,0.975609756097561,,,,34,10.61246371269226,1049.4566361904144
100,1.0,additive,1.0,0.1,1.0,-11,10,90,80,False,0,False,1821553491,True,0.002,0.4949,False,-10.0,10.0,0.8,,,,35,10.131802320480347,1049.4566361904144
100,1.0,additive,1.0,0.1,1.0,-11,10,90,80,False,0,False,632555047,True,0.002,0.451,False,-3.0,0.0,0.963855421686747,,,,36,10.547650575637817,1049.4566361904144
100,1.0,additive,1.0,0.1,1.0,-11,10,90,80,False,0,False,296495466,True,0.001,0.4577,False,0.0,7.0,0.9195402298850575,,,,37,10.14270544052124,1049.4566361904144
100,1.0,additive,1.0,0.1,1.0,-11,10,90,80,False,0,False,1254980670,True,0.002,0.4458,False,-9.0,7.0,0.8333333333333334,,,,38,9.978803634643555,1049.4566361904144
100,1.0,additive,1.0,0.1,1.0,-11,10,90,80,False,0,False,113600239,True,0.005,0.4594,False,0.0,7.0,0.9195402298850575,,,,39,10.478333950042725,1049.4566361904144
100,1.0,additive,1.0,0.1,1.0,-11,10,90,80,False,0,False,1925024306,True,0.004,0.46,False,-8.0,5.0,0.8602150537634409,,,,40,10.075462579727173,1049.4566361904144
100,1.0,additive,1.0,0.1,1.0,-11,10,90,80,False,0,False,736025862,True,0.002,0.4643,False,-5.0,7.0,0.8695652173913043,,,,41,10.312226057052612,1049.4566361904144
100,1.0,additive,1.0,0.1,1.0,-11,10,90,80,False,0,False,399966281,True,0.002,0.4778,False,-9.0,7.0,0.8333333333333334,,,,42,10.113857507705688,1049.4566361904144
100,1.0,additive,1.0,0.1,1.0,-11,10,90,80,False,0,False,553130635,True,0.001,0.478,False,-2.0,9.0,0.8791208791208791,,,,43,10.741377592086792,1049.4566361904144
100,1.0,additive,1.0,0.1,1.0,-11,10,90,80,False,0,False,217071054,True,0.005,0.4473,True,0.0,0.0,1.0,,,,44,10.281720399856567,1049.4566361904144
100,1.0,additive,1.0,0.1,1.0,-11,10,90,80,False,0,False,1175556258,True,0.005,0.4581,False,-6.0,5.0,0.8791208791208791,,,,45,10.103705644607544,1049.4566361904144
100,1.0,additive,1.0,0.1,1.0,-11,10,90,80,False,0,False,839496677,True,0.007,0.4536,False,-2.0,10.0,0.8695652173913043,,,,46,10.01175308227539,1049.4566361904144
100,1.0,additive,1.0,0.1,1.0,-11,10,90,80,False,0,False,1845599894,True,0.006,0.4532,False,-5.0,1.0,0.9302325581395349,,,,47,10.300813674926758,1049.4566361904144
100,1.0,additive,1.0,0.1,1.0,-11,10,90,80,False,0,False,656601450,True,0.005,0.4536,False,-2.0,8.0,0.8888888888888888,,,,48,10.389082670211792,1049.4566361904144
100,1.0,additive,1.0,0.1,1.0,-11,10,90,80,False,0,False,320541869,True,0.008,0.4446,False,-7.0,3.0,0.8888888888888888,,,,49,10.203778266906738,1049.4566361904144
100,1.0,additive,1.0,0.1,1.0,-11,10,90,80,False,0,True,748883229,False,0.5604,0.1322,,,,,,,,0,10.199729919433594,1049.4566361904144
100,1.0,additive,1.0,0.1,1.0,-11,10,90,80,False,0,True,1655647559,False,0.2627,0.182,,,,,,,,1,10.297715663909912,1049.4566361904144
100,1.0,additive,1.0,0.1,1.0,-11,10,90,80,False,0,True,1319587978,False,0.7163,-0.1109,,,,,,,,2,10.120907068252563,1049.4566361904144
100,1.0,additive,1.0,0.1,1.0,-11,10,90,80,False,0,True,229928421,False,0.8432,0.0992,,,,,,,,3,10.13815951347351,1049.4566361904144
100,1.0,additive,1.0,0.1,1.0,-11,10,90,80,False,0,True,2041352488,False,0.3367,0.1507,,,,,,,,4,9.798827648162842,1049.4566361904144
100,1.0,additive,1.0,0.1,1.0,-11,10,90,80,False,0,True,852354044,False,0.6114,0.1188,,,,,,,,5,10.246545553207397,1049.4566361904144
100,1.0,additive,1.0,0.1,1.0,-11,10,90,80,False,0,True,1759118374,False,0.0839,0.2206,,,,,,,,6,10.082408428192139,1049.4566361904144
100,1.0,additive,1.0,0.1,1.0,-11,10,90,80,False,0,True,669458817,False,0.5095,-0.1292,,,,,,,,7,10.613500595092773,1049.4566361904144
100,1.0,additive,1.0,0.1,1.0,-11,10,90,80,False,0,True,333399236,False,0.4306,-0.1323,,,,,,,,8,10.355552673339844,1049.4566361904144
100,1.0,additive,1.0,0.1,1.0,-11,10,90,80,False,0,True,2144823303,False,0.2677,-0.1587,,,,,,,,9,10.228827476501465,1049.4566361904144
100,1.0,additive,1.0,0.1,1.0,-11,10,90,80,False,0,True,51165122,False,0.0839,-0.2068,,,,,,,,10,10.614396095275879,1049.4566361904144
100,1.0,additive,1.0,0.1,1.0,-11,10,90,80,False,0,True,1862589189,False,0.7622,-0.0912,,,,,,,,11,10.399778127670288,1049.4566361904144
100,1.0,additive,1.0,0.1,1.0,-11,10,90,80,False,0,True,772929632,False,0.6134,0.1146,,,,,,,,12,10.461673259735107,1049.4566361904144
100,1.0,additive,1.0,0.1,1.0,-11,10,90,80,False,0,True,436870051,False,0.6494,-0.1067,,,,,,,,13,10.119746923446655,1049.4566361904144
100,1.0,additive,1.0,0.1,1.0,-11,10,90,80,False,0,True,1343634381,False,0.8801,0.091,,,,,,,,14,10.517963409423828,1049.4566361904144
100,1.0,additive,1.0,0.1,1.0,-11,10,90,80,False,0,True,154635937,False,0.8631,0.0969,,,,,,,,15,10.693987369537354,1049.4566361904144
100,1.0,additive,1.0,0.1,1.0,-11,10,90,80,False,0,True,1966060004,True,0.035,0.2491,,,,,,,,16,10.225176572799683,1049.4566361904144
100,1.0,additive,1.0,0.1,1.0,-11,10,90,80,False,0,True,876400447,False,0.3706,0.1346,,,,,,,,17,10.169470310211182,1049.4566361904144
100,1.0,additive,1.0,0.1,1.0,-11,10,90,80,False,0,True,1783164777,False,0.6833,-0.1211,,,,,,,,18,10.399714231491089,1049.4566361904144
100,1.0,additive,1.0,0.1,1.0,-11,10,90,80,False,0,True,693505220,False,0.5714,-0.1094,,,,,,,,19,10.646936655044556,1049.4566361904144
100,1.0,additive,1.0,0.1,1.0,-11,10,90,80,False,0,True,258106752,False,0.9491,-0.0673,,,,,,,,20,10.80504846572876,1049.4566361904144
100,1.0,additive,1.0,0.1,1.0,-11,10,90,80,False,0,True,2069530819,False,0.953,0.07,,,,,,,,21,10.104933023452759,1049.4566361904144
100,1.0,additive,1.0,0.1,1.0,-11,10,90,80,False,0,True,75211525,False,0.6134,0.1221,,,,,,,,22,10.122161865234375,1049.4566361904144
100,1.0,additive,1.0,0.1,1.0,-11,10,90,80,False,0,True,1886635592,False,0.953,-0.072,,,,,,,,23,10.164305925369263,1049.4566361904144
100,1.0,additive,1.0,0.1,1.0,-11,10,90,80,False,0,True,796976035,False,0.8452,0.0896,,,,,,,,24,10.422095537185669,1049.4566361904144
100,1.0,additive,1.0,0.1,1.0,-11,10,90,80,False,0,True,361577567,False,0.3566,0.1694,,,,,,,,25,10.19180703163147,1049.4566361904144
100,1.0,additive,1.0,0.1,1.0,-11,10,90,80,False,0,True,514741921,False,0.6264,0.1287,,,,,,,,26,10.666309356689453,1049.4566361904144
100,1.0,additive,1.0,0.1,1.0,-11,10,90,80,False,0,True,178682340,False,0.5964,-0.1346,,,,,,,,27,10.106997966766357,1049.4566361904144
100,1.0,additive,1.0,0.1,1.0,-11,10,90,80,False,0,True,1990106407,False,0.6444,-0.1203,,,,,,,,28,10.356984376907349,1049.4566361904144
100,1.0,additive,1.0,0.1,1.0,-11,10,90,80,False,0,True,900446850,False,0.5405,-0.1461,,,,,,,,29,10.299625873565674,1049.4566361904144
100,1.0,additive,1.0,0.1,1.0,-11,10,90,80,False,0,True,465048382,False,0.7852,-0.0967,,,,,,,,30,10.10960865020752,1049.4566361904144
100,1.0,additive,1.0,0.1,1.0,-11,10,90,80,False,0,True,618212736,False,0.8751,0.0924,,,,,,,,31,10.594440698623657,1049.4566361904144
100,1.0,additive,1.0,0.1,1.0,-11,10,90,80,False,0,True,282153155,False,0.9031,0.0765,,,,,,,,32,10.279413938522339,1049.4566361904144
100,1.0,additive,1.0,0.1,1.0,-11,10,90,80,False,0,True,1339977246,False,0.3427,-0.1609,,,,,,,,33,10.38150429725647,1049.4566361904144
100,1.0,additive,1.0,0.1,1.0,-11,10,90,80,False,0,True,1003917665,False,0.1978,0.1637,,,,,,,,34,11.67259430885315,1049.4566361904144
100,1.0,additive,1.0,0.1,1.0,-11,10,90,80,False,0,True,1910681995,False,0.5614,-0.1206,,,,,,,,35,10.161527156829834,1049.4566361904144
100,1.0,additive,1.0,0.1,1.0,-11,10,90,80,False,0,True,721683551,False,0.6044,0.104,,,,,,,,36,10.164831399917603,1049.4566361904144
100,1.0,additive,1.0,0.1,1.0,-11,10,90,80,False,0,True,385623970,False,0.3746,0.1593,,,,,,,,37,10.393735408782959,1049.4566361904144
100,1.0,additive,1.0,0.1,1.0,-11,10,90,80,False,0,True,1443448061,False,0.3946,-0.1458,,,,,,,,38,10.750560522079468,1049.4566361904144
100,1.0,additive,1.0,0.1,1.0,-11,10,90,80,False,0,True,202728743,False,0.0579,0.2417,,,,,,,,39,10.310378313064575,1049.4566361904144
100,1.0,additive,1.0,0.1,1.0,-11,10,90,80,False,0,True,2014152810,False,0.8482,0.086,,,,,,,,40,10.764898300170898,1049.4566361904144
100,1.0,additive,1.0,0.1,1.0,-11,10,90,80,False,0,True,825154366,False,0.1029,-0.2304,,,,,,,,41,10.190616130828857,1049.4566361904144
100,1.0,additive,1.0,0.1,1.0,-11,10,90,80,False,0,True,489094785,False,0.7642,0.1055,,,,,,,,42,15.508378744125366,1049.4566361904144
100,1.0,additive,1.0,0.1,1.0,-11,10,90,80,False,0,True,642259139,True,0.018,-0.278,,,,,,,,43,13.313787937164307,1049.4566361904144
100,1.0,additive,1.0,0.1,1.0,-11,10,90,80,False,0,True,306199558,True,0.029,0.2628,,,,,,,,44,14.803760766983032,1049.4566361904144
100,1.0,additive,1.0,0.1,1.0,-11,10,90,80,False,0,True,1264684762,False,0.98,-0.0701,,,,,,,,45,10.203057527542114,1049.4566361904144
100,1.0,additive,1.0,0.1,1.0,-11,10,90,80,False,0,True,928625181,False,0.8511,0.0824,,,,,,,,46,10.304410457611084,1049.4566361904144
100,1.0,additive,1.0,0.1,1.0,-11,10,90,80,False,0,True,1934728398,True,0.033,0.2589,,,,,,,,47,10.398789405822754,1049.4566361904144
100,1.0,additive,1.0,0.1,1.0,-11,10,90,80,False,0,True,745729954,False,0.1079,0.1797,,,,,,,,48,10.902842044830322,1049.4566361904144
100,1.0,additive,1.0,0.1,1.0,-11,10,90,80,False,0,True,409670373,False,0.954,0.0753,,,,,,,,49,10.202961683273315,1049.4566361904144
