n,alpha,method,effect_size,noise_sd,sigma_y,window_start,window_end,window_length,is_global,delay_yz,is_control,seed,detected,p_value,lla_score,localization_correct,start_error,end_error,window_overlap,delay_correct,detected_delay,delay_error,replicate,computation_time,batch_time_seconds
100,1.0,additive,0.8,0.1,1.0,10,90,80,False,0,False,136911722,True,0.004,0.4496,False,-1.0,2.0,0.963855421686747,,,,0,18.03886127471924,1321.7253458499908
100,1.0,additive,0.8,0.1,1.0,10,90,80,False,0,False,1194735813,True,0.002,0.4666,False,0.0,9.0,0.898876404494382,,,,1,15.90565800666809,1321.7253458499908
100,1.0,additive,0.8,0.1,1.0,10,90,80,False,0,False,858676232,True,0.007,0.451,False,-10.0,0.0,0.8888888888888888,,,,2,16.702077388763428,1321.7253458499908
100,1.0,additive,0.8,0.1,1.0,10,90,80,False,0,False,1817161436,True,0.004,0.4423,False,-6.0,0.0,0.9302325581395349,,,,3,14.67698335647583,1321.7253458499908
100,1.0,additive,0.8,0.1,1.0,10,90,80,False,0,False,675781005,True,0.002,0.4701,False,-5.0,0.0,0.9411764705882353,,,,4,15.005940914154053,1321.7253458499908
100,1.0,additive,0.8,0.1,1.0,10,90,80,False,0,False,240382537,True,0.001,0.4818,False,-10.0,7.0,0.8247422680412371,,,,5,14.384253740310669,1321.7253458499908
100,1.0,additive,0.8,0.1,1.0,10,90,80,False,0,False,1298206628,True,0.002,0.4573,False,-6.0,9.0,0.8421052631578947,,,,6,15.792754173278809,1321.7253458499908
100,1.0,additive,0.8,0.1,1.0,10,90,80,False,0,False,962147047,True,0.004,0.4733,False,-10.0,1.0,0.8791208791208791,,,,7,14.22433853149414,1321.7253458499908
100,1.0,additive,0.8,0.1,1.0,10,90,80,False,0,False,1115311401,True,0.002,0.4464,False,-1.0,8.0,0.898876404494382,,,,8,14.350651025772095,1321.7253458499908
100,1.0,additive,0.8,0.1,1.0,10,90,80,False,0,False,779251820,True,0.001,0.4875,False,-8.0,10.0,0.8163265306122449,,,,9,13.585586786270142,1321.7253458499908
100,1.0,additive,0.8,0.1,1.0,10,90,80,False,0,False,1737737024,True,0.003,0.4666,False,-9.0,5.0,0.851063829787234,,,,10,11.93634033203125,1321.7253458499908
100,1.0,additive,0.8,0.1,1.0,10,90,80,False,0,False,1401677443,True,0.003,0.4741,False,-10.0,2.0,0.8695652173913043,,,,11,13.659736394882202,1321.7253458499908
100,1.0,additive,0.8,0.1,1.0,10,90,80,False,0,False,1065617862,True,0.001,0.4382,False,-10.0,9.0,0.8080808080808081,,,,12,11.974611520767212,1321.7253458499908
100,1.0,additive,0.8,0.1,1.0,10,90,80,False,0,False,1218782216,True,0.001,0.4639,False,0.0,9.0,0.898876404494382,,,,13,13.170642375946045,1321.7253458499908
100,1.0,additive,0.8,0.1,1.0,10,90,80,False,0,False,882722635,True,0.004,0.4469,False,-9.0,8.0,0.8247422680412371,,,,14,12.26118779182434,1321.7253458499908
100,1.0,additive,0.8,0.1,1.0,10,90,80,False,0,False,1841207839,True,0.007,0.4146,False,0.0,1.0,0.9876543209876543,,,,15,12.741004705429077,1321.7253458499908
100,1.0,additive,0.8,0.1,1.0,10,90,80,False,0,False,1505148258,True,0.003,0.4355,False,0.0,10.0,0.8888888888888888,,,,16,12.63443112373352,1321.7253458499908
100,1.0,additive,0.8,0.1,1.0,10,90,80,False,0,False,1658312612,True,0.004,0.4617,False,0.0,1.0,0.9876543209876543,,,,17,12.073251247406006,1321.7253458499908
100,1.0,additive,0.8,0.1,1.0,10,90,80,False,0,False,1322253031,True,0.005,0.4735,False,-5.0,10.0,0.8421052631578947,,,,18,12.818304300308228,1321.7253458499908
100,1.0,additive,0.8,0.1,1.0,10,90,80,False,0,False,986193450,True,0.009,0.428,False,-1.0,0.0,0.9876543209876543,,,,19,12.23554515838623,1321.7253458499908
100,1.0,additive,0.8,0.1,1.0,10,90,80,False,0,False,1944678654,True,0.003,0.444,False,0.0,7.0,0.9195402298850575,,,,20,12.87595534324646,1321.7253458499908
100,1.0,additive,0.8,0.1,1.0,10,90,80,False,0,False,703959336,True,0.004,0.4665,False,-8.0,7.0,0.8421052631578947,,,,21,12.397522926330566,1321.7253458499908
100,1.0,additive,0.8,0.1,1.0,10,90,80,False,0,False,1761783427,True,0.003,0.4534,False,-7.0,4.0,0.8791208791208791,,,,22,12.11668848991394,1321.7253458499908
100,1.0,additive,0.8,0.1,1.0,10,90,80,False,0,False,1425723846,True,0.002,0.494,False,-2.0,3.0,0.9411764705882353,,,,23,13.08110761642456,1321.7253458499908
100,1.0,additive,0.8,0.1,1.0,10,90,80,False,0,False,1089664265,True,0.014,0.435,False,0.0,3.0,0.963855421686747,,,,24,13.39724326133728,1321.7253458499908
100,1.0,additive,0.8,0.1,1.0,10,90,80,False,0,False,1143489732,True,0.002,0.4927,False,-9.0,10.0,0.8080808080808081,,,,25,12.316209554672241,1321.7253458499908
100,1.0,additive,0.8,0.1,1.0,10,90,80,False,0,False,807430151,True,0.004,0.457,False,-2.0,10.0,0.8695652173913043,,,,26,12.220975160598755,1321.7253458499908
100,1.0,additive,0.8,0.1,1.0,10,90,80,False,0,False,1865254242,True,0.004,0.4657,False,0.0,6.0,0.9302325581395349,,,,27,12.568612337112427,1321.7253458499908
100,1.0,additive,0.8,0.1,1.0,10,90,80,False,0,False,1529194661,True,0.002,0.4847,False,-7.0,7.0,0.851063829787234,,,,28,12.481897354125977,1321.7253458499908
100,1.0,additive,0.8,0.1,1.0,10,90,80,False,0,False,1682359015,True,0.006,0.4647,False,0.0,2.0,0.975609756097561,,,,29,13.04842734336853,1321.7253458499908
100,1.0,additive,0.8,0.1,1.0,10,90,80,False,0,False,1246960547,True,0.001,0.4613,False,-4.0,5.0,0.898876404494382,,,,30,12.761018991470337,1321.7253458499908
100,1.0,additive,0.8,0.1,1.0,10,90,80,False,0,False,910900966,True,0.002,0.4834,False,-9.0,5.0,0.851063829787234,,,,31,12.176756143569946,1321.7253458499908
100,1.0,additive,0.8,0.1,1.0,10,90,80,False,0,False,1968725057,True,0.003,0.4237,False,-1.0,1.0,0.975609756097561,,,,32,12.501451253890991,1321.7253458499908
100,1.0,additive,0.8,0.1,1.0,10,90,80,False,0,False,728005739,True,0.001,0.4705,False,-5.0,4.0,0.898876404494382,,,,33,12.364176034927368,1321.7253458499908
100,1.0,additive,0.8,0.1,1.0,10,90,80,False,0,False,1785829830,True,0.002,0.4545,False,-6.0,3.0,0.898876404494382,,,,34,12.067566633224487,1321.7253458499908
100,1.0,additive,0.8,0.1,1.0,10,90,80,False,0,False,1449770249,True,0.003,0.483,False,-5.0,0.0,0.9411764705882353,,,,35,12.834983110427856,1321.7253458499908
100,1.0,additive,0.8,0.1,1.0,10,90,80,False,0,False,260771805,True,0.004,0.4332,False,-8.0,0.0,0.9090909090909091,,,,36,12.052523374557495,1321.7253458499908
100,1.0,additive,0.8,0.1,1.0,10,90,80,False,0,False,2072195872,True,0.005,0.4107,False,-7.0,-1.0,0.9080459770114943,,,,37,13.459771633148193,1321.7253458499908
100,1.0,additive,0.8,0.1,1.0,10,90,80,False,0,False,831476554,True,0.005,0.4545,False,-4.0,5.0,0.898876404494382,,,,38,12.591456413269043,1321.7253458499908
100,1.0,additive,0.8,0.1,1.0,10,90,80,False,0,False,1889300645,True,0.005,0.4628,False,-5.0,2.0,0.9195402298850575,,,,39,12.464468240737915,1321.7253458499908
100,1.0,additive,0.8,0.1,1.0,10,90,80,False,0,False,1553241064,True,0.006,0.4426,False,-4.0,0.0,0.9523809523809523,,,,40,12.467740297317505,1321.7253458499908
100,1.0,additive,0.8,0.1,1.0,10,90,80,False,0,False,364242620,True,0.002,0.4672,False,-8.0,0.0,0.9090909090909091,,,,41,12.094172239303589,1321.7253458499908
100,1.0,additive,0.8,0.1,1.0,10,90,80,False,0,False,1271006950,True,0.004,0.4376,False,-3.0,0.0,0.963855421686747,,,,42,12.628483772277832,1321.7253458499908
100,1.0,additive,0.8,0.1,1.0,10,90,80,False,0,False,934947369,True,0.007,0.4257,False,0.0,6.0,0.9302325581395349,,,,43,13.189041137695312,1321.7253458499908
100,1.0,additive,0.8,0.1,1.0,10,90,80,False,0,False,1992771460,True,0.006,0.454,False,-4.0,0.0,0.9523809523809523,,,,44,13.198560953140259,1321.7253458499908
100,1.0,additive,0.8,0.1,1.0,10,90,80,False,0,False,1656711879,True,0.002,0.4678,False,-10.0,4.0,0.851063829787234,,,,45,12.69809889793396,1321.7253458499908
100,1.0,additive,0.8,0.1,1.0,10,90,80,False,0,False,1710537346,True,0.003,0.4453,False,-8.0,1.0,0.898876404494382,,,,46,14.104725122451782,1321.7253458499908
100,1.0,additive,0.8,0.1,1.0,10,90,80,False,0,False,1374477765,True,0.004,0.4535,False,-8.0,0.0,0.9090909090909091,,,,47,13.651768684387207,1321.7253458499908
100,1.0,additive,0.8,0.1,1.0,10,90,80,False,0,False,284818208,True,0.001,0.4593,False,-10.0,10.0,0.8,,,,48,13.315250396728516,1321.7253458499908
100,1.0,additive,0.8,0.1,1.0,10,90,80,False,0,False,2096242275,True,0.004,0.4599,False,-9.0,9.0,0.8163265306122449,,,,49,13.808104991912842,1321.7253458499908
100,1.0,additive,0.8,0.1,1.0,10,90,80,False,0,True,231651358,False,0.0969,0.2053,,,,,,,,0,13.693004369735718,1321.7253458499908
100,1.0,additive,0.8,0.1,1.0,10,90,80,False,0,True,1190136562,False,0.7942,0.1151,,,,,,,,1,13.479581117630005,1321.7253458499908
100,1.0,additive,0.8,0.1,1.0,10,90,80,False,0,True,854076981,False,0.5924,0.1377,,,,,,,,2,13.180411338806152,1321.7253458499908
100,1.0,additive,0.8,0.1,1.0,10,90,80,False,0,True,1812562185,False,0.9201,-0.0829,,,,,,,,3,13.452624082565308,1321.7253458499908
100,1.0,additive,0.8,0.1,1.0,10,90,80,False,0,True,671181754,False,0.3207,-0.171,,,,,,,,4,13.867322206497192,1321.7253458499908
100,1.0,additive,0.8,0.1,1.0,10,90,80,False,0,True,335122173,False,0.966,-0.073,,,,,,,,5,13.365546703338623,1321.7253458499908
100,1.0,additive,0.8,0.1,1.0,10,90,80,False,0,True,1293607377,False,0.2198,0.1708,,,,,,,,6,14.141466617584229,1321.7253458499908
100,1.0,additive,0.8,0.1,1.0,10,90,80,False,0,True,957547796,False,0.4505,-0.1454,,,,,,,,7,14.626530170440674,1321.7253458499908
100,1.0,additive,0.8,0.1,1.0,10,90,80,False,0,True,1110712150,False,0.3966,0.1528,,,,,,,,8,15.167449712753296,1321.7253458499908
100,1.0,additive,0.8,0.1,1.0,10,90,80,False,0,True,774652569,False,0.7493,0.1028,,,,,,,,9,15.055177927017212,1321.7253458499908
100,1.0,additive,0.8,0.1,1.0,10,90,80,False,0,True,1733137773,False,0.3576,0.1482,,,,,,,,10,18.07949709892273,1321.7253458499908
100,1.0,additive,0.8,0.1,1.0,10,90,80,False,0,True,1397078192,False,0.3227,-0.1632,,,,,,,,11,15.391051530838013,1321.7253458499908
100,1.0,additive,0.8,0.1,1.0,10,90,80,False,0,True,1061018611,False,0.7962,0.0965,,,,,,,,12,13.359885215759277,1321.7253458499908
100,1.0,additive,0.8,0.1,1.0,10,90,80,False,0,True,1214182965,False,0.7752,0.1177,,,,,,,,13,14.566457271575928,1321.7253458499908
100,1.0,additive,0.8,0.1,1.0,10,90,80,False,0,True,878123384,False,0.7483,-0.1088,,,,,,,,14,14.551135778427124,1321.7253458499908
100,1.0,additive,0.8,0.1,1.0,10,90,80,False,0,True,1836608588,False,0.7333,-0.0923,,,,,,,,15,13.817935466766357,1321.7253458499908
100,1.0,additive,0.8,0.1,1.0,10,90,80,False,0,True,1500549007,False,0.8282,0.0902,,,,,,,,16,12.666525602340698,1321.7253458499908
100,1.0,additive,0.8,0.1,1.0,10,90,80,False,0,True,1653713361,False,0.8641,-0.0827,,,,,,,,17,11.97449278831482,1321.7253458499908
100,1.0,additive,0.8,0.1,1.0,10,90,80,False,0,True,1317653780,False,0.997,0.0577,,,,,,,,18,12.291497468948364,1321.7253458499908
100,1.0,additive,0.8,0.1,1.0,10,90,80,False,0,True,981594199,False,0.7572,-0.1138,,,,,,,,19,12.790530443191528,1321.7253458499908
100,1.0,additive,0.8,0.1,1.0,10,90,80,False,0,True,1940079403,False,0.99,0.0641,,,,,,,,20,13.04150938987732,1321.7253458499908
100,1.0,additive,0.8,0.1,1.0,10,90,80,False,0,True,798698972,False,0.6154,0.1113,,,,,,,,21,12.733112573623657,1321.7253458499908
100,1.0,additive,0.8,0.1,1.0,10,90,80,False,0,True,1757184176,False,0.8851,-0.0812,,,,,,,,22,12.099235534667969,1321.7253458499908
100,1.0,additive,0.8,0.1,1.0,10,90,80,False,0,True,1421124595,False,0.4406,0.1235,,,,,,,,23,13.162672519683838,1321.7253458499908
100,1.0,additive,0.8,0.1,1.0,10,90,80,False,0,True,1085065014,False,0.8262,-0.1064,,,,,,,,24,12.602418184280396,1321.7253458499908
100,1.0,additive,0.8,0.1,1.0,10,90,80,False,0,True,1238229368,False,0.3437,-0.1479,,,,,,,,25,12.26742148399353,1321.7253458499908
100,1.0,additive,0.8,0.1,1.0,10,90,80,False,0,True,902169787,False,0.8581,-0.086,,,,,,,,26,12.0320885181427,1321.7253458499908
100,1.0,additive,0.8,0.1,1.0,10,90,80,False,0,True,1860654991,False,0.6244,-0.1085,,,,,,,,27,12.068648338317871,1321.7253458499908
100,1.0,additive,0.8,0.1,1.0,10,90,80,False,0,True,1524595410,False,0.996,-0.0511,,,,,,,,28,12.256011724472046,1321.7253458499908
100,1.0,additive,0.8,0.1,1.0,10,90,80,False,0,True,1677759764,False,0.8072,-0.0975,,,,,,,,29,12.138588666915894,1321.7253458499908
100,1.0,additive,0.8,0.1,1.0,10,90,80,False,0,True,1341700183,False,0.8172,0.0966,,,,,,,,30,12.258192539215088,1321.7253458499908
100,1.0,additive,0.8,0.1,1.0,10,90,80,False,0,True,1005640602,False,0.5075,-0.1295,,,,,,,,31,12.064943313598633,1321.7253458499908
100,1.0,additive,0.8,0.1,1.0,10,90,80,False,0,True,1964125806,False,0.2218,-0.1779,,,,,,,,32,12.354579210281372,1321.7253458499908
100,1.0,additive,0.8,0.1,1.0,10,90,80,False,0,True,822745375,False,0.4136,0.1434,,,,,,,,33,14.040159940719604,1321.7253458499908
100,1.0,additive,0.8,0.1,1.0,10,90,80,False,0,True,1781230579,False,0.8202,-0.0923,,,,,,,,34,14.77200198173523,1321.7253458499908
100,1.0,additive,0.8,0.1,1.0,10,90,80,False,0,True,1445170998,False,0.2058,-0.1473,,,,,,,,35,14.209392786026001,1321.7253458499908
100,1.0,additive,0.8,0.1,1.0,10,90,80,False,0,True,256172554,False,0.2677,0.1684,,,,,,,,36,13.140935182571411,1321.7253458499908
100,1.0,additive,0.8,0.1,1.0,10,90,80,False,0,True,2067596621,False,0.4176,0.1554,,,,,,,,37,12.394449472427368,1321.7253458499908
100,1.0,additive,0.8,0.1,1.0,10,90,80,False,0,True,926216190,False,0.5594,0.1297,,,,,,,,38,12.57183575630188,1321.7253458499908
100,1.0,additive,0.8,0.1,1.0,10,90,80,False,0,True,1884701394,False,0.0729,0.2386,,,,,,,,39,12.270348072052002,1321.7253458499908
100,1.0,additive,0.8,0.1,1.0,10,90,80,False,0,True,1548641813,False,0.8142,-0.0959,,,,,,,,40,12.460625648498535,1321.7253458499908
100,1.0,additive,0.8,0.1,1.0,10,90,80,False,0,True,359643369,False,0.8222,0.0951,,,,,,,,41,12.467085599899292,1321.7253458499908
100,1.0,additive,0.8,0.1,1.0,10,90,80,False,0,True,1365746586,False,0.7483,-0.1028,,,,,,,,42,12.889506578445435,1321.7253458499908
100,1.0,additive,0.8,0.1,1.0,10,90,80,False,0,True,1029687005,False,0.5864,-0.1228,,,,,,,,43,13.178967475891113,1321.7253458499908
100,1.0,additive,0.8,0.1,1.0,10,90,80,False,0,True,1988172209,False,0.7263,0.0993,,,,,,,,44,12.639507532119751,1321.7253458499908
100,1.0,additive,0.8,0.1,1.0,10,90,80,False,0,True,1652112628,False,0.7113,-0.1112,,,,,,,,45,11.966585636138916,1321.7253458499908
100,1.0,additive,0.8,0.1,1.0,10,90,80,False,0,True,1805276982,False,0.7233,-0.1123,,,,,,,,46,13.13775634765625,1321.7253458499908
100,1.0,additive,0.8,0.1,1.0,10,90,80,False,0,True,1469217401,False,0.7453,0.1068,,,,,,,,47,12.754752397537231,1321.7253458499908
100,1.0,additive,0.8,0.1,1.0,10,90,80,False,0,True,280218957,False,0.7073,0.1196,,,,,,,,48,12.058644533157349,1321.7253458499908
100,1.0,additive,0.8,0.1,1.0,10,90,80,False,0,True,2091643024,False,0.8541,-0.1005,,,,,,,,49,12.712045192718506,1321.7253458499908
100,1.0,additive,0.82,0.1,1.0,10,90,80,False,0,False,512270539,True,0.005,0.463,False,0.0,9.0,0.898876404494382,,,,0,12.25908637046814,1334.8956530094147
100,1.0,additive,0.82,0.1,1.0,10,90,80,False,0,False,176210958,True,0.001,0.4692,False,-1.0,8.0,0.898876404494382,,,,1,12.645682096481323,1334.8956530094147
100,1.0,additive,0.82,0.1,1.0,10,90,80,False,0,False,329375312,True,0.005,0.472,False,0.0,7.0,0.9195402298850575,,,,2,12.351158857345581,1334.8956530094147
100,1.0,additive,0.82,0.1,1.0,10,90,80,False,0,False,2140799379,True,0.005,0.4495,False,-10.0,-1.0,0.8777777777777778,,,,3,12.21418046951294,1334.8956530094147
100,1.0,additive,0.82,0.1,1.0,10,90,80,False,0,False,951800935,True,0.003,0.4441,False,-1.0,8.0,0.898876404494382,,,,4,12.419294834136963,1334.8956530094147
100,1.0,additive,0.82,0.1,1.0,10,90,80,False,0,False,615741354,True,0.004,0.4478,False,-10.0,0.0,0.8888888888888888,,,,5,12.123865127563477,1334.8956530094147
100,1.0,additive,0.82,0.1,1.0,10,90,80,False,0,False,1621844571,True,0.004,0.452,False,-9.0,5.0,0.851063829787234,,,,6,12.314465284347534,1334.8956530094147
100,1.0,additive,0.82,0.1,1.0,10,90,80,False,0,False,432846127,True,0.002,0.4654,False,-10.0,10.0,0.8,,,,7,12.534440279006958,1334.8956530094147
100,1.0,additive,0.82,0.1,1.0,10,90,80,False,0,False,96786546,True,0.001,0.4696,False,-1.0,9.0,0.8888888888888888,,,,8,12.344531774520874,1334.8956530094147
100,1.0,additive,0.82,0.1,1.0,10,90,80,False,0,False,1055271750,True,0.005,0.4675,False,-7.0,2.0,0.898876404494382,,,,9,12.41111445426941,1334.8956530094147
100,1.0,additive,0.82,0.1,1.0,10,90,80,False,0,False,2061374967,True,0.004,0.4369,False,0.0,3.0,0.963855421686747,,,,10,12.525835037231445,1334.8956530094147
100,1.0,additive,0.82,0.1,1.0,10,90,80,False,0,False,872376523,True,0.002,0.4669,False,0.0,3.0,0.963855421686747,,,,11,12.952444553375244,1334.8956530094147
100,1.0,additive,0.82,0.1,1.0,10,90,80,False,0,False,536316942,True,0.005,0.4314,False,0.0,10.0,0.8888888888888888,,,,12,13.127976417541504,1334.8956530094147
100,1.0,additive,0.82,0.1,1.0,10,90,80,False,0,False,200257361,True,0.003,0.4607,False,-8.0,0.0,0.9090909090909091,,,,13,12.555984497070312,1334.8956530094147
100,1.0,additive,0.82,0.1,1.0,10,90,80,False,0,False,353421715,True,0.003,0.4765,False,-4.0,3.0,0.9195402298850575,,,,14,12.75192379951477,1334.8956530094147
100,1.0,additive,0.82,0.1,1.0,10,90,80,False,0,False,17362134,True,0.004,0.4484,False,-4.0,0.0,0.9523809523809523,,,,15,12.42594838142395,1334.8956530094147
100,1.0,additive,0.82,0.1,1.0,10,90,80,False,0,False,975847338,True,0.003,0.441,False,-3.0,5.0,0.9090909090909091,,,,16,12.454354047775269,1334.8956530094147
100,1.0,additive,0.82,0.1,1.0,10,90,80,False,0,False,639787757,True,0.002,0.4619,False,-5.0,0.0,0.9411764705882353,,,,17,12.737953424453735,1334.8956530094147
100,1.0,additive,0.82,0.1,1.0,10,90,80,False,0,False,1645890974,True,0.002,0.4312,False,0.0,10.0,0.8888888888888888,,,,18,12.135305404663086,1334.8956530094147
100,1.0,additive,0.82,0.1,1.0,10,90,80,False,0,False,456892530,True,0.002,0.4832,False,-10.0,7.0,0.8247422680412371,,,,19,11.95783281326294,1334.8956530094147
100,1.0,additive,0.82,0.1,1.0,10,90,80,False,0,False,120832949,True,0.003,0.4635,False,-6.0,1.0,0.9195402298850575,,,,20,11.958045721054077,1334.8956530094147
100,1.0,additive,0.82,0.1,1.0,10,90,80,False,0,False,1079318153,True,0.003,0.4656,False,-5.0,9.0,0.851063829787234,,,,21,12.54277777671814,1334.8956530094147
100,1.0,additive,0.82,0.1,1.0,10,90,80,False,0,False,743258572,True,0.001,0.4685,False,-10.0,4.0,0.851063829787234,,,,22,12.004146337509155,1334.8956530094147
100,1.0,additive,0.82,0.1,1.0,10,90,80,False,0,False,896422926,True,0.004,0.4219,False,0.0,1.0,0.9876543209876543,,,,23,12.003777503967285,1334.8956530094147
100,1.0,additive,0.82,0.1,1.0,10,90,80,False,0,False,560363345,True,0.003,0.4477,False,0.0,8.0,0.9090909090909091,,,,24,12.456636667251587,1334.8956530094147
100,1.0,additive,0.82,0.1,1.0,10,90,80,False,0,False,224303764,True,0.003,0.4623,False,0.0,10.0,0.8888888888888888,,,,25,12.03837776184082,1334.8956530094147
100,1.0,additive,0.82,0.1,1.0,10,90,80,False,0,False,1182788968,True,0.002,0.478,False,-5.0,4.0,0.898876404494382,,,,26,12.611493825912476,1334.8956530094147
100,1.0,additive,0.82,0.1,1.0,10,90,80,False,0,False,41408537,True,0.002,0.4671,False,-4.0,4.0,0.9090909090909091,,,,27,12.342346906661987,1334.8956530094147
100,1.0,additive,0.82,0.1,1.0,10,90,80,False,0,False,999893741,True,0.004,0.4523,False,-5.0,6.0,0.8791208791208791,,,,28,12.514798879623413,1334.8956530094147
100,1.0,additive,0.82,0.1,1.0,10,90,80,False,0,False,663834160,True,0.004,0.4568,True,0.0,0.0,1.0,,,,29,12.015297412872314,1334.8956530094147
100,1.0,additive,0.82,0.1,1.0,10,90,80,False,0,False,1622319364,True,0.002,0.4326,False,-4.0,2.0,0.9302325581395349,,,,30,11.694206237792969,1334.8956530094147
100,1.0,additive,0.82,0.1,1.0,10,90,80,False,0,False,480938933,True,0.004,0.4495,False,-7.0,9.0,0.8333333333333334,,,,31,11.821971416473389,1334.8956530094147
100,1.0,additive,0.82,0.1,1.0,10,90,80,False,0,False,144879352,True,0.005,0.4605,False,-7.0,10.0,0.8247422680412371,,,,32,11.849204540252686,1334.8956530094147
100,1.0,additive,0.82,0.1,1.0,10,90,80,False,0,False,1103364556,True,0.001,0.4769,False,-7.0,1.0,0.9090909090909091,,,,33,12.302600383758545,1334.8956530094147
100,1.0,additive,0.82,0.1,1.0,10,90,80,False,0,False,767304975,True,0.004,0.4688,False,-7.0,6.0,0.8602150537634409,,,,34,12.220458030700684,1334.8956530094147
100,1.0,additive,0.82,0.1,1.0,10,90,80,False,0,False,920469329,True,0.003,0.4753,False,0.0,4.0,0.9523809523809523,,,,35,11.579410791397095,1334.8956530094147
100,1.0,additive,0.82,0.1,1.0,10,90,80,False,0,False,584409748,True,0.009,0.4585,False,-10.0,2.0,0.8695652173913043,,,,36,12.047825574874878,1334.8956530094147
100,1.0,additive,0.82,0.1,1.0,10,90,80,False,0,False,248350167,True,0.004,0.4553,False,-4.0,6.0,0.8888888888888888,,,,37,11.969245910644531,1334.8956530094147
100,1.0,additive,0.82,0.1,1.0,10,90,80,False,0,False,1206835371,True,0.004,0.4392,False,-2.0,0.0,0.975609756097561,,,,38,11.89914584159851,1334.8956530094147
100,1.0,additive,0.82,0.1,1.0,10,90,80,False,0,False,65454940,True,0.002,0.4686,False,-4.0,0.0,0.9523809523809523,,,,39,12.418022871017456,1334.8956530094147
100,1.0,additive,0.82,0.1,1.0,10,90,80,False,0,False,1023940144,True,0.005,0.4576,False,-8.0,10.0,0.8163265306122449,,,,40,11.718108415603638,1334.8956530094147
100,1.0,additive,0.82,0.1,1.0,10,90,80,False,0,False,687880563,True,0.003,0.4741,False,-5.0,5.0,0.8888888888888888,,,,41,12.415765285491943,1334.8956530094147
100,1.0,additive,0.82,0.1,1.0,10,90,80,False,0,False,1646365767,True,0.005,0.442,False,-10.0,7.0,0.8247422680412371,,,,42,13.336998701095581,1334.8956530094147
100,1.0,additive,0.82,0.1,1.0,10,90,80,False,0,False,1310306186,True,0.003,0.4656,False,-1.0,4.0,0.9411764705882353,,,,43,11.856138467788696,1334.8956530094147
100,1.0,additive,0.82,0.1,1.0,10,90,80,False,0,False,168925755,True,0.001,0.4174,False,-5.0,0.0,0.9411764705882353,,,,44,11.735391616821289,1334.8956530094147
100,1.0,additive,0.82,0.1,1.0,10,90,80,False,0,False,1127410959,True,0.003,0.4533,False,-9.0,3.0,0.8695652173913043,,,,45,11.322048425674438,1334.8956530094147
100,1.0,additive,0.82,0.1,1.0,10,90,80,False,0,False,791351378,True,0.003,0.4633,False,-9.0,7.0,0.8333333333333334,,,,46,11.715335607528687,1334.8956530094147
100,1.0,additive,0.82,0.1,1.0,10,90,80,False,0,False,1749836582,True,0.001,0.4467,False,-9.0,6.0,0.8421052631578947,,,,47,11.969640493392944,1334.8956530094147
100,1.0,additive,0.82,0.1,1.0,10,90,80,False,0,False,608456151,True,0.003,0.4621,False,-9.0,0.0,0.898876404494382,,,,48,11.750135660171509,1334.8956530094147
100,1.0,additive,0.82,0.1,1.0,10,90,80,False,0,False,1566941355,True,0.002,0.4625,False,-2.0,1.0,0.963855421686747,,,,49,11.639846324920654,1334.8956530094147
100,1.0,additive,0.82,0.1,1.0,10,90,80,False,0,True,607010175,False,0.1139,0.2158,,,,,,,,0,11.322508573532104,1334.8956530094147
100,1.0,additive,0.82,0.1,1.0,10,90,80,False,0,True,171611707,False,0.3207,0.1496,,,,,,,,1,11.933511734008789,1334.8956530094147
100,1.0,additive,0.82,0.1,1.0,10,90,80,False,0,True,324776061,False,0.6364,-0.114,,,,,,,,2,11.750091552734375,1334.8956530094147
100,1.0,additive,0.82,0.1,1.0,10,90,80,False,0,True,2136200128,False,0.4456,0.127,,,,,,,,3,11.793647289276123,1334.8956530094147
100,1.0,additive,0.82,0.1,1.0,10,90,80,False,0,True,1046540571,False,0.957,-0.074,,,,,,,,4,11.533324241638184,1334.8956530094147
100,1.0,additive,0.82,0.1,1.0,10,90,80,False,0,True,710480990,False,0.1758,-0.18,,,,,,,,5,12.0068039894104,1334.8956530094147
100,1.0,additive,0.82,0.1,1.0,10,90,80,False,0,True,1617245320,False,0.7043,0.1093,,,,,,,,6,11.831107378005981,1334.8956530094147
100,1.0,additive,0.82,0.1,1.0,10,90,80,False,0,True,428246876,False,0.0989,0.2091,,,,,,,,7,12.187114477157593,1334.8956530094147
100,1.0,additive,0.82,0.1,1.0,10,90,80,False,0,True,92187295,False,0.9471,0.079,,,,,,,,8,13.688736915588379,1334.8956530094147
100,1.0,additive,0.82,0.1,1.0,10,90,80,False,0,True,1150011386,False,0.8322,0.0898,,,,,,,,9,14.58748197555542,1334.8956530094147
100,1.0,additive,0.82,0.1,1.0,10,90,80,False,0,True,2056775716,False,0.3976,-0.149,,,,,,,,10,12.51778244972229,1334.8956530094147
100,1.0,additive,0.82,0.1,1.0,10,90,80,False,0,True,867777272,False,0.7602,-0.0969,,,,,,,,11,11.81789755821228,1334.8956530094147
100,1.0,additive,0.82,0.1,1.0,10,90,80,False,0,True,531717691,False,0.4645,0.1372,,,,,,,,12,11.569648027420044,1334.8956530094147
100,1.0,additive,0.82,0.1,1.0,10,90,80,False,0,True,195658110,False,0.7293,-0.0974,,,,,,,,13,11.260101556777954,1334.8956530094147
100,1.0,additive,0.82,0.1,1.0,10,90,80,False,0,True,348822464,False,0.6613,-0.1097,,,,,,,,14,12.07689118385315,1334.8956530094147
100,1.0,additive,0.82,0.1,1.0,10,90,80,False,0,True,12762883,False,0.8232,0.1044,,,,,,,,15,15.077674150466919,1334.8956530094147
100,1.0,additive,0.82,0.1,1.0,10,90,80,False,0,True,1070586974,False,0.5714,-0.1012,,,,,,,,16,13.850379943847656,1334.8956530094147
100,1.0,additive,0.82,0.1,1.0,10,90,80,False,0,True,635188506,False,0.7612,0.1094,,,,,,,,17,19.974064111709595,1334.8956530094147
100,1.0,additive,0.82,0.1,1.0,10,90,80,False,0,True,1641291723,False,0.7502,0.0889,,,,,,,,18,16.42100715637207,1334.8956530094147
100,1.0,additive,0.82,0.1,1.0,10,90,80,False,0,True,452293279,False,0.6034,-0.1221,,,,,,,,19,18.35660719871521,1334.8956530094147
100,1.0,additive,0.82,0.1,1.0,10,90,80,False,0,True,116233698,False,0.4965,-0.1432,,,,,,,,20,17.112547397613525,1334.8956530094147
100,1.0,additive,0.82,0.1,1.0,10,90,80,False,0,True,1174057789,False,0.8182,-0.0985,,,,,,,,21,16.084660291671753,1334.8956530094147
100,1.0,additive,0.82,0.1,1.0,10,90,80,False,0,True,738659321,False,0.95,0.081,,,,,,,,22,16.789650917053223,1334.8956530094147
100,1.0,additive,0.82,0.1,1.0,10,90,80,False,0,True,891823675,False,0.9061,-0.085,,,,,,,,23,20.293861627578735,1334.8956530094147
100,1.0,additive,0.82,0.1,1.0,10,90,80,False,0,True,555764094,False,0.8472,0.1085,,,,,,,,24,18.13840675354004,1334.8956530094147
100,1.0,additive,0.82,0.1,1.0,10,90,80,False,0,True,219704513,False,0.5435,0.1218,,,,,,,,25,16.71704411506653,1334.8956530094147
100,1.0,additive,0.82,0.1,1.0,10,90,80,False,0,True,1277528604,False,0.967,-0.0841,,,,,,,,26,16.55778956413269,1334.8956530094147
100,1.0,additive,0.82,0.1,1.0,10,90,80,False,0,True,36809286,False,0.7223,0.1027,,,,,,,,27,14.272523164749146,1334.8956530094147
100,1.0,additive,0.82,0.1,1.0,10,90,80,False,0,True,995294490,False,0.4805,0.1374,,,,,,,,28,14.30199146270752,1334.8956530094147
100,1.0,additive,0.82,0.1,1.0,10,90,80,False,0,True,659234909,False,0.1828,0.1381,,,,,,,,29,15.49153184890747,1334.8956530094147
100,1.0,additive,0.82,0.1,1.0,10,90,80,False,0,True,1717059000,False,0.1289,-0.1711,,,,,,,,30,14.30760407447815,1334.8956530094147
100,1.0,additive,0.82,0.1,1.0,10,90,80,False,0,True,476339682,True,0.008,-0.2964,,,,,,,,31,14.562440395355225,1334.8956530094147
100,1.0,additive,0.82,0.1,1.0,10,90,80,False,0,True,140280101,False,0.6833,-0.1131,,,,,,,,32,13.669440507888794,1334.8956530094147
100,1.0,additive,0.82,0.1,1.0,10,90,80,False,0,True,1098765305,False,0.7632,0.1023,,,,,,,,33,13.343934774398804,1334.8956530094147
100,1.0,additive,0.82,0.1,1.0,10,90,80,False,0,True,762705724,False,0.8102,-0.0963,,,,,,,,34,13.647106885910034,1334.8956530094147
100,1.0,additive,0.82,0.1,1.0,10,90,80,False,0,True,915870078,False,0.4226,-0.119,,,,,,,,35,13.424102544784546,1334.8956530094147
100,1.0,additive,0.82,0.1,1.0,10,90,80,False,0,True,579810497,False,0.7732,0.0868,,,,,,,,36,13.899423360824585,1334.8956530094147
100,1.0,additive,0.82,0.1,1.0,10,90,80,False,0,True,243750916,False,0.0699,-0.2264,,,,,,,,37,13.158799409866333,1334.8956530094147
100,1.0,additive,0.82,0.1,1.0,10,90,80,False,0,True,1202236120,False,0.966,-0.0753,,,,,,,,38,13.161683559417725,1334.8956530094147
100,1.0,additive,0.82,0.1,1.0,10,90,80,False,0,True,60855689,False,0.9351,0.0839,,,,,,,,39,13.477658748626709,1334.8956530094147
100,1.0,additive,0.82,0.1,1.0,10,90,80,False,0,True,1019340893,False,0.6374,-0.1203,,,,,,,,40,13.073649406433105,1334.8956530094147
100,1.0,additive,0.82,0.1,1.0,10,90,80,False,0,True,683281312,False,0.4925,-0.1183,,,,,,,,41,13.667746782302856,1334.8956530094147
100,1.0,additive,0.82,0.1,1.0,10,90,80,False,0,True,1641766516,False,0.964,0.0756,,,,,,,,42,16.27842926979065,1334.8956530094147
100,1.0,additive,0.82,0.1,1.0,10,90,80,False,0,True,1305706935,False,0.0849,-0.21,,,,,,,,43,15.616024732589722,1334.8956530094147
100,1.0,additive,0.82,0.1,1.0,10,90,80,False,0,True,164326504,False,0.8771,-0.0886,,,,,,,,44,14.186339616775513,1334.8956530094147
100,1.0,additive,0.82,0.1,1.0,10,90,80,False,0,True,1122811708,False,0.0679,0.2072,,,,,,,,45,16.17298722267151,1334.8956530094147
100,1.0,additive,0.82,0.1,1.0,10,90,80,False,0,True,786752127,False,0.1439,0.185,,,,,,,,46,15.826863288879395,1334.8956530094147
100,1.0,additive,0.82,0.1,1.0,10,90,80,False,0,True,1745237331,False,0.4885,0.1154,,,,,,,,47,17.632843017578125,1334.8956530094147
100,1.0,additive,0.82,0.1,1.0,10,90,80,False,0,True,603856900,False,0.1289,-0.2,,,,,,,,48,16.72073221206665,1334.8956530094147
100,1.0,additive,0.82,0.1,1.0,10,90,80,False,0,True,1562342104,True,0.009,-0.2781,,,,,,,,49,16.40989351272583,1334.8956530094147
100,1.0,additive,0.84,0.1,1.0,10,90,80,False,0,False,1877454918,True,0.001,0.4634,False,-9.0,3.0,0.8695652173913043,,,,0,15.078391313552856,1529.7390630245209
100,1.0,additive,0.84,0.1,1.0,10,90,80,False,0,False,2030619272,True,0.004,0.4471,False,-10.0,5.0,0.8421052631578947,,,,1,15.616140842437744,1529.7390630245209
100,1.0,additive,0.84,0.1,1.0,10,90,80,False,0,False,1595220804,True,0.002,0.458,False,-4.0,7.0,0.8791208791208791,,,,2,15.871673345565796,1529.7390630245209
100,1.0,additive,0.84,0.1,1.0,10,90,80,False,0,False,505561247,True,0.005,0.4613,False,1.0,1.0,0.9753086419753086,,,,3,16.26613759994507,1529.7390630245209
100,1.0,additive,0.84,0.1,1.0,10,90,80,False,0,False,169501666,True,0.003,0.4562,False,-9.0,3.0,0.8695652173913043,,,,4,16.307668447494507,1529.7390630245209
100,1.0,additive,0.84,0.1,1.0,10,90,80,False,0,False,1076265996,True,0.002,0.4473,False,-3.0,7.0,0.8888888888888888,,,,5,16.620357275009155,1529.7390630245209
100,1.0,additive,0.84,0.1,1.0,10,90,80,False,0,False,2134090087,True,0.001,0.4585,False,-4.0,1.0,0.9411764705882353,,,,6,16.873464107513428,1529.7390630245209
100,1.0,additive,0.84,0.1,1.0,10,90,80,False,0,False,1698691619,True,0.003,0.444,False,-3.0,2.0,0.9411764705882353,,,,7,15.730450630187988,1529.7390630245209
100,1.0,additive,0.84,0.1,1.0,10,90,80,False,0,False,609032062,True,0.006,0.4324,False,-3.0,0.0,0.963855421686747,,,,8,16.904948711395264,1529.7390630245209
100,1.0,additive,0.84,0.1,1.0,10,90,80,False,0,False,272972481,True,0.002,0.4795,False,-7.0,6.0,0.8602150537634409,,,,9,16.490983247756958,1529.7390630245209
100,1.0,additive,0.84,0.1,1.0,10,90,80,False,0,False,1179736811,True,0.005,0.4306,False,-3.0,0.0,0.963855421686747,,,,10,16.12552547454834,1529.7390630245209
100,1.0,additive,0.84,0.1,1.0,10,90,80,False,0,False,90077254,True,0.003,0.4502,False,-3.0,6.0,0.898876404494382,,,,11,15.83601450920105,1529.7390630245209
100,1.0,additive,0.84,0.1,1.0,10,90,80,False,0,False,1802162434,True,0.005,0.4717,False,1.0,7.0,0.9080459770114943,,,,12,16.264465808868408,1529.7390630245209
100,1.0,additive,0.84,0.1,1.0,10,90,80,False,0,False,712502877,True,0.005,0.4411,True,0.0,0.0,1.0,,,,13,16.138044357299805,1529.7390630245209
100,1.0,additive,0.84,0.1,1.0,10,90,80,False,0,False,1619267207,True,0.001,0.4331,False,-2.0,0.0,0.975609756097561,,,,14,17.745858430862427,1529.7390630245209
100,1.0,additive,0.84,0.1,1.0,10,90,80,False,0,False,529607650,True,0.002,0.4546,False,-9.0,1.0,0.8888888888888888,,,,15,16.129420042037964,1529.7390630245209
100,1.0,additive,0.84,0.1,1.0,10,90,80,False,0,False,193548069,True,0.006,0.4624,False,-10.0,5.0,0.8421052631578947,,,,16,15.811274528503418,1529.7390630245209
100,1.0,additive,0.84,0.1,1.0,10,90,80,False,0,False,1905633249,True,0.008,0.4359,False,-5.0,0.0,0.9411764705882353,,,,17,17.29305124282837,1529.7390630245209
100,1.0,additive,0.84,0.1,1.0,10,90,80,False,0,False,2058797603,True,0.002,0.4682,False,-10.0,5.0,0.8421052631578947,,,,18,17.376498222351074,1529.7390630245209
100,1.0,additive,0.84,0.1,1.0,10,90,80,False,0,False,1722738022,True,0.002,0.471,False,-10.0,10.0,0.8,,,,19,17.266570568084717,1529.7390630245209
100,1.0,additive,0.84,0.1,1.0,10,90,80,False,0,False,633078465,True,0.002,0.494,False,-8.0,10.0,0.8163265306122449,,,,20,16.723084449768066,1529.7390630245209
100,1.0,additive,0.84,0.1,1.0,10,90,80,False,0,False,297018884,True,0.003,0.4641,False,0.0,8.0,0.9090909090909091,,,,21,16.373629808425903,1529.7390630245209
100,1.0,additive,0.84,0.1,1.0,10,90,80,False,0,False,350844351,True,0.004,0.4434,False,-1.0,2.0,0.963855421686747,,,,22,15.239561080932617,1529.7390630245209
100,1.0,additive,0.84,0.1,1.0,10,90,80,False,0,False,14784770,True,0.004,0.4476,False,-3.0,7.0,0.8888888888888888,,,,23,14.351106882095337,1529.7390630245209
100,1.0,additive,0.84,0.1,1.0,10,90,80,False,0,False,1826208837,True,0.003,0.4675,False,-10.0,5.0,0.8421052631578947,,,,24,15.100609064102173,1529.7390630245209
100,1.0,additive,0.84,0.1,1.0,10,90,80,False,0,False,736549280,True,0.005,0.4733,False,-9.0,0.0,0.898876404494382,,,,25,16.710346937179565,1529.7390630245209
100,1.0,additive,0.84,0.1,1.0,10,90,80,False,0,False,1643313610,True,0.006,0.4518,False,0.0,4.0,0.9523809523809523,,,,26,15.706849813461304,1529.7390630245209
100,1.0,additive,0.84,0.1,1.0,10,90,80,False,0,False,454315166,True,0.003,0.4516,False,-2.0,10.0,0.8695652173913043,,,,27,15.419362783432007,1529.7390630245209
100,1.0,additive,0.84,0.1,1.0,10,90,80,False,0,False,118255585,True,0.003,0.4452,False,-6.0,2.0,0.9090909090909091,,,,28,16.106645584106445,1529.7390630245209
100,1.0,additive,0.84,0.1,1.0,10,90,80,False,0,False,1929679652,True,0.001,0.4628,False,0.0,3.0,0.963855421686747,,,,29,15.66415286064148,1529.7390630245209
100,1.0,additive,0.84,0.1,1.0,10,90,80,False,0,False,2082844006,True,0.004,0.447,False,-9.0,0.0,0.898876404494382,,,,30,16.02926230430603,1529.7390630245209
100,1.0,additive,0.84,0.1,1.0,10,90,80,False,0,False,1746784425,True,0.004,0.4235,True,0.0,0.0,1.0,,,,31,15.376991510391235,1529.7390630245209
100,1.0,additive,0.84,0.1,1.0,10,90,80,False,0,False,557785981,True,0.003,0.4399,False,-5.0,10.0,0.8421052631578947,,,,32,15.989609479904175,1529.7390630245209
100,1.0,additive,0.84,0.1,1.0,10,90,80,False,0,False,221726400,True,0.004,0.4502,False,-2.0,7.0,0.898876404494382,,,,33,15.898662090301514,1529.7390630245209
100,1.0,additive,0.84,0.1,1.0,10,90,80,False,0,False,1279550491,True,0.005,0.4399,False,0.0,5.0,0.9411764705882353,,,,34,15.921353578567505,1529.7390630245209
100,1.0,additive,0.84,0.1,1.0,10,90,80,False,0,False,38831173,True,0.002,0.4754,False,-1.0,6.0,0.9195402298850575,,,,35,15.067076683044434,1529.7390630245209
100,1.0,additive,0.84,0.1,1.0,10,90,80,False,0,False,1850255240,True,0.005,0.4338,False,0.0,5.0,0.9411764705882353,,,,36,16.133791208267212,1529.7390630245209
100,1.0,additive,0.84,0.1,1.0,10,90,80,False,0,False,661256796,True,0.002,0.4408,False,-10.0,3.0,0.8602150537634409,,,,37,15.309654712677002,1529.7390630245209
100,1.0,additive,0.84,0.1,1.0,10,90,80,False,0,False,325197215,True,0.001,0.4809,False,-5.0,10.0,0.8421052631578947,,,,38,15.13060736656189,1529.7390630245209
100,1.0,additive,0.84,0.1,1.0,10,90,80,False,0,False,478361569,True,0.003,0.4278,False,-2.0,7.0,0.898876404494382,,,,39,14.93343734741211,1529.7390630245209
100,1.0,additive,0.84,0.1,1.0,10,90,80,False,0,False,142301988,True,0.001,0.4688,False,0.0,7.0,0.9195402298850575,,,,40,15.702593803405762,1529.7390630245209
100,1.0,additive,0.84,0.1,1.0,10,90,80,False,0,False,1200126079,True,0.003,0.4616,False,0.0,9.0,0.898876404494382,,,,41,15.893081426620483,1529.7390630245209
100,1.0,additive,0.84,0.1,1.0,10,90,80,False,0,False,764727611,True,0.006,0.4444,False,-9.0,0.0,0.898876404494382,,,,42,15.126776218414307,1529.7390630245209
100,1.0,additive,0.84,0.1,1.0,10,90,80,False,0,False,1770830828,True,0.007,0.4617,False,-10.0,0.0,0.8888888888888888,,,,43,15.121103286743164,1529.7390630245209
100,1.0,additive,0.84,0.1,1.0,10,90,80,False,0,False,581832384,True,0.004,0.4346,False,-1.0,0.0,0.9876543209876543,,,,44,15.604454517364502,1529.7390630245209
100,1.0,additive,0.84,0.1,1.0,10,90,80,False,0,False,245772803,True,0.004,0.4281,False,-7.0,6.0,0.8602150537634409,,,,45,14.85030484199524,1529.7390630245209
100,1.0,additive,0.84,0.1,1.0,10,90,80,False,0,False,1303596894,True,0.002,0.4522,False,-8.0,1.0,0.898876404494382,,,,46,15.139628648757935,1529.7390630245209
100,1.0,additive,0.84,0.1,1.0,10,90,80,False,0,False,62877576,True,0.004,0.4667,False,-10.0,6.0,0.8333333333333334,,,,47,16.175365924835205,1529.7390630245209
100,1.0,additive,0.84,0.1,1.0,10,90,80,False,0,False,1021362780,True,0.003,0.4347,False,0.0,5.0,0.9411764705882353,,,,48,15.847023963928223,1529.7390630245209
100,1.0,additive,0.84,0.1,1.0,10,90,80,False,0,False,685303199,True,0.002,0.435,False,-10.0,0.0,0.8888888888888888,,,,49,15.580974340438843,1529.7390630245209
100,1.0,additive,0.84,0.1,1.0,10,90,80,False,0,True,1872855667,False,0.996,0.0512,,,,,,,,0,15.438379764556885,1529.7390630245209
100,1.0,additive,0.84,0.1,1.0,10,90,80,False,0,True,2026020021,False,0.7582,0.1021,,,,,,,,1,15.13675332069397,1529.7390630245209
100,1.0,additive,0.84,0.1,1.0,10,90,80,False,0,True,1689960440,False,0.2368,-0.1768,,,,,,,,2,14.787887811660767,1529.7390630245209
100,1.0,additive,0.84,0.1,1.0,10,90,80,False,0,True,500961996,False,0.999,-0.0467,,,,,,,,3,14.637192726135254,1529.7390630245209
100,1.0,additive,0.84,0.1,1.0,10,90,80,False,0,True,164902415,False,0.6653,-0.1176,,,,,,,,4,14.351816177368164,1529.7390630245209
100,1.0,additive,0.84,0.1,1.0,10,90,80,False,0,True,1171005632,False,0.5994,0.1298,,,,,,,,5,14.1117525100708,1529.7390630245209
100,1.0,additive,0.84,0.1,1.0,10,90,80,False,0,True,2129490836,False,0.5604,-0.1204,,,,,,,,6,14.560944557189941,1529.7390630245209
100,1.0,additive,0.84,0.1,1.0,10,90,80,False,0,True,1793431255,False,0.9241,0.0904,,,,,,,,7,14.27020788192749,1529.7390630245209
100,1.0,additive,0.84,0.1,1.0,10,90,80,False,0,True,604432811,False,0.961,0.063,,,,,,,,8,14.65761423110962,1529.7390630245209
100,1.0,additive,0.84,0.1,1.0,10,90,80,False,0,True,268373230,False,0.2937,0.1524,,,,,,,,9,14.7477707862854,1529.7390630245209
100,1.0,additive,0.84,0.1,1.0,10,90,80,False,0,True,1274476447,False,0.4995,-0.1285,,,,,,,,10,14.59390640258789,1529.7390630245209
100,1.0,additive,0.84,0.1,1.0,10,90,80,False,0,True,85478003,False,0.4965,0.1083,,,,,,,,11,14.39515733718872,1529.7390630245209
100,1.0,additive,0.84,0.1,1.0,10,90,80,False,0,True,1896902070,False,0.7942,-0.1089,,,,,,,,12,16.05094265937805,1529.7390630245209
100,1.0,additive,0.84,0.1,1.0,10,90,80,False,0,True,707903626,False,0.1359,-0.185,,,,,,,,13,15.133265733718872,1529.7390630245209
100,1.0,additive,0.84,0.1,1.0,10,90,80,False,0,True,1714006843,False,0.1139,0.2305,,,,,,,,14,16.64703869819641,1529.7390630245209
100,1.0,additive,0.84,0.1,1.0,10,90,80,False,0,True,525008399,False,0.6254,0.1076,,,,,,,,15,16.232345581054688,1529.7390630245209
100,1.0,additive,0.84,0.1,1.0,10,90,80,False,0,True,188948818,False,0.7532,0.104,,,,,,,,16,16.387210607528687,1529.7390630245209
100,1.0,additive,0.84,0.1,1.0,10,90,80,False,0,True,2000372885,False,0.0759,0.212,,,,,,,,17,16.081129789352417,1529.7390630245209
100,1.0,additive,0.84,0.1,1.0,10,90,80,False,0,True,6053591,False,0.7473,0.0948,,,,,,,,18,16.267884016036987,1529.7390630245209
100,1.0,additive,0.84,0.1,1.0,10,90,80,False,0,True,1817477658,False,0.997,-0.0572,,,,,,,,19,16.01804518699646,1529.7390630245209
100,1.0,additive,0.84,0.1,1.0,10,90,80,False,0,True,628479214,False,0.7023,-0.1256,,,,,,,,20,13.737814903259277,1529.7390630245209
100,1.0,additive,0.84,0.1,1.0,10,90,80,False,0,True,292419633,False,0.2208,0.1977,,,,,,,,21,12.293993473052979,1529.7390630245209
100,1.0,additive,0.84,0.1,1.0,10,90,80,False,0,True,445583987,False,0.2647,-0.1499,,,,,,,,22,13.214931964874268,1529.7390630245209
100,1.0,additive,0.84,0.1,1.0,10,90,80,False,0,True,109524406,False,0.2807,-0.1653,,,,,,,,23,12.48789119720459,1529.7390630245209
100,1.0,additive,0.84,0.1,1.0,10,90,80,False,0,True,1920948473,False,0.8601,0.0806,,,,,,,,24,12.742988586425781,1529.7390630245209
100,1.0,additive,0.84,0.1,1.0,10,90,80,False,0,True,731950029,False,0.9311,0.0747,,,,,,,,25,12.355252742767334,1529.7390630245209
100,1.0,additive,0.84,0.1,1.0,10,90,80,False,0,True,1738053246,False,0.9071,0.0815,,,,,,,,26,13.023292064666748,1529.7390630245209
100,1.0,additive,0.84,0.1,1.0,10,90,80,False,0,True,549054802,False,0.2847,-0.1499,,,,,,,,27,13.452832460403442,1529.7390630245209
100,1.0,additive,0.84,0.1,1.0,10,90,80,False,0,True,212995221,True,0.041,-0.2128,,,,,,,,28,12.666738986968994,1529.7390630245209
100,1.0,additive,0.84,0.1,1.0,10,90,80,False,0,True,2024419288,False,0.6044,0.1387,,,,,,,,29,12.805807828903198,1529.7390630245209
100,1.0,additive,0.84,0.1,1.0,10,90,80,False,0,True,30099994,False,0.2957,0.1701,,,,,,,,30,12.390694379806519,1529.7390630245209
100,1.0,additive,0.84,0.1,1.0,10,90,80,False,0,True,1841524061,False,0.6274,-0.1147,,,,,,,,31,12.67637825012207,1529.7390630245209
100,1.0,additive,0.84,0.1,1.0,10,90,80,False,0,True,652525617,True,0.039,-0.232,,,,,,,,32,16.349332332611084,1529.7390630245209
100,1.0,additive,0.84,0.1,1.0,10,90,80,False,0,True,316466036,False,0.983,-0.073,,,,,,,,33,19.522547960281372,1529.7390630245209
100,1.0,additive,0.84,0.1,1.0,10,90,80,False,0,True,1274951240,False,0.3177,-0.1767,,,,,,,,34,16.48537516593933,1529.7390630245209
100,1.0,additive,0.84,0.1,1.0,10,90,80,False,0,True,133570809,False,0.8032,-0.0973,,,,,,,,35,15.323081970214844,1529.7390630245209
100,1.0,additive,0.84,0.1,1.0,10,90,80,False,0,True,1944994876,False,0.7812,-0.097,,,,,,,,36,14.105309247970581,1529.7390630245209
100,1.0,additive,0.84,0.1,1.0,10,90,80,False,0,True,755996432,False,0.7562,0.0998,,,,,,,,37,15.114727258682251,1529.7390630245209
100,1.0,additive,0.84,0.1,1.0,10,90,80,False,0,True,419936851,False,0.3477,0.162,,,,,,,,38,15.512548208236694,1529.7390630245209
100,1.0,additive,0.84,0.1,1.0,10,90,80,False,0,True,573101205,False,0.0979,-0.2037,,,,,,,,39,15.896141052246094,1529.7390630245209
100,1.0,additive,0.84,0.1,1.0,10,90,80,False,0,True,237041624,False,0.5824,-0.1332,,,,,,,,40,14.630095720291138,1529.7390630245209
100,1.0,additive,0.84,0.1,1.0,10,90,80,False,0,True,1195526828,False,0.1518,-0.1884,,,,,,,,41,14.055307149887085,1529.7390630245209
100,1.0,additive,0.84,0.1,1.0,10,90,80,False,0,True,859467247,False,0.7552,0.0921,,,,,,,,42,14.986127376556396,1529.7390630245209
100,1.0,additive,0.84,0.1,1.0,10,90,80,False,0,True,1766231577,False,0.7043,-0.1065,,,,,,,,43,15.214823722839355,1529.7390630245209
100,1.0,additive,0.84,0.1,1.0,10,90,80,False,0,True,676572020,False,0.8202,-0.1008,,,,,,,,44,14.445120811462402,1529.7390630245209
100,1.0,additive,0.84,0.1,1.0,10,90,80,False,0,True,340512439,False,0.9221,-0.0686,,,,,,,,45,15.230451345443726,1529.7390630245209
100,1.0,additive,0.84,0.1,1.0,10,90,80,False,0,True,1298997643,False,0.3906,0.1583,,,,,,,,46,15.083690643310547,1529.7390630245209
100,1.0,additive,0.84,0.1,1.0,10,90,80,False,0,True,157617212,False,0.1099,0.2264,,,,,,,,47,15.364490270614624,1529.7390630245209
100,1.0,additive,0.84,0.1,1.0,10,90,80,False,0,True,1116102416,False,0.6294,-0.1246,,,,,,,,48,14.822458982467651,1529.7390630245209
100,1.0,additive,0.84,0.1,1.0,10,90,80,False,0,True,780042835,False,0.5335,0.1336,,,,,,,,49,12.831992387771606,1529.7390630245209
100,1.0,additive,0.86,0.1,1.0,10,90,80,False,0,False,1564625935,True,0.007,0.451,False,-8.0,6.0,0.851063829787234,,,,0,13.28395676612854,1431.8427221775055
100,1.0,additive,0.86,0.1,1.0,10,90,80,False,0,False,1228566354,True,0.003,0.4666,False,-8.0,10.0,0.8163265306122449,,,,1,12.573544979095459,1431.8427221775055
100,1.0,additive,0.86,0.1,1.0,10,90,80,False,0,False,39567910,True,0.005,0.4624,False,-10.0,2.0,0.8695652173913043,,,,2,13.343455076217651,1431.8427221775055
100,1.0,additive,0.86,0.1,1.0,10,90,80,False,0,False,946332240,True,0.003,0.4402,False,-5.0,9.0,0.851063829787234,,,,3,13.540904760360718,1431.8427221775055
100,1.0,additive,0.86,0.1,1.0,10,90,80,False,0,False,2004156331,True,0.003,0.4456,False,-5.0,9.0,0.851063829787234,,,,4,14.859340906143188,1431.8427221775055
100,1.0,additive,0.86,0.1,1.0,10,90,80,False,0,False,1668096750,True,0.002,0.4481,False,-3.0,-1.0,0.9518072289156626,,,,5,13.943367004394531,1431.8427221775055
100,1.0,additive,0.86,0.1,1.0,10,90,80,False,0,False,1332037169,True,0.001,0.4811,False,-9.0,10.0,0.8080808080808081,,,,6,16.126452684402466,1431.8427221775055
100,1.0,additive,0.86,0.1,1.0,10,90,80,False,0,False,1485201523,True,0.004,0.4467,False,-9.0,1.0,0.8888888888888888,,,,7,15.687998533248901,1431.8427221775055
100,1.0,additive,0.86,0.1,1.0,10,90,80,False,0,False,1049803055,True,0.003,0.433,False,-1.0,5.0,0.9302325581395349,,,,8,15.499404668807983,1431.8427221775055
100,1.0,additive,0.86,0.1,1.0,10,90,80,False,0,False,2107627146,True,0.004,0.4429,False,-10.0,6.0,0.8333333333333334,,,,9,16.48108673095703,1431.8427221775055
100,1.0,additive,0.86,0.1,1.0,10,90,80,False,0,False,1771567565,True,0.003,0.4687,False,-4.0,1.0,0.9411764705882353,,,,10,15.70420217514038,1431.8427221775055
100,1.0,additive,0.86,0.1,1.0,10,90,80,False,0,False,530848247,True,0.001,0.4601,False,0.0,6.0,0.9302325581395349,,,,11,16.174527168273926,1431.8427221775055
100,1.0,additive,0.86,0.1,1.0,10,90,80,False,0,False,1588672338,True,0.004,0.4708,False,-10.0,1.0,0.8791208791208791,,,,12,15.832119226455688,1431.8427221775055
100,1.0,additive,0.86,0.1,1.0,10,90,80,False,0,False,1153273870,True,0.002,0.4468,False,-8.0,10.0,0.8163265306122449,,,,13,15.055477857589722,1431.8427221775055
100,1.0,additive,0.86,0.1,1.0,10,90,80,False,0,False,63614313,True,0.003,0.4395,False,-5.0,1.0,0.9302325581395349,,,,14,14.394596338272095,1431.8427221775055
100,1.0,additive,0.86,0.1,1.0,10,90,80,False,0,False,1875038380,True,0.002,0.446,False,-1.0,1.0,0.975609756097561,,,,15,13.100698471069336,1431.8427221775055
100,1.0,additive,0.86,0.1,1.0,10,90,80,False,0,False,2028202734,True,0.003,0.4431,False,-9.0,1.0,0.8888888888888888,,,,16,12.393639326095581,1431.8427221775055
100,1.0,additive,0.86,0.1,1.0,10,90,80,False,0,False,1692143153,True,0.002,0.4497,False,-8.0,10.0,0.8163265306122449,,,,17,13.255194902420044,1431.8427221775055
100,1.0,additive,0.86,0.1,1.0,10,90,80,False,0,False,1256744685,True,0.002,0.4519,False,-1.0,0.0,0.9876543209876543,,,,18,13.259844064712524,1431.8427221775055
100,1.0,additive,0.86,0.1,1.0,10,90,80,False,0,False,167085128,True,0.004,0.4616,False,0.0,5.0,0.9411764705882353,,,,19,12.536383867263794,1431.8427221775055
100,1.0,additive,0.86,0.1,1.0,10,90,80,False,0,False,1073849458,True,0.003,0.4566,False,0.0,5.0,0.9411764705882353,,,,20,12.872208595275879,1431.8427221775055
100,1.0,additive,0.86,0.1,1.0,10,90,80,False,0,False,2131673549,True,0.004,0.4442,False,-7.0,0.0,0.9195402298850575,,,,21,12.238341331481934,1431.8427221775055
100,1.0,additive,0.86,0.1,1.0,10,90,80,False,0,False,1795613968,True,0.003,0.4411,False,-9.0,10.0,0.8080808080808081,,,,22,12.488043308258057,1431.8427221775055
100,1.0,additive,0.86,0.1,1.0,10,90,80,False,0,False,606615524,True,0.001,0.4687,False,-6.0,2.0,0.9090909090909091,,,,23,12.251367807388306,1431.8427221775055
100,1.0,additive,0.86,0.1,1.0,10,90,80,False,0,False,1513379854,True,0.005,0.4729,False,-2.0,0.0,0.975609756097561,,,,24,12.130115747451782,1431.8427221775055
100,1.0,additive,0.86,0.1,1.0,10,90,80,False,0,False,1177320273,True,0.003,0.4446,False,-3.0,9.0,0.8695652173913043,,,,25,12.385125637054443,1431.8427221775055
100,1.0,additive,0.86,0.1,1.0,10,90,80,False,0,False,87660716,True,0.003,0.4732,False,-8.0,7.0,0.8421052631578947,,,,26,13.059734106063843,1431.8427221775055
100,1.0,additive,0.86,0.1,1.0,10,90,80,False,0,False,1899084783,True,0.001,0.4738,False,-9.0,10.0,0.8080808080808081,,,,27,12.394733428955078,1431.8427221775055
100,1.0,additive,0.86,0.1,1.0,10,90,80,False,0,False,1952910250,True,0.001,0.4612,False,0.0,4.0,0.9523809523809523,,,,28,12.084551811218262,1431.8427221775055
100,1.0,additive,0.86,0.1,1.0,10,90,80,False,0,False,1616850669,True,0.002,0.4569,False,-7.0,10.0,0.8247422680412371,,,,29,12.041679382324219,1431.8427221775055
100,1.0,additive,0.86,0.1,1.0,10,90,80,False,0,False,527191112,True,0.002,0.453,False,-2.0,10.0,0.8695652173913043,,,,30,12.68743348121643,1431.8427221775055
100,1.0,additive,0.86,0.1,1.0,10,90,80,False,0,False,191131531,True,0.003,0.4409,False,0.0,4.0,0.9523809523809523,,,,31,12.191681385040283,1431.8427221775055
100,1.0,additive,0.86,0.1,1.0,10,90,80,False,0,False,1097895861,True,0.003,0.4919,False,-2.0,8.0,0.8888888888888888,,,,32,13.117285013198853,1431.8427221775055
100,1.0,additive,0.86,0.1,1.0,10,90,80,False,0,False,8236304,True,0.002,0.4533,False,-7.0,2.0,0.898876404494382,,,,33,15.71138072013855,1431.8427221775055
100,1.0,additive,0.86,0.1,1.0,10,90,80,False,0,False,1720321484,True,0.002,0.4327,False,-4.0,1.0,0.9411764705882353,,,,34,15.742367029190063,1431.8427221775055
100,1.0,additive,0.86,0.1,1.0,10,90,80,False,0,False,630661927,True,0.004,0.433,True,0.0,0.0,1.0,,,,35,15.143036365509033,1431.8427221775055
100,1.0,additive,0.86,0.1,1.0,10,90,80,False,0,False,1537426257,True,0.004,0.4556,False,1.0,6.0,0.9186046511627907,,,,36,15.26914668083191,1431.8427221775055
100,1.0,additive,0.86,0.1,1.0,10,90,80,False,0,False,1201366676,True,0.004,0.4146,False,-9.0,2.0,0.8791208791208791,,,,37,15.70581579208374,1431.8427221775055
100,1.0,additive,0.86,0.1,1.0,10,90,80,False,0,False,111707119,True,0.002,0.412,False,-4.0,2.0,0.9302325581395349,,,,38,15.3108069896698,1431.8427221775055
100,1.0,additive,0.86,0.1,1.0,10,90,80,False,0,False,1823792299,True,0.001,0.4352,False,-10.0,1.0,0.8791208791208791,,,,39,15.477510452270508,1431.8427221775055
100,1.0,additive,0.86,0.1,1.0,10,90,80,False,0,False,734132742,True,0.002,0.4662,False,-7.0,8.0,0.8421052631578947,,,,40,16.173368453979492,1431.8427221775055
100,1.0,additive,0.86,0.1,1.0,10,90,80,False,0,False,1640897072,True,0.003,0.4758,False,-8.0,0.0,0.9090909090909091,,,,41,15.42562198638916,1431.8427221775055
100,1.0,additive,0.86,0.1,1.0,10,90,80,False,0,False,551237515,True,0.005,0.4842,False,-10.0,3.0,0.8602150537634409,,,,42,15.785611391067505,1431.8427221775055
100,1.0,additive,0.86,0.1,1.0,10,90,80,False,0,False,215177934,True,0.005,0.4691,False,-8.0,10.0,0.8163265306122449,,,,43,13.334429264068604,1431.8427221775055
100,1.0,additive,0.86,0.1,1.0,10,90,80,False,0,False,1927263114,True,0.002,0.4841,False,-8.0,0.0,0.9090909090909091,,,,44,12.478328704833984,1431.8427221775055
100,1.0,additive,0.86,0.1,1.0,10,90,80,False,0,False,2080427468,True,0.003,0.4513,False,-6.0,10.0,0.8333333333333334,,,,45,12.998603343963623,1431.8427221775055
100,1.0,additive,0.86,0.1,1.0,10,90,80,False,0,False,1744367887,True,0.007,0.4528,False,-7.0,2.0,0.898876404494382,,,,46,12.716478109359741,1431.8427221775055
100,1.0,additive,0.86,0.1,1.0,10,90,80,False,0,False,654708330,True,0.001,0.4789,False,-10.0,8.0,0.8163265306122449,,,,47,13.019101858139038,1431.8427221775055
100,1.0,additive,0.86,0.1,1.0,10,90,80,False,0,False,318648749,True,0.003,0.4634,False,-3.0,4.0,0.9195402298850575,,,,48,12.208661556243896,1431.8427221775055
100,1.0,additive,0.86,0.1,1.0,10,90,80,False,0,False,372474216,True,0.005,0.4776,False,1.0,9.0,0.8876404494382022,,,,49,13.539923906326294,1431.8427221775055
100,1.0,additive,0.86,0.1,1.0,10,90,80,False,0,True,1560026684,False,0.1968,-0.1758,,,,,,,,0,14.667535305023193,1431.8427221775055
100,1.0,additive,0.86,0.1,1.0,10,90,80,False,0,True,1223967103,False,0.6883,0.11,,,,,,,,1,12.204308032989502,1431.8427221775055
100,1.0,additive,0.86,0.1,1.0,10,90,80,False,0,True,34968659,False,0.6643,-0.1072,,,,,,,,2,15.614307403564453,1431.8427221775055
100,1.0,additive,0.86,0.1,1.0,10,90,80,False,0,True,1041071876,False,0.7463,0.1061,,,,,,,,3,14.415987253189087,1431.8427221775055
100,1.0,additive,0.86,0.1,1.0,10,90,80,False,0,True,1999557080,False,0.1908,0.1662,,,,,,,,4,15.251936674118042,1431.8427221775055
100,1.0,additive,0.86,0.1,1.0,10,90,80,False,0,True,1663497499,True,0.021,-0.3016,,,,,,,,5,12.360088586807251,1431.8427221775055
100,1.0,additive,0.86,0.1,1.0,10,90,80,False,0,True,1327437918,False,0.4486,-0.132,,,,,,,,6,13.701416969299316,1431.8427221775055
100,1.0,additive,0.86,0.1,1.0,10,90,80,False,0,True,1480602272,False,0.4935,0.1381,,,,,,,,7,14.886916875839233,1431.8427221775055
100,1.0,additive,0.86,0.1,1.0,10,90,80,False,0,True,1144542691,False,0.3566,0.148,,,,,,,,8,15.25330638885498,1431.8427221775055
100,1.0,additive,0.86,0.1,1.0,10,90,80,False,0,True,2103027895,False,0.1918,-0.1775,,,,,,,,9,14.079652786254883,1431.8427221775055
100,1.0,additive,0.86,0.1,1.0,10,90,80,False,0,True,1766968314,False,0.2388,-0.18,,,,,,,,10,14.61977243423462,1431.8427221775055
100,1.0,additive,0.86,0.1,1.0,10,90,80,False,0,True,625587883,False,0.3686,-0.14,,,,,,,,11,15.977380514144897,1431.8427221775055
100,1.0,additive,0.86,0.1,1.0,10,90,80,False,0,True,1584073087,False,0.3217,-0.1731,,,,,,,,12,14.977728605270386,1431.8427221775055
100,1.0,additive,0.86,0.1,1.0,10,90,80,False,0,True,1248013506,False,0.4176,0.131,,,,,,,,13,14.888103723526001,1431.8427221775055
100,1.0,additive,0.86,0.1,1.0,10,90,80,False,0,True,59015062,False,0.8791,-0.0925,,,,,,,,14,14.83729863166809,1431.8427221775055
100,1.0,additive,0.86,0.1,1.0,10,90,80,False,0,True,1870439129,False,0.5844,-0.1254,,,,,,,,15,14.83529019355774,1431.8427221775055
100,1.0,additive,0.86,0.1,1.0,10,90,80,False,0,True,2023603483,False,0.1818,-0.1839,,,,,,,,16,15.121529579162598,1431.8427221775055
100,1.0,additive,0.86,0.1,1.0,10,90,80,False,0,True,1687543902,False,0.4935,0.1247,,,,,,,,17,13.99096393585205,1431.8427221775055
100,1.0,additive,0.86,0.1,1.0,10,90,80,False,0,True,1351484321,False,0.5544,-0.1142,,,,,,,,18,15.79814076423645,1431.8427221775055
100,1.0,additive,0.86,0.1,1.0,10,90,80,False,0,True,162485877,False,0.4386,-0.1397,,,,,,,,19,15.736656665802002,1431.8427221775055
100,1.0,additive,0.86,0.1,1.0,10,90,80,False,0,True,1168589094,False,0.3307,0.1471,,,,,,,,20,16.2314670085907,1431.8427221775055
100,1.0,additive,0.86,0.1,1.0,10,90,80,False,0,True,2127074298,False,0.8561,-0.0798,,,,,,,,21,14.567729949951172,1431.8427221775055
100,1.0,additive,0.86,0.1,1.0,10,90,80,False,0,True,1791014717,False,0.2108,0.1711,,,,,,,,22,15.833177089691162,1431.8427221775055
100,1.0,additive,0.86,0.1,1.0,10,90,80,False,0,True,602016273,True,0.043,0.2505,,,,,,,,23,15.050107717514038,1431.8427221775055
100,1.0,additive,0.86,0.1,1.0,10,90,80,False,0,True,1608119490,False,0.8881,-0.0889,,,,,,,,24,14.107983112335205,1431.8427221775055
100,1.0,additive,0.86,0.1,1.0,10,90,80,False,0,True,1272059909,False,0.7223,-0.1036,,,,,,,,25,15.601569652557373,1431.8427221775055
100,1.0,additive,0.86,0.1,1.0,10,90,80,False,0,True,83061465,False,0.7033,-0.1109,,,,,,,,26,15.08215618133545,1431.8427221775055
100,1.0,additive,0.86,0.1,1.0,10,90,80,False,0,True,1894485532,False,0.8671,0.0814,,,,,,,,27,13.79178786277771,1431.8427221775055
100,1.0,additive,0.86,0.1,1.0,10,90,80,False,0,True,2047649886,False,0.6863,-0.1095,,,,,,,,28,13.88152027130127,1431.8427221775055
100,1.0,additive,0.86,0.1,1.0,10,90,80,False,0,True,1711590305,False,0.6513,0.1124,,,,,,,,29,12.777475833892822,1431.8427221775055
100,1.0,additive,0.86,0.1,1.0,10,90,80,False,0,True,522591861,False,0.1319,-0.1542,,,,,,,,30,14.136048793792725,1431.8427221775055
100,1.0,additive,0.86,0.1,1.0,10,90,80,False,0,True,186532280,False,0.5495,0.1192,,,,,,,,31,15.493422985076904,1431.8427221775055
100,1.0,additive,0.86,0.1,1.0,10,90,80,False,0,True,1192635497,False,0.1329,-0.167,,,,,,,,32,15.581835269927979,1431.8427221775055
100,1.0,additive,0.86,0.1,1.0,10,90,80,False,0,True,3637053,False,0.5365,-0.1188,,,,,,,,33,12.497704267501831,1431.8427221775055
100,1.0,additive,0.86,0.1,1.0,10,90,80,False,0,True,1815061120,False,0.957,-0.0748,,,,,,,,34,12.896474599838257,1431.8427221775055
100,1.0,additive,0.86,0.1,1.0,10,90,80,False,0,True,626062676,False,0.8621,-0.0831,,,,,,,,35,14.699215412139893,1431.8427221775055
100,1.0,additive,0.86,0.1,1.0,10,90,80,False,0,True,1632165893,False,0.7423,-0.1067,,,,,,,,36,16.430362939834595,1431.8427221775055
100,1.0,additive,0.86,0.1,1.0,10,90,80,False,0,True,1296106312,False,0.5135,-0.1246,,,,,,,,37,16.885626792907715,1431.8427221775055
100,1.0,additive,0.86,0.1,1.0,10,90,80,False,0,True,107107868,False,0.7383,0.103,,,,,,,,38,15.464965105056763,1431.8427221775055
100,1.0,additive,0.86,0.1,1.0,10,90,80,False,0,True,1918531935,False,0.1339,-0.1835,,,,,,,,39,14.046184778213501,1431.8427221775055
100,1.0,additive,0.86,0.1,1.0,10,90,80,False,0,True,729533491,False,0.4555,-0.1428,,,,,,,,40,13.109582662582397,1431.8427221775055
100,1.0,additive,0.86,0.1,1.0,10,90,80,False,0,True,1735636708,False,0.4226,-0.1459,,,,,,,,41,14.706396341323853,1431.8427221775055
100,1.0,additive,0.86,0.1,1.0,10,90,80,False,0,True,546638264,False,0.3646,0.1345,,,,,,,,42,16.0053391456604,1431.8427221775055
100,1.0,additive,0.86,0.1,1.0,10,90,80,False,0,True,210578683,False,0.5095,-0.1359,,,,,,,,43,15.116276741027832,1431.8427221775055
100,1.0,additive,0.86,0.1,1.0,10,90,80,False,0,True,2022002750,False,0.9311,-0.0662,,,,,,,,44,14.588348865509033,1431.8427221775055
100,1.0,additive,0.86,0.1,1.0,10,90,80,False,0,True,27683456,False,0.2438,-0.1834,,,,,,,,45,16.070226907730103,1431.8427221775055
100,1.0,additive,0.86,0.1,1.0,10,90,80,False,0,True,1839107523,False,0.3027,-0.1734,,,,,,,,46,16.034135818481445,1431.8427221775055
100,1.0,additive,0.86,0.1,1.0,10,90,80,False,0,True,650109079,False,0.2238,-0.1702,,,,,,,,47,14.073971509933472,1431.8427221775055
100,1.0,additive,0.86,0.1,1.0,10,90,80,False,0,True,314049498,False,0.2008,-0.1924,,,,,,,,48,14.005145788192749,1431.8427221775055
100,1.0,additive,0.86,0.1,1.0,10,90,80,False,0,True,467213852,False,0.6464,-0.1029,,,,,,,,49,14.408840417861938,1431.8427221775055
100,1.0,additive,0.88,0.1,1.0,10,90,80,False,0,False,1603183824,True,0.002,0.4734,False,-9.0,10.0,0.8080808080808081,,,,0,14.27694582939148,1189.566782951355
100,1.0,additive,0.88,0.1,1.0,10,90,80,False,0,False,461803393,True,0.004,0.4466,False,-3.0,10.0,0.8602150537634409,,,,1,11.407148122787476,1189.566782951355
100,1.0,additive,0.88,0.1,1.0,10,90,80,False,0,False,1420288597,True,0.002,0.4517,False,-6.0,9.0,0.8421052631578947,,,,2,12.163260221481323,1189.566782951355
100,1.0,additive,0.88,0.1,1.0,10,90,80,False,0,False,1084229016,True,0.004,0.4679,False,-7.0,7.0,0.851063829787234,,,,3,11.402435541152954,1189.566782951355
100,1.0,additive,0.88,0.1,1.0,10,90,80,False,0,False,748169435,True,0.001,0.4596,False,-10.0,10.0,0.8,,,,4,11.744873523712158,1189.566782951355
100,1.0,additive,0.88,0.1,1.0,10,90,80,False,0,False,901333789,True,0.002,0.4628,False,-9.0,2.0,0.8791208791208791,,,,5,11.774590253829956,1189.566782951355
100,1.0,additive,0.88,0.1,1.0,10,90,80,False,0,False,565274208,True,0.001,0.4693,False,-2.0,9.0,0.8791208791208791,,,,6,11.7094087600708,1189.566782951355
100,1.0,additive,0.88,0.1,1.0,10,90,80,False,0,False,1523759412,True,0.002,0.4742,False,-1.0,8.0,0.898876404494382,,,,7,12.411155223846436,1189.566782951355
100,1.0,additive,0.88,0.1,1.0,10,90,80,False,0,False,1187699831,True,0.009,0.4382,False,-10.0,1.0,0.8791208791208791,,,,8,11.3941810131073,1189.566782951355
100,1.0,additive,0.88,0.1,1.0,10,90,80,False,0,False,98040274,True,0.002,0.4692,False,-10.0,10.0,0.8,,,,9,11.740494012832642,1189.566782951355
100,1.0,additive,0.88,0.1,1.0,10,90,80,False,0,False,1004804604,True,0.007,0.4286,True,0.0,0.0,1.0,,,,10,11.72735071182251,1189.566782951355
100,1.0,additive,0.88,0.1,1.0,10,90,80,False,0,False,668745023,True,0.005,0.4446,False,-7.0,6.0,0.8602150537634409,,,,11,12.690304517745972,1189.566782951355
100,1.0,additive,0.88,0.1,1.0,10,90,80,False,0,False,1627230227,True,0.001,0.4415,False,-2.0,2.0,0.9523809523809523,,,,12,12.412463665008545,1189.566782951355
100,1.0,additive,0.88,0.1,1.0,10,90,80,False,0,False,1291170646,True,0.002,0.4789,False,-7.0,0.0,0.9195402298850575,,,,13,12.275700092315674,1189.566782951355
100,1.0,additive,0.88,0.1,1.0,10,90,80,False,0,False,1444335000,True,0.002,0.4573,False,-10.0,5.0,0.8421052631578947,,,,14,11.440720558166504,1189.566782951355
100,1.0,additive,0.88,0.1,1.0,10,90,80,False,0,False,1108275419,True,0.001,0.4577,False,-10.0,3.0,0.8602150537634409,,,,15,13.950989961624146,1189.566782951355
100,1.0,additive,0.88,0.1,1.0,10,90,80,False,0,False,772215838,True,0.009,0.4213,False,0.0,1.0,0.9876543209876543,,,,16,12.728475570678711,1189.566782951355
100,1.0,additive,0.88,0.1,1.0,10,90,80,False,0,False,1730701042,True,0.003,0.4653,False,-1.0,9.0,0.8888888888888888,,,,17,11.502932786941528,1189.566782951355
100,1.0,additive,0.88,0.1,1.0,10,90,80,False,0,False,589320611,True,0.002,0.5078,False,-10.0,10.0,0.8,,,,18,12.148627519607544,1189.566782951355
100,1.0,additive,0.88,0.1,1.0,10,90,80,False,0,False,1547805815,True,0.004,0.4677,False,-10.0,3.0,0.8602150537634409,,,,19,12.271835088729858,1189.566782951355
100,1.0,additive,0.88,0.1,1.0,10,90,80,False,0,False,1211746234,True,0.001,0.469,False,-6.0,9.0,0.8421052631578947,,,,20,11.729868412017822,1189.566782951355
100,1.0,additive,0.88,0.1,1.0,10,90,80,False,0,False,22747790,True,0.004,0.4452,False,-3.0,0.0,0.963855421686747,,,,21,11.468143463134766,1189.566782951355
100,1.0,additive,0.88,0.1,1.0,10,90,80,False,0,False,1028851007,True,0.004,0.4512,False,-1.0,8.0,0.898876404494382,,,,22,11.940985679626465,1189.566782951355
100,1.0,additive,0.88,0.1,1.0,10,90,80,False,0,False,692791426,True,0.002,0.4415,False,-1.0,10.0,0.8791208791208791,,,,23,11.396081686019897,1189.566782951355
100,1.0,additive,0.88,0.1,1.0,10,90,80,False,0,False,1651276630,True,0.003,0.4865,False,-6.0,10.0,0.8333333333333334,,,,24,11.956177234649658,1189.566782951355
100,1.0,additive,0.88,0.1,1.0,10,90,80,False,0,False,1315217049,True,0.004,0.4652,False,0.0,4.0,0.9523809523809523,,,,25,11.18067979812622,1189.566782951355
100,1.0,additive,0.88,0.1,1.0,10,90,80,False,0,False,1468381403,True,0.005,0.4695,False,0.0,2.0,0.975609756097561,,,,26,11.795510292053223,1189.566782951355
100,1.0,additive,0.88,0.1,1.0,10,90,80,False,0,False,1132321822,True,0.002,0.4682,False,0.0,6.0,0.9302325581395349,,,,27,11.775413513183594,1189.566782951355
100,1.0,additive,0.88,0.1,1.0,10,90,80,False,0,False,2090807026,True,0.006,0.4477,False,-4.0,10.0,0.851063829787234,,,,28,12.285038709640503,1189.566782951355
100,1.0,additive,0.88,0.1,1.0,10,90,80,False,0,False,1754747445,True,0.002,0.4618,False,-6.0,7.0,0.8602150537634409,,,,29,11.647911787033081,1189.566782951355
100,1.0,additive,0.88,0.1,1.0,10,90,80,False,0,False,1418687864,True,0.006,0.475,False,-1.0,10.0,0.8791208791208791,,,,30,11.74815058708191,1189.566782951355
100,1.0,additive,0.88,0.1,1.0,10,90,80,False,0,False,1571852218,True,0.004,0.459,False,-1.0,3.0,0.9523809523809523,,,,31,12.173259019851685,1189.566782951355
100,1.0,additive,0.88,0.1,1.0,10,90,80,False,0,False,1235792637,True,0.002,0.4292,False,-2.0,1.0,0.963855421686747,,,,32,11.75238299369812,1189.566782951355
100,1.0,additive,0.88,0.1,1.0,10,90,80,False,0,False,46794193,True,0.003,0.454,False,-10.0,2.0,0.8695652173913043,,,,33,12.969850778579712,1189.566782951355
100,1.0,additive,0.88,0.1,1.0,10,90,80,False,0,False,1858218260,True,0.004,0.4185,True,0.0,0.0,1.0,,,,34,12.674643754959106,1189.566782951355
100,1.0,additive,0.88,0.1,1.0,10,90,80,False,0,False,2011382614,True,0.004,0.4631,False,-2.0,3.0,0.9411764705882353,,,,35,12.738401651382446,1189.566782951355
100,1.0,additive,0.88,0.1,1.0,10,90,80,False,0,False,1675323033,True,0.002,0.4779,False,-3.0,5.0,0.9090909090909091,,,,36,12.039135694503784,1189.566782951355
100,1.0,additive,0.88,0.1,1.0,10,90,80,False,0,False,1339263452,True,0.001,0.4611,False,-1.0,9.0,0.8888888888888888,,,,37,12.540188789367676,1189.566782951355
100,1.0,additive,0.88,0.1,1.0,10,90,80,False,0,False,150265008,True,0.005,0.4642,False,-1.0,2.0,0.963855421686747,,,,38,11.493830919265747,1189.566782951355
100,1.0,additive,0.88,0.1,1.0,10,90,80,False,0,False,1156368225,True,0.002,0.4844,False,-9.0,8.0,0.8247422680412371,,,,39,11.916510820388794,1189.566782951355
100,1.0,additive,0.88,0.1,1.0,10,90,80,False,0,False,2114853429,True,0.003,0.4263,False,-3.0,6.0,0.898876404494382,,,,40,12.002770185470581,1189.566782951355
100,1.0,additive,0.88,0.1,1.0,10,90,80,False,0,False,1778793848,True,0.004,0.4547,False,0.0,5.0,0.9411764705882353,,,,41,11.7272789478302,1189.566782951355
100,1.0,additive,0.88,0.1,1.0,10,90,80,False,0,False,1442734267,True,0.003,0.4145,False,-1.0,7.0,0.9090909090909091,,,,42,12.665400505065918,1189.566782951355
100,1.0,additive,0.88,0.1,1.0,10,90,80,False,0,False,1595898621,True,0.002,0.456,False,-8.0,4.0,0.8695652173913043,,,,43,11.886662244796753,1189.566782951355
100,1.0,additive,0.88,0.1,1.0,10,90,80,False,0,False,1259839040,True,0.005,0.4758,False,-2.0,1.0,0.963855421686747,,,,44,11.764045000076294,1189.566782951355
100,1.0,additive,0.88,0.1,1.0,10,90,80,False,0,False,70840596,True,0.009,0.4664,False,0.0,10.0,0.8888888888888888,,,,45,12.025582075119019,1189.566782951355
100,1.0,additive,0.88,0.1,1.0,10,90,80,False,0,False,1882264663,True,0.004,0.452,False,0.0,6.0,0.9302325581395349,,,,46,11.811715602874756,1189.566782951355
100,1.0,additive,0.88,0.1,1.0,10,90,80,False,0,False,2035429017,True,0.001,0.4328,False,-7.0,0.0,0.9195402298850575,,,,47,11.387684106826782,1189.566782951355
100,1.0,additive,0.88,0.1,1.0,10,90,80,False,0,False,1699369436,True,0.003,0.4959,False,-4.0,4.0,0.9090909090909091,,,,48,11.356684446334839,1189.566782951355
100,1.0,additive,0.88,0.1,1.0,10,90,80,False,0,False,1363309855,True,0.007,0.4519,False,-2.0,3.0,0.9411764705882353,,,,49,12.73910140991211,1189.566782951355
100,1.0,additive,0.88,0.1,1.0,10,90,80,False,0,True,1697923460,False,0.8112,0.1058,,,,,,,,0,12.188271284103394,1189.566782951355
100,1.0,additive,0.88,0.1,1.0,10,90,80,False,0,True,457204142,False,0.963,0.066,,,,,,,,1,11.472500562667847,1189.566782951355
100,1.0,additive,0.88,0.1,1.0,10,90,80,False,0,True,1515028233,False,0.5295,0.1282,,,,,,,,2,11.718233585357666,1189.566782951355
100,1.0,additive,0.88,0.1,1.0,10,90,80,False,0,True,1178968652,False,0.4945,-0.1352,,,,,,,,3,11.568552494049072,1189.566782951355
100,1.0,additive,0.88,0.1,1.0,10,90,80,False,0,True,842909071,False,0.99,0.0724,,,,,,,,4,11.772354364395142,1189.566782951355
100,1.0,additive,0.88,0.1,1.0,10,90,80,False,0,True,996073425,False,0.8811,0.0994,,,,,,,,5,11.338468313217163,1189.566782951355
100,1.0,additive,0.88,0.1,1.0,10,90,80,False,0,True,560674957,False,0.5834,-0.127,,,,,,,,6,11.228862762451172,1189.566782951355
100,1.0,additive,0.88,0.1,1.0,10,90,80,False,0,True,1618499048,False,0.2977,0.1563,,,,,,,,7,11.81775164604187,1189.566782951355
100,1.0,additive,0.88,0.1,1.0,10,90,80,False,0,True,1282439467,False,0.992,0.0557,,,,,,,,8,11.376437664031982,1189.566782951355
100,1.0,additive,0.88,0.1,1.0,10,90,80,False,0,True,93441023,False,0.7033,0.1106,,,,,,,,9,12.139382362365723,1189.566782951355
100,1.0,additive,0.88,0.1,1.0,10,90,80,False,0,True,1099544240,False,0.1489,0.1878,,,,,,,,10,12.546320915222168,1189.566782951355
100,1.0,additive,0.88,0.1,1.0,10,90,80,False,0,True,664145772,False,0.9111,-0.0784,,,,,,,,11,12.349944114685059,1189.566782951355
100,1.0,additive,0.88,0.1,1.0,10,90,80,False,0,True,1721969863,False,0.0769,-0.2411,,,,,,,,12,11.560515403747559,1189.566782951355
100,1.0,additive,0.88,0.1,1.0,10,90,80,False,0,True,1385910282,False,0.971,0.068,,,,,,,,13,11.800456523895264,1189.566782951355
100,1.0,additive,0.88,0.1,1.0,10,90,80,False,0,True,1539074636,False,0.2318,0.1629,,,,,,,,14,12.178519487380981,1189.566782951355
100,1.0,additive,0.88,0.1,1.0,10,90,80,False,0,True,1203015055,False,0.958,0.0776,,,,,,,,15,11.699832439422607,1189.566782951355
100,1.0,additive,0.88,0.1,1.0,10,90,80,False,0,True,767616587,False,0.1339,0.2002,,,,,,,,16,11.487376928329468,1189.566782951355
100,1.0,additive,0.88,0.1,1.0,10,90,80,False,0,True,1825440678,False,0.3586,0.164,,,,,,,,17,11.472131729125977,1189.566782951355
100,1.0,additive,0.88,0.1,1.0,10,90,80,False,0,True,584721360,False,0.8282,-0.0915,,,,,,,,18,11.602906465530396,1189.566782951355
100,1.0,additive,0.88,0.1,1.0,10,90,80,False,0,True,1642545451,False,0.4316,-0.1337,,,,,,,,19,11.991986989974976,1189.566782951355
100,1.0,additive,0.88,0.1,1.0,10,90,80,False,0,True,1306485870,False,0.6254,-0.1171,,,,,,,,20,11.664764642715454,1189.566782951355
100,1.0,additive,0.88,0.1,1.0,10,90,80,False,0,True,117487426,False,0.1528,0.2057,,,,,,,,21,11.405726194381714,1189.566782951355
100,1.0,additive,0.88,0.1,1.0,10,90,80,False,0,True,1024251756,False,0.7283,0.1072,,,,,,,,22,11.318674087524414,1189.566782951355
100,1.0,additive,0.88,0.1,1.0,10,90,80,False,0,True,688192175,False,0.3297,-0.1384,,,,,,,,23,11.763425350189209,1189.566782951355
100,1.0,additive,0.88,0.1,1.0,10,90,80,False,0,True,1746016266,False,0.5055,-0.133,,,,,,,,24,11.504411935806274,1189.566782951355
100,1.0,additive,0.88,0.1,1.0,10,90,80,False,0,True,1409956685,False,0.9081,0.0899,,,,,,,,25,11.899707555770874,1189.566782951355
100,1.0,additive,0.88,0.1,1.0,10,90,80,False,0,True,1463782152,False,0.4386,-0.1419,,,,,,,,26,11.900070190429688,1189.566782951355
100,1.0,additive,0.88,0.1,1.0,10,90,80,False,0,True,1127722571,False,0.6623,0.1013,,,,,,,,27,11.963988065719604,1189.566782951355
100,1.0,additive,0.88,0.1,1.0,10,90,80,False,0,True,38063014,False,0.5145,0.1316,,,,,,,,28,11.924389123916626,1189.566782951355
100,1.0,additive,0.88,0.1,1.0,10,90,80,False,0,True,1849487081,False,0.2158,-0.1823,,,,,,,,29,11.628705501556396,1189.566782951355
100,1.0,additive,0.88,0.1,1.0,10,90,80,False,0,True,1513427500,False,0.8561,-0.1003,,,,,,,,30,12.292196035385132,1189.566782951355
100,1.0,additive,0.88,0.1,1.0,10,90,80,False,0,True,1567252967,False,0.6923,-0.1111,,,,,,,,31,11.894750356674194,1189.566782951355
100,1.0,additive,0.88,0.1,1.0,10,90,80,False,0,True,1231193386,False,0.6913,0.1047,,,,,,,,32,11.301928758621216,1189.566782951355
100,1.0,additive,0.88,0.1,1.0,10,90,80,False,0,True,141533829,False,0.1499,-0.193,,,,,,,,33,12.12572693824768,1189.566782951355
100,1.0,additive,0.88,0.1,1.0,10,90,80,False,0,True,1952957896,False,0.6533,-0.1102,,,,,,,,34,11.582030296325684,1189.566782951355
100,1.0,additive,0.88,0.1,1.0,10,90,80,False,0,True,2106122250,False,0.1518,-0.1952,,,,,,,,35,11.814615249633789,1189.566782951355
100,1.0,additive,0.88,0.1,1.0,10,90,80,False,0,True,1670723782,False,0.8212,-0.0986,,,,,,,,36,12.685230731964111,1189.566782951355
100,1.0,additive,0.88,0.1,1.0,10,90,80,False,0,True,1334664201,False,0.4266,0.146,,,,,,,,37,11.548341751098633,1189.566782951355
100,1.0,additive,0.88,0.1,1.0,10,90,80,False,0,True,245004644,False,0.2178,0.1506,,,,,,,,38,12.000126838684082,1189.566782951355
100,1.0,additive,0.88,0.1,1.0,10,90,80,False,0,True,1151768974,False,0.2278,-0.1639,,,,,,,,39,11.529024600982666,1189.566782951355
100,1.0,additive,0.88,0.1,1.0,10,90,80,False,0,True,62109417,False,0.4595,-0.134,,,,,,,,40,11.499905824661255,1189.566782951355
100,1.0,additive,0.88,0.1,1.0,10,90,80,False,0,True,1774194597,False,0.9411,-0.0743,,,,,,,,41,11.566372156143188,1189.566782951355
100,1.0,additive,0.88,0.1,1.0,10,90,80,False,0,True,1438135016,False,0.7842,0.1048,,,,,,,,42,11.755773544311523,1189.566782951355
100,1.0,additive,0.88,0.1,1.0,10,90,80,False,0,True,1591299370,False,0.5894,0.1201,,,,,,,,43,11.677402973175049,1189.566782951355
100,1.0,additive,0.88,0.1,1.0,10,90,80,False,0,True,1255239789,False,0.9161,0.0888,,,,,,,,44,11.496547222137451,1189.566782951355
100,1.0,additive,0.88,0.1,1.0,10,90,80,False,0,True,165580232,False,0.7043,-0.1103,,,,,,,,45,11.629945039749146,1189.566782951355
100,1.0,additive,0.88,0.1,1.0,10,90,80,False,0,True,1977004299,False,0.6863,0.1113,,,,,,,,46,11.697400093078613,1189.566782951355
100,1.0,additive,0.88,0.1,1.0,10,90,80,False,0,True,2030829766,False,0.2857,0.1719,,,,,,,,47,11.56088376045227,1189.566782951355
100,1.0,additive,0.88,0.1,1.0,10,90,80,False,0,True,1694770185,False,0.4346,-0.1374,,,,,,,,48,11.861155271530151,1189.566782951355
100,1.0,additive,0.88,0.1,1.0,10,90,80,False,0,True,1358710604,False,0.7053,0.0991,,,,,,,,49,11.670034170150757,1189.566782951355
100,1.0,additive,0.9,0.1,1.0,10,90,80,False,0,False,870935029,True,0.004,0.4652,False,0.0,10.0,0.8888888888888888,,,,0,11.683512687683105,1512.4879183769226
100,1.0,additive,0.9,0.1,1.0,10,90,80,False,0,False,534875448,True,0.006,0.4541,False,-10.0,0.0,0.8888888888888888,,,,1,12.943490505218506,1512.4879183769226
100,1.0,additive,0.9,0.1,1.0,10,90,80,False,0,False,1540978665,True,0.002,0.469,False,-3.0,5.0,0.9090909090909091,,,,2,11.78142523765564,1512.4879183769226
100,1.0,additive,0.9,0.1,1.0,10,90,80,False,0,False,351980221,True,0.004,0.4751,False,-9.0,10.0,0.8080808080808081,,,,3,11.961332559585571,1512.4879183769226
100,1.0,additive,0.9,0.1,1.0,10,90,80,False,0,False,15920640,True,0.004,0.4721,False,0.0,5.0,0.9411764705882353,,,,4,11.977643966674805,1512.4879183769226
100,1.0,additive,0.9,0.1,1.0,10,90,80,False,0,False,974405844,True,0.006,0.4671,False,-10.0,9.0,0.8080808080808081,,,,5,11.331623554229736,1512.4879183769226
100,1.0,additive,0.9,0.1,1.0,10,90,80,False,0,False,1980509061,True,0.002,0.4139,False,-10.0,10.0,0.8,,,,6,12.504483461380005,1512.4879183769226
100,1.0,additive,0.9,0.1,1.0,10,90,80,False,0,False,791510617,True,0.004,0.4357,False,-3.0,0.0,0.963855421686747,,,,7,11.520568132400513,1512.4879183769226
100,1.0,additive,0.9,0.1,1.0,10,90,80,False,0,False,455451036,True,0.005,0.4456,False,-6.0,5.0,0.8791208791208791,,,,8,11.713313341140747,1512.4879183769226
100,1.0,additive,0.9,0.1,1.0,10,90,80,False,0,False,119391455,True,0.004,0.4607,False,-2.0,0.0,0.975609756097561,,,,9,11.78448748588562,1512.4879183769226
100,1.0,additive,0.9,0.1,1.0,10,90,80,False,0,False,272555809,True,0.005,0.4517,False,-9.0,10.0,0.8080808080808081,,,,10,11.92333173751831,1512.4879183769226
100,1.0,additive,0.9,0.1,1.0,10,90,80,False,0,False,2083979876,True,0.002,0.4217,False,-1.0,1.0,0.975609756097561,,,,11,12.30779218673706,1512.4879183769226
100,1.0,additive,0.9,0.1,1.0,10,90,80,False,0,False,894981432,True,0.002,0.4378,False,-10.0,1.0,0.8791208791208791,,,,12,12.276246309280396,1512.4879183769226
100,1.0,additive,0.9,0.1,1.0,10,90,80,False,0,False,558921851,True,0.002,0.4443,False,-6.0,2.0,0.9090909090909091,,,,13,11.763176441192627,1512.4879183769226
100,1.0,additive,0.9,0.1,1.0,10,90,80,False,0,False,1465686181,True,0.001,0.4823,False,-3.0,3.0,0.9302325581395349,,,,14,12.721686124801636,1512.4879183769226
100,1.0,additive,0.9,0.1,1.0,10,90,80,False,0,False,376026624,True,0.001,0.4622,False,-7.0,0.0,0.9195402298850575,,,,15,12.877845525741577,1512.4879183769226
100,1.0,additive,0.9,0.1,1.0,10,90,80,False,0,False,39967043,True,0.001,0.4829,False,-10.0,4.0,0.851063829787234,,,,16,18.365586519241333,1512.4879183769226
100,1.0,additive,0.9,0.1,1.0,10,90,80,False,0,False,998452247,True,0.003,0.4454,False,-2.0,10.0,0.8695652173913043,,,,17,14.437079429626465,1512.4879183769226
100,1.0,additive,0.9,0.1,1.0,10,90,80,False,0,False,1905216577,True,0.001,0.4694,False,-5.0,6.0,0.8791208791208791,,,,18,13.759631872177124,1512.4879183769226
100,1.0,additive,0.9,0.1,1.0,10,90,80,False,0,False,815557020,True,0.002,0.4795,False,-7.0,0.0,0.9195402298850575,,,,19,15.58374810218811,1512.4879183769226
100,1.0,additive,0.9,0.1,1.0,10,90,80,False,0,False,479497439,True,0.007,0.455,False,0.0,1.0,0.9876543209876543,,,,20,13.239952802658081,1512.4879183769226
100,1.0,additive,0.9,0.1,1.0,10,90,80,False,0,False,143437858,True,0.003,0.4821,False,-9.0,10.0,0.8080808080808081,,,,21,14.009849071502686,1512.4879183769226
100,1.0,additive,0.9,0.1,1.0,10,90,80,False,0,False,296602212,True,0.003,0.4435,False,-1.0,7.0,0.9090909090909091,,,,22,13.71814227104187,1512.4879183769226
100,1.0,additive,0.9,0.1,1.0,10,90,80,False,0,False,2008687392,True,0.004,0.4504,False,0.0,10.0,0.8888888888888888,,,,23,12.100490093231201,1512.4879183769226
100,1.0,additive,0.9,0.1,1.0,10,90,80,False,0,False,919027835,True,0.002,0.4664,False,-10.0,7.0,0.8247422680412371,,,,24,14.270561456680298,1512.4879183769226
100,1.0,additive,0.9,0.1,1.0,10,90,80,False,0,False,582968254,True,0.002,0.4658,True,0.0,0.0,1.0,,,,25,12.285298824310303,1512.4879183769226
100,1.0,additive,0.9,0.1,1.0,10,90,80,False,0,False,1541453458,True,0.002,0.4925,False,-10.0,1.0,0.8791208791208791,,,,26,11.906867980957031,1512.4879183769226
100,1.0,additive,0.9,0.1,1.0,10,90,80,False,0,False,400073027,True,0.003,0.4547,False,-10.0,6.0,0.8333333333333334,,,,27,12.11885404586792,1512.4879183769226
100,1.0,additive,0.9,0.1,1.0,10,90,80,False,0,False,64013446,True,0.006,0.4625,False,-1.0,9.0,0.8888888888888888,,,,28,11.662830591201782,1512.4879183769226
100,1.0,additive,0.9,0.1,1.0,10,90,80,False,0,False,1022498650,True,0.003,0.4635,False,-8.0,9.0,0.8247422680412371,,,,29,12.30003309249878,1512.4879183769226
100,1.0,additive,0.9,0.1,1.0,10,90,80,False,0,False,686439069,True,0.005,0.4414,False,-1.0,0.0,0.9876543209876543,,,,30,15.278852224349976,1512.4879183769226
100,1.0,additive,0.9,0.1,1.0,10,90,80,False,0,False,839603423,True,0.001,0.4897,False,-5.0,9.0,0.851063829787234,,,,31,13.802527666091919,1512.4879183769226
100,1.0,additive,0.9,0.1,1.0,10,90,80,False,0,False,503543842,True,0.004,0.4416,False,-2.0,0.0,0.975609756097561,,,,32,15.633578538894653,1512.4879183769226
100,1.0,additive,0.9,0.1,1.0,10,90,80,False,0,False,1462029046,True,0.003,0.4467,False,-2.0,1.0,0.963855421686747,,,,33,15.287184000015259,1512.4879183769226
100,1.0,additive,0.9,0.1,1.0,10,90,80,False,0,False,1125969465,True,0.005,0.4334,False,-3.0,10.0,0.8602150537634409,,,,34,13.256981372833252,1512.4879183769226
100,1.0,additive,0.9,0.1,1.0,10,90,80,False,0,False,2032733795,True,0.005,0.4476,False,-4.0,2.0,0.9302325581395349,,,,35,11.777314901351929,1512.4879183769226
100,1.0,additive,0.9,0.1,1.0,10,90,80,False,0,False,943074238,True,0.002,0.426,False,-2.0,2.0,0.9523809523809523,,,,36,11.866673231124878,1512.4879183769226
100,1.0,additive,0.9,0.1,1.0,10,90,80,False,0,False,607014657,True,0.002,0.4638,False,-2.0,10.0,0.8695652173913043,,,,37,11.87780499458313,1512.4879183769226
100,1.0,additive,0.9,0.1,1.0,10,90,80,False,0,False,1565499861,True,0.004,0.46,False,0.0,5.0,0.9411764705882353,,,,38,13.957406044006348,1512.4879183769226
100,1.0,additive,0.9,0.1,1.0,10,90,80,False,0,False,324780543,True,0.005,0.4436,False,0.0,10.0,0.8888888888888888,,,,39,11.920719623565674,1512.4879183769226
100,1.0,additive,0.9,0.1,1.0,10,90,80,False,0,False,2136204610,True,0.002,0.4785,False,-8.0,8.0,0.8333333333333334,,,,40,12.805912733078003,1512.4879183769226
100,1.0,additive,0.9,0.1,1.0,10,90,80,False,0,False,1046545053,True,0.001,0.4603,False,-8.0,7.0,0.8421052631578947,,,,41,12.933910131454468,1512.4879183769226
100,1.0,additive,0.9,0.1,1.0,10,90,80,False,0,False,710485472,True,0.003,0.4558,False,0.0,-1.0,0.9875,,,,42,14.897167921066284,1512.4879183769226
100,1.0,additive,0.9,0.1,1.0,10,90,80,False,0,False,863649826,True,0.003,0.4759,False,0.0,10.0,0.8888888888888888,,,,43,16.694005012512207,1512.4879183769226
100,1.0,additive,0.9,0.1,1.0,10,90,80,False,0,False,428251358,True,0.005,0.4206,False,0.0,2.0,0.975609756097561,,,,44,19.536336421966553,1512.4879183769226
100,1.0,additive,0.9,0.1,1.0,10,90,80,False,0,False,1486075449,True,0.003,0.4551,False,-1.0,2.0,0.963855421686747,,,,45,14.84636116027832,1512.4879183769226
100,1.0,additive,0.9,0.1,1.0,10,90,80,False,0,False,1150015868,True,0.005,0.4616,False,-9.0,4.0,0.8602150537634409,,,,46,15.29219388961792,1512.4879183769226
100,1.0,additive,0.9,0.1,1.0,10,90,80,False,0,False,2056780198,True,0.003,0.47,False,-7.0,1.0,0.9090909090909091,,,,47,14.324876546859741,1512.4879183769226
100,1.0,additive,0.9,0.1,1.0,10,90,80,False,0,False,967120641,True,0.002,0.4723,False,-10.0,4.0,0.851063829787234,,,,48,14.68511700630188,1512.4879183769226
100,1.0,additive,0.9,0.1,1.0,10,90,80,False,0,False,531722173,True,0.002,0.4632,False,-2.0,3.0,0.9411764705882353,,,,49,14.174562215805054,1512.4879183769226
100,1.0,additive,0.9,0.1,1.0,10,90,80,False,0,True,866335778,False,0.8861,-0.0963,,,,,,,,0,15.152037143707275,1512.4879183769226
100,1.0,additive,0.9,0.1,1.0,10,90,80,False,0,True,530276197,False,0.7612,-0.1112,,,,,,,,1,16.105321168899536,1512.4879183769226
100,1.0,additive,0.9,0.1,1.0,10,90,80,False,0,True,1536379414,False,0.8971,-0.0992,,,,,,,,2,15.761666774749756,1512.4879183769226
100,1.0,additive,0.9,0.1,1.0,10,90,80,False,0,True,347380970,False,0.9051,0.0766,,,,,,,,3,17.857138872146606,1512.4879183769226
100,1.0,additive,0.9,0.1,1.0,10,90,80,False,0,True,11321389,False,0.6903,0.0991,,,,,,,,4,17.39854669570923,1512.4879183769226
100,1.0,additive,0.9,0.1,1.0,10,90,80,False,0,True,969806593,False,0.4296,-0.1217,,,,,,,,5,15.875551462173462,1512.4879183769226
100,1.0,additive,0.9,0.1,1.0,10,90,80,False,0,True,1975909810,False,0.4665,0.1288,,,,,,,,6,16.993250608444214,1512.4879183769226
100,1.0,additive,0.9,0.1,1.0,10,90,80,False,0,True,786911366,False,0.8442,0.0912,,,,,,,,7,16.16427707672119,1512.4879183769226
100,1.0,additive,0.9,0.1,1.0,10,90,80,False,0,True,450851785,False,0.7163,0.0961,,,,,,,,8,16.854588508605957,1512.4879183769226
100,1.0,additive,0.9,0.1,1.0,10,90,80,False,0,True,114792204,False,0.5235,0.131,,,,,,,,9,17.569057941436768,1512.4879183769226
100,1.0,additive,0.9,0.1,1.0,10,90,80,False,0,True,267956558,False,0.4565,0.1216,,,,,,,,10,15.31506061553955,1512.4879183769226
100,1.0,additive,0.9,0.1,1.0,10,90,80,False,0,True,2079380625,False,0.982,-0.0634,,,,,,,,11,16.4165461063385,1512.4879183769226
100,1.0,additive,0.9,0.1,1.0,10,90,80,False,0,True,890382181,False,0.4695,0.1484,,,,,,,,12,17.21900177001953,1512.4879183769226
100,1.0,additive,0.9,0.1,1.0,10,90,80,False,0,True,554322600,False,0.7822,-0.0985,,,,,,,,13,17.097935676574707,1512.4879183769226
100,1.0,additive,0.9,0.1,1.0,10,90,80,False,0,True,1560425817,False,0.8382,-0.088,,,,,,,,14,16.87313485145569,1512.4879183769226
100,1.0,additive,0.9,0.1,1.0,10,90,80,False,0,True,371427373,False,0.3856,0.1389,,,,,,,,15,16.82672953605652,1512.4879183769226
100,1.0,additive,0.9,0.1,1.0,10,90,80,False,0,True,35367792,False,0.1079,0.2001,,,,,,,,16,17.190385818481445,1512.4879183769226
100,1.0,additive,0.9,0.1,1.0,10,90,80,False,0,True,993852996,False,0.7802,-0.0996,,,,,,,,17,16.495975017547607,1512.4879183769226
100,1.0,additive,0.9,0.1,1.0,10,90,80,False,0,True,1999956213,False,0.1568,0.1807,,,,,,,,18,16.790090560913086,1512.4879183769226
100,1.0,additive,0.9,0.1,1.0,10,90,80,False,0,True,810957769,False,0.6563,-0.0979,,,,,,,,19,16.287930965423584,1512.4879183769226
100,1.0,additive,0.9,0.1,1.0,10,90,80,False,0,True,474898188,False,0.3956,0.1563,,,,,,,,20,16.44121503829956,1512.4879183769226
100,1.0,additive,0.9,0.1,1.0,10,90,80,False,0,True,138838607,False,0.2228,0.1616,,,,,,,,21,15.889542818069458,1512.4879183769226
100,1.0,additive,0.9,0.1,1.0,10,90,80,False,0,True,292002961,False,0.9201,-0.0788,,,,,,,,22,17.489213466644287,1512.4879183769226
100,1.0,additive,0.9,0.1,1.0,10,90,80,False,0,True,2103427028,False,0.4446,0.1479,,,,,,,,23,17.90450668334961,1512.4879183769226
100,1.0,additive,0.9,0.1,1.0,10,90,80,False,0,True,914428584,False,0.2857,-0.1526,,,,,,,,24,17.083380460739136,1512.4879183769226
100,1.0,additive,0.9,0.1,1.0,10,90,80,False,0,True,578369003,False,0.1309,-0.1803,,,,,,,,25,16.165663480758667,1512.4879183769226
100,1.0,additive,0.9,0.1,1.0,10,90,80,False,0,True,1536854207,False,0.3357,-0.154,,,,,,,,26,16.141783714294434,1512.4879183769226
100,1.0,additive,0.9,0.1,1.0,10,90,80,False,0,True,395473776,False,0.9141,0.0821,,,,,,,,27,15.78173828125,1512.4879183769226
100,1.0,additive,0.9,0.1,1.0,10,90,80,False,0,True,59414195,False,0.1499,-0.2047,,,,,,,,28,17.72669267654419,1512.4879183769226
100,1.0,additive,0.9,0.1,1.0,10,90,80,False,0,True,1017899399,True,0.029,-0.2303,,,,,,,,29,18.236655235290527,1512.4879183769226
100,1.0,additive,0.9,0.1,1.0,10,90,80,False,0,True,681839818,False,0.2428,-0.169,,,,,,,,30,18.846193075180054,1512.4879183769226
100,1.0,additive,0.9,0.1,1.0,10,90,80,False,0,True,835004172,False,0.8931,0.0827,,,,,,,,31,16.098847150802612,1512.4879183769226
100,1.0,additive,0.9,0.1,1.0,10,90,80,False,0,True,498944591,False,0.5295,-0.1186,,,,,,,,32,17.586336135864258,1512.4879183769226
100,1.0,additive,0.9,0.1,1.0,10,90,80,False,0,True,1457429795,False,0.1159,0.1873,,,,,,,,33,16.90177583694458,1512.4879183769226
100,1.0,additive,0.9,0.1,1.0,10,90,80,False,0,True,1121370214,False,0.6144,-0.1256,,,,,,,,34,18.006874799728394,1512.4879183769226
100,1.0,additive,0.9,0.1,1.0,10,90,80,False,0,True,2127473431,False,0.5614,0.1438,,,,,,,,35,16.889986276626587,1512.4879183769226
100,1.0,additive,0.9,0.1,1.0,10,90,80,False,0,True,938474987,False,0.972,0.0679,,,,,,,,36,16.54153800010681,1512.4879183769226
100,1.0,additive,0.9,0.1,1.0,10,90,80,False,0,True,602415406,False,0.7892,-0.0978,,,,,,,,37,17.28808355331421,1512.4879183769226
100,1.0,additive,0.9,0.1,1.0,10,90,80,False,0,True,1560900610,False,0.3337,0.1217,,,,,,,,38,16.257871627807617,1512.4879183769226
100,1.0,additive,0.9,0.1,1.0,10,90,80,False,0,True,419520179,False,0.2118,-0.1905,,,,,,,,39,17.25094723701477,1512.4879183769226
100,1.0,additive,0.9,0.1,1.0,10,90,80,False,0,True,83460598,False,0.962,-0.0737,,,,,,,,40,18.685616970062256,1512.4879183769226
100,1.0,additive,0.9,0.1,1.0,10,90,80,False,0,True,1041945802,False,0.0509,-0.2391,,,,,,,,41,15.699100017547607,1512.4879183769226
100,1.0,additive,0.9,0.1,1.0,10,90,80,False,0,True,705886221,False,0.8851,0.0799,,,,,,,,42,16.53800368309021,1512.4879183769226
100,1.0,additive,0.9,0.1,1.0,10,90,80,False,0,True,859050575,False,0.7782,0.106,,,,,,,,43,16.263588905334473,1512.4879183769226
100,1.0,additive,0.9,0.1,1.0,10,90,80,False,0,True,522990994,False,0.1129,-0.2068,,,,,,,,44,15.451399087905884,1512.4879183769226
100,1.0,additive,0.9,0.1,1.0,10,90,80,False,0,True,1481476198,False,0.7313,-0.0967,,,,,,,,45,16.804359912872314,1512.4879183769226
100,1.0,additive,0.9,0.1,1.0,10,90,80,False,0,True,1145416617,False,0.9491,-0.0687,,,,,,,,46,20.574389219284058,1512.4879183769226
100,1.0,additive,0.9,0.1,1.0,10,90,80,False,0,True,4036186,False,0.1369,-0.2159,,,,,,,,47,17.646459102630615,1512.4879183769226
100,1.0,additive,0.9,0.1,1.0,10,90,80,False,0,True,962521390,False,0.976,0.0685,,,,,,,,48,16.8019278049469,1512.4879183769226
100,1.0,additive,0.9,0.1,1.0,10,90,80,False,0,True,626461809,False,0.4635,0.1412,,,,,,,,49,17.13828182220459,1512.4879183769226
100,1.0,additive,0.92,0.1,1.0,10,90,80,False,0,False,656704291,True,0.003,0.4367,False,-1.0,8.0,0.898876404494382,,,,0,18.655850648880005,1658.2752766609192
100,1.0,additive,0.92,0.1,1.0,10,90,80,False,0,False,320644710,True,0.004,0.4678,False,-6.0,7.0,0.8602150537634409,,,,1,17.903796672821045,1658.2752766609192
100,1.0,additive,0.92,0.1,1.0,10,90,80,False,0,False,1279129914,True,0.002,0.442,False,-1.0,1.0,0.975609756097561,,,,2,16.457170248031616,1658.2752766609192
100,1.0,additive,0.92,0.1,1.0,10,90,80,False,0,False,943070333,True,0.007,0.4331,False,-4.0,6.0,0.8888888888888888,,,,3,16.922880172729492,1658.2752766609192
100,1.0,additive,0.92,0.1,1.0,10,90,80,False,0,False,1949173550,True,0.002,0.4384,False,-1.0,3.0,0.9523809523809523,,,,4,17.18288779258728,1658.2752766609192
100,1.0,additive,0.92,0.1,1.0,10,90,80,False,0,False,760175106,True,0.003,0.444,False,-5.0,1.0,0.9302325581395349,,,,5,16.618225812911987,1658.2752766609192
100,1.0,additive,0.92,0.1,1.0,10,90,80,False,0,False,424115525,True,0.003,0.4731,False,-10.0,7.0,0.8247422680412371,,,,6,16.5136616230011,1658.2752766609192
100,1.0,additive,0.92,0.1,1.0,10,90,80,False,0,False,1382600729,True,0.002,0.4643,False,-7.0,6.0,0.8602150537634409,,,,7,16.250012159347534,1658.2752766609192
100,1.0,additive,0.92,0.1,1.0,10,90,80,False,0,False,241220298,True,0.001,0.477,False,-5.0,1.0,0.9302325581395349,,,,8,15.514884948730469,1658.2752766609192
100,1.0,additive,0.92,0.1,1.0,10,90,80,False,0,False,1199705502,True,0.003,0.489,False,-4.0,10.0,0.851063829787234,,,,9,17.859614849090576,1658.2752766609192
100,1.0,additive,0.92,0.1,1.0,10,90,80,False,0,False,863645921,True,0.003,0.4339,False,-9.0,0.0,0.898876404494382,,,,10,16.869685173034668,1658.2752766609192
100,1.0,additive,0.92,0.1,1.0,10,90,80,False,0,False,527586340,True,0.002,0.4776,False,-10.0,9.0,0.8080808080808081,,,,11,17.24815082550049,1658.2752766609192
100,1.0,additive,0.92,0.1,1.0,10,90,80,False,0,False,1486071544,True,0.001,0.4652,False,-10.0,0.0,0.8888888888888888,,,,12,16.135921955108643,1658.2752766609192
100,1.0,additive,0.92,0.1,1.0,10,90,80,False,0,False,344691113,True,0.004,0.4454,False,-10.0,6.0,0.8333333333333334,,,,13,16.533397674560547,1658.2752766609192
100,1.0,additive,0.92,0.1,1.0,10,90,80,False,0,False,1303176317,True,0.002,0.4193,False,-1.0,0.0,0.9876543209876543,,,,14,17.254201650619507,1658.2752766609192
100,1.0,additive,0.92,0.1,1.0,10,90,80,False,0,False,967116736,True,0.005,0.4352,False,0.0,6.0,0.9302325581395349,,,,15,18.995188236236572,1658.2752766609192
100,1.0,additive,0.92,0.1,1.0,10,90,80,False,0,False,1925601940,True,0.001,0.4843,False,-10.0,3.0,0.8602150537634409,,,,16,17.725575923919678,1658.2752766609192
100,1.0,additive,0.92,0.1,1.0,10,90,80,False,0,False,784221509,True,0.003,0.46,False,-1.0,6.0,0.9195402298850575,,,,17,19.73110795021057,1658.2752766609192
100,1.0,additive,0.92,0.1,1.0,10,90,80,False,0,False,448161928,True,0.002,0.4881,False,-2.0,9.0,0.8791208791208791,,,,18,18.594507694244385,1658.2752766609192
100,1.0,additive,0.92,0.1,1.0,10,90,80,False,0,False,1406647132,True,0.007,0.4373,False,0.0,4.0,0.9523809523809523,,,,19,18.530999183654785,1658.2752766609192
100,1.0,additive,0.92,0.1,1.0,10,90,80,False,0,False,1070587551,True,0.002,0.4462,False,-10.0,0.0,0.8888888888888888,,,,20,17.11060094833374,1658.2752766609192
100,1.0,additive,0.92,0.1,1.0,10,90,80,False,0,False,1223751905,True,0.004,0.4407,False,-8.0,1.0,0.898876404494382,,,,21,17.062371492385864,1658.2752766609192
100,1.0,additive,0.92,0.1,1.0,10,90,80,False,0,False,887692324,True,0.003,0.4746,False,-10.0,9.0,0.8080808080808081,,,,22,15.887494564056396,1658.2752766609192
100,1.0,additive,0.92,0.1,1.0,10,90,80,False,0,False,1846177528,True,0.004,0.4882,False,-7.0,10.0,0.8247422680412371,,,,23,17.300769090652466,1658.2752766609192
100,1.0,additive,0.92,0.1,1.0,10,90,80,False,0,False,1510117947,True,0.004,0.4417,False,-6.0,1.0,0.9195402298850575,,,,24,25.68188977241516,1658.2752766609192
100,1.0,additive,0.92,0.1,1.0,10,90,80,False,0,False,368737516,True,0.006,0.4277,False,-1.0,10.0,0.8791208791208791,,,,25,22.23796272277832,1658.2752766609192
100,1.0,additive,0.92,0.1,1.0,10,90,80,False,0,False,1327222720,True,0.001,0.4706,False,-7.0,0.0,0.9195402298850575,,,,26,15.222159385681152,1658.2752766609192
100,1.0,additive,0.92,0.1,1.0,10,90,80,False,0,False,991163139,True,0.002,0.4751,False,-10.0,5.0,0.8421052631578947,,,,27,15.67464542388916,1658.2752766609192
100,1.0,additive,0.92,0.1,1.0,10,90,80,False,0,False,1949648343,True,0.002,0.4567,False,-1.0,6.0,0.9195402298850575,,,,28,14.580597162246704,1658.2752766609192
100,1.0,additive,0.92,0.1,1.0,10,90,80,False,0,False,808267912,True,0.006,0.4433,False,-1.0,1.0,0.975609756097561,,,,29,15.456700086593628,1658.2752766609192
100,1.0,additive,0.92,0.1,1.0,10,90,80,False,0,False,472208331,True,0.001,0.4519,False,-4.0,2.0,0.9302325581395349,,,,30,14.031246423721313,1658.2752766609192
100,1.0,additive,0.92,0.1,1.0,10,90,80,False,0,False,1430693535,True,0.002,0.4469,False,0.0,1.0,0.9876543209876543,,,,31,16.106783866882324,1658.2752766609192
100,1.0,additive,0.92,0.1,1.0,10,90,80,False,0,False,1094633954,True,0.004,0.4548,False,-7.0,2.0,0.898876404494382,,,,32,16.229801416397095,1658.2752766609192
100,1.0,additive,0.92,0.1,1.0,10,90,80,False,0,False,1247798308,True,0.001,0.4686,False,-10.0,10.0,0.8,,,,33,15.1130690574646,1658.2752766609192
100,1.0,additive,0.92,0.1,1.0,10,90,80,False,0,False,911738727,True,0.001,0.461,False,-2.0,5.0,0.9195402298850575,,,,34,14.203014850616455,1658.2752766609192
100,1.0,additive,0.92,0.1,1.0,10,90,80,False,0,False,1870223931,True,0.004,0.4484,False,-2.0,10.0,0.8695652173913043,,,,35,15.157447814941406,1658.2752766609192
100,1.0,additive,0.92,0.1,1.0,10,90,80,False,0,False,1534164350,True,0.001,0.449,False,0.0,10.0,0.8888888888888888,,,,36,14.79756212234497,1658.2752766609192
100,1.0,additive,0.92,0.1,1.0,10,90,80,False,0,False,1198104769,True,0.001,0.4305,False,-1.0,0.0,0.9876543209876543,,,,37,17.70839214324951,1658.2752766609192
100,1.0,additive,0.92,0.1,1.0,10,90,80,False,0,False,1351269123,True,0.005,0.4606,False,-3.0,9.0,0.8695652173913043,,,,38,16.906301498413086,1658.2752766609192
100,1.0,additive,0.92,0.1,1.0,10,90,80,False,0,False,1015209542,True,0.003,0.4465,False,-10.0,5.0,0.8421052631578947,,,,39,16.03347396850586,1658.2752766609192
100,1.0,additive,0.92,0.1,1.0,10,90,80,False,0,False,1973694746,True,0.004,0.4436,False,-2.0,10.0,0.8695652173913043,,,,40,15.984932661056519,1658.2752766609192
100,1.0,additive,0.92,0.1,1.0,10,90,80,False,0,False,1637635165,True,0.001,0.4414,False,-10.0,10.0,0.8,,,,41,16.682175159454346,1658.2752766609192
100,1.0,additive,0.92,0.1,1.0,10,90,80,False,0,False,1790799519,True,0.002,0.4537,False,-4.0,8.0,0.8695652173913043,,,,42,16.43385338783264,1658.2752766609192
100,1.0,additive,0.92,0.1,1.0,10,90,80,False,0,False,1454739938,True,0.011,0.4091,True,0.0,0.0,1.0,,,,43,16.988704442977905,1658.2752766609192
100,1.0,additive,0.92,0.1,1.0,10,90,80,False,0,False,1118680357,True,0.005,0.4197,False,-10.0,0.0,0.8888888888888888,,,,44,17.203181982040405,1658.2752766609192
100,1.0,additive,0.92,0.1,1.0,10,90,80,False,0,False,2077165561,True,0.004,0.4651,False,-4.0,4.0,0.9090909090909091,,,,45,15.922125101089478,1658.2752766609192
100,1.0,additive,0.92,0.1,1.0,10,90,80,False,0,False,935785130,True,0.001,0.4733,False,-10.0,3.0,0.8602150537634409,,,,46,15.789072275161743,1658.2752766609192
100,1.0,additive,0.92,0.1,1.0,10,90,80,False,0,False,1894270334,True,0.001,0.4611,False,-10.0,2.0,0.8695652173913043,,,,47,18.181602716445923,1658.2752766609192
100,1.0,additive,0.92,0.1,1.0,10,90,80,False,0,False,1558210753,True,0.003,0.4312,True,0.0,0.0,1.0,,,,48,17.31325054168701,1658.2752766609192
100,1.0,additive,0.92,0.1,1.0,10,90,80,False,0,False,1222151172,True,0.004,0.4497,False,-10.0,1.0,0.8791208791208791,,,,49,18.06663680076599,1658.2752766609192
100,1.0,additive,0.92,0.1,1.0,10,90,80,False,0,True,652105040,False,0.2278,0.1743,,,,,,,,0,18.74906039237976,1658.2752766609192
100,1.0,additive,0.92,0.1,1.0,10,90,80,False,0,True,316045459,False,0.2887,-0.162,,,,,,,,1,18.597983837127686,1658.2752766609192
100,1.0,additive,0.92,0.1,1.0,10,90,80,False,0,True,1274530663,False,0.3926,0.13,,,,,,,,2,17.248189210891724,1658.2752766609192
100,1.0,additive,0.92,0.1,1.0,10,90,80,False,0,True,938471082,False,0.8871,-0.0875,,,,,,,,3,15.889610528945923,1658.2752766609192
100,1.0,additive,0.92,0.1,1.0,10,90,80,False,0,True,1944574299,False,0.5764,0.1098,,,,,,,,4,16.161829471588135,1658.2752766609192
100,1.0,additive,0.92,0.1,1.0,10,90,80,False,0,True,755575855,False,0.2827,-0.1561,,,,,,,,5,17.06751251220703,1658.2752766609192
100,1.0,additive,0.92,0.1,1.0,10,90,80,False,0,True,419516274,False,0.1678,0.1714,,,,,,,,6,17.298039436340332,1658.2752766609192
100,1.0,additive,0.92,0.1,1.0,10,90,80,False,0,True,1378001478,False,0.4436,-0.1387,,,,,,,,7,17.339557647705078,1658.2752766609192
100,1.0,additive,0.92,0.1,1.0,10,90,80,False,0,True,236621047,False,0.7782,0.0935,,,,,,,,8,16.26092219352722,1658.2752766609192
100,1.0,additive,0.92,0.1,1.0,10,90,80,False,0,True,1195106251,False,0.6044,0.113,,,,,,,,9,15.728217363357544,1658.2752766609192
100,1.0,additive,0.92,0.1,1.0,10,90,80,False,0,True,859046670,False,0.1748,0.1767,,,,,,,,10,17.359278917312622,1658.2752766609192
100,1.0,additive,0.92,0.1,1.0,10,90,80,False,0,True,522987089,False,0.4605,0.1278,,,,,,,,11,17.598859548568726,1658.2752766609192
100,1.0,additive,0.92,0.1,1.0,10,90,80,False,0,True,1481472293,False,0.5744,0.0982,,,,,,,,12,18.972728967666626,1658.2752766609192
100,1.0,additive,0.92,0.1,1.0,10,90,80,False,0,True,340091862,False,0.7822,0.1003,,,,,,,,13,16.564467906951904,1658.2752766609192
100,1.0,additive,0.92,0.1,1.0,10,90,80,False,0,True,1298577066,False,0.8551,-0.0933,,,,,,,,14,15.941279411315918,1658.2752766609192
100,1.0,additive,0.92,0.1,1.0,10,90,80,False,0,True,962517485,False,0.7463,0.0983,,,,,,,,15,15.696834087371826,1658.2752766609192
100,1.0,additive,0.92,0.1,1.0,10,90,80,False,0,True,1921002689,False,0.1079,0.176,,,,,,,,16,16.286151885986328,1658.2752766609192
100,1.0,additive,0.92,0.1,1.0,10,90,80,False,0,True,779622258,False,0.7173,-0.1011,,,,,,,,17,15.671530723571777,1658.2752766609192
100,1.0,additive,0.92,0.1,1.0,10,90,80,False,0,True,443562677,True,0.017,0.2651,,,,,,,,18,15.44540786743164,1658.2752766609192
100,1.0,additive,0.92,0.1,1.0,10,90,80,False,0,True,1402047881,False,0.1828,0.1785,,,,,,,,19,15.039150953292847,1658.2752766609192
100,1.0,additive,0.92,0.1,1.0,10,90,80,False,0,True,1065988300,False,0.0819,-0.1824,,,,,,,,20,14.339290618896484,1658.2752766609192
100,1.0,additive,0.92,0.1,1.0,10,90,80,False,0,True,1219152654,False,0.0789,0.1934,,,,,,,,21,16.020066261291504,1658.2752766609192
100,1.0,additive,0.92,0.1,1.0,10,90,80,False,0,True,883093073,False,0.9161,0.0873,,,,,,,,22,16.06759810447693,1658.2752766609192
100,1.0,additive,0.92,0.1,1.0,10,90,80,False,0,True,1841578277,False,0.5245,-0.1064,,,,,,,,23,16.226794242858887,1658.2752766609192
100,1.0,additive,0.92,0.1,1.0,10,90,80,False,0,True,1505518696,False,0.989,0.0542,,,,,,,,24,17.40680694580078,1658.2752766609192
100,1.0,additive,0.92,0.1,1.0,10,90,80,False,0,True,364138265,False,0.993,-0.0618,,,,,,,,25,17.25337052345276,1658.2752766609192
100,1.0,additive,0.92,0.1,1.0,10,90,80,False,0,True,1322623469,False,0.4925,0.1316,,,,,,,,26,16.019636631011963,1658.2752766609192
100,1.0,additive,0.92,0.1,1.0,10,90,80,False,0,True,986563888,False,0.2218,0.1752,,,,,,,,27,17.289602756500244,1658.2752766609192
100,1.0,additive,0.92,0.1,1.0,10,90,80,False,0,True,1945049092,False,0.6863,0.1126,,,,,,,,28,16.93342423439026,1658.2752766609192
100,1.0,additive,0.92,0.1,1.0,10,90,80,False,0,True,803668661,False,0.2667,-0.1815,,,,,,,,29,14.527432680130005,1658.2752766609192
100,1.0,additive,0.92,0.1,1.0,10,90,80,False,0,True,467609080,False,0.966,0.0813,,,,,,,,30,15.33284068107605,1658.2752766609192
100,1.0,additive,0.92,0.1,1.0,10,90,80,False,0,True,1426094284,False,0.0569,-0.2472,,,,,,,,31,16.95405650138855,1658.2752766609192
100,1.0,additive,0.92,0.1,1.0,10,90,80,False,0,True,1090034703,False,0.1499,-0.1867,,,,,,,,32,16.371248245239258,1658.2752766609192
100,1.0,additive,0.92,0.1,1.0,10,90,80,False,0,True,1243199057,False,0.976,0.0656,,,,,,,,33,14.90052080154419,1658.2752766609192
100,1.0,additive,0.92,0.1,1.0,10,90,80,False,0,True,907139476,False,0.3776,-0.1356,,,,,,,,34,15.485246658325195,1658.2752766609192
100,1.0,additive,0.92,0.1,1.0,10,90,80,False,0,True,1865624680,False,0.0529,0.2196,,,,,,,,35,17.20068335533142,1658.2752766609192
100,1.0,additive,0.92,0.1,1.0,10,90,80,False,0,True,1529565099,True,0.045,-0.2434,,,,,,,,36,15.282805681228638,1658.2752766609192
100,1.0,additive,0.92,0.1,1.0,10,90,80,False,0,True,1193505518,False,0.0649,0.1931,,,,,,,,37,15.802731037139893,1658.2752766609192
100,1.0,additive,0.92,0.1,1.0,10,90,80,False,0,True,1346669872,False,0.8392,-0.0938,,,,,,,,38,15.592599153518677,1658.2752766609192
100,1.0,additive,0.92,0.1,1.0,10,90,80,False,0,True,1010610291,False,0.1938,-0.1833,,,,,,,,39,15.71340036392212,1658.2752766609192
100,1.0,additive,0.92,0.1,1.0,10,90,80,False,0,True,1969095495,False,0.8482,0.0849,,,,,,,,40,16.53746509552002,1658.2752766609192
100,1.0,additive,0.92,0.1,1.0,10,90,80,False,0,True,1633035914,False,0.2068,0.1729,,,,,,,,41,15.709936380386353,1658.2752766609192
100,1.0,additive,0.92,0.1,1.0,10,90,80,False,0,True,1786200268,False,0.2977,-0.1577,,,,,,,,42,15.916723728179932,1658.2752766609192
100,1.0,additive,0.92,0.1,1.0,10,90,80,False,0,True,1450140687,False,0.6264,0.1193,,,,,,,,43,18.576995849609375,1658.2752766609192
100,1.0,additive,0.92,0.1,1.0,10,90,80,False,0,True,1114081106,False,0.9161,-0.0648,,,,,,,,44,14.77910041809082,1658.2752766609192
100,1.0,additive,0.92,0.1,1.0,10,90,80,False,0,True,2072566310,False,0.4326,-0.1472,,,,,,,,45,17.273799180984497,1658.2752766609192
100,1.0,additive,0.92,0.1,1.0,10,90,80,False,0,True,931185879,False,0.5105,-0.1102,,,,,,,,46,15.200084447860718,1658.2752766609192
100,1.0,additive,0.92,0.1,1.0,10,90,80,False,0,True,1889671083,False,0.7033,-0.125,,,,,,,,47,14.839977979660034,1658.2752766609192
100,1.0,additive,0.92,0.1,1.0,10,90,80,False,0,True,1553611502,False,0.1948,0.1819,,,,,,,,48,12.987828731536865,1658.2752766609192
100,1.0,additive,0.92,0.1,1.0,10,90,80,False,0,True,1217551921,False,0.8422,0.0837,,,,,,,,49,11.812952995300293,1658.2752766609192
100,1.0,additive,0.94,0.1,1.0,10,90,80,False,0,False,1802588836,True,0.002,0.4384,False,-1.0,1.0,0.975609756097561,,,,0,14.182857990264893,1095.227415561676
100,1.0,additive,0.94,0.1,1.0,10,90,80,False,0,False,1466529255,True,0.002,0.4786,False,-3.0,9.0,0.8695652173913043,,,,1,12.974267721176147,1095.227415561676
100,1.0,additive,0.94,0.1,1.0,10,90,80,False,0,False,1520354722,True,0.002,0.4742,False,-9.0,2.0,0.8791208791208791,,,,2,15.079190015792847,1095.227415561676
100,1.0,additive,0.94,0.1,1.0,10,90,80,False,0,False,1184295141,True,0.004,0.4201,True,0.0,0.0,1.0,,,,3,11.898275375366211,1095.227415561676
100,1.0,additive,0.94,0.1,1.0,10,90,80,False,0,False,94635584,True,0.003,0.4682,False,-5.0,6.0,0.8791208791208791,,,,4,10.25059962272644,1095.227415561676
100,1.0,additive,0.94,0.1,1.0,10,90,80,False,0,False,1906059651,True,0.003,0.467,False,-9.0,2.0,0.8791208791208791,,,,5,9.924935340881348,1095.227415561676
100,1.0,additive,0.94,0.1,1.0,10,90,80,False,0,False,1570000070,True,0.003,0.4581,False,-4.0,4.0,0.9090909090909091,,,,6,10.184702157974243,1095.227415561676
100,1.0,additive,0.94,0.1,1.0,10,90,80,False,0,False,1623825537,True,0.002,0.455,False,-7.0,0.0,0.9195402298850575,,,,7,10.133231163024902,1095.227415561676
100,1.0,additive,0.94,0.1,1.0,10,90,80,False,0,False,1287765956,True,0.003,0.4485,False,-10.0,0.0,0.8888888888888888,,,,8,10.119462251663208,1095.227415561676
100,1.0,additive,0.94,0.1,1.0,10,90,80,False,0,False,198106399,True,0.003,0.4641,False,-3.0,3.0,0.9302325581395349,,,,9,10.102071762084961,1095.227415561676
100,1.0,additive,0.94,0.1,1.0,10,90,80,False,0,False,2009530466,True,0.003,0.4717,False,-9.0,0.0,0.898876404494382,,,,10,10.650959968566895,1095.227415561676
100,1.0,additive,0.94,0.1,1.0,10,90,80,False,0,False,15211172,True,0.002,0.4133,False,0.0,1.0,0.9876543209876543,,,,11,18.592378616333008,1095.227415561676
100,1.0,additive,0.94,0.1,1.0,10,90,80,False,0,False,1727296352,True,0.006,0.4365,False,-3.0,1.0,0.9523809523809523,,,,12,12.414947986602783,1095.227415561676
100,1.0,additive,0.94,0.1,1.0,10,90,80,False,0,False,1391236771,True,0.001,0.442,False,-8.0,0.0,0.9090909090909091,,,,13,10.667466640472412,1095.227415561676
100,1.0,additive,0.94,0.1,1.0,10,90,80,False,0,False,301577214,True,0.006,0.4424,False,0.0,4.0,0.9523809523809523,,,,14,9.902755498886108,1095.227415561676
100,1.0,additive,0.94,0.1,1.0,10,90,80,False,0,False,1208341544,True,0.003,0.4308,False,-2.0,0.0,0.975609756097561,,,,15,11.437269926071167,1095.227415561676
100,1.0,additive,0.94,0.1,1.0,10,90,80,False,0,False,118681987,True,0.003,0.4577,False,-10.0,6.0,0.8333333333333334,,,,16,12.766631364822388,1095.227415561676
100,1.0,additive,0.94,0.1,1.0,10,90,80,False,0,False,1830767167,True,0.007,0.454,False,-4.0,0.0,0.9523809523809523,,,,17,12.804049253463745,1095.227415561676
100,1.0,additive,0.94,0.1,1.0,10,90,80,False,0,False,1494707586,True,0.004,0.4543,False,-10.0,6.0,0.8333333333333334,,,,18,11.676008224487305,1095.227415561676
100,1.0,additive,0.94,0.1,1.0,10,90,80,False,0,False,1647871940,True,0.002,0.4423,False,0.0,10.0,0.8888888888888888,,,,19,10.459344863891602,1095.227415561676
100,1.0,additive,0.94,0.1,1.0,10,90,80,False,0,False,1311812359,True,0.003,0.475,False,-9.0,10.0,0.8080808080808081,,,,20,11.885818243026733,1095.227415561676
100,1.0,additive,0.94,0.1,1.0,10,90,80,False,0,False,222152802,True,0.007,0.4474,False,0.0,5.0,0.9411764705882353,,,,21,11.452733039855957,1095.227415561676
100,1.0,additive,0.94,0.1,1.0,10,90,80,False,0,False,1934237982,True,0.002,0.4604,False,-8.0,10.0,0.8163265306122449,,,,22,12.259541749954224,1095.227415561676
100,1.0,additive,0.94,0.1,1.0,10,90,80,False,0,False,2087402336,True,0.005,0.4381,False,-4.0,6.0,0.8888888888888888,,,,23,11.076079845428467,1095.227415561676
100,1.0,additive,0.94,0.1,1.0,10,90,80,False,0,False,1751342755,True,0.009,0.4447,False,-1.0,-1.0,0.9753086419753086,,,,24,13.88830852508545,1095.227415561676
100,1.0,additive,0.94,0.1,1.0,10,90,80,False,0,False,1415283174,True,0.003,0.4841,False,-10.0,4.0,0.851063829787234,,,,25,12.627220630645752,1095.227415561676
100,1.0,additive,0.94,0.1,1.0,10,90,80,False,0,False,325623617,True,0.001,0.4698,False,-9.0,5.0,0.851063829787234,,,,26,11.36987566947937,1095.227415561676
100,1.0,additive,0.94,0.1,1.0,10,90,80,False,0,False,2037708797,True,0.004,0.4627,False,-9.0,6.0,0.8421052631578947,,,,27,12.282276630401611,1095.227415561676
100,1.0,additive,0.94,0.1,1.0,10,90,80,False,0,False,43389503,True,0.002,0.4546,False,-9.0,0.0,0.898876404494382,,,,28,11.91176962852478,1095.227415561676
100,1.0,additive,0.94,0.1,1.0,10,90,80,False,0,False,1854813570,True,0.004,0.4431,False,-6.0,5.0,0.8791208791208791,,,,29,12.71288251876831,1095.227415561676
100,1.0,additive,0.94,0.1,1.0,10,90,80,False,0,False,765154013,True,0.004,0.4739,False,-10.0,6.0,0.8333333333333334,,,,30,12.357072114944458,1095.227415561676
100,1.0,additive,0.94,0.1,1.0,10,90,80,False,0,False,429094432,True,0.001,0.4727,False,-2.0,8.0,0.8888888888888888,,,,31,13.959534406661987,1095.227415561676
100,1.0,additive,0.94,0.1,1.0,10,90,80,False,0,False,1335858762,True,0.002,0.4492,False,-2.0,10.0,0.8695652173913043,,,,32,11.197229146957397,1095.227415561676
100,1.0,additive,0.94,0.1,1.0,10,90,80,False,0,False,146860318,True,0.004,0.45,False,-1.0,9.0,0.8888888888888888,,,,33,10.91508936882019,1095.227415561676
100,1.0,additive,0.94,0.1,1.0,10,90,80,False,0,False,1958284385,True,0.002,0.4826,False,-4.0,6.0,0.8888888888888888,,,,34,10.557316541671753,1095.227415561676
100,1.0,additive,0.94,0.1,1.0,10,90,80,False,0,False,868624828,True,0.002,0.4529,False,0.0,8.0,0.9090909090909091,,,,35,14.043275117874146,1095.227415561676
100,1.0,additive,0.94,0.1,1.0,10,90,80,False,0,False,1775389158,True,0.001,0.4697,False,-2.0,10.0,0.8695652173913043,,,,36,12.824519395828247,1095.227415561676
100,1.0,additive,0.94,0.1,1.0,10,90,80,False,0,False,586390714,True,0.002,0.4417,False,0.0,10.0,0.8888888888888888,,,,37,12.986747741699219,1095.227415561676
100,1.0,additive,0.94,0.1,1.0,10,90,80,False,0,False,250331133,True,0.002,0.4904,False,-10.0,10.0,0.8,,,,38,12.036704063415527,1095.227415561676
100,1.0,additive,0.94,0.1,1.0,10,90,80,False,0,False,2061755200,True,0.003,0.4474,False,-1.0,5.0,0.9302325581395349,,,,39,11.469369173049927,1095.227415561676
100,1.0,additive,0.94,0.1,1.0,10,90,80,False,0,False,67435906,True,0.006,0.4772,False,-10.0,10.0,0.8,,,,40,13.753692626953125,1095.227415561676
100,1.0,additive,0.94,0.1,1.0,10,90,80,False,0,False,1878859973,True,0.003,0.4066,False,-10.0,1.0,0.8791208791208791,,,,41,12.503948211669922,1095.227415561676
100,1.0,additive,0.94,0.1,1.0,10,90,80,False,0,False,689861529,True,0.005,0.442,False,0.0,5.0,0.9411764705882353,,,,42,9.282845735549927,1095.227415561676
100,1.0,additive,0.94,0.1,1.0,10,90,80,False,0,False,353801948,True,0.004,0.4513,False,-9.0,10.0,0.8080808080808081,,,,43,10.978423118591309,1095.227415561676
100,1.0,additive,0.94,0.1,1.0,10,90,80,False,0,False,1359905165,True,0.002,0.4563,False,-6.0,4.0,0.8888888888888888,,,,44,9.932637929916382,1095.227415561676
100,1.0,additive,0.94,0.1,1.0,10,90,80,False,0,False,170906721,True,0.002,0.4806,False,-10.0,2.0,0.8695652173913043,,,,45,9.572011232376099,1095.227415561676
100,1.0,additive,0.94,0.1,1.0,10,90,80,False,0,False,1982330788,True,0.004,0.4568,False,-5.0,4.0,0.898876404494382,,,,46,10.48713994026184,1095.227415561676
100,1.0,additive,0.94,0.1,1.0,10,90,80,False,0,False,793332344,True,0.006,0.4441,False,-1.0,3.0,0.9523809523809523,,,,47,10.20840573310852,1095.227415561676
100,1.0,additive,0.94,0.1,1.0,10,90,80,False,0,False,1799435561,True,0.003,0.4668,False,-4.0,4.0,0.9090909090909091,,,,48,10.154057264328003,1095.227415561676
100,1.0,additive,0.94,0.1,1.0,10,90,80,False,0,False,610437117,True,0.003,0.481,False,-5.0,10.0,0.8421052631578947,,,,49,10.71372127532959,1095.227415561676
100,1.0,additive,0.94,0.1,1.0,10,90,80,False,0,True,1797989585,False,0.9051,0.0815,,,,,,,,0,12.676231145858765,1095.227415561676
100,1.0,additive,0.94,0.1,1.0,10,90,80,False,0,True,1461930004,False,0.6563,0.1043,,,,,,,,1,11.891221284866333,1095.227415561676
100,1.0,additive,0.94,0.1,1.0,10,90,80,False,0,True,1615094358,False,0.3726,0.1535,,,,,,,,2,10.69187593460083,1095.227415561676
100,1.0,additive,0.94,0.1,1.0,10,90,80,False,0,True,1279034777,False,0.0559,0.2068,,,,,,,,3,11.984715461730957,1095.227415561676
100,1.0,additive,0.94,0.1,1.0,10,90,80,False,0,True,90036333,False,0.998,0.0523,,,,,,,,4,10.130976676940918,1095.227415561676
100,1.0,additive,0.94,0.1,1.0,10,90,80,False,0,True,1901460400,False,0.3477,0.1448,,,,,,,,5,11.899053812026978,1095.227415561676
100,1.0,additive,0.94,0.1,1.0,10,90,80,False,0,True,1565400819,False,0.1608,-0.177,,,,,,,,6,10.192896127700806,1095.227415561676
100,1.0,additive,0.94,0.1,1.0,10,90,80,False,0,True,1718565173,False,0.6234,0.1227,,,,,,,,7,10.30200982093811,1095.227415561676
100,1.0,additive,0.94,0.1,1.0,10,90,80,False,0,True,1382505592,False,0.7652,-0.1016,,,,,,,,8,9.910114288330078,1095.227415561676
100,1.0,additive,0.94,0.1,1.0,10,90,80,False,0,True,193507148,False,0.9131,-0.0835,,,,,,,,9,10.000091791152954,1095.227415561676
100,1.0,additive,0.94,0.1,1.0,10,90,80,False,0,True,2004931215,False,0.6224,0.1383,,,,,,,,10,9.94917368888855,1095.227415561676
100,1.0,additive,0.94,0.1,1.0,10,90,80,False,0,True,10611921,False,0.8282,-0.0826,,,,,,,,11,10.107244491577148,1095.227415561676
100,1.0,additive,0.94,0.1,1.0,10,90,80,False,0,True,1822035988,False,0.978,-0.0655,,,,,,,,12,9.983567714691162,1095.227415561676
100,1.0,additive,0.94,0.1,1.0,10,90,80,False,0,True,1485976407,False,0.6484,0.1265,,,,,,,,13,10.200859785079956,1095.227415561676
100,1.0,additive,0.94,0.1,1.0,10,90,80,False,0,True,296977963,False,0.3546,-0.1553,,,,,,,,14,10.151930570602417,1095.227415561676
100,1.0,additive,0.94,0.1,1.0,10,90,80,False,0,True,1303081180,False,0.5644,0.1123,,,,,,,,15,9.800252437591553,1095.227415561676
100,1.0,additive,0.94,0.1,1.0,10,90,80,False,0,True,114082736,False,0.973,-0.0608,,,,,,,,16,9.784004926681519,1095.227415561676
100,1.0,additive,0.94,0.1,1.0,10,90,80,False,0,True,1925506803,False,0.1349,-0.1738,,,,,,,,17,9.639811992645264,1095.227415561676
100,1.0,additive,0.94,0.1,1.0,10,90,80,False,0,True,1589447222,False,0.7792,0.1006,,,,,,,,18,9.850471019744873,1095.227415561676
100,1.0,additive,0.94,0.1,1.0,10,90,80,False,0,True,1742611576,False,0.1658,-0.1739,,,,,,,,19,9.871135473251343,1095.227415561676
100,1.0,additive,0.94,0.1,1.0,10,90,80,False,0,True,1406551995,False,0.3157,0.1517,,,,,,,,20,9.768511533737183,1095.227415561676
100,1.0,additive,0.94,0.1,1.0,10,90,80,False,0,True,217553551,False,0.7892,0.1056,,,,,,,,21,10.037856817245483,1095.227415561676
100,1.0,additive,0.94,0.1,1.0,10,90,80,False,0,True,2028977618,False,0.1768,0.1733,,,,,,,,22,9.923412799835205,1095.227415561676
100,1.0,additive,0.94,0.1,1.0,10,90,80,False,0,True,34658324,False,0.9031,0.0906,,,,,,,,23,9.88676118850708,1095.227415561676
100,1.0,additive,0.94,0.1,1.0,10,90,80,False,0,True,1846082391,False,0.966,0.0691,,,,,,,,24,10.040033340454102,1095.227415561676
100,1.0,additive,0.94,0.1,1.0,10,90,80,False,0,True,1510022810,False,0.5704,0.1228,,,,,,,,25,10.300043821334839,1095.227415561676
100,1.0,additive,0.94,0.1,1.0,10,90,80,False,0,True,321024366,False,0.8871,0.0896,,,,,,,,26,9.786888360977173,1095.227415561676
100,1.0,additive,0.94,0.1,1.0,10,90,80,False,0,True,2132448433,False,0.6204,0.1194,,,,,,,,27,9.932417154312134,1095.227415561676
100,1.0,additive,0.94,0.1,1.0,10,90,80,False,0,True,138129139,False,0.6044,0.1097,,,,,,,,28,9.869112253189087,1095.227415561676
100,1.0,additive,0.94,0.1,1.0,10,90,80,False,0,True,1949553206,False,0.5594,-0.1023,,,,,,,,29,9.883885145187378,1095.227415561676
100,1.0,additive,0.94,0.1,1.0,10,90,80,False,0,True,760554762,False,0.4366,-0.1386,,,,,,,,30,10.060672998428345,1095.227415561676
100,1.0,additive,0.94,0.1,1.0,10,90,80,False,0,True,424495181,False,0.9451,-0.0906,,,,,,,,31,10.084954261779785,1095.227415561676
100,1.0,additive,0.94,0.1,1.0,10,90,80,False,0,True,1430598398,True,0.047,-0.1996,,,,,,,,32,9.846987247467041,1095.227415561676
100,1.0,additive,0.94,0.1,1.0,10,90,80,False,0,True,241599954,False,0.2527,0.1735,,,,,,,,33,10.011404514312744,1095.227415561676
100,1.0,additive,0.94,0.1,1.0,10,90,80,False,0,True,2053024021,False,0.0929,-0.2249,,,,,,,,34,9.984882831573486,1095.227415561676
100,1.0,additive,0.94,0.1,1.0,10,90,80,False,0,True,864025577,True,0.001,-0.403,,,,,,,,35,9.819419384002686,1095.227415561676
100,1.0,additive,0.94,0.1,1.0,10,90,80,False,0,True,1870128794,False,0.3926,-0.1538,,,,,,,,36,10.008098602294922,1095.227415561676
100,1.0,additive,0.94,0.1,1.0,10,90,80,False,0,True,681130350,False,0.4965,-0.1478,,,,,,,,37,10.217747688293457,1095.227415561676
100,1.0,additive,0.94,0.1,1.0,10,90,80,False,0,True,345070769,False,0.7013,-0.1002,,,,,,,,38,9.966772079467773,1095.227415561676
100,1.0,additive,0.94,0.1,1.0,10,90,80,False,0,True,9011188,False,0.5275,-0.1241,,,,,,,,39,9.653885126113892,1095.227415561676
100,1.0,additive,0.94,0.1,1.0,10,90,80,False,0,True,162175542,False,0.7373,-0.1041,,,,,,,,40,9.901472568511963,1095.227415561676
100,1.0,additive,0.94,0.1,1.0,10,90,80,False,0,True,1973599609,False,0.2108,-0.1761,,,,,,,,41,9.76411247253418,1095.227415561676
100,1.0,additive,0.94,0.1,1.0,10,90,80,False,0,True,784601165,False,0.2867,-0.1645,,,,,,,,42,10.150316953659058,1095.227415561676
100,1.0,additive,0.94,0.1,1.0,10,90,80,False,0,True,448541584,False,0.1429,-0.1861,,,,,,,,43,9.855384588241577,1095.227415561676
100,1.0,additive,0.94,0.1,1.0,10,90,80,False,0,True,1355305914,False,0.7163,0.1071,,,,,,,,44,9.772120475769043,1095.227415561676
100,1.0,additive,0.94,0.1,1.0,10,90,80,False,0,True,265646357,False,0.7423,0.1015,,,,,,,,45,9.925254821777344,1095.227415561676
100,1.0,additive,0.94,0.1,1.0,10,90,80,False,0,True,2077070424,False,0.4785,0.1426,,,,,,,,46,9.950336456298828,1095.227415561676
100,1.0,additive,0.94,0.1,1.0,10,90,80,False,0,True,888071980,False,0.2048,-0.1895,,,,,,,,47,9.847418546676636,1095.227415561676
100,1.0,additive,0.94,0.1,1.0,10,90,80,False,0,True,1794836310,False,0.1259,-0.1758,,,,,,,,48,9.953800439834595,1095.227415561676
100,1.0,additive,0.94,0.1,1.0,10,90,80,False,0,True,705176753,False,0.3317,0.1743,,,,,,,,49,10.115155458450317,1095.227415561676
100,1.0,additive,0.96,0.1,1.0,10,90,80,False,0,False,1571025300,True,0.001,0.4482,False,-9.0,3.0,0.8695652173913043,,,,0,10.120012283325195,995.5029566287994
100,1.0,additive,0.96,0.1,1.0,10,90,80,False,0,False,382026856,True,0.003,0.4516,False,-7.0,9.0,0.8333333333333334,,,,1,9.915071487426758,995.5029566287994
100,1.0,additive,0.96,0.1,1.0,10,90,80,False,0,False,45967275,True,0.002,0.4745,False,0.0,6.0,0.9302325581395349,,,,2,9.99262261390686,995.5029566287994
100,1.0,additive,0.96,0.1,1.0,10,90,80,False,0,False,1052070492,True,0.002,0.436,False,0.0,2.0,0.975609756097561,,,,3,9.873950242996216,995.5029566287994
100,1.0,additive,0.96,0.1,1.0,10,90,80,False,0,False,2010555696,True,0.003,0.488,False,-6.0,10.0,0.8333333333333334,,,,4,9.985925674438477,995.5029566287994
100,1.0,additive,0.96,0.1,1.0,10,90,80,False,0,False,1674496115,True,0.002,0.4542,True,0.0,0.0,1.0,,,,5,9.822945356369019,995.5029566287994
100,1.0,additive,0.96,0.1,1.0,10,90,80,False,0,False,485497671,True,0.002,0.4661,False,0.0,2.0,0.975609756097561,,,,6,10.125727415084839,995.5029566287994
100,1.0,additive,0.96,0.1,1.0,10,90,80,False,0,False,1491600888,True,0.001,0.4693,False,-9.0,6.0,0.8421052631578947,,,,7,9.934786796569824,995.5029566287994
100,1.0,additive,0.96,0.1,1.0,10,90,80,False,0,False,302602444,True,0.001,0.4753,False,-5.0,9.0,0.851063829787234,,,,8,9.941498756408691,995.5029566287994
100,1.0,additive,0.96,0.1,1.0,10,90,80,False,0,False,2114026511,True,0.003,0.467,False,-3.0,5.0,0.9090909090909091,,,,9,9.824667930603027,995.5029566287994
100,1.0,additive,0.96,0.1,1.0,10,90,80,False,0,False,1777966930,True,0.003,0.4759,False,0.0,9.0,0.898876404494382,,,,10,10.00314474105835,995.5029566287994
100,1.0,additive,0.96,0.1,1.0,10,90,80,False,0,False,588968486,True,0.001,0.4781,False,-10.0,10.0,0.8,,,,11,9.940412282943726,995.5029566287994
100,1.0,additive,0.96,0.1,1.0,10,90,80,False,0,False,1595071703,True,0.004,0.4432,False,0.0,3.0,0.963855421686747,,,,12,10.038218021392822,995.5029566287994
100,1.0,additive,0.96,0.1,1.0,10,90,80,False,0,False,406073259,True,0.001,0.4781,False,-8.0,6.0,0.851063829787234,,,,13,10.42345118522644,995.5029566287994
100,1.0,additive,0.96,0.1,1.0,10,90,80,False,0,False,70013678,True,0.002,0.4297,False,-1.0,7.0,0.9090909090909091,,,,14,9.855571508407593,995.5029566287994
100,1.0,additive,0.96,0.1,1.0,10,90,80,False,0,False,1028498882,True,0.004,0.4315,False,-6.0,-1.0,0.9186046511627907,,,,15,9.740947008132935,995.5029566287994
100,1.0,additive,0.96,0.1,1.0,10,90,80,False,0,False,2034602099,True,0.004,0.4432,False,-4.0,0.0,0.9523809523809523,,,,16,9.830856084823608,995.5029566287994
100,1.0,additive,0.96,0.1,1.0,10,90,80,False,0,False,1698542518,True,0.005,0.4628,False,-7.0,10.0,0.8247422680412371,,,,17,9.97879409790039,995.5029566287994
100,1.0,additive,0.96,0.1,1.0,10,90,80,False,0,False,509544074,True,0.001,0.4859,False,-10.0,9.0,0.8080808080808081,,,,18,10.050959587097168,995.5029566287994
100,1.0,additive,0.96,0.1,1.0,10,90,80,False,0,False,173484493,True,0.001,0.4754,False,-10.0,2.0,0.8695652173913043,,,,19,9.866168737411499,995.5029566287994
100,1.0,additive,0.96,0.1,1.0,10,90,80,False,0,False,326648847,True,0.004,0.444,False,-10.0,1.0,0.8791208791208791,,,,20,10.0257408618927,995.5029566287994
100,1.0,additive,0.96,0.1,1.0,10,90,80,False,0,False,2138072914,True,0.001,0.466,False,-4.0,7.0,0.8791208791208791,,,,21,9.991626024246216,995.5029566287994
100,1.0,additive,0.96,0.1,1.0,10,90,80,False,0,False,1802013333,True,0.001,0.4836,False,-6.0,8.0,0.851063829787234,,,,22,10.046536922454834,995.5029566287994
100,1.0,additive,0.96,0.1,1.0,10,90,80,False,0,False,613014889,True,0.006,0.4737,False,-5.0,-1.0,0.9294117647058824,,,,23,9.9284086227417,995.5029566287994
100,1.0,additive,0.96,0.1,1.0,10,90,80,False,0,False,1619118106,True,0.002,0.4528,False,-3.0,7.0,0.8888888888888888,,,,24,10.12231993675232,995.5029566287994
100,1.0,additive,0.96,0.1,1.0,10,90,80,False,0,False,430119662,True,0.004,0.4395,False,-9.0,2.0,0.8791208791208791,,,,25,10.32979154586792,995.5029566287994
100,1.0,additive,0.96,0.1,1.0,10,90,80,False,0,False,94060081,True,0.003,0.4346,True,0.0,0.0,1.0,,,,26,10.06905722618103,995.5029566287994
100,1.0,additive,0.96,0.1,1.0,10,90,80,False,0,False,1052545285,True,0.003,0.4465,False,-9.0,1.0,0.8888888888888888,,,,27,9.885178565979004,995.5029566287994
100,1.0,additive,0.96,0.1,1.0,10,90,80,False,0,False,2058648502,True,0.004,0.4674,False,-4.0,9.0,0.8602150537634409,,,,28,9.986955165863037,995.5029566287994
100,1.0,additive,0.96,0.1,1.0,10,90,80,False,0,False,1722588921,True,0.003,0.4355,False,-7.0,4.0,0.8791208791208791,,,,29,9.990325689315796,995.5029566287994
100,1.0,additive,0.96,0.1,1.0,10,90,80,False,0,False,533590477,True,0.004,0.4683,False,-10.0,1.0,0.8791208791208791,,,,30,10.137924671173096,995.5029566287994
100,1.0,additive,0.96,0.1,1.0,10,90,80,False,0,False,197530896,True,0.001,0.444,False,-1.0,9.0,0.8888888888888888,,,,31,10.223897695541382,995.5029566287994
100,1.0,additive,0.96,0.1,1.0,10,90,80,False,0,False,1156016100,True,0.005,0.4514,False,-6.0,2.0,0.9090909090909091,,,,32,9.910964965820312,995.5029566287994
100,1.0,additive,0.96,0.1,1.0,10,90,80,False,0,False,14635669,True,0.002,0.4738,False,-9.0,10.0,0.8080808080808081,,,,33,9.973951816558838,995.5029566287994
100,1.0,additive,0.96,0.1,1.0,10,90,80,False,0,False,973120873,True,0.003,0.4386,False,-5.0,1.0,0.9302325581395349,,,,34,9.977854251861572,995.5029566287994
100,1.0,additive,0.96,0.1,1.0,10,90,80,False,0,False,637061292,True,0.004,0.465,False,0.0,9.0,0.898876404494382,,,,35,10.012974977493286,995.5029566287994
100,1.0,additive,0.96,0.1,1.0,10,90,80,False,0,False,301001711,True,0.002,0.4483,False,-9.0,2.0,0.8791208791208791,,,,36,9.988365411758423,995.5029566287994
100,1.0,additive,0.96,0.1,1.0,10,90,80,False,0,False,454166065,True,0.001,0.4745,False,-7.0,9.0,0.8333333333333334,,,,37,9.817044734954834,995.5029566287994
100,1.0,additive,0.96,0.1,1.0,10,90,80,False,0,False,118106484,True,0.003,0.4619,False,-10.0,-1.0,0.8777777777777778,,,,38,9.738484144210815,995.5029566287994
100,1.0,additive,0.96,0.1,1.0,10,90,80,False,0,False,1076591688,True,0.003,0.448,False,-10.0,9.0,0.8080808080808081,,,,39,9.82606315612793,995.5029566287994
100,1.0,additive,0.96,0.1,1.0,10,90,80,False,0,False,740532107,True,0.006,0.4395,False,-8.0,9.0,0.8247422680412371,,,,40,9.825076818466187,995.5029566287994
100,1.0,additive,0.96,0.1,1.0,10,90,80,False,0,False,1746635324,True,0.006,0.4616,False,-5.0,7.0,0.8695652173913043,,,,41,9.699541568756104,995.5029566287994
100,1.0,additive,0.96,0.1,1.0,10,90,80,False,0,False,557636880,True,0.003,0.4435,False,-10.0,9.0,0.8080808080808081,,,,42,9.815581321716309,995.5029566287994
100,1.0,additive,0.96,0.1,1.0,10,90,80,False,0,False,221577299,True,0.002,0.4664,False,0.0,9.0,0.898876404494382,,,,43,9.861103057861328,995.5029566287994
100,1.0,additive,0.96,0.1,1.0,10,90,80,False,0,False,1180062503,True,0.001,0.4917,False,-10.0,1.0,0.8791208791208791,,,,44,9.857430934906006,995.5029566287994
100,1.0,additive,0.96,0.1,1.0,10,90,80,False,0,False,38682072,True,0.002,0.4727,False,-6.0,0.0,0.9302325581395349,,,,45,10.04059100151062,995.5029566287994
100,1.0,additive,0.96,0.1,1.0,10,90,80,False,0,False,997167276,True,0.003,0.4753,False,-6.0,7.0,0.8602150537634409,,,,46,9.93377947807312,995.5029566287994
100,1.0,additive,0.96,0.1,1.0,10,90,80,False,0,False,661107695,True,0.003,0.4243,False,-4.0,0.0,0.9523809523809523,,,,47,9.88496446609497,995.5029566287994
100,1.0,additive,0.96,0.1,1.0,10,90,80,False,0,False,325048114,True,0.006,0.4716,False,-6.0,6.0,0.8695652173913043,,,,48,9.97051739692688,995.5029566287994
100,1.0,additive,0.96,0.1,1.0,10,90,80,False,0,False,478212468,True,0.003,0.4228,True,0.0,0.0,1.0,,,,49,9.896994829177856,995.5029566287994
100,1.0,additive,0.96,0.1,1.0,10,90,80,False,0,True,1566426049,False,0.2198,0.1451,,,,,,,,0,9.843319177627563,995.5029566287994
100,1.0,additive,0.96,0.1,1.0,10,90,80,False,0,True,377427605,False,0.1898,-0.1797,,,,,,,,1,9.859151840209961,995.5029566287994
100,1.0,additive,0.96,0.1,1.0,10,90,80,False,0,True,41368024,False,0.8302,-0.0968,,,,,,,,2,9.996941089630127,995.5029566287994
100,1.0,additive,0.96,0.1,1.0,10,90,80,False,0,True,1047471241,False,0.4905,-0.1406,,,,,,,,3,9.88094186782837,995.5029566287994
100,1.0,additive,0.96,0.1,1.0,10,90,80,False,0,True,2005956445,False,0.7053,0.0956,,,,,,,,4,10.05396819114685,995.5029566287994
100,1.0,additive,0.96,0.1,1.0,10,90,80,False,0,True,1669896864,False,0.9461,-0.076,,,,,,,,5,9.86429476737976,995.5029566287994
100,1.0,additive,0.96,0.1,1.0,10,90,80,False,0,True,480898420,False,0.9071,-0.0925,,,,,,,,6,9.902958631515503,995.5029566287994
100,1.0,additive,0.96,0.1,1.0,10,90,80,False,0,True,1487001637,False,0.3417,-0.1495,,,,,,,,7,9.843932628631592,995.5029566287994
100,1.0,additive,0.96,0.1,1.0,10,90,80,False,0,True,298003193,False,0.6543,0.1175,,,,,,,,8,10.03992772102356,995.5029566287994
100,1.0,additive,0.96,0.1,1.0,10,90,80,False,0,True,2109427260,False,0.0669,0.2316,,,,,,,,9,9.916234016418457,995.5029566287994
100,1.0,additive,0.96,0.1,1.0,10,90,80,False,0,True,1773367679,False,0.0709,-0.2111,,,,,,,,10,10.05500316619873,995.5029566287994
100,1.0,additive,0.96,0.1,1.0,10,90,80,False,0,True,584369235,False,0.962,0.076,,,,,,,,11,9.764906644821167,995.5029566287994
100,1.0,additive,0.96,0.1,1.0,10,90,80,False,0,True,1590472452,False,0.3227,-0.1588,,,,,,,,12,10.611281633377075,995.5029566287994
100,1.0,additive,0.96,0.1,1.0,10,90,80,False,0,True,401474008,False,0.7802,-0.0971,,,,,,,,13,9.71488642692566,995.5029566287994
100,1.0,additive,0.96,0.1,1.0,10,90,80,False,0,True,65414427,False,0.0739,-0.2223,,,,,,,,14,9.924192667007446,995.5029566287994
100,1.0,additive,0.96,0.1,1.0,10,90,80,False,0,True,1123238518,False,0.0909,-0.1994,,,,,,,,15,9.712095737457275,995.5029566287994
100,1.0,additive,0.96,0.1,1.0,10,90,80,False,0,True,2030002848,False,0.9061,0.0787,,,,,,,,16,9.899728059768677,995.5029566287994
100,1.0,additive,0.96,0.1,1.0,10,90,80,False,0,True,1693943267,False,0.3626,0.152,,,,,,,,17,10.007351160049438,995.5029566287994
100,1.0,additive,0.96,0.1,1.0,10,90,80,False,0,True,504944823,False,0.1708,-0.1882,,,,,,,,18,9.922438621520996,995.5029566287994
100,1.0,additive,0.96,0.1,1.0,10,90,80,False,0,True,168885242,False,0.0739,-0.2165,,,,,,,,19,9.909289360046387,995.5029566287994
100,1.0,additive,0.96,0.1,1.0,10,90,80,False,0,True,322049596,False,0.1379,0.2035,,,,,,,,20,10.269281387329102,995.5029566287994
100,1.0,additive,0.96,0.1,1.0,10,90,80,False,0,True,2133473663,False,0.7193,0.1118,,,,,,,,21,9.820108652114868,995.5029566287994
100,1.0,additive,0.96,0.1,1.0,10,90,80,False,0,True,1797414082,False,0.3347,0.1537,,,,,,,,22,9.953811168670654,995.5029566287994
100,1.0,additive,0.96,0.1,1.0,10,90,80,False,0,True,608415638,False,0.1818,-0.1904,,,,,,,,23,9.88085126876831,995.5029566287994
100,1.0,additive,0.96,0.1,1.0,10,90,80,False,0,True,1614518855,False,0.7033,-0.1075,,,,,,,,24,9.953190088272095,995.5029566287994
100,1.0,additive,0.96,0.1,1.0,10,90,80,False,0,True,425520411,False,0.4915,-0.1209,,,,,,,,25,10.906068563461304,995.5029566287994
100,1.0,additive,0.96,0.1,1.0,10,90,80,False,0,True,89460830,False,0.2677,0.1884,,,,,,,,26,9.966996192932129,995.5029566287994
100,1.0,additive,0.96,0.1,1.0,10,90,80,False,0,True,1047946034,False,0.3866,-0.1356,,,,,,,,27,9.885836362838745,995.5029566287994
100,1.0,additive,0.96,0.1,1.0,10,90,80,False,0,True,2054049251,False,0.6513,0.1131,,,,,,,,28,9.740129470825195,995.5029566287994
100,1.0,additive,0.96,0.1,1.0,10,90,80,False,0,True,1717989670,False,0.6374,-0.1197,,,,,,,,29,9.98776888847351,995.5029566287994
100,1.0,additive,0.96,0.1,1.0,10,90,80,False,0,True,528991226,True,0.005,0.3076,,,,,,,,30,9.827204704284668,995.5029566287994
100,1.0,additive,0.96,0.1,1.0,10,90,80,False,0,True,192931645,False,0.1988,-0.1602,,,,,,,,31,9.850348234176636,995.5029566287994
100,1.0,additive,0.96,0.1,1.0,10,90,80,False,0,True,1151416849,False,0.3337,0.139,,,,,,,,32,9.90778136253357,995.5029566287994
100,1.0,additive,0.96,0.1,1.0,10,90,80,False,0,True,10036418,False,0.6244,-0.1353,,,,,,,,33,9.803224086761475,995.5029566287994
100,1.0,additive,0.96,0.1,1.0,10,90,80,False,0,True,968521622,False,0.1938,-0.1961,,,,,,,,34,9.892924547195435,995.5029566287994
100,1.0,additive,0.96,0.1,1.0,10,90,80,False,0,True,632462041,False,0.7732,-0.0951,,,,,,,,35,10.007189273834229,995.5029566287994
100,1.0,additive,0.96,0.1,1.0,10,90,80,False,0,True,296402460,False,0.1349,0.1864,,,,,,,,36,9.78457498550415,995.5029566287994
100,1.0,additive,0.96,0.1,1.0,10,90,80,False,0,True,449566814,False,0.3726,-0.143,,,,,,,,37,9.717000007629395,995.5029566287994
100,1.0,additive,0.96,0.1,1.0,10,90,80,False,0,True,113507233,True,0.005,0.2842,,,,,,,,38,9.794086456298828,995.5029566287994
100,1.0,additive,0.96,0.1,1.0,10,90,80,False,0,True,1071992437,False,0.8172,0.0938,,,,,,,,39,9.722524166107178,995.5029566287994
100,1.0,additive,0.96,0.1,1.0,10,90,80,False,0,True,735932856,False,0.8831,0.0811,,,,,,,,40,9.730281829833984,995.5029566287994
100,1.0,additive,0.96,0.1,1.0,10,90,80,False,0,True,1742036073,False,0.1389,-0.2059,,,,,,,,41,10.185848236083984,995.5029566287994
100,1.0,additive,0.96,0.1,1.0,10,90,80,False,0,True,553037629,False,0.9401,-0.0789,,,,,,,,42,9.963453769683838,995.5029566287994
100,1.0,additive,0.96,0.1,1.0,10,90,80,False,0,True,216978048,False,0.2098,-0.1527,,,,,,,,43,9.890398025512695,995.5029566287994
100,1.0,additive,0.96,0.1,1.0,10,90,80,False,0,True,1175463252,False,0.3077,-0.1535,,,,,,,,44,10.04973840713501,995.5029566287994
100,1.0,additive,0.96,0.1,1.0,10,90,80,False,0,True,34082821,False,0.2458,0.1519,,,,,,,,45,9.923108100891113,995.5029566287994
100,1.0,additive,0.96,0.1,1.0,10,90,80,False,0,True,992568025,False,0.4835,-0.1147,,,,,,,,46,9.936495542526245,995.5029566287994
100,1.0,additive,0.96,0.1,1.0,10,90,80,False,0,True,656508444,False,0.3337,-0.1324,,,,,,,,47,10.12592887878418,995.5029566287994
100,1.0,additive,0.96,0.1,1.0,10,90,80,False,0,True,320448863,False,0.5495,-0.1279,,,,,,,,48,9.928714036941528,995.5029566287994
100,1.0,additive,0.96,0.1,1.0,10,90,80,False,0,True,473613217,False,0.5125,0.1293,,,,,,,,49,10.069543600082397,995.5029566287994
100,1.0,additive,0.98,0.1,1.0,10,90,80,False,0,False,788077229,True,0.002,0.4814,False,-10.0,10.0,0.8,,,,0,10.23914361000061,993.1445088386536
100,1.0,additive,0.98,0.1,1.0,10,90,80,False,0,False,452017648,True,0.002,0.4836,False,-10.0,9.0,0.8080808080808081,,,,1,9.836332321166992,993.1445088386536
100,1.0,additive,0.98,0.1,1.0,10,90,80,False,0,False,1509841739,True,0.002,0.454,False,0.0,10.0,0.8888888888888888,,,,2,9.948171377182007,993.1445088386536
100,1.0,additive,0.98,0.1,1.0,10,90,80,False,0,False,1173782158,True,0.002,0.4655,False,-10.0,9.0,0.8080808080808081,,,,3,10.14376950263977,993.1445088386536
100,1.0,additive,0.98,0.1,1.0,10,90,80,False,0,False,1326946512,True,0.003,0.4764,False,-6.0,3.0,0.898876404494382,,,,4,10.105738878250122,993.1445088386536
100,1.0,additive,0.98,0.1,1.0,10,90,80,False,0,False,891548044,True,0.003,0.4396,False,0.0,8.0,0.9090909090909091,,,,5,9.918029308319092,993.1445088386536
100,1.0,additive,0.98,0.1,1.0,10,90,80,False,0,False,555488463,True,0.002,0.4457,False,-9.0,7.0,0.8333333333333334,,,,6,10.011090517044067,993.1445088386536
100,1.0,additive,0.98,0.1,1.0,10,90,80,False,0,False,1613312554,True,0.007,0.4541,False,-7.0,10.0,0.8247422680412371,,,,7,9.925413846969604,993.1445088386536
100,1.0,additive,0.98,0.1,1.0,10,90,80,False,0,False,372593236,True,0.004,0.469,False,-9.0,9.0,0.8163265306122449,,,,8,9.767251014709473,993.1445088386536
100,1.0,additive,0.98,0.1,1.0,10,90,80,False,0,False,1430417327,True,0.002,0.4737,False,-10.0,9.0,0.8080808080808081,,,,9,10.02372694015503,993.1445088386536
100,1.0,additive,0.98,0.1,1.0,10,90,80,False,0,False,995018859,True,0.008,0.4396,False,0.0,3.0,0.963855421686747,,,,10,9.924504518508911,993.1445088386536
100,1.0,additive,0.98,0.1,1.0,10,90,80,False,0,False,2052842950,True,0.004,0.445,False,-1.0,6.0,0.9195402298850575,,,,11,9.595588684082031,993.1445088386536
100,1.0,additive,0.98,0.1,1.0,10,90,80,False,0,False,812123632,True,0.004,0.4823,False,-8.0,4.0,0.8695652173913043,,,,12,9.913326740264893,993.1445088386536
100,1.0,additive,0.98,0.1,1.0,10,90,80,False,0,False,476064051,True,0.004,0.4644,False,-10.0,0.0,0.8888888888888888,,,,13,9.758736848831177,993.1445088386536
100,1.0,additive,0.98,0.1,1.0,10,90,80,False,0,False,1533888142,True,0.007,0.4275,False,0.0,5.0,0.9411764705882353,,,,14,9.790497779846191,993.1445088386536
100,1.0,additive,0.98,0.1,1.0,10,90,80,False,0,False,1098489674,True,0.001,0.4513,False,-9.0,0.0,0.898876404494382,,,,15,10.23124361038208,993.1445088386536
100,1.0,additive,0.98,0.1,1.0,10,90,80,False,0,False,8830117,True,0.004,0.4721,False,-8.0,3.0,0.8791208791208791,,,,16,10.100485563278198,993.1445088386536
100,1.0,additive,0.98,0.1,1.0,10,90,80,False,0,False,915594447,True,0.002,0.4347,False,-1.0,2.0,0.963855421686747,,,,17,10.037369728088379,993.1445088386536
100,1.0,additive,0.98,0.1,1.0,10,90,80,False,0,False,579534866,True,0.002,0.4683,False,-6.0,8.0,0.851063829787234,,,,18,9.983968019485474,993.1445088386536
100,1.0,additive,0.98,0.1,1.0,10,90,80,False,0,False,1637358957,True,0.001,0.4854,False,-4.0,4.0,0.9090909090909091,,,,19,9.983174085617065,993.1445088386536
100,1.0,additive,0.98,0.1,1.0,10,90,80,False,0,False,1201960489,True,0.002,0.4571,False,-9.0,9.0,0.8163265306122449,,,,20,9.955861568450928,993.1445088386536
100,1.0,additive,0.98,0.1,1.0,10,90,80,False,0,False,1355124843,True,0.005,0.4634,False,-9.0,5.0,0.851063829787234,,,,21,10.160045385360718,993.1445088386536
100,1.0,additive,0.98,0.1,1.0,10,90,80,False,0,False,1019065262,True,0.004,0.443,False,-10.0,10.0,0.8,,,,22,9.826980352401733,993.1445088386536
100,1.0,additive,0.98,0.1,1.0,10,90,80,False,0,False,2076889353,True,0.001,0.4819,False,-3.0,9.0,0.8695652173913043,,,,23,9.871892929077148,993.1445088386536
100,1.0,additive,0.98,0.1,1.0,10,90,80,False,0,False,1740829772,True,0.003,0.4417,False,0.0,3.0,0.963855421686747,,,,24,10.06632685661316,993.1445088386536
100,1.0,additive,0.98,0.1,1.0,10,90,80,False,0,False,500110454,True,0.009,0.4497,False,0.0,1.0,0.9876543209876543,,,,25,10.486174821853638,993.1445088386536
100,1.0,additive,0.98,0.1,1.0,10,90,80,False,0,False,1458595658,True,0.006,0.4514,False,0.0,7.0,0.9195402298850575,,,,26,9.775599718093872,993.1445088386536
100,1.0,additive,0.98,0.1,1.0,10,90,80,False,0,False,1122536077,True,0.001,0.4499,False,-6.0,1.0,0.9195402298850575,,,,27,10.165916442871094,993.1445088386536
100,1.0,additive,0.98,0.1,1.0,10,90,80,False,0,False,32876520,True,0.002,0.4657,False,-7.0,9.0,0.8333333333333334,,,,28,9.89784288406372,993.1445088386536
100,1.0,additive,0.98,0.1,1.0,10,90,80,False,0,False,939640850,True,0.003,0.4774,False,-10.0,5.0,0.8421052631578947,,,,29,9.874789237976074,993.1445088386536
100,1.0,additive,0.98,0.1,1.0,10,90,80,False,0,False,1898126054,True,0.001,0.4791,False,-5.0,3.0,0.9090909090909091,,,,30,9.90542197227478,993.1445088386536
100,1.0,additive,0.98,0.1,1.0,10,90,80,False,0,False,1562066473,True,0.004,0.4523,False,-3.0,0.0,0.963855421686747,,,,31,9.940399169921875,993.1445088386536
100,1.0,additive,0.98,0.1,1.0,10,90,80,False,0,False,1226006892,True,0.003,0.4687,False,-8.0,10.0,0.8163265306122449,,,,32,10.106030941009521,993.1445088386536
100,1.0,additive,0.98,0.1,1.0,10,90,80,False,0,False,1379171246,True,0.002,0.4848,False,-7.0,10.0,0.8247422680412371,,,,33,9.921937704086304,993.1445088386536
100,1.0,additive,0.98,0.1,1.0,10,90,80,False,0,False,1043111665,True,0.003,0.4856,False,-7.0,5.0,0.8695652173913043,,,,34,9.759855270385742,993.1445088386536
100,1.0,additive,0.98,0.1,1.0,10,90,80,False,0,False,2001596869,True,0.003,0.4632,False,-8.0,4.0,0.8695652173913043,,,,35,9.844435214996338,993.1445088386536
100,1.0,additive,0.98,0.1,1.0,10,90,80,False,0,False,1665537288,True,0.004,0.4583,False,-10.0,1.0,0.8791208791208791,,,,36,9.785295248031616,993.1445088386536
100,1.0,additive,0.98,0.1,1.0,10,90,80,False,0,False,1329477707,True,0.005,0.4551,False,-8.0,3.0,0.8791208791208791,,,,37,9.674579858779907,993.1445088386536
100,1.0,additive,0.98,0.1,1.0,10,90,80,False,0,False,1482642061,True,0.003,0.4685,False,-2.0,3.0,0.9411764705882353,,,,38,9.589233160018921,993.1445088386536
100,1.0,additive,0.98,0.1,1.0,10,90,80,False,0,False,1146582480,True,0.006,0.4334,False,0.0,1.0,0.9876543209876543,,,,39,9.951024293899536,993.1445088386536
100,1.0,additive,0.98,0.1,1.0,10,90,80,False,0,False,2105067684,True,0.006,0.428,True,0.0,0.0,1.0,,,,40,9.9575834274292,993.1445088386536
100,1.0,additive,0.98,0.1,1.0,10,90,80,False,0,False,1769008103,True,0.001,0.4608,False,-6.0,2.0,0.9090909090909091,,,,41,9.935333013534546,993.1445088386536
100,1.0,additive,0.98,0.1,1.0,10,90,80,False,0,False,1922172457,True,0.001,0.4493,False,0.0,6.0,0.9302325581395349,,,,42,9.93246054649353,993.1445088386536
100,1.0,additive,0.98,0.1,1.0,10,90,80,False,0,False,1586112876,True,0.004,0.4566,False,-8.0,0.0,0.9090909090909091,,,,43,10.055725812911987,993.1445088386536
100,1.0,additive,0.98,0.1,1.0,10,90,80,False,0,False,1250053295,True,0.002,0.4528,False,-1.0,7.0,0.9090909090909091,,,,44,10.066871643066406,993.1445088386536
100,1.0,additive,0.98,0.1,1.0,10,90,80,False,0,False,61054851,True,0.003,0.4857,False,-10.0,10.0,0.8,,,,45,9.924359798431396,993.1445088386536
100,1.0,additive,0.98,0.1,1.0,10,90,80,False,0,False,1067158068,True,0.003,0.4578,False,0.0,10.0,0.8888888888888888,,,,46,9.975345373153687,993.1445088386536
100,1.0,additive,0.98,0.1,1.0,10,90,80,False,0,False,2025643272,True,0.004,0.4336,False,0.0,3.0,0.963855421686747,,,,47,9.787053108215332,993.1445088386536
100,1.0,additive,0.98,0.1,1.0,10,90,80,False,0,False,1689583691,True,0.004,0.4097,False,1.0,4.0,0.9404761904761905,,,,48,9.902508735656738,993.1445088386536
100,1.0,additive,0.98,0.1,1.0,10,90,80,False,0,False,599924134,True,0.003,0.4714,False,-10.0,7.0,0.8247422680412371,,,,49,9.815380096435547,993.1445088386536
100,1.0,additive,0.98,0.1,1.0,10,90,80,False,0,True,882816865,False,0.4086,0.1337,,,,,,,,0,9.896416902542114,993.1445088386536
100,1.0,additive,0.98,0.1,1.0,10,90,80,False,0,True,546757284,False,0.1159,-0.1884,,,,,,,,1,9.891545057296753,993.1445088386536
100,1.0,additive,0.98,0.1,1.0,10,90,80,False,0,True,1505242488,False,0.8991,0.0765,,,,,,,,2,10.153546333312988,993.1445088386536
100,1.0,additive,0.98,0.1,1.0,10,90,80,False,0,True,1169182907,False,0.7403,-0.0877,,,,,,,,3,10.020594120025635,993.1445088386536
100,1.0,additive,0.98,0.1,1.0,10,90,80,False,0,True,1322347261,False,0.7213,-0.1016,,,,,,,,4,9.906973123550415,993.1445088386536
100,1.0,additive,0.98,0.1,1.0,10,90,80,False,0,True,986287680,False,0.3556,0.137,,,,,,,,5,9.94828748703003,993.1445088386536
100,1.0,additive,0.98,0.1,1.0,10,90,80,False,0,True,650228099,False,0.7672,-0.1055,,,,,,,,6,9.874850511550903,993.1445088386536
100,1.0,additive,0.98,0.1,1.0,10,90,80,False,0,True,1608713303,False,0.3516,-0.1452,,,,,,,,7,9.8037850856781,993.1445088386536
100,1.0,additive,0.98,0.1,1.0,10,90,80,False,0,True,467332872,False,0.4965,-0.1197,,,,,,,,8,10.010246276855469,993.1445088386536
100,1.0,additive,0.98,0.1,1.0,10,90,80,False,0,True,1425818076,False,0.2208,-0.1722,,,,,,,,9,9.687470436096191,993.1445088386536
100,1.0,additive,0.98,0.1,1.0,10,90,80,False,0,True,1089758495,False,0.1429,0.194,,,,,,,,10,9.700839757919312,993.1445088386536
100,1.0,additive,0.98,0.1,1.0,10,90,80,False,0,True,2048243699,False,0.6523,0.1311,,,,,,,,11,9.859814643859863,993.1445088386536
100,1.0,additive,0.98,0.1,1.0,10,90,80,False,0,True,906863268,False,0.7872,0.095,,,,,,,,12,9.740184783935547,993.1445088386536
100,1.0,additive,0.98,0.1,1.0,10,90,80,False,0,True,570803687,False,0.6344,0.1116,,,,,,,,13,9.68190884590149,993.1445088386536
100,1.0,additive,0.98,0.1,1.0,10,90,80,False,0,True,1529288891,False,0.8711,0.0775,,,,,,,,14,10.173423051834106,993.1445088386536
100,1.0,additive,0.98,0.1,1.0,10,90,80,False,0,True,1193229310,False,0.8991,-0.0849,,,,,,,,15,9.866102933883667,993.1445088386536
100,1.0,additive,0.98,0.1,1.0,10,90,80,False,0,True,4230866,False,0.962,0.0763,,,,,,,,16,10.013504028320312,993.1445088386536
100,1.0,additive,0.98,0.1,1.0,10,90,80,False,0,True,1010334083,False,0.6843,0.114,,,,,,,,17,10.006945848464966,993.1445088386536
100,1.0,additive,0.98,0.1,1.0,10,90,80,False,0,True,674274502,False,0.9061,0.0903,,,,,,,,18,9.877080917358398,993.1445088386536
100,1.0,additive,0.98,0.1,1.0,10,90,80,False,0,True,1632759706,False,0.6264,-0.1161,,,,,,,,19,9.770440816879272,993.1445088386536
100,1.0,additive,0.98,0.1,1.0,10,90,80,False,0,True,1296700125,False,0.6613,-0.1254,,,,,,,,20,10.22265911102295,993.1445088386536
100,1.0,additive,0.98,0.1,1.0,10,90,80,False,0,True,1449864479,False,0.6064,0.12,,,,,,,,21,9.88390564918518,993.1445088386536
100,1.0,additive,0.98,0.1,1.0,10,90,80,False,0,True,1113804898,False,0.1219,0.2043,,,,,,,,22,9.77489423751831,993.1445088386536
100,1.0,additive,0.98,0.1,1.0,10,90,80,False,0,True,2072290102,False,0.2428,-0.1584,,,,,,,,23,9.834412336349487,993.1445088386536
100,1.0,additive,0.98,0.1,1.0,10,90,80,False,0,True,1736230521,False,0.6923,-0.1049,,,,,,,,24,10.096933126449585,993.1445088386536
100,1.0,additive,0.98,0.1,1.0,10,90,80,False,0,True,594850090,False,0.8102,-0.0944,,,,,,,,25,9.781695365905762,993.1445088386536
100,1.0,additive,0.98,0.1,1.0,10,90,80,False,0,True,1553335294,False,0.8142,-0.1032,,,,,,,,26,10.154186964035034,993.1445088386536
100,1.0,additive,0.98,0.1,1.0,10,90,80,False,0,True,1217275713,False,0.4486,0.1643,,,,,,,,27,9.824935674667358,993.1445088386536
100,1.0,additive,0.98,0.1,1.0,10,90,80,False,0,True,28277269,False,0.4545,-0.127,,,,,,,,28,9.869909048080444,993.1445088386536
100,1.0,additive,0.98,0.1,1.0,10,90,80,False,0,True,1034380486,False,0.4366,0.1373,,,,,,,,29,9.937517404556274,993.1445088386536
100,1.0,additive,0.98,0.1,1.0,10,90,80,False,0,True,1992865690,False,0.964,0.0623,,,,,,,,30,9.871047258377075,993.1445088386536
100,1.0,additive,0.98,0.1,1.0,10,90,80,False,0,True,1656806109,False,0.7033,-0.1092,,,,,,,,31,10.328858375549316,993.1445088386536
100,1.0,additive,0.98,0.1,1.0,10,90,80,False,0,True,1320746528,False,0.8402,0.1022,,,,,,,,32,10.322203397750854,993.1445088386536
100,1.0,additive,0.98,0.1,1.0,10,90,80,False,0,True,1473910882,False,0.3037,-0.1492,,,,,,,,33,9.697827339172363,993.1445088386536
100,1.0,additive,0.98,0.1,1.0,10,90,80,False,0,True,1137851301,False,0.3696,-0.1472,,,,,,,,34,9.67552924156189,993.1445088386536
100,1.0,additive,0.98,0.1,1.0,10,90,80,False,0,True,2096336505,False,0.7632,0.1041,,,,,,,,35,9.819029569625854,993.1445088386536
100,1.0,additive,0.98,0.1,1.0,10,90,80,False,0,True,1760276924,False,0.7942,0.1017,,,,,,,,36,9.711627721786499,993.1445088386536
100,1.0,additive,0.98,0.1,1.0,10,90,80,False,0,True,1424217343,False,0.2817,-0.1623,,,,,,,,37,9.67701506614685,993.1445088386536
100,1.0,additive,0.98,0.1,1.0,10,90,80,False,0,True,1577381697,True,0.026,0.2791,,,,,,,,38,10.158074140548706,993.1445088386536
100,1.0,additive,0.98,0.1,1.0,10,90,80,False,0,True,1241322116,False,0.997,0.0459,,,,,,,,39,9.859533786773682,993.1445088386536
100,1.0,additive,0.98,0.1,1.0,10,90,80,False,0,True,52323672,False,0.9471,0.0674,,,,,,,,40,9.781898498535156,993.1445088386536
100,1.0,additive,0.98,0.1,1.0,10,90,80,False,0,True,1863747739,False,0.5265,-0.1473,,,,,,,,41,9.915489196777344,993.1445088386536
100,1.0,additive,0.98,0.1,1.0,10,90,80,False,0,True,2016912093,False,0.5185,-0.1163,,,,,,,,42,9.855824947357178,993.1445088386536
100,1.0,additive,0.98,0.1,1.0,10,90,80,False,0,True,1680852512,False,0.7413,0.1073,,,,,,,,43,9.89240026473999,993.1445088386536
100,1.0,additive,0.98,0.1,1.0,10,90,80,False,0,True,1344792931,False,0.4436,-0.1454,,,,,,,,44,10.235633373260498,993.1445088386536
100,1.0,additive,0.98,0.1,1.0,10,90,80,False,0,True,155794487,False,0.5574,0.1127,,,,,,,,45,10.144549131393433,993.1445088386536
100,1.0,additive,0.98,0.1,1.0,10,90,80,False,0,True,1161897704,False,0.7183,0.1018,,,,,,,,46,9.84027361869812,993.1445088386536
100,1.0,additive,0.98,0.1,1.0,10,90,80,False,0,True,2120382908,False,0.1419,-0.2034,,,,,,,,47,9.904942035675049,993.1445088386536
100,1.0,additive,0.98,0.1,1.0,10,90,80,False,0,True,1784323327,False,0.3906,0.148,,,,,,,,48,9.934828758239746,993.1445088386536
100,1.0,additive,0.98,0.1,1.0,10,90,80,False,0,True,595324883,False,0.6034,0.1129,,,,,,,,49,9.858609199523926,993.1445088386536
100,1.0,additive,1.0,0.1,1.0,10,90,80,False,0,False,571597663,True,0.005,0.4559,False,-8.0,10.0,0.8163265306122449,,,,0,10.087870597839355,1001.676602602005
100,1.0,additive,1.0,0.1,1.0,10,90,80,False,0,False,1577700880,True,0.004,0.4469,False,-3.0,8.0,0.8791208791208791,,,,1,9.931394815444946,1001.676602602005
100,1.0,additive,1.0,0.1,1.0,10,90,80,False,0,False,1241641299,True,0.003,0.4611,False,0.0,4.0,0.9523809523809523,,,,2,9.726030826568604,1001.676602602005
100,1.0,additive,1.0,0.1,1.0,10,90,80,False,0,False,52642855,True,0.006,0.4539,False,-2.0,1.0,0.963855421686747,,,,3,10.033883810043335,1001.676602602005
100,1.0,additive,1.0,0.1,1.0,10,90,80,False,0,False,1864066922,True,0.004,0.4349,False,-4.0,1.0,0.9411764705882353,,,,4,9.889666080474854,1001.676602602005
100,1.0,additive,1.0,0.1,1.0,10,90,80,False,0,False,675068478,True,0.004,0.4944,False,-10.0,7.0,0.8247422680412371,,,,5,9.785264492034912,1001.676602602005
100,1.0,additive,1.0,0.1,1.0,10,90,80,False,0,False,1681171695,True,0.002,0.4501,False,0.0,3.0,0.963855421686747,,,,6,10.07066798210144,1001.676602602005
100,1.0,additive,1.0,0.1,1.0,10,90,80,False,0,False,492173251,True,0.003,0.4505,False,0.0,8.0,0.9090909090909091,,,,7,10.061996221542358,1001.676602602005
100,1.0,additive,1.0,0.1,1.0,10,90,80,False,0,False,156113670,True,0.001,0.4499,False,-3.0,10.0,0.8602150537634409,,,,8,9.855356216430664,1001.676602602005
100,1.0,additive,1.0,0.1,1.0,10,90,80,False,0,False,1967537737,True,0.001,0.4499,False,-2.0,10.0,0.8695652173913043,,,,9,9.731690168380737,1001.676602602005
100,1.0,additive,1.0,0.1,1.0,10,90,80,False,0,False,2120702091,True,0.004,0.4502,False,-6.0,3.0,0.898876404494382,,,,10,9.81294322013855,1001.676602602005
100,1.0,additive,1.0,0.1,1.0,10,90,80,False,0,False,1784642510,True,0.007,0.4426,False,-1.0,9.0,0.8888888888888888,,,,11,9.684757232666016,1001.676602602005
100,1.0,additive,1.0,0.1,1.0,10,90,80,False,0,False,595644066,True,0.004,0.4605,False,-6.0,10.0,0.8333333333333334,,,,12,10.003638744354248,1001.676602602005
100,1.0,additive,1.0,0.1,1.0,10,90,80,False,0,False,259584485,True,0.006,0.45,False,-3.0,8.0,0.8791208791208791,,,,13,10.288935899734497,1001.676602602005
100,1.0,additive,1.0,0.1,1.0,10,90,80,False,0,False,1265687702,True,0.003,0.4611,False,-8.0,9.0,0.8247422680412371,,,,14,10.439485311508179,1001.676602602005
100,1.0,additive,1.0,0.1,1.0,10,90,80,False,0,False,76689258,True,0.004,0.4195,False,-7.0,1.0,0.9090909090909091,,,,15,10.365553855895996,1001.676602602005
100,1.0,additive,1.0,0.1,1.0,10,90,80,False,0,False,1888113325,True,0.001,0.4525,False,-10.0,10.0,0.8,,,,16,10.053484201431274,1001.676602602005
100,1.0,additive,1.0,0.1,1.0,10,90,80,False,0,False,699114881,True,0.006,0.4346,True,0.0,0.0,1.0,,,,17,9.942715883255005,1001.676602602005
100,1.0,additive,1.0,0.1,1.0,10,90,80,False,0,False,1705218098,True,0.002,0.4755,False,-9.0,3.0,0.8695652173913043,,,,18,9.861338376998901,1001.676602602005
100,1.0,additive,1.0,0.1,1.0,10,90,80,False,0,False,516219654,True,0.004,0.4492,False,-8.0,0.0,0.9090909090909091,,,,19,10.004411697387695,1001.676602602005
100,1.0,additive,1.0,0.1,1.0,10,90,80,False,0,False,180160073,True,0.003,0.451,False,-10.0,6.0,0.8333333333333334,,,,20,10.275449275970459,1001.676602602005
100,1.0,additive,1.0,0.1,1.0,10,90,80,False,0,False,1991584140,True,0.003,0.4525,False,-10.0,3.0,0.8602150537634409,,,,21,10.020562171936035,1001.676602602005
100,1.0,additive,1.0,0.1,1.0,10,90,80,False,0,False,2144748494,True,0.002,0.4659,False,-1.0,5.0,0.9302325581395349,,,,22,9.872361421585083,1001.676602602005
100,1.0,additive,1.0,0.1,1.0,10,90,80,False,0,False,1808688913,True,0.004,0.4679,False,-3.0,2.0,0.9411764705882353,,,,23,9.824637413024902,1001.676602602005
100,1.0,additive,1.0,0.1,1.0,10,90,80,False,0,False,619690469,True,0.001,0.4736,False,-1.0,5.0,0.9302325581395349,,,,24,9.897395849227905,1001.676602602005
100,1.0,additive,1.0,0.1,1.0,10,90,80,False,0,False,283630888,True,0.001,0.454,False,-5.0,0.0,0.9411764705882353,,,,25,10.241258382797241,1001.676602602005
100,1.0,additive,1.0,0.1,1.0,10,90,80,False,0,False,436795242,True,0.003,0.4604,False,-3.0,3.0,0.9302325581395349,,,,26,9.858556270599365,1001.676602602005
100,1.0,additive,1.0,0.1,1.0,10,90,80,False,0,False,100735661,True,0.001,0.4564,False,-10.0,10.0,0.8,,,,27,10.149386405944824,1001.676602602005
100,1.0,additive,1.0,0.1,1.0,10,90,80,False,0,False,1912159728,True,0.005,0.4405,False,0.0,3.0,0.963855421686747,,,,28,9.852794885635376,1001.676602602005
100,1.0,additive,1.0,0.1,1.0,10,90,80,False,0,False,723161284,True,0.004,0.453,False,-9.0,10.0,0.8080808080808081,,,,29,9.847937107086182,1001.676602602005
100,1.0,additive,1.0,0.1,1.0,10,90,80,False,0,False,387101703,True,0.004,0.4641,False,0.0,9.0,0.898876404494382,,,,30,9.669526815414429,1001.676602602005
100,1.0,additive,1.0,0.1,1.0,10,90,80,False,0,False,540266057,True,0.002,0.4698,False,-5.0,4.0,0.898876404494382,,,,31,10.013190031051636,1001.676602602005
100,1.0,additive,1.0,0.1,1.0,10,90,80,False,0,False,204206476,True,0.004,0.465,False,-1.0,6.0,0.9195402298850575,,,,32,9.706609964370728,1001.676602602005
100,1.0,additive,1.0,0.1,1.0,10,90,80,False,0,False,1162691680,True,0.003,0.4663,False,-5.0,7.0,0.8695652173913043,,,,33,9.811614513397217,1001.676602602005
100,1.0,additive,1.0,0.1,1.0,10,90,80,False,0,False,826632099,True,0.001,0.453,False,-5.0,9.0,0.851063829787234,,,,34,9.879031896591187,1001.676602602005
100,1.0,additive,1.0,0.1,1.0,10,90,80,False,0,False,1832735316,True,0.001,0.4691,False,-7.0,7.0,0.851063829787234,,,,35,10.071123361587524,1001.676602602005
100,1.0,additive,1.0,0.1,1.0,10,90,80,False,0,False,643736872,True,0.005,0.4322,False,-10.0,2.0,0.8695652173913043,,,,36,9.912664413452148,1001.676602602005
100,1.0,additive,1.0,0.1,1.0,10,90,80,False,0,False,307677291,True,0.002,0.4697,False,-8.0,5.0,0.8602150537634409,,,,37,10.206679105758667,1001.676602602005
100,1.0,additive,1.0,0.1,1.0,10,90,80,False,0,False,1266162495,True,0.005,0.4346,False,-4.0,2.0,0.9302325581395349,,,,38,9.781255960464478,1001.676602602005
100,1.0,additive,1.0,0.1,1.0,10,90,80,False,0,False,124782064,True,0.001,0.4302,False,0.0,1.0,0.9876543209876543,,,,39,9.911220788955688,1001.676602602005
100,1.0,additive,1.0,0.1,1.0,10,90,80,False,0,False,1936206131,True,0.002,0.4746,False,-3.0,0.0,0.963855421686747,,,,40,9.823798179626465,1001.676602602005
100,1.0,additive,1.0,0.1,1.0,10,90,80,False,0,False,747207687,True,0.002,0.4525,False,-1.0,2.0,0.963855421686747,,,,41,9.888629674911499,1001.676602602005
100,1.0,additive,1.0,0.1,1.0,10,90,80,False,0,False,411148106,True,0.002,0.4511,False,-1.0,0.0,0.9876543209876543,,,,42,9.838958263397217,1001.676602602005
100,1.0,additive,1.0,0.1,1.0,10,90,80,False,0,False,564312460,True,0.001,0.4765,False,-9.0,8.0,0.8247422680412371,,,,43,10.10051965713501,1001.676602602005
100,1.0,additive,1.0,0.1,1.0,10,90,80,False,0,False,228252879,True,0.004,0.4547,False,-5.0,0.0,0.9411764705882353,,,,44,9.980205535888672,1001.676602602005
100,1.0,additive,1.0,0.1,1.0,10,90,80,False,0,False,1186738083,True,0.002,0.4596,False,-6.0,0.0,0.9302325581395349,,,,45,9.852367162704468,1001.676602602005
100,1.0,additive,1.0,0.1,1.0,10,90,80,False,0,False,850678502,True,0.002,0.4411,False,-5.0,6.0,0.8791208791208791,,,,46,9.904319524765015,1001.676602602005
100,1.0,additive,1.0,0.1,1.0,10,90,80,False,0,False,1856781719,True,0.003,0.4486,False,-7.0,9.0,0.8333333333333334,,,,47,9.853587865829468,1001.676602602005
100,1.0,additive,1.0,0.1,1.0,10,90,80,False,0,False,667783275,True,0.002,0.4757,False,-10.0,6.0,0.8333333333333334,,,,48,9.997937679290771,1001.676602602005
100,1.0,additive,1.0,0.1,1.0,10,90,80,False,0,False,331723694,True,0.004,0.4483,True,0.0,0.0,1.0,,,,49,10.239450454711914,1001.676602602005
100,1.0,additive,1.0,0.1,1.0,10,90,80,False,0,True,666337299,False,0.9451,0.0794,,,,,,,,0,10.58284592628479,1001.676602602005
100,1.0,additive,1.0,0.1,1.0,10,90,80,False,0,True,1573101629,True,0.04,0.2298,,,,,,,,1,9.964041709899902,1001.676602602005
100,1.0,additive,1.0,0.1,1.0,10,90,80,False,0,True,1237042048,False,0.6234,0.1178,,,,,,,,2,9.849449872970581,1001.676602602005
100,1.0,additive,1.0,0.1,1.0,10,90,80,False,0,True,147382491,False,0.961,0.0777,,,,,,,,3,9.962854862213135,1001.676602602005
100,1.0,additive,1.0,0.1,1.0,10,90,80,False,0,True,1958806558,False,0.2488,-0.1514,,,,,,,,4,9.87122392654419,1001.676602602005
100,1.0,additive,1.0,0.1,1.0,10,90,80,False,0,True,769808114,False,0.8412,0.0997,,,,,,,,5,9.971739530563354,1001.676602602005
100,1.0,additive,1.0,0.1,1.0,10,90,80,False,0,True,1676572444,False,0.1239,0.2197,,,,,,,,6,9.799093246459961,1001.676602602005
100,1.0,additive,1.0,0.1,1.0,10,90,80,False,0,True,586912887,False,0.2198,0.1636,,,,,,,,7,9.817964792251587,1001.676602602005
100,1.0,additive,1.0,0.1,1.0,10,90,80,False,0,True,250853306,False,0.6244,-0.1257,,,,,,,,8,9.987337589263916,1001.676602602005
100,1.0,additive,1.0,0.1,1.0,10,90,80,False,0,True,2062277373,False,0.5944,0.1146,,,,,,,,9,10.57821774482727,1001.676602602005
100,1.0,additive,1.0,0.1,1.0,10,90,80,False,0,True,2116102840,False,0.2847,0.1658,,,,,,,,10,10.627026557922363,1001.676602602005
100,1.0,additive,1.0,0.1,1.0,10,90,80,False,0,True,1780043259,False,0.9161,0.0831,,,,,,,,11,10.343116760253906,1001.676602602005
100,1.0,additive,1.0,0.1,1.0,10,90,80,False,0,True,690383702,False,0.5574,0.1259,,,,,,,,12,9.872076511383057,1001.676602602005
100,1.0,additive,1.0,0.1,1.0,10,90,80,False,0,True,354324121,False,0.9031,-0.0782,,,,,,,,13,10.161808729171753,1001.676602602005
100,1.0,additive,1.0,0.1,1.0,10,90,80,False,0,True,1261088451,False,0.2008,0.1655,,,,,,,,14,9.964755296707153,1001.676602602005
100,1.0,additive,1.0,0.1,1.0,10,90,80,False,0,True,72090007,False,0.7463,-0.1087,,,,,,,,15,9.949801445007324,1001.676602602005
100,1.0,additive,1.0,0.1,1.0,10,90,80,False,0,True,1883514074,False,0.979,-0.071,,,,,,,,16,9.881883144378662,1001.676602602005
100,1.0,additive,1.0,0.1,1.0,10,90,80,False,0,True,793854517,False,0.6523,-0.1125,,,,,,,,17,10.260692119598389,1001.676602602005
100,1.0,additive,1.0,0.1,1.0,10,90,80,False,0,True,1700618847,False,0.8462,-0.1041,,,,,,,,18,9.860698938369751,1001.676602602005
100,1.0,additive,1.0,0.1,1.0,10,90,80,False,0,True,610959290,False,0.2537,0.1754,,,,,,,,19,9.938406229019165,1001.676602602005
100,1.0,additive,1.0,0.1,1.0,10,90,80,False,0,True,175560822,True,0.015,-0.2755,,,,,,,,20,9.856201171875,1001.676602602005
100,1.0,additive,1.0,0.1,1.0,10,90,80,False,0,True,1986984889,False,0.8521,-0.0907,,,,,,,,21,9.53999924659729,1001.676602602005
100,1.0,additive,1.0,0.1,1.0,10,90,80,False,0,True,2140149243,False,0.7562,0.0994,,,,,,,,22,8.639251708984375,1001.676602602005
100,1.0,additive,1.0,0.1,1.0,10,90,80,False,0,True,1804089662,False,0.5854,0.111,,,,,,,,23,10.527092933654785,1001.676602602005
100,1.0,additive,1.0,0.1,1.0,10,90,80,False,0,True,714430105,False,0.0989,0.2174,,,,,,,,24,10.018945932388306,1001.676602602005
100,1.0,additive,1.0,0.1,1.0,10,90,80,False,0,True,279031637,False,0.8342,0.084,,,,,,,,25,10.51261854171753,1001.676602602005
100,1.0,additive,1.0,0.1,1.0,10,90,80,False,0,True,432195991,False,0.5544,-0.1197,,,,,,,,26,9.978991270065308,1001.676602602005
100,1.0,additive,1.0,0.1,1.0,10,90,80,False,0,True,96136410,False,0.95,0.0783,,,,,,,,27,10.025179147720337,1001.676602602005
100,1.0,additive,1.0,0.1,1.0,10,90,80,False,0,True,1907560477,True,0.049,-0.2402,,,,,,,,28,9.869521141052246,1001.676602602005
100,1.0,additive,1.0,0.1,1.0,10,90,80,False,0,True,817900920,False,0.6184,0.121,,,,,,,,29,9.962356805801392,1001.676602602005
100,1.0,additive,1.0,0.1,1.0,10,90,80,False,0,True,382502452,False,0.1049,0.2122,,,,,,,,30,9.869474411010742,1001.676602602005
100,1.0,additive,1.0,0.1,1.0,10,90,80,False,0,True,535666806,True,0.012,-0.2851,,,,,,,,31,9.934603214263916,1001.676602602005
100,1.0,additive,1.0,0.1,1.0,10,90,80,False,0,True,199607225,False,0.3806,-0.141,,,,,,,,32,9.912511825561523,1001.676602602005
100,1.0,additive,1.0,0.1,1.0,10,90,80,False,0,True,1257431316,False,0.1329,-0.1828,,,,,,,,33,9.882014751434326,1001.676602602005
100,1.0,additive,1.0,0.1,1.0,10,90,80,False,0,True,921371735,False,0.3177,-0.1598,,,,,,,,34,10.052555084228516,1001.676602602005
100,1.0,additive,1.0,0.1,1.0,10,90,80,False,0,True,1828136065,False,0.5604,-0.1238,,,,,,,,35,10.322282314300537,1001.676602602005
100,1.0,additive,1.0,0.1,1.0,10,90,80,False,0,True,639137621,False,0.9381,0.0767,,,,,,,,36,10.024640798568726,1001.676602602005
100,1.0,additive,1.0,0.1,1.0,10,90,80,False,0,True,303078040,False,0.5045,-0.1467,,,,,,,,37,10.053235292434692,1001.676602602005
100,1.0,additive,1.0,0.1,1.0,10,90,80,False,0,True,1360902131,False,0.1738,-0.1898,,,,,,,,38,9.993054866790771,1001.676602602005
100,1.0,additive,1.0,0.1,1.0,10,90,80,False,0,True,120182813,True,0.043,-0.2453,,,,,,,,39,10.141544103622437,1001.676602602005
100,1.0,additive,1.0,0.1,1.0,10,90,80,False,0,True,1931606880,False,0.1708,-0.1805,,,,,,,,40,11.460764408111572,1001.676602602005
100,1.0,additive,1.0,0.1,1.0,10,90,80,False,0,True,742608436,False,0.6943,-0.1108,,,,,,,,41,10.25629997253418,1001.676602602005
100,1.0,additive,1.0,0.1,1.0,10,90,80,False,0,True,406548855,False,0.6114,-0.1052,,,,,,,,42,9.880033254623413,1001.676602602005
100,1.0,additive,1.0,0.1,1.0,10,90,80,False,0,True,559713209,False,0.8032,-0.0972,,,,,,,,43,10.19825530052185,1001.676602602005
100,1.0,additive,1.0,0.1,1.0,10,90,80,False,0,True,223653628,False,0.982,-0.0671,,,,,,,,44,9.997807502746582,1001.676602602005
100,1.0,additive,1.0,0.1,1.0,10,90,80,False,0,True,1182138832,False,0.7752,0.1098,,,,,,,,45,9.941067934036255,1001.676602602005
100,1.0,additive,1.0,0.1,1.0,10,90,80,False,0,True,846079251,False,0.96,-0.0687,,,,,,,,46,10.78197956085205,1001.676602602005
100,1.0,additive,1.0,0.1,1.0,10,90,80,False,0,True,1852182468,False,0.6823,-0.1077,,,,,,,,47,10.521787643432617,1001.676602602005
100,1.0,additive,1.0,0.1,1.0,10,90,80,False,0,True,663184024,False,0.2098,-0.1774,,,,,,,,48,9.879042625427246,1001.676602602005
100,1.0,additive,1.0,0.1,1.0,10,90,80,False,0,True,327124443,False,0.5724,0.1207,,,,,,,,49,10.238054037094116,1001.676602602005
