X      Y      Z      LLA      Start_X  Start_Y  Start_Z  End_X  End_Y  End_Z  P        lowCI    upCI     Delay 
S1     S2     S3     0.7456   1        1        1        10     10     10     0.0330   0.7456   0.7456   0     
S1     S2     S4     -0.2992  9        9        9        10     10     10     0.7393   -0.2992  -0.2992  0     
S1     S2     S5     -0.3570  6        6        6        9      9      9      0.6044   -0.3570  -0.3570  0     
S1     S2     S6     0.6230   1        1        1        6      6      6      0.1199   0.6230   0.6230   0     
S1     S2     S7     -0.4889  2        2        2        4      4      4      0.3397   -0.4889  -0.4889  0     
S1     S2     S8     0.3108   2        2        2        9      9      9      0.7323   0.3108   0.3108   0     
S1     S2     S9     -0.2526  1        1        1        5      5      5      0.8442   -0.2526  -0.2526  0     
S1     S2     S10    0.5125   2        2        2        10     10     10     0.2717   0.5125   0.5125   0     
S1     S2     S11    0.9295   1        1        1        10     10     10     0.0030   0.9295   0.9295   0     
S1     S2     S12    -0.2248  5        5        5        5      5      5      0.9021   -0.2248  -0.2248  0     
S1     S2     S13    0.2835   4        4        4        9      9      9      0.7922   0.2835   0.2835   0     
S1     S2     S14    0.2764   7        7        7        9      9      9      0.7792   0.2764   0.2764   0     
S1     S2     S15    -0.7094  3        3        3        10     10     10     0.0769   -0.7094  -0.7094  0     
S1     S2     S16    -0.7604  2        2        2        10     10     10     0.0350   -0.7604  -0.7604  0     
S1     S2     S17    0.3259   6        6        6        10     10     10     0.7053   0.3259   0.3259   0     
S1     S2     S18    -0.4118  1        1        1        3      3      3      0.4915   -0.4118  -0.4118  0     
S1     S2     S19    -0.2333  4        4        4        5      5      5      0.8891   -0.2333  -0.2333  0     
S1     S2     S20    0.3035   3        3        3        10     10     10     0.7403   0.3035   0.3035   0     
S1     S3     S4     -0.2390  9        9        9        9      9      9      0.8871   -0.2390  -0.2390  0     
S1     S3     S5     -0.6476  3        3        3        10     10     10     0.0300   -0.6476  -0.6476  0     
S1     S3     S6     -0.5254  2        2        2        10     10     10     0.1339   -0.5254  -0.5254  0     
S1     S3     S7     0.3441   1        1        1        8      8      8      0.6194   0.3441   0.3441   0     
S1     S3     S8     0.3782   5        5        5        10     10     10     0.4785   0.3782   0.3782   0     
S1     S3     S9     0.3389   2        2        2        10     10     10     0.6284   0.3389   0.3389   0     
S1     S3     S10    -0.5197  3        3        3        10     10     10     0.1479   -0.5197  -0.5197  0     
S1     S3     S11    -0.4250  2        2        2        6      6      6      0.3127   -0.4250  -0.4250  0     
S1     S3     S12    0.2813   1        1        1        7      7      7      0.8202   0.2813   0.2813   0     
S1     S3     S13    0.3808   8        8        8        10     10     10     0.4535   0.3808   0.3808   0     
S1     S3     S14    0.5820   2        2        2        10     10     10     0.0639   0.5820   0.5820   0     
S1     S3     S15    0.3897   2        2        2        10     10     10     0.4296   0.3897   0.3897   0     
S1     S3     S16    -0.3512  9        9        9        9      9      9      0.6114   -0.3512  -0.3512  0     
S1     S3     S17    0.3072   4        4        4        9      9      9      0.7353   0.3072   0.3072   0     
S1     S3     S18    0.3682   2        2        2        9      9      9      0.5115   0.3682   0.3682   0     
S1     S3     S19    0.5518   5        5        5        10     10     10     0.1009   0.5518   0.5518   0     
S1     S3     S20    0.3068   4        4        4        9      9      9      0.7522   0.3068   0.3068   0     
S1     S4     S5     0.5026   8        8        8        10     10     10     0.1349   0.5026   0.5026   0     
S1     S4     S6     -0.3248  1        1        1        7      7      7      0.5035   -0.3248  -0.3248  0     
S1     S4     S7     0.2911   3        3        3        10     10     10     0.6144   0.2911   0.2911   0     
S1     S4     S8     -0.2436  9        9        9        10     10     10     0.7722   -0.2436  -0.2436  0     
S1     S4     S9     0.2850   1        1        1        8      8      8      0.6284   0.2850   0.2850   0     
S1     S4     S10    0.3840   1        1        1        10     10     10     0.3177   0.3840   0.3840   0     
S1     S4     S11    -0.5833  1        1        1        9      9      9      0.0569   -0.5833  -0.5833  0     
S1     S4     S12    0.1704   7        7        7        10     10     10     0.9301   0.1704   0.1704   0     
S1     S4     S13    -0.4302  1        1        1        10     10     10     0.2378   -0.4302  -0.4302  0     
S1     S4     S14    -0.4801  9        9        9        10     10     10     0.1568   -0.4801  -0.4801  0     
S1     S4     S15    0.2465   1        1        1        9      9      9      0.7542   0.2465   0.2465   0     
S1     S4     S16    0.4067   3        3        3        9      9      9      0.2607   0.4067   0.4067   0     
S1     S4     S17    -0.3014  1        1        1        9      9      9      0.6144   -0.3014  -0.3014  0     
S1     S4     S18    0.2049   1        1        1        8      8      8      0.8801   0.2049   0.2049   0     
S1     S4     S19    -0.6493  1        1        1        10     10     10     0.0240   -0.6493  -0.6493  0     
S1     S4     S20    -0.3234  2        2        2        9      9      9      0.5365   -0.3234  -0.3234  0     
S1     S5     S6     0.1474   6        6        6        9      9      9      0.9750   0.1474   0.1474   0     
S1     S5     S7     -0.2138  5        5        5        7      7      7      0.8342   -0.2138  -0.2138  0     
S1     S5     S8     -0.4831  1        1        1        9      9      9      0.3067   -0.4831  -0.4831  0     
S1     S5     S9     -0.1733  1        1        1        9      9      9      0.9031   -0.1733  -0.1733  0     
S1     S5     S10    -0.1867  3        3        3        6      6      6      0.8651   -0.1867  -0.1867  0     
S1     S5     S11    -0.6507  2        2        2        10     10     10     0.0649   -0.6507  -0.6507  0     
S1     S5     S12    0.2165   1        1        1        6      6      6      0.8242   0.2165   0.2165   0     
S1     S5     S13    -0.5236  4        4        4        9      9      9      0.2158   -0.5236  -0.5236  0     
S1     S5     S14    -0.5742  6        6        6        9      9      9      0.1598   -0.5742  -0.5742  0     
S1     S5     S15    0.3180   2        2        2        10     10     10     0.5734   0.3180   0.3180   0     
S1     S5     S16    0.6585   1        1        1        10     10     10     0.0759   0.6585   0.6585   0     
S1     S5     S17    -0.5357  7        7        7        10     10     10     0.2178   -0.5357  -0.5357  0     
S1     S5     S18    -0.3892  1        1        1        10     10     10     0.4366   -0.3892  -0.3892  0     
S1     S5     S19    -0.3499  7        7        7        9      9      9      0.5105   -0.3499  -0.3499  0     
S1     S5     S20    -0.4866  1        1        1        10     10     10     0.3087   -0.4866  -0.4866  0     
S1     S6     S7     0.5665   1        1        1        4      4      4      0.1419   0.5665   0.5665   0     
S1     S6     S8     -0.3708  1        1        1        9      9      9      0.4655   -0.3708  -0.3708  0     
S1     S6     S9     0.2303   3        3        3        5      5      5      0.8012   0.2303   0.2303   0     
S1     S6     S10    -0.4838  1        1        1        5      5      5      0.3097   -0.4838  -0.4838  0     
S1     S6     S11    -0.6145  3        3        3        10     10     10     0.1009   -0.6145  -0.6145  0     
S1     S6     S12    0.1496   5        5        5        5      5      5      0.9710   0.1496   0.1496   0     
S1     S6     S13    0.3066   1        1        1        8      8      8      0.6044   0.3066   0.3066   0     
S1     S6     S14    0.1532   3        3        3        6      6      6      0.9481   0.1532   0.1532   0     
S1     S6     S15    0.6445   3        3        3        10     10     10     0.0679   0.6445   0.6445   0     
S1     S6     S16    0.7244   1        1        1        10     10     10     0.0230   0.7244   0.7244   0     
S1     S6     S17    -0.1343  6        6        6        10     10     10     0.9870   -0.1343  -0.1343  0     
S1     S6     S18    0.3304   3        3        3        3      3      3      0.5844   0.3304   0.3304   0     
S1     S6     S19    -0.2199  3        3        3        3      3      3      0.8372   -0.2199  -0.2199  0     
S1     S6     S20    -0.1854  1        1        1        4      4      4      0.8961   -0.1854  -0.1854  0     
S1     S7     S8     0.3891   3        3        3        8      8      8      0.4625   0.3891   0.3891   0     
S1     S7     S9     -0.3029  1        1        1        4      4      4      0.6424   -0.3029  -0.3029  0     
S1     S7     S10    -0.2654  5        5        5        10     10     10     0.7353   -0.2654  -0.2654  0     
S1     S7     S11    0.5969   1        1        1        4      4      4      0.1169   0.5969   0.5969   0     
S1     S7     S12    0.4853   1        1        1        9      9      9      0.2817   0.4853   0.4853   0     
S1     S7     S13    -0.5866  3        3        3        9      9      9      0.1449   -0.5866  -0.5866  0     
S1     S7     S14    -0.1269  9        9        9        9      9      9      0.9960   -0.1269  -0.1269  0     
S1     S7     S15    -0.5673  1        1        1        8      8      8      0.1538   -0.5673  -0.5673  0     
S1     S7     S16    -0.4914  3        3        3        8      8      8      0.2657   -0.4914  -0.4914  0     
S1     S7     S17    0.2476   1        1        1        8      8      8      0.7682   0.2476   0.2476   0     
S1     S7     S18    -0.5002  1        1        1        5      5      5      0.2787   -0.5002  -0.5002  0     
S1     S7     S19    0.4375   1        1        1        8      8      8      0.3626   0.4375   0.4375   0     
S1     S7     S20    -0.2035  6        6        6        10     10     10     0.9041   -0.2035  -0.2035  0     
S1     S8     S9     0.1983   1        1        1        3      3      3      0.8861   0.1983   0.1983   0     
S1     S8     S10    0.1791   1        1        1        6      6      6      0.9281   0.1791   0.1791   0     
S1     S8     S11    0.4825   4        4        4        10     10     10     0.1309   0.4825   0.4825   0     
S1     S8     S12    -0.3214  1        1        1        9      9      9      0.5155   -0.3214  -0.3214  0     
S1     S8     S13    0.4590   3        3        3        9      9      9      0.1618   0.4590   0.4590   0     
S1     S8     S14    0.4437   1        1        1        9      9      9      0.1788   0.4437   0.4437   0     
S1     S8     S15    0.2012   1        1        1        8      8      8      0.8911   0.2012   0.2012   0     
S1     S8     S16    -0.3389  9        9        9        10     10     10     0.4436   -0.3389  -0.3389  0     
S1     S8     S17    0.2436   9        9        9        10     10     10     0.7373   0.2436   0.2436   0     
S1     S8     S18    0.4533   1        1        1        10     10     10     0.1588   0.4533   0.4533   0     
S1     S8     S19    -0.2788  1        1        1        8      8      8      0.6454   -0.2788  -0.2788  0     
S1     S8     S20    0.2485   8        8        8        10     10     10     0.7463   0.2485   0.2485   0     
S1     S9     S10    0.3472   1        1        1        10     10     10     0.2008   0.3472   0.3472   0     
S1     S9     S11    0.4327   3        3        3        10     10     10     0.0729   0.4327   0.4327   0     
S1     S9     S12    -0.1488  5        5        5        9      9      9      0.9401   -0.1488  -0.1488  0     
S1     S9     S13    0.2207   4        4        4        9      9      9      0.6414   0.2207   0.2207   0     
S1     S9     S14    0.1898   1        1        1        9      9      9      0.7822   0.1898   0.1898   0     
S1     S9     S15    -0.2199  3        3        3        3      3      3      0.6743   -0.2199  -0.2199  0     
S1     S9     S16    -0.4640  1        1        1        10     10     10     0.0350   -0.4640  -0.4640  0     
S1     S9     S17    -0.1596  1        1        1        8      8      8      0.9041   -0.1596  -0.1596  0     
S1     S9     S18    -0.2241  3        3        3        8      8      8      0.6703   -0.2241  -0.2241  0     
S1     S9     S19    -0.1146  1        1        1        2      2      2      0.9940   -0.1146  -0.1146  0     
S1     S9     S20    0.3079   1        1        1        10     10     10     0.3027   0.3079   0.3079   0     
S1     S10    S11    -0.7127  1        1        1        10     10     10     0.0120   -0.7127  -0.7127  0     
S1     S10    S12    0.3846   5        5        5        9      9      9      0.3297   0.3846   0.3846   0     
S1     S10    S13    -0.3733  4        4        4        9      9      9      0.3526   -0.3733  -0.3733  0     
S1     S10    S14    0.2173   1        1        1        5      5      5      0.8731   0.2173   0.2173   0     
S1     S10    S15    0.4930   1        1        1        10     10     10     0.1658   0.4930   0.4930   0     
S1     S10    S16    0.4339   3        3        3        10     10     10     0.2567   0.4339   0.4339   0     
S1     S10    S17    -0.3062  9        9        9        10     10     10     0.5774   -0.3062  -0.3062  0     
S1     S10    S18    0.2319   1        1        1        8      8      8      0.8132   0.2319   0.2319   0     
S1     S10    S19    0.4852   4        4        4        10     10     10     0.1808   0.4852   0.4852   0     
S1     S10    S20    -0.3217  6        6        6        10     10     10     0.5674   -0.3217  -0.3217  0     
S1     S11    S12    0.2762   5        5        5        8      8      8      0.9011   0.2762   0.2762   0     
S1     S11    S13    0.5824   1        1        1        10     10     10     0.3117   0.5824   0.5824   0     
S1     S11    S14    0.6481   3        3        3        10     10     10     0.2058   0.6481   0.6481   0     
S1     S11    S15    0.5394   3        3        3        5      5      5      0.4106   0.5394   0.5394   0     
S1     S11    S16    0.6792   1        1        1        7      7      7      0.1499   0.6792   0.6792   0     
S1     S11    S17    0.5265   1        1        1        9      9      9      0.4166   0.5265   0.5265   0     
S1     S11    S18    0.5634   3        3        3        9      9      9      0.3467   0.5634   0.5634   0     
S1     S11    S19    0.5977   4        4        4        10     10     10     0.2867   0.5977   0.5977   0     
S1     S11    S20    0.4171   5        5        5        9      9      9      0.6743   0.4171   0.4171   0     
S1     S12    S13    0.3257   1        1        1        6      6      6      0.3756   0.3257   0.3257   0     
S1     S12    S14    -0.2012  1        1        1        5      5      5      0.7153   -0.2012  -0.2012  0     
S1     S12    S15    0.1999   2        2        2        10     10     10     0.7383   0.1999   0.1999   0     
S1     S12    S16    0.2910   1        1        1        10     10     10     0.4146   0.2910   0.2910   0     
S1     S12    S17    -0.2815  5        5        5        10     10     10     0.4406   -0.2815  -0.2815  0     
S1     S12    S18    -0.1496  1        1        1        1      1      1      0.9281   -0.1496  -0.1496  0     
S1     S12    S19    -0.4727  2        2        2        9      9      9      0.0769   -0.4727  -0.4727  0     
S1     S12    S20    -0.2847  1        1        1        10     10     10     0.4535   -0.2847  -0.2847  0     
S1     S13    S14    0.5097   5        5        5        9      9      9      0.2557   0.5097   0.5097   0     
S1     S13    S15    -0.4001  1        1        1        10     10     10     0.4386   -0.4001  -0.4001  0     
S1     S13    S16    -0.7281  3        3        3        10     10     10     0.0330   -0.7281  -0.7281  0     
S1     S13    S17    0.5367   1        1        1        10     10     10     0.1848   0.5367   0.5367   0     
S1     S13    S18    0.2555   6        6        6        10     10     10     0.8152   0.2555   0.2555   0     
S1     S13    S19    0.7322   1        1        1        9      9      9      0.0230   0.7322   0.7322   0     
S1     S13    S20    0.5193   2        2        2        10     10     10     0.2068   0.5193   0.5193   0     
S1     S14    S15    -0.3611  3        3        3        10     10     10     0.4675   -0.3611  -0.3611  0     
S1     S14    S16    -0.6551  1        1        1        10     10     10     0.0380   -0.6551  -0.6551  0     
S1     S14    S17    0.4912   6        6        6        10     10     10     0.2418   0.4912   0.4912   0     
S1     S14    S18    0.3509   1        1        1        10     10     10     0.4935   0.3509   0.3509   0     
S1     S14    S19    0.3434   6        6        6        9      9      9      0.4845   0.3434   0.3434   0     
S1     S14    S20    0.4810   8        8        8        10     10     10     0.2867   0.4810   0.4810   0     
S1     S15    S16    -0.6227  1        1        1        8      8      8      0.0589   -0.6227  -0.6227  0     
S1     S15    S17    0.1496   10       10       10       10     10     10     0.9570   0.1496   0.1496   0     
S1     S15    S18    -0.3304  3        3        3        3      3      3      0.5445   -0.3304  -0.3304  0     
S1     S15    S19    -0.2983  4        4        4        10     10     10     0.6064   -0.2983  -0.2983  0     
S1     S15    S20    -0.1582  5        5        5        9      9      9      0.9481   -0.1582  -0.1582  0     
S1     S16    S17    -0.3304  9        9        9        9      9      9      0.7772   -0.3304  -0.3304  0     
S1     S16    S18    -0.6973  1        1        1        9      9      9      0.1299   -0.6973  -0.6973  0     
S1     S16    S19    -0.4373  4        4        4        10     10     10     0.5375   -0.4373  -0.4373  0     
S1     S16    S20    -0.3519  5        5        5        9      9      9      0.7403   -0.3519  -0.3519  0     
S1     S17    S18    0.1850   3        3        3        9      9      9      0.9021   0.1850   0.1850   0     
S1     S17    S19    0.4447   9        9        9        10     10     10     0.2018   0.4447   0.4447   0     
S1     S17    S20    0.2322   8        8        8        9      9      9      0.7303   0.2322   0.2322   0     
S1     S18    S19    0.3105   3        3        3        10     10     10     0.6164   0.3105   0.3105   0     
S1     S18    S20    0.4462   1        1        1        9      9      9      0.2408   0.4462   0.4462   0     
S1     S19    S20    0.4521   6        6        6        10     10     10     0.4096   0.4521   0.4521   0     
S2     S3     S4     -0.2390  10       10       10       10     10     10     0.8841   -0.2390  -0.2390  0     
S2     S3     S5     -0.3565  1        1        1        7      7      7      0.5035   -0.3565  -0.3565  0     
S2     S3     S6     -0.5569  1        1        1        7      7      7      0.0899   -0.5569  -0.5569  0     
S2     S3     S7     0.5216   2        2        2        10     10     10     0.1439   0.5216   0.5216   0     
S2     S3     S8     0.2542   5        5        5        8      8      8      0.8152   0.2542   0.2542   0     
S2     S3     S9     0.2129   1        1        1        5      5      5      0.9491   0.2129   0.2129   0     
S2     S3     S10    -0.3235  2        2        2        8      8      8      0.6204   -0.3235  -0.3235  0     
S2     S3     S11    -0.5512  1        1        1        9      9      9      0.1099   -0.5512  -0.5512  0     
S2     S3     S12    0.4194   4        4        4        10     10     10     0.3047   0.4194   0.4194   0     
S2     S3     S13    -0.3913  5        5        5        10     10     10     0.4296   -0.3913  -0.3913  0     
S2     S3     S14    -0.3216  9        9        9        10     10     10     0.6354   -0.3216  -0.3216  0     
S2     S3     S15    0.3928   3        3        3        9      9      9      0.3976   0.3928   0.3928   0     
S2     S3     S16    0.4679   2        2        2        9      9      9      0.1948   0.4679   0.4679   0     
S2     S3     S17    0.3785   4        4        4        10     10     10     0.4525   0.3785   0.3785   0     
S2     S3     S18    0.3154   1        1        1        4      4      4      0.6344   0.3154   0.3154   0     
S2     S3     S19    -0.3472  9        9        9        10     10     10     0.5035   -0.3472  -0.3472  0     
S2     S3     S20    0.2877   4        4        4        10     10     10     0.6893   0.2877   0.2877   0     
S2     S4     S5     -0.6243  6        6        6        10     10     10     0.0210   -0.6243  -0.6243  0     
S2     S4     S6     -0.3285  3        3        3        10     10     10     0.5155   -0.3285  -0.3285  0     
S2     S4     S7     0.3732   1        1        1        8      8      8      0.3017   0.3732   0.3732   0     
S2     S4     S8     0.3703   6        6        6        10     10     10     0.3107   0.3703   0.3703   0     
S2     S4     S9     0.1491   6        6        6        10     10     10     0.9700   0.1491   0.1491   0     
S2     S4     S10    -0.4866  1        1        1        10     10     10     0.0999   -0.4866  -0.4866  0     
S2     S4     S11    0.2178   4        4        4        9      9      9      0.8152   0.2178   0.2178   0     
S2     S4     S12    -0.1645  2        2        2        5      5      5      0.9361   -0.1645  -0.1645  0     
S2     S4     S13    -0.1895  4        4        4        7      7      7      0.8691   -0.1895  -0.1895  0     
S2     S4     S14    0.5043   3        3        3        10     10     10     0.0849   0.5043   0.5043   0     
S2     S4     S15    0.2274   3        3        3        10     10     10     0.7712   0.2274   0.2274   0     
S2     S4     S16    0.2344   1        1        1        10     10     10     0.7642   0.2344   0.2344   0     
S2     S4     S17    -0.3304  10       10       10       10     10     10     0.4505   -0.3304  -0.3304  0     
S2     S4     S18    0.1665   3        3        3        9      9      9      0.9251   0.1665   0.1665   0     
S2     S4     S19    0.4691   4        4        4        10     10     10     0.1429   0.4691   0.4691   0     
S2     S4     S20    -0.4531  1        1        1        10     10     10     0.1828   -0.4531  -0.4531  0     
S2     S5     S6     0.3732   7        7        7        10     10     10     0.5185   0.3732   0.3732   0     
S2     S5     S7     -0.5595  5        5        5        9      9      9      0.1918   -0.5595  -0.5595  0     
S2     S5     S8     -0.5719  6        6        6        7      7      7      0.1548   -0.5719  -0.5719  0     
S2     S5     S9     -0.1541  4        4        4        7      7      7      0.9810   -0.1541  -0.1541  0     
S2     S5     S10    0.3480   6        6        6        10     10     10     0.6014   0.3480   0.3480   0     
S2     S5     S11    0.2391   9        9        9        10     10     10     0.8511   0.2391   0.2391   0     
S2     S5     S12    -0.2901  6        6        6        9      9      9      0.7243   -0.2901  -0.2901  0     
S2     S5     S13    0.6338   6        6        6        9      9      9      0.0809   0.6338   0.6338   0     
S2     S5     S14    0.2208   8        8        8        9      9      9      0.9021   0.2208   0.2208   0     
S2     S5     S15    -0.2178  8        8        8        10     10     10     0.9071   -0.2178  -0.2178  0     
S2     S5     S16    -0.4785  6        6        6        10     10     10     0.3596   -0.4785  -0.4785  0     
S2     S5     S17    0.3818   8        8        8        10     10     10     0.4885   0.3818   0.3818   0     
S2     S5     S18    -0.2650  4        4        4        7      7      7      0.8022   -0.2650  -0.2650  0     
S2     S5     S19    0.2640   4        4        4        9      9      9      0.7612   0.2640   0.2640   0     
S2     S5     S20    0.6268   5        5        5        10     10     10     0.0929   0.6268   0.6268   0     
S2     S6     S7     -0.4968  5        5        5        9      9      9      0.2478   -0.4968  -0.4968  0     
S2     S6     S8     -0.3304  7        7        7        7      7      7      0.6733   -0.3304  -0.3304  0     
S2     S6     S9     0.3920   1        1        1        6      6      6      0.4585   0.3920   0.3920   0     
S2     S6     S10    -0.4542  3        3        3        6      6      6      0.3287   -0.4542  -0.4542  0     
S2     S6     S11    -0.7007  1        1        1        8      8      8      0.0300   -0.7007  -0.7007  0     
S2     S6     S12    0.2359   5        5        5        6      6      6      0.8721   0.2359   0.2359   0     
S2     S6     S13    0.2408   7        7        7        9      9      9      0.8442   0.2408   0.2408   0     
S2     S6     S14    -0.3155  6        6        6        10     10     10     0.7123   -0.3155  -0.3155  0     
S2     S6     S15    0.5339   1        1        1        5      5      5      0.1628   0.5339   0.5339   0     
S2     S6     S16    0.5300   3        3        3        6      6      6      0.1818   0.5300   0.5300   0     
S2     S6     S17    0.1065   8        8        8        10     10     10     0.9980   0.1065   0.1065   0     
S2     S6     S18    0.4965   1        1        1        6      6      6      0.2438   0.4965   0.4965   0     
S2     S6     S19    -0.2440  1        1        1        3      3      3      0.8432   -0.2440  -0.2440  0     
S2     S6     S20    0.1845   7        7        7        10     10     10     0.9520   0.1845   0.1845   0     
S2     S7     S8     0.6618   1        1        1        9      9      9      0.1538   0.6618   0.6618   0     
S2     S7     S9     -0.3062  3        3        3        6      6      6      0.8152   -0.3062  -0.3062  0     
S2     S7     S10    0.2288   1        1        1        4      4      4      0.9451   0.2288   0.2288   0     
S2     S7     S11    0.5304   3        3        3        10     10     10     0.3716   0.5304   0.5304   0     
S2     S7     S12    0.4191   2        2        2        7      7      7      0.5994   0.4191   0.4191   0     
S2     S7     S13    -0.5773  1        1        1        7      7      7      0.2767   -0.5773  -0.5773  0     
S2     S7     S14    0.4418   4        4        4        9      9      9      0.5495   0.4418   0.4418   0     
S2     S7     S15    -0.4942  3        3        3        4      4      4      0.4715   -0.4942  -0.4942  0     
S2     S7     S16    -0.5254  1        1        1        6      6      6      0.3826   -0.5254  -0.5254  0     
S2     S7     S17    0.3161   3        3        3        10     10     10     0.8002   0.3161   0.3161   0     
S2     S7     S18    -0.4423  3        3        3        6      6      6      0.5784   -0.4423  -0.4423  0     
S2     S7     S19    0.4287   3        3        3        9      9      9      0.5824   0.4287   0.4287   0     
S2     S7     S20    0.2612   1        1        1        10     10     10     0.8811   0.2612   0.2612   0     
S2     S8     S9     0.2190   3        3        3        8      8      8      0.8651   0.2190   0.2190   0     
S2     S8     S10    -0.2217  6        6        6        8      8      8      0.8112   -0.2217  -0.2217  0     
S2     S8     S11    -0.1723  3        3        3        10     10     10     0.9491   -0.1723  -0.1723  0     
S2     S8     S12    0.3318   6        6        6        9      9      9      0.5774   0.3318   0.3318   0     
S2     S8     S13    -0.6118  6        6        6        9      9      9      0.0919   -0.6118  -0.6118  0     
S2     S8     S14    0.2215   7        7        7        8      8      8      0.8132   0.2215   0.2215   0     
S2     S8     S15    -0.2288  4        4        4        8      8      8      0.8312   -0.2288  -0.2288  0     
S2     S8     S16    0.4685   1        1        1        10     10     10     0.3167   0.4685   0.4685   0     
S2     S8     S17    0.1505   6        6        6        8      8      8      0.9670   0.1505   0.1505   0     
S2     S8     S18    0.3485   3        3        3        8      8      8      0.5175   0.3485   0.3485   0     
S2     S8     S19    -0.2208  3        3        3        9      9      9      0.8262   -0.2208  -0.2208  0     
S2     S8     S20    -0.5027  1        1        1        10     10     10     0.2657   -0.5027  -0.5027  0     
S2     S9     S10    -0.1873  6        6        6        10     10     10     0.6983   -0.1873  -0.1873  0     
S2     S9     S11    0.2718   1        1        1        3      3      3      0.2947   0.2718   0.2718   0     
S2     S9     S12    0.3407   1        1        1        9      9      9      0.1139   0.3407   0.3407   0     
S2     S9     S13    -0.2647  3        3        3        9      9      9      0.3067   -0.2647  -0.2647  0     
S2     S9     S14    -0.3177  1        1        1        9      9      9      0.1688   -0.3177  -0.3177  0     
S2     S9     S15    -0.3359  1        1        1        8      8      8      0.1119   -0.3359  -0.3359  0     
S2     S9     S16    -0.2199  3        3        3        3      3      3      0.5504   -0.2199  -0.2199  0     
S2     S9     S17    0.2334   1        1        1        8      8      8      0.4426   0.2334   0.2334   0     
S2     S9     S18    0.2607   4        4        4        8      8      8      0.3417   0.2607   0.2607   0     
S2     S9     S19    0.1237   1        1        1        3      3      3      0.9441   0.1237   0.1237   0     
S2     S9     S20    -0.2389  5        5        5        10     10     10     0.4336   -0.2389  -0.2389  0     
S2     S10    S11    -0.4398  3        3        3        5      5      5      0.2587   -0.4398  -0.4398  0     
S2     S10    S12    0.3304   5        5        5        5      5      5      0.6004   0.3304   0.3304   0     
S2     S10    S13    0.2350   6        6        6        9      9      9      0.8362   0.2350   0.2350   0     
S2     S10    S14    0.2675   3        3        3        6      6      6      0.7393   0.2675   0.2675   0     
S2     S10    S15    0.4077   3        3        3        8      8      8      0.3057   0.4077   0.4077   0     
S2     S10    S16    0.2707   1        1        1        5      5      5      0.7463   0.2707   0.2707   0     
S2     S10    S17    0.4658   5        5        5        10     10     10     0.1758   0.4658   0.4658   0     
S2     S10    S18    -0.1690  4        4        4        8      8      8      0.9610   -0.1690  -0.1690  0     
S2     S10    S19    0.3397   4        4        4        9      9      9      0.5524   0.3397   0.3397   0     
S2     S10    S20    0.6126   5        5        5        10     10     10     0.0200   0.6126   0.6126   0     
S2     S11    S12    0.2345   5        5        5        10     10     10     0.8412   0.2345   0.2345   0     
S2     S11    S13    -0.3805  4        4        4        10     10     10     0.5155   -0.3805  -0.3805  0     
S2     S11    S14    0.2618   1        1        1        7      7      7      0.7812   0.2618   0.2618   0     
S2     S11    S15    0.6341   1        1        1        9      9      9      0.1079   0.6341   0.6341   0     
S2     S11    S16    0.7348   3        3        3        9      9      9      0.0350   0.7348   0.7348   0     
S2     S11    S17    -0.1826  1        1        1        9      9      9      0.9311   -0.1826  -0.1826  0     
S2     S11    S18    0.4217   1        1        1        3      3      3      0.3896   0.4217   0.4217   0     
S2     S11    S19    0.2508   4        4        4        5      5      5      0.7772   0.2508   0.2508   0     
S2     S11    S20    -0.2204  2        2        2        9      9      9      0.8801   -0.2204  -0.2204  0     
S2     S12    S13    0.3413   2        2        2        5      5      5      0.4735   0.3413   0.3413   0     
S2     S12    S14    -0.3856  4        4        4        6      6      6      0.3766   -0.3856  -0.3856  0     
S2     S12    S15    -0.2743  5        5        5        10     10     10     0.6813   -0.2743  -0.2743  0     
S2     S12    S16    0.1998   2        2        2        7      7      7      0.9101   0.1998   0.1998   0     
S2     S12    S17    0.2534   4        4        4        10     10     10     0.7592   0.2534   0.2534   0     
S2     S12    S18    0.4931   1        1        1        10     10     10     0.1459   0.4931   0.4931   0     
S2     S12    S19    -0.5147  1        1        1        10     10     10     0.1239   -0.5147  -0.5147  0     
S2     S12    S20    -0.2682  5        5        5        8      8      8      0.6843   -0.2682  -0.2682  0     
S2     S13    S14    -0.3705  7        7        7        9      9      9      0.4935   -0.3705  -0.3705  0     
S2     S13    S15    0.3239   4        4        4        10     10     10     0.6424   0.3239   0.3239   0     
S2     S13    S16    -0.3329  1        1        1        7      7      7      0.6114   -0.3329  -0.3329  0     
S2     S13    S17    -0.2824  6        6        6        10     10     10     0.7483   -0.2824  -0.2824  0     
S2     S13    S18    -0.4498  3        3        3        10     10     10     0.3197   -0.4498  -0.4498  0     
S2     S13    S19    0.2984   3        3        3        5      5      5      0.7153   0.2984   0.2984   0     
S2     S13    S20    0.3935   1        1        1        8      8      8      0.4456   0.3935   0.3935   0     
S2     S14    S15    0.3160   6        6        6        10     10     10     0.4595   0.3160   0.3160   0     
S2     S14    S16    0.3767   7        7        7        10     10     10     0.2268   0.3767   0.3767   0     
S2     S14    S17    -0.5428  4        4        4        10     10     10     0.0230   -0.5428  -0.5428  0     
S2     S14    S18    -0.3398  1        1        1        10     10     10     0.3556   -0.3398  -0.3398  0     
S2     S14    S19    -0.3126  5        5        5        9      9      9      0.4705   -0.3126  -0.3126  0     
S2     S14    S20    -0.5665  1        1        1        10     10     10     0.0230   -0.5665  -0.5665  0     
S2     S15    S16    -0.5667  3        3        3        9      9      9      0.0929   -0.5667  -0.5667  0     
S2     S15    S17    -0.2657  5        5        5        10     10     10     0.6983   -0.2657  -0.2657  0     
S2     S15    S18    -0.4216  1        1        1        8      8      8      0.3317   -0.4216  -0.4216  0     
S2     S15    S19    0.3221   1        1        1        10     10     10     0.5814   0.3221   0.3221   0     
S2     S15    S20    0.3276   2        2        2        9      9      9      0.5465   0.3276   0.3276   0     
S2     S16    S17    0.2139   3        3        3        9      9      9      0.8791   0.2139   0.2139   0     
S2     S16    S18    -0.3304  3        3        3        3      3      3      0.5924   -0.3304  -0.3304  0     
S2     S16    S19    0.4945   3        3        3        10     10     10     0.2917   0.4945   0.4945   0     
S2     S16    S20    0.2528   1        1        1        9      9      9      0.7932   0.2528   0.2528   0     
S2     S17    S18    0.2855   1        1        1        8      8      8      0.5574   0.2855   0.2855   0     
S2     S17    S19    -0.6948  1        1        1        10     10     10     0.0020   -0.6948  -0.6948  0     
S2     S17    S20    0.3404   1        1        1        10     10     10     0.3846   0.3404   0.3404   0     
S2     S18    S19    0.1773   1        1        1        8      8      8      0.8861   0.1773   0.1773   0     
S2     S18    S20    0.2497   2        2        2        5      5      5      0.6414   0.2497   0.2497   0     
S2     S19    S20    -0.7756  2        2        2        10     10     10     0.0080   -0.7756  -0.7756  0     
S3     S4     S5     -0.4373  5        5        5        9      9      9      0.3756   -0.4373  -0.4373  0     
S3     S4     S6     0.3749   1        1        1        6      6      6      0.5305   0.3749   0.3749   0     
S3     S4     S7     0.2437   7        7        7        10     10     10     0.9051   0.2437   0.2437   0     
S3     S4     S8     0.2918   3        3        3        9      9      9      0.7702   0.2918   0.2918   0     
S3     S4     S9     -0.4691  1        1        1        10     10     10     0.3047   -0.4691  -0.4691  0     
S3     S4     S10    0.3609   8        8        8        10     10     10     0.5954   0.3609   0.3609   0     
S3     S4     S11    0.5890   1        1        1        10     10     10     0.1459   0.5890   0.5890   0     
S3     S4     S12    -0.1393  2        2        2        9      9      9      0.9990   -0.1393  -0.1393  0     
S3     S4     S13    0.2806   8        8        8        9      9      9      0.8152   0.2806   0.2806   0     
S3     S4     S14    0.2934   4        4        4        9      9      9      0.7922   0.2934   0.2934   0     
S3     S4     S15    -0.5288  1        1        1        10     10     10     0.2088   -0.5288  -0.5288  0     
S3     S4     S16    -0.3980  9        9        9        10     10     10     0.5075   -0.3980  -0.3980  0     
S3     S4     S17    0.5138   9        9        9        10     10     10     0.2358   0.5138   0.5138   0     
S3     S4     S18    -0.2372  1        1        1        5      5      5      0.9231   -0.2372  -0.2372  0     
S3     S4     S19    0.4833   1        1        1        9      9      9      0.3177   0.4833   0.4833   0     
S3     S4     S20    0.5274   8        8        8        10     10     10     0.2078   0.5274   0.5274   0     
S3     S5     S6     0.1753   7        7        7        8      8      8      0.9850   0.1753   0.1753   0     
S3     S5     S7     -0.4299  7        7        7        10     10     10     0.3636   -0.4299  -0.4299  0     
S3     S5     S8     -0.4415  5        5        5        7      7      7      0.3716   -0.4415  -0.4415  0     
S3     S5     S9     -0.2595  2        2        2        7      7      7      0.8531   -0.2595  -0.2595  0     
S3     S5     S10    -0.3584  8        8        8        10     10     10     0.5584   -0.3584  -0.3584  0     
S3     S5     S11    0.4669   2        2        2        9      9      9      0.3027   0.4669   0.4669   0     
S3     S5     S12    -0.5018  1        1        1        10     10     10     0.2458   -0.5018  -0.5018  0     
S3     S5     S13    0.7465   5        5        5        10     10     10     0.0190   0.7465   0.7465   0     
S3     S5     S14    0.5979   1        1        1        10     10     10     0.1319   0.5979   0.5979   0     
S3     S5     S15    0.2086   6        6        6        10     10     10     0.9550   0.2086   0.2086   0     
S3     S5     S16    -0.5815  1        1        1        9      9      9      0.1449   -0.5815  -0.5815  0     
S3     S5     S17    0.2806   8        8        8        9      9      9      0.8032   0.2806   0.2806   0     
S3     S5     S18    -0.2745  2        2        2        7      7      7      0.8042   -0.2745  -0.2745  0     
S3     S5     S19    0.4939   8        8        8        10     10     10     0.2987   0.4939   0.4939   0     
S3     S5     S20    0.4033   6        6        6        9      9      9      0.4436   0.4033   0.4033   0     
S3     S6     S7     -0.6689  1        1        1        10     10     10     0.0270   -0.6689  -0.6689  0     
S3     S6     S8     0.4196   1        1        1        6      6      6      0.3327   0.4196   0.4196   0     
S3     S6     S9     0.4194   1        1        1        10     10     10     0.3387   0.4194   0.4194   0     
S3     S6     S10    0.3900   1        1        1        5      5      5      0.4446   0.3900   0.3900   0     
S3     S6     S11    0.3115   3        3        3        5      5      5      0.6404   0.3115   0.3115   0     
S3     S6     S12    0.1593   6        6        6        6      6      6      0.9930   0.1593   0.1593   0     
S3     S6     S13    -0.3951  1        1        1        6      6      6      0.3886   -0.3951  -0.3951  0     
S3     S6     S14    -0.3607  3        3        3        7      7      7      0.4735   -0.3607  -0.3607  0     
S3     S6     S15    -0.5409  3        3        3        9      9      9      0.1149   -0.5409  -0.5409  0     
S3     S6     S16    -0.5316  1        1        1        9      9      9      0.1379   -0.5316  -0.5316  0     
S3     S6     S17    -0.2490  1        1        1        10     10     10     0.8501   -0.2490  -0.2490  0     
S3     S6     S18    0.2917   1        1        1        6      6      6      0.7153   0.2917   0.2917   0     
S3     S6     S19    0.1848   3        3        3        10     10     10     0.9640   0.1848   0.1848   0     
S3     S6     S20    -0.2623  4        4        4        10     10     10     0.8042   -0.2623  -0.2623  0     
S3     S7     S8     -0.2668  3        3        3        6      6      6      0.7632   -0.2668  -0.2668  0     
S3     S7     S9     -0.3213  4        4        4        8      8      8      0.5524   -0.3213  -0.3213  0     
S3     S7     S10    0.2271   4        4        4        8      8      8      0.8851   0.2271   0.2271   0     
S3     S7     S11    -0.3560  1        1        1        3      3      3      0.4595   -0.3560  -0.3560  0     
S3     S7     S12    -0.3992  1        1        1        10     10     10     0.3417   -0.3992  -0.3992  0     
S3     S7     S13    0.3323   3        3        3        6      6      6      0.5245   0.3323   0.3323   0     
S3     S7     S14    0.4409   1        1        1        10     10     10     0.2188   0.4409   0.4409   0     
S3     S7     S15    0.5107   1        1        1        10     10     10     0.1179   0.5107   0.5107   0     
S3     S7     S16    0.3513   3        3        3        8      8      8      0.4595   0.3513   0.3513   0     
S3     S7     S17    -0.2334  1        1        1        10     10     10     0.8631   -0.2334  -0.2334  0     
S3     S7     S18    0.3262   1        1        1        3      3      3      0.5385   0.3262   0.3262   0     
S3     S7     S19    -0.3002  1        1        1        8      8      8      0.6194   -0.3002  -0.3002  0     
S3     S7     S20    -0.1318  2        2        2        5      5      5      0.9970   -0.1318  -0.1318  0     
S3     S8     S9     0.3693   5        5        5        8      8      8      0.4555   0.3693   0.3693   0     
S3     S8     S10    -0.4280  1        1        1        8      8      8      0.3237   -0.4280  -0.4280  0     
S3     S8     S11    -0.4003  5        5        5        9      9      9      0.3596   -0.4003  -0.4003  0     
S3     S8     S12    0.5681   1        1        1        10     10     10     0.0999   0.5681   0.5681   0     
S3     S8     S13    -0.7678  3        3        3        10     10     10     0.0060   -0.7678  -0.7678  0     
S3     S8     S14    -0.4084  1        1        1        10     10     10     0.3696   -0.4084  -0.4084  0     
S3     S8     S15    -0.4308  1        1        1        8      8      8      0.3037   -0.4308  -0.4308  0     
S3     S8     S16    0.4060   1        1        1        9      9      9      0.3516   0.4060   0.4060   0     
S3     S8     S17    0.2905   1        1        1        8      8      8      0.6993   0.2905   0.2905   0     
S3     S8     S18    0.3433   6        6        6        8      8      8      0.4855   0.3433   0.3433   0     
S3     S8     S19    0.3345   1        1        1        8      8      8      0.5564   0.3345   0.3345   0     
S3     S8     S20    -0.4485  1        1        1        9      9      9      0.2627   -0.4485  -0.4485  0     
S3     S9     S10    -0.5284  1        1        1        8      8      8      0.1429   -0.5284  -0.5284  0     
S3     S9     S11    -0.4185  3        3        3        9      9      9      0.3377   -0.4185  -0.4185  0     
S3     S9     S12    0.5627   1        1        1        10     10     10     0.0879   0.5627   0.5627   0     
S3     S9     S13    -0.4221  5        5        5        10     10     10     0.3407   -0.4221  -0.4221  0     
S3     S9     S14    -0.5535  1        1        1        10     10     10     0.0899   -0.5535  -0.5535  0     
S3     S9     S15    -0.4336  6        6        6        10     10     10     0.3397   -0.4336  -0.4336  0     
S3     S9     S16    0.4224   1        1        1        7      7      7      0.3287   0.4224   0.4224   0     
S3     S9     S17    0.5230   1        1        1        10     10     10     0.1479   0.5230   0.5230   0     
S3     S9     S18    0.5242   3        3        3        8      8      8      0.1678   0.5242   0.5242   0     
S3     S9     S19    0.2001   1        1        1        8      8      8      0.9620   0.2001   0.2001   0     
S3     S9     S20    -0.2470  6        6        6        9      9      9      0.8621   -0.2470  -0.2470  0     
S3     S10    S11    0.5754   1        1        1        9      9      9      0.0939   0.5754   0.5754   0     
S3     S10    S12    -0.5620  4        4        4        10     10     10     0.1079   -0.5620  -0.5620  0     
S3     S10    S13    0.5673   1        1        1        10     10     10     0.0909   0.5673   0.5673   0     
S3     S10    S14    0.4533   6        6        6        10     10     10     0.2547   0.4533   0.4533   0     
S3     S10    S15    0.4517   6        6        6        10     10     10     0.2667   0.4517   0.4517   0     
S3     S10    S16    -0.2050  3        3        3        9      9      9      0.9361   -0.2050  -0.2050  0     
S3     S10    S17    -0.5166  4        4        4        10     10     10     0.1289   -0.5166  -0.5166  0     
S3     S10    S18    -0.3815  1        1        1        8      8      8      0.4336   -0.3815  -0.3815  0     
S3     S10    S19    0.4136   9        9        9        10     10     10     0.3566   0.4136   0.4136   0     
S3     S10    S20    -0.3512  10       10       10       10     10     10     0.5674   -0.3512  -0.3512  0     
S3     S11    S12    -0.3586  1        1        1        8      8      8      0.5694   -0.3586  -0.3586  0     
S3     S11    S13    -0.3820  1        1        1        9      9      9      0.5295   -0.3820  -0.3820  0     
S3     S11    S14    -0.3622  5        5        5        9      9      9      0.5854   -0.3622  -0.3622  0     
S3     S11    S15    -0.3035  3        3        3        5      5      5      0.7622   -0.3035  -0.3035  0     
S3     S11    S16    -0.4854  1        1        1        6      6      6      0.2338   -0.4854  -0.4854  0     
S3     S11    S17    -0.5889  1        1        1        10     10     10     0.0759   -0.5889  -0.5889  0     
S3     S11    S18    -0.4529  3        3        3        10     10     10     0.3177   -0.4529  -0.4529  0     
S3     S11    S19    -0.4402  5        5        5        9      9      9      0.3606   -0.4402  -0.4402  0     
S3     S11    S20    -0.3569  4        4        4        10     10     10     0.5644   -0.3569  -0.3569  0     
S3     S12    S13    -0.4324  5        5        5        8      8      8      0.2078   -0.4324  -0.4324  0     
S3     S12    S14    -0.2257  2        2        2        6      6      6      0.8881   -0.2257  -0.2257  0     
S3     S12    S15    -0.2846  6        6        6        9      9      9      0.6503   -0.2846  -0.2846  0     
S3     S12    S16    -0.1418  1        1        1        9      9      9      0.9940   -0.1418  -0.1418  0     
S3     S12    S17    0.5292   2        2        2        9      9      9      0.1019   0.5292   0.5292   0     
S3     S12    S18    0.5216   1        1        1        9      9      9      0.0939   0.5216   0.5216   0     
S3     S12    S19    0.4386   5        5        5        10     10     10     0.2338   0.4386   0.4386   0     
S3     S12    S20    0.4307   1        1        1        5      5      5      0.2128   0.4307   0.4307   0     
S3     S13    S14    -0.4490  7        7        7        10     10     10     0.2687   -0.4490  -0.4490  0     
S3     S13    S15    0.5478   1        1        1        9      9      9      0.1289   0.5478   0.5478   0     
S3     S13    S16    0.3928   8        8        8        9      9      9      0.4545   0.3928   0.3928   0     
S3     S13    S17    -0.4421  1        1        1        9      9      9      0.2907   -0.4421  -0.4421  0     
S3     S13    S18    -0.4625  6        6        6        9      9      9      0.2787   -0.4625  -0.4625  0     
S3     S13    S19    -0.7056  1        1        1        10     10     10     0.0220   -0.7056  -0.7056  0     
S3     S13    S20    -0.2390  9        9        9        9      9      9      0.8711   -0.2390  -0.2390  0     
S3     S14    S15    0.3309   5        5        5        9      9      9      0.6384   0.3309   0.3309   0     
S3     S14    S16    0.4236   1        1        1        9      9      9      0.4096   0.4236   0.4236   0     
S3     S14    S17    -0.3307  3        3        3        9      9      9      0.6553   -0.3307  -0.3307  0     
S3     S14    S18    -0.5760  1        1        1        9      9      9      0.1269   -0.5760  -0.5760  0     
S3     S14    S19    -0.5248  6        6        6        10     10     10     0.2118   -0.5248  -0.5248  0     
S3     S14    S20    -0.2684  7        7        7        9      9      9      0.8422   -0.2684  -0.2684  0     
S3     S15    S16    0.4123   1        1        1        8      8      8      0.3347   0.4123   0.4123   0     
S3     S15    S17    0.3613   1        1        1        10     10     10     0.4695   0.3613   0.3613   0     
S3     S15    S18    -0.3168  5        5        5        8      8      8      0.6264   -0.3168  -0.3168  0     
S3     S15    S19    -0.3739  3        3        3        10     10     10     0.4346   -0.3739  -0.3739  0     
S3     S15    S20    0.6133   4        4        4        10     10     10     0.0270   0.6133   0.6133   0     
S3     S16    S17    0.3980   9        9        9        10     10     10     0.4496   0.3980   0.3980   0     
S3     S16    S18    0.5703   1        1        1        10     10     10     0.0919   0.5703   0.5703   0     
S3     S16    S19    -0.2917  1        1        1        8      8      8      0.7622   -0.2917  -0.2917  0     
S3     S16    S20    0.4116   8        8        8        10     10     10     0.3986   0.4116   0.4116   0     
S3     S17    S18    0.3780   1        1        1        8      8      8      0.4535   0.3780   0.3780   0     
S3     S17    S19    0.3512   10       10       10       10     10     10     0.6104   0.3512   0.3512   0     
S3     S17    S20    -0.5571  6        6        6        10     10     10     0.1269   -0.5571  -0.5571  0     
S3     S18    S19    -0.1784  3        3        3        9      9      9      0.9740   -0.1784  -0.1784  0     
S3     S18    S20    -0.3652  1        1        1        10     10     10     0.5035   -0.3652  -0.3652  0     
S3     S19    S20    0.3512   10       10       10       10     10     10     0.6503   0.3512   0.3512   0     
S4     S5     S6     0.3621   1        1        1        10     10     10     0.4705   0.3621   0.3621   0     
S4     S5     S7     -0.3029  3        3        3        7      7      7      0.6883   -0.3029  -0.3029  0     
S4     S5     S8     -0.5121  7        7        7        10     10     10     0.1878   -0.5121  -0.5121  0     
S4     S5     S9     -0.2777  7        7        7        10     10     10     0.7473   -0.2777  -0.2777  0     
S4     S5     S10    0.5133   7        7        7        10     10     10     0.1968   0.5133   0.5133   0     
S4     S5     S11    -0.3605  4        4        4        9      9      9      0.5105   -0.3605  -0.3605  0     
S4     S5     S12    -0.1583  7        7        7        8      8      8      0.9700   -0.1583  -0.1583  0     
S4     S5     S13    -0.3587  9        9        9        10     10     10     0.4995   -0.3587  -0.3587  0     
S4     S5     S14    -0.7958  1        1        1        10     10     10     0.0090   -0.7958  -0.7958  0     
S4     S5     S15    -0.2248  10       10       10       10     10     10     0.9021   -0.2248  -0.2248  0     
S4     S5     S16    0.3892   8        8        8        9      9      9      0.4446   0.3892   0.3892   0     
S4     S5     S17    -0.3410  7        7        7        9      9      9      0.5345   -0.3410  -0.3410  0     
S4     S5     S18    -0.2461  7        7        7        9      9      9      0.8022   -0.2461  -0.2461  0     
S4     S5     S19    -0.5966  7        7        7        10     10     10     0.0929   -0.5966  -0.5966  0     
S4     S5     S20    0.3304   10       10       10       10     10     10     0.6124   0.3304   0.3304   0     
S4     S6     S7     -0.2285  2        2        2        7      7      7      0.7103   -0.2285  -0.2285  0     
S4     S6     S8     -0.3456  6        6        6        10     10     10     0.3457   -0.3456  -0.3456  0     
S4     S6     S9     -0.3095  3        3        3        10     10     10     0.4885   -0.3095  -0.3095  0     
S4     S6     S10    0.5606   2        2        2        10     10     10     0.0240   0.5606   0.5606   0     
S4     S6     S11    0.1686   3        3        3        8      8      8      0.9031   0.1686   0.1686   0     
S4     S6     S12    -0.2128  6        6        6        8      8      8      0.7762   -0.2128  -0.2128  0     
S4     S6     S13    0.2512   6        6        6        8      8      8      0.6384   0.2512   0.2512   0     
S4     S6     S14    0.1980   2        2        2        6      6      6      0.8352   0.1980   0.1980   0     
S4     S6     S15    0.2420   2        2        2        9      9      9      0.6873   0.2420   0.2420   0     
S4     S6     S16    -0.4207  2        2        2        7      7      7      0.1728   -0.4207  -0.4207  0     
S4     S6     S17    -0.2393  2        2        2        9      9      9      0.6494   -0.2393  -0.2393  0     
S4     S6     S18    -0.2929  3        3        3        9      9      9      0.5045   -0.2929  -0.2929  0     
S4     S6     S19    -0.3716  2        2        2        10     10     10     0.2747   -0.3716  -0.3716  0     
S4     S6     S20    0.3009   3        3        3        10     10     10     0.4745   0.3009   0.3009   0     
S4     S7     S8     0.4165   5        5        5        8      8      8      0.1299   0.4165   0.4165   0     
S4     S7     S9     0.4300   2        2        2        8      8      8      0.1019   0.4300   0.4300   0     
S4     S7     S10    -0.2958  3        3        3        8      8      8      0.3966   -0.2958  -0.2958  0     
S4     S7     S11    -0.3552  2        2        2        9      9      9      0.2368   -0.3552  -0.3552  0     
S4     S7     S12    0.3894   4        4        4        10     10     10     0.1489   0.3894   0.3894   0     
S4     S7     S13    -0.4046  5        5        5        10     10     10     0.1508   -0.4046  -0.4046  0     
S4     S7     S14    -0.1726  9        9        9        10     10     10     0.8661   -0.1726  -0.1726  0     
S4     S7     S15    -0.3219  6        6        6        10     10     10     0.3317   -0.3219  -0.3219  0     
S4     S7     S16    0.2101   3        3        3        7      7      7      0.7413   0.2101   0.2101   0     
S4     S7     S17    0.3132   4        4        4        10     10     10     0.3666   0.3132   0.3132   0     
S4     S7     S18    0.3539   2        2        2        8      8      8      0.2418   0.3539   0.3539   0     
S4     S7     S19    -0.1856  9        9        9        10     10     10     0.8202   -0.1856  -0.1856  0     
S4     S7     S20    -0.2120  1        1        1        9      9      9      0.7682   -0.2120  -0.2120  0     
S4     S8     S9     -0.3478  2        2        2        8      8      8      0.2707   -0.3478  -0.3478  0     
S4     S8     S10    0.1288   3        3        3        8      8      8      0.9710   0.1288   0.1288   0     
S4     S8     S11    0.4430   2        2        2        9      9      9      0.0969   0.4430   0.4430   0     
S4     S8     S12    -0.1374  5        5        5        10     10     10     0.9630   -0.1374  -0.1374  0     
S4     S8     S13    0.3048   2        2        2        10     10     10     0.3656   0.3048   0.3048   0     
S4     S8     S14    0.4667   6        6        6        10     10     10     0.0669   0.4667   0.4667   0     
S4     S8     S15    0.2135   4        4        4        8      8      8      0.7403   0.2135   0.2135   0     
S4     S8     S16    -0.2248  9        9        9        9      9      9      0.6933   -0.2248  -0.2248  0     
S4     S8     S17    0.1683   2        2        2        9      9      9      0.8821   0.1683   0.1683   0     
S4     S8     S18    -0.1784  2        2        2        8      8      8      0.8442   -0.1784  -0.1784  0     
S4     S8     S19    0.2151   2        2        2        10     10     10     0.7333   0.2151   0.2151   0     
S4     S8     S20    0.2372   1        1        1        9      9      9      0.6154   0.2372   0.2372   0     
S4     S9     S10    -0.2508  2        2        2        3      3      3      0.8142   -0.2508  -0.2508  0     
S4     S9     S11    0.4044   2        2        2        9      9      9      0.4106   0.4044   0.4044   0     
S4     S9     S12    -0.5481  1        1        1        10     10     10     0.1239   -0.5481  -0.5481  0     
S4     S9     S13    0.4365   2        2        2        10     10     10     0.3127   0.4365   0.4365   0     
S4     S9     S14    0.3848   3        3        3        10     10     10     0.4515   0.3848   0.3848   0     
S4     S9     S15    0.4138   6        6        6        10     10     10     0.3796   0.4138   0.4138   0     
S4     S9     S16    0.4658   2        2        2        8      8      8      0.2637   0.4658   0.4658   0     
S4     S9     S17    -0.4550  3        3        3        10     10     10     0.2507   -0.4550  -0.4550  0     
S4     S9     S18    -0.4203  2        2        2        8      8      8      0.3666   -0.4203  -0.4203  0     
S4     S9     S19    0.3308   2        2        2        10     10     10     0.6214   0.3308   0.3308   0     
S4     S9     S20    0.1684   6        6        6        9      9      9      0.9790   0.1684   0.1684   0     
S4     S10    S11    -0.2147  4        4        4        9      9      9      0.8921   -0.2147  -0.2147  0     
S4     S10    S12    0.3441   3        3        3        10     10     10     0.6054   0.3441   0.3441   0     
S4     S10    S13    -0.2635  3        3        3        10     10     10     0.8222   -0.2635  -0.2635  0     
S4     S10    S14    -0.6015  2        2        2        10     10     10     0.1449   -0.6015  -0.6015  0     
S4     S10    S15    -0.6788  2        2        2        10     10     10     0.0809   -0.6788  -0.6788  0     
S4     S10    S16    -0.2801  3        3        3        10     10     10     0.7802   -0.2801  -0.2801  0     
S4     S10    S17    0.7132   2        2        2        10     10     10     0.0619   0.7132   0.7132   0     
S4     S10    S18    0.1508   4        4        4        10     10     10     0.9820   0.1508   0.1508   0     
S4     S10    S19    -0.5444  9        9        9        10     10     10     0.2288   -0.5444  -0.5444  0     
S4     S10    S20    0.4856   10       10       10       10     10     10     0.3526   0.4856   0.4856   0     
S4     S11    S12    0.2833   1        1        1        8      8      8      0.5534   0.2833   0.2833   0     
S4     S11    S13    0.3304   9        9        9        9      9      9      0.4436   0.3304   0.3304   0     
S4     S11    S14    0.3517   7        7        7        9      9      9      0.3686   0.3517   0.3517   0     
S4     S11    S15    -0.3446  3        3        3        10     10     10     0.3676   -0.3446  -0.3446  0     
S4     S11    S16    -0.7066  2        2        2        10     10     10     0.0010   -0.7066  -0.7066  0     
S4     S11    S17    0.4570   3        3        3        10     10     10     0.1548   0.4570   0.4570   0     
S4     S11    S18    0.2956   4        4        4        10     10     10     0.5285   0.2956   0.2956   0     
S4     S11    S19    0.3339   3        3        3        9      9      9      0.4396   0.3339   0.3339   0     
S4     S11    S20    0.3295   3        3        3        10     10     10     0.4535   0.3295   0.3295   0     
S4     S12    S13    0.1146   5        5        5        6      6      6      0.9760   0.1146   0.1146   0     
S4     S12    S14    0.2622   4        4        4        7      7      7      0.4745   0.2622   0.2622   0     
S4     S12    S15    0.2381   6        6        6        9      9      9      0.6044   0.2381   0.2381   0     
S4     S12    S16    0.2072   7        7        7        9      9      9      0.7113   0.2072   0.2072   0     
S4     S12    S17    -0.3923  4        4        4        9      9      9      0.1229   -0.3923  -0.3923  0     
S4     S12    S18    -0.3732  1        1        1        9      9      9      0.1568   -0.3732  -0.3732  0     
S4     S12    S19    -0.2604  5        5        5        10     10     10     0.5135   -0.2604  -0.2604  0     
S4     S12    S20    -0.2387  4        4        4        5      5      5      0.5994   -0.2387  -0.2387  0     
S4     S13    S14    0.3661   8        8        8        10     10     10     0.2547   0.3661   0.3661   0     
S4     S13    S15    -0.2777  4        4        4        9      9      9      0.5544   -0.2777  -0.2777  0     
S4     S13    S16    -0.4898  2        2        2        9      9      9      0.0480   -0.4898  -0.4898  0     
S4     S13    S17    0.2835   8        8        8        9      9      9      0.5465   0.2835   0.2835   0     
S4     S13    S18    0.3315   2        2        2        9      9      9      0.3457   0.3315   0.3315   0     
S4     S13    S19    0.3635   4        4        4        10     10     10     0.2527   0.3635   0.3635   0     
S4     S13    S20    0.2565   7        7        7        9      9      9      0.6394   0.2565   0.2565   0     
S4     S14    S15    0.2248   10       10       10       10     10     10     0.8871   0.2248   0.2248   0     
S4     S14    S16    -0.3304  9        9        9        9      9      9      0.6064   -0.3304  -0.3304  0     
S4     S14    S17    0.4401   2        2        2        9      9      9      0.3157   0.4401   0.4401   0     
S4     S14    S18    0.4005   3        3        3        9      9      9      0.3856   0.4005   0.4005   0     
S4     S14    S19    0.5895   6        6        6        10     10     10     0.0879   0.5895   0.5895   0     
S4     S14    S20    -0.3304  10       10       10       10     10     10     0.6204   -0.3304  -0.3304  0     
S4     S15    S16    0.3782   2        2        2        10     10     10     0.3966   0.3782   0.3782   0     
S4     S15    S17    -0.3892  9        9        9        10     10     10     0.3596   -0.3892  -0.3892  0     
S4     S15    S18    0.2432   3        3        3        8      8      8      0.8342   0.2432   0.2432   0     
S4     S15    S19    0.4884   2        2        2        10     10     10     0.1828   0.4884   0.4884   0     
S4     S15    S20    -0.6274  3        3        3        10     10     10     0.0370   -0.6274  -0.6274  0     
S4     S16    S17    -0.4605  2        2        2        10     10     10     0.3167   -0.4605  -0.4605  0     
S4     S16    S18    0.2438   2        2        2        8      8      8      0.8851   0.2438   0.2438   0     
S4     S16    S19    -0.4471  2        2        2        9      9      9      0.3477   -0.4471  -0.4471  0     
S4     S16    S20    -0.5467  1        1        1        10     10     10     0.1628   -0.5467  -0.5467  0     
S4     S17    S18    -0.2530  3        3        3        8      8      8      0.8741   -0.2530  -0.2530  0     
S4     S17    S19    -0.4856  10       10       10       10     10     10     0.3686   -0.4856  -0.4856  0     
S4     S17    S20    0.6578   8        8        8        10     10     10     0.0669   0.6578   0.6578   0     
S4     S18    S19    0.1530   2        2        2        9      9      9      0.9091   0.1530   0.1530   0     
S4     S18    S20    0.2290   5        5        5        10     10     10     0.5784   0.2290   0.2290   0     
S4     S19    S20    -0.4856  10       10       10       10     10     10     0.3916   -0.4856  -0.4856  0     
S5     S6     S7     0.3304   7        7        7        7      7      7      0.5534   0.3304   0.3304   0     
S5     S6     S8     0.7158   1        1        1        8      8      8      0.0130   0.7158   0.7158   0     
S5     S6     S9     0.4479   1        1        1        10     10     10     0.2368   0.4479   0.4479   0     
S5     S6     S10    -0.4016  6        6        6        10     10     10     0.3127   -0.4016  -0.4016  0     
S5     S6     S11    -0.1220  6        6        6        10     10     10     0.9820   -0.1220  -0.1220  0     
S5     S6     S12    0.4005   6        6        6        9      9      9      0.3516   0.4005   0.4005   0     
S5     S6     S13    -0.6054  6        6        6        9      9      9      0.0589   -0.6054  -0.6054  0     
S5     S6     S14    -0.3864  3        3        3        6      6      6      0.3786   -0.3864  -0.3864  0     
S5     S6     S15    -0.4439  3        3        3        8      8      8      0.2717   -0.4439  -0.4439  0     
S5     S6     S16    0.2307   6        6        6        10     10     10     0.7832   0.2307   0.2307   0     
S5     S6     S17    0.1371   6        6        6        8      8      8      0.9700   0.1371   0.1371   0     
S5     S6     S18    0.5263   1        1        1        8      8      8      0.1239   0.5263   0.5263   0     
S5     S6     S19    0.1813   6        6        6        10     10     10     0.9111   0.1813   0.1813   0     
S5     S6     S20    -0.4736  5        5        5        10     10     10     0.2138   -0.4736  -0.4736  0     
S5     S7     S8     -0.8927  3        3        3        9      9      9      0.0030   -0.8927  -0.8927  0     
S5     S7     S9     -0.3943  5        5        5        9      9      9      0.4835   -0.3943  -0.3943  0     
S5     S7     S10    0.4516   5        5        5        9      9      9      0.3966   0.4516   0.4516   0     
S5     S7     S11    -0.1367  7        7        7        10     10     10     0.9850   -0.1367  -0.1367  0     
S5     S7     S12    -0.5877  1        1        1        10     10     10     0.1868   -0.5877  -0.5877  0     
S5     S7     S13    0.6672   3        3        3        8      8      8      0.1049   0.6672   0.6672   0     
S5     S7     S14    -0.3541  7        7        7        9      9      9      0.5724   -0.3541  -0.3541  0     
S5     S7     S15    0.4475   1        1        1        10     10     10     0.3746   0.4475   0.4475   0     
S5     S7     S16    0.2247   8        8        8        10     10     10     0.8721   0.2247   0.2247   0     
S5     S7     S17    -0.4428  1        1        1        10     10     10     0.4046   -0.4428  -0.4428  0     
S5     S7     S18    -0.4556  6        6        6        10     10     10     0.3786   -0.4556  -0.4556  0     
S5     S7     S19    -0.3433  1        1        1        9      9      9      0.5854   -0.3433  -0.3433  0     
S5     S7     S20    0.2872   6        6        6        8      8      8      0.7303   0.2872   0.2872   0     
S5     S8     S9     0.4485   4        4        4        9      9      9      0.4855   0.4485   0.4485   0     
S5     S8     S10    -0.3406  1        1        1        6      6      6      0.7263   -0.3406  -0.3406  0     
S5     S8     S11    0.3328   9        9        9        10     10     10     0.7692   0.3328   0.3328   0     
S5     S8     S12    0.4049   1        1        1        6      6      6      0.5834   0.4049   0.4049   0     
S5     S8     S13    0.6459   7        7        7        9      9      9      0.1548   0.6459   0.6459   0     
S5     S8     S14    -0.5555  1        1        1        7      7      7      0.2667   -0.5555  -0.5555  0     
S5     S8     S15    -0.4335  6        6        6        10     10     10     0.4975   -0.4335  -0.4335  0     
S5     S8     S16    -0.5092  7        7        7        10     10     10     0.3576   -0.5092  -0.5092  0     
S5     S8     S17    0.2944   1        1        1        10     10     10     0.8402   0.2944   0.2944   0     
S5     S8     S18    0.3816   6        6        6        10     10     10     0.6164   0.3816   0.3816   0     
S5     S8     S19    0.4044   1        1        1        9      9      9      0.5764   0.4044   0.4044   0     
S5     S8     S20    0.3750   7        7        7        10     10     10     0.6484   0.3750   0.3750   0     
S5     S9     S10    -0.3522  1        1        1        9      9      9      0.2877   -0.3522  -0.3522  0     
S5     S9     S11    -0.1601  5        5        5        8      8      8      0.8921   -0.1601  -0.1601  0     
S5     S9     S12    0.3228   5        5        5        10     10     10     0.3377   0.3228   0.3228   0     
S5     S9     S13    -0.3706  4        4        4        8      8      8      0.2028   -0.3706  -0.3706  0     
S5     S9     S14    -0.3492  6        6        6        7      7      7      0.2797   -0.3492  -0.3492  0     
S5     S9     S15    -0.5417  1        1        1        10     10     10     0.0070   -0.5417  -0.5417  0     
S5     S9     S16    -0.2631  7        7        7        10     10     10     0.5375   -0.2631  -0.2631  0     
S5     S9     S17    0.2849   5        5        5        10     10     10     0.4406   0.2849   0.2849   0     
S5     S9     S18    0.4418   6        6        6        10     10     10     0.0849   0.4418   0.4418   0     
S5     S9     S19    0.2793   1        1        1        9      9      9      0.4905   0.2793   0.2793   0     
S5     S9     S20    -0.3502  1        1        1        8      8      8      0.2657   -0.3502  -0.3502  0     
S5     S10    S11    0.2868   1        1        1        8      8      8      0.5884   0.2868   0.2868   0     
S5     S10    S12    -0.4300  5        5        5        10     10     10     0.1369   -0.4300  -0.4300  0     
S5     S10    S13    0.3832   1        1        1        6      6      6      0.2468   0.3832   0.3832   0     
S5     S10    S14    0.3753   6        6        6        10     10     10     0.3007   0.3753   0.3753   0     
S5     S10    S15    0.5110   6        6        6        10     10     10     0.0370   0.5110   0.5110   0     
S5     S10    S16    0.3487   7        7        7        10     10     10     0.3447   0.3487   0.3487   0     
S5     S10    S17    -0.5415  5        5        5        10     10     10     0.0190   -0.5415  -0.5415  0     
S5     S10    S18    -0.3162  1        1        1        10     10     10     0.5015   -0.3162  -0.3162  0     
S5     S10    S19    -0.3740  4        4        4        9      9      9      0.2577   -0.3740  -0.3740  0     
S5     S10    S20    -0.4450  7        7        7        10     10     10     0.1079   -0.4450  -0.4450  0     
S5     S11    S12    -0.3373  1        1        1        10     10     10     0.4925   -0.3373  -0.3373  0     
S5     S11    S13    0.7281   4        4        4        10     10     10     0.0180   0.7281   0.7281   0     
S5     S11    S14    0.5675   6        6        6        10     10     10     0.1239   0.5675   0.5675   0     
S5     S11    S15    0.1289   6        6        6        8      8      8      0.9670   0.1289   0.1289   0     
S5     S11    S16    -0.6120  1        1        1        9      9      9      0.0709   -0.6120  -0.6120  0     
S5     S11    S17    0.3304   9        9        9        9      9      9      0.4985   0.3304   0.3304   0     
S5     S11    S18    0.2584   1        1        1        9      9      9      0.6513   0.2584   0.2584   0     
S5     S11    S19    0.3587   9        9        9        10     10     10     0.3986   0.3587   0.3587   0     
S5     S11    S20    0.4473   1        1        1        9      9      9      0.2917   0.4473   0.4473   0     
S5     S12    S13    -0.4194  1        1        1        6      6      6      0.1588   -0.4194  -0.4194  0     
S5     S12    S14    -0.3585  6        6        6        9      9      9      0.3087   -0.3585  -0.3585  0     
S5     S12    S15    -0.2772  2        2        2        8      8      8      0.5814   -0.2772  -0.2772  0     
S5     S12    S16    -0.1162  7        7        7        8      8      8      0.9950   -0.1162  -0.1162  0     
S5     S12    S17    -0.1503  1        1        1        4      4      4      0.9710   -0.1503  -0.1503  0     
S5     S12    S18    0.2248   6        6        6        6      6      6      0.7952   0.2248   0.2248   0     
S5     S12    S19    0.4052   2        2        2        10     10     10     0.2068   0.4052   0.4052   0     
S5     S12    S20    -0.2448  4        4        4        10     10     10     0.6873   -0.2448  -0.2448  0     
S5     S13    S14    0.9629   6        6        6        9      9      9      0.0210   0.9629   0.9629   0     
S5     S13    S15    0.3304   6        6        6        6      6      6      0.8162   0.3304   0.3304   0     
S5     S13    S16    -0.4984  9        9        9        10     10     10     0.4126   -0.4984  -0.4984  0     
S5     S13    S17    0.4225   7        7        7        10     10     10     0.5584   0.4225   0.4225   0     
S5     S13    S18    -0.3402  4        4        4        6      6      6      0.7602   -0.3402  -0.3402  0     
S5     S13    S19    0.3500   7        7        7        9      9      9      0.7093   0.3500   0.3500   0     
S5     S13    S20    0.5000   6        6        6        10     10     10     0.3886   0.5000   0.5000   0     
S5     S14    S15    0.4179   3        3        3        7      7      7      0.6014   0.4179   0.4179   0     
S5     S14    S16    -0.7386  6        6        6        10     10     10     0.0879   -0.7386  -0.7386  0     
S5     S14    S17    0.6279   1        1        1        10     10     10     0.2118   0.6279   0.6279   0     
S5     S14    S18    -0.3964  5        5        5        7      7      7      0.6324   -0.3964  -0.3964  0     
S5     S14    S19    0.3333   8        8        8        9      9      9      0.7752   0.3333   0.3333   0     
S5     S14    S20    0.9680   4        4        4        10     10     10     0.0040   0.9680   0.9680   0     
S5     S15    S16    0.1964   7        7        7        9      9      9      0.8152   0.1964   0.1964   0     
S5     S15    S17    0.2248   10       10       10       10     10     10     0.7453   0.2248   0.2248   0     
S5     S15    S18    -0.4601  4        4        4        9      9      9      0.1329   -0.4601  -0.4601  0     
S5     S15    S19    -0.4164  6        6        6        10     10     10     0.1888   -0.4164  -0.4164  0     
S5     S15    S20    0.3859   5        5        5        10     10     10     0.2797   0.3859   0.3859   0     
S5     S16    S17    -0.4596  1        1        1        9      9      9      0.2937   -0.4596  -0.4596  0     
S5     S16    S18    -0.2921  7        7        7        9      9      9      0.6014   -0.2921  -0.2921  0     
S5     S16    S19    -0.5137  1        1        1        10     10     10     0.2398   -0.5137  -0.5137  0     
S5     S16    S20    -0.3642  2        2        2        9      9      9      0.4945   -0.3642  -0.3642  0     
S5     S17    S18    0.1887   8        8        8        9      9      9      0.9341   0.1887   0.1887   0     
S5     S17    S19    0.7330   3        3        3        10     10     10     0.0140   0.7330   0.7330   0     
S5     S17    S20    -0.3304  10       10       10       10     10     10     0.5355   -0.3304  -0.3304  0     
S5     S18    S19    0.3020   1        1        1        10     10     10     0.5455   0.3020   0.3020   0     
S5     S18    S20    -0.4257  1        1        1        6      6      6      0.1888   -0.4257  -0.4257  0     
S5     S19    S20    0.6726   1        1        1        10     10     10     0.0070   0.6726   0.6726   0     
S6     S7     S8     -0.3769  7        7        7        9      9      9      0.6853   -0.3769  -0.3769  0     
S6     S7     S9     0.5701   1        1        1        6      6      6      0.2577   0.5701   0.5701   0     
S6     S7     S10    -0.3647  2        2        2        6      6      6      0.7083   -0.3647  -0.3647  0     
S6     S7     S11    -0.5883  1        1        1        7      7      7      0.2328   -0.5883  -0.5883  0     
S6     S7     S12    -0.2704  1        1        1        5      5      5      0.8971   -0.2704  -0.2704  0     
S6     S7     S13    -0.3304  6        6        6        6      6      6      0.8032   -0.3304  -0.3304  0     
S6     S7     S14    -0.5458  4        4        4        9      9      9      0.3467   -0.5458  -0.5458  0     
S6     S7     S15    0.4872   3        3        3        4      4      4      0.4246   0.4872   0.4872   0     
S6     S7     S16    0.5830   2        2        2        6      6      6      0.2398   0.5830   0.5830   0     
S6     S7     S17    -0.2536  1        1        1        10     10     10     0.8881   -0.2536  -0.2536  0     
S6     S7     S18    0.7640   1        1        1        6      6      6      0.0699   0.7640   0.7640   0     
S6     S7     S19    -0.3211  3        3        3        5      5      5      0.8262   -0.3211  -0.3211  0     
S6     S7     S20    -0.3932  3        3        3        6      6      6      0.6464   -0.3932  -0.3932  0     
S6     S8     S9     -0.5694  1        1        1        7      7      7      0.2667   -0.5694  -0.5694  0     
S6     S8     S10    0.4330   2        2        2        7      7      7      0.4825   0.4330   0.4330   0     
S6     S8     S11    0.2477   1        1        1        6      6      6      0.8831   0.2477   0.2477   0     
S6     S8     S12    -0.4801  6        6        6        7      7      7      0.4136   -0.4801  -0.4801  0     
S6     S8     S13    0.7237   6        6        6        9      9      9      0.1019   0.7237   0.7237   0     
S6     S8     S14    0.5400   2        2        2        6      6      6      0.3077   0.5400   0.5400   0     
S6     S8     S15    0.5415   4        4        4        7      7      7      0.2917   0.5415   0.5415   0     
S6     S8     S16    -0.4622  2        2        2        10     10     10     0.4076   -0.4622  -0.4622  0     
S6     S8     S17    -0.1278  6        6        6        7      7      7      0.9930   -0.1278  -0.1278  0     
S6     S8     S18    -0.7914  1        1        1        7      7      7      0.0440   -0.7914  -0.7914  0     
S6     S8     S19    0.1554   3        3        3        5      5      5      0.9810   0.1554   0.1554   0     
S6     S8     S20    0.5237   3        3        3        10     10     10     0.3217   0.5237   0.5237   0     
S6     S9     S10    0.3748   2        2        2        7      7      7      0.5085   0.3748   0.3748   0     
S6     S9     S11    -0.3271  2        2        2        5      5      5      0.6464   -0.3271  -0.3271  0     
S6     S9     S12    -0.4101  3        3        3        7      7      7      0.4625   -0.4101  -0.4101  0     
S6     S9     S13    0.5843   3        3        3        7      7      7      0.2008   0.5843   0.5843   0     
S6     S9     S14    0.5998   2        2        2        9      9      9      0.1708   0.5998   0.5998   0     
S6     S9     S15    0.8019   2        2        2        7      7      7      0.0200   0.8019   0.8019   0     
S6     S9     S16    -0.2472  4        4        4        10     10     10     0.8162   -0.2472  -0.2472  0     
S6     S9     S17    -0.1893  2        2        2        7      7      7      0.9271   -0.1893  -0.1893  0     
S6     S9     S18    -0.5139  4        4        4        7      7      7      0.3137   -0.5139  -0.5139  0     
S6     S9     S19    -0.3502  2        2        2        7      7      7      0.6154   -0.3502  -0.3502  0     
S6     S9     S20    0.3760   5        5        5        10     10     10     0.5025   0.3760   0.3760   0     
S6     S10    S11    0.3686   3        3        3        5      5      5      0.5534   0.3686   0.3686   0     
S6     S10    S12    0.2639   6        6        6        7      7      7      0.8302   0.2639   0.2639   0     
S6     S10    S13    -0.4400  2        2        2        7      7      7      0.3397   -0.4400  -0.4400  0     
S6     S10    S14    -0.4512  3        3        3        6      6      6      0.3457   -0.4512  -0.4512  0     
S6     S10    S15    -0.6135  3        3        3        7      7      7      0.0969   -0.6135  -0.6135  0     
S6     S10    S16    -0.3914  2        2        2        5      5      5      0.4655   -0.3914  -0.3914  0     
S6     S10    S17    -0.3015  2        2        2        10     10     10     0.7373   -0.3015  -0.3015  0     
S6     S10    S18    0.3742   4        4        4        7      7      7      0.5295   0.3742   0.3742   0     
S6     S10    S19    -0.2749  2        2        2        5      5      5      0.7692   -0.2749  -0.2749  0     
S6     S10    S20    -0.4763  5        5        5        10     10     10     0.2647   -0.4763  -0.4763  0     
S6     S11    S12    -0.1496  5        5        5        5      5      5      0.9660   -0.1496  -0.1496  0     
S6     S11    S13    -0.2421  3        3        3        6      6      6      0.7562   -0.2421  -0.2421  0     
S6     S11    S14    -0.3003  2        2        2        8      8      8      0.6503   -0.3003  -0.3003  0     
S6     S11    S15    -0.7144  2        2        2        6      6      6      0.0170   -0.7144  -0.7144  0     
S6     S11    S16    -0.4975  3        3        3        5      5      5      0.2448   -0.4975  -0.4975  0     
S6     S11    S17    0.1201   2        2        2        4      4      4      0.9950   0.1201   0.1201   0     
S6     S11    S18    -0.3695  2        2        2        3      3      3      0.4635   -0.3695  -0.3695  0     
S6     S11    S19    0.3217   2        2        2        3      3      3      0.6114   0.3217   0.3217   0     
S6     S11    S20    0.2182   1        1        1        4      4      4      0.8501   0.2182   0.2182   0     
S6     S12    S13    0.4322   6        6        6        7      7      7      0.2687   0.4322   0.4322   0     
S6     S12    S14    0.4808   1        1        1        6      6      6      0.1728   0.4808   0.4808   0     
S6     S12    S15    0.4007   5        5        5        7      7      7      0.3087   0.4007   0.4007   0     
S6     S12    S16    -0.3600  1        1        1        8      8      8      0.4126   -0.3600  -0.3600  0     
S6     S12    S17    0.0996   5        5        5        5      5      5      0.9990   0.0996   0.0996   0     
S6     S12    S18    -0.5029  3        3        3        7      7      7      0.1369   -0.5029  -0.5029  0     
S6     S12    S19    0.2961   3        3        3        5      5      5      0.5974   0.2961   0.2961   0     
S6     S12    S20    0.3978   1        1        1        7      7      7      0.3267   0.3978   0.3978   0     
S6     S13    S14    -0.5663  2        2        2        6      6      6      0.2468   -0.5663  -0.5663  0     
S6     S13    S15    -0.5489  4        4        4        7      7      7      0.2637   -0.5489  -0.5489  0     
S6     S13    S16    0.5161   2        2        2        8      8      8      0.3047   0.5161   0.5161   0     
S6     S13    S17    0.1168   6        6        6        10     10     10     0.9970   0.1168   0.1168   0     
S6     S13    S18    0.7041   3        3        3        10     10     10     0.0899   0.7041   0.7041   0     
S6     S13    S19    -0.2443  3        3        3        5      5      5      0.8811   -0.2443  -0.2443  0     
S6     S13    S20    -0.5252  3        3        3        7      7      7      0.3227   -0.5252  -0.5252  0     
S6     S14    S15    -0.5498  6        6        6        10     10     10     0.0999   -0.5498  -0.5498  0     
S6     S14    S16    0.1793   3        3        3        6      6      6      0.8482   0.1793   0.1793   0     
S6     S14    S17    0.1977   4        4        4        10     10     10     0.7982   0.1977   0.1977   0     
S6     S14    S18    0.5472   2        2        2        6      6      6      0.1169   0.5472   0.5472   0     
S6     S14    S19    0.2447   5        5        5        9      9      9      0.6344   0.2447   0.2447   0     
S6     S14    S20    -0.3304  6        6        6        6      6      6      0.4605   -0.3304  -0.3304  0     
S6     S15    S16    0.6927   3        3        3        9      9      9      0.0919   0.6927   0.6927   0     
S6     S15    S17    -0.1281  2        2        2        4      4      4      0.9900   -0.1281  -0.1281  0     
S6     S15    S18    0.8448   2        2        2        7      7      7      0.0200   0.8448   0.8448   0     
S6     S15    S19    -0.3217  2        2        2        3      3      3      0.7742   -0.3217  -0.3217  0     
S6     S15    S20    -0.4788  1        1        1        9      9      9      0.4855   -0.4788  -0.4788  0     
S6     S16    S17    -0.1569  3        3        3        9      9      9      0.9730   -0.1569  -0.1569  0     
S6     S16    S18    0.3713   1        1        1        3      3      3      0.4985   0.3713   0.3713   0     
S6     S16    S19    -0.3482  3        3        3        10     10     10     0.5614   -0.3482  -0.3482  0     
S6     S16    S20    0.1539   5        5        5        10     10     10     0.9630   0.1539   0.1539   0     
S6     S17    S18    -0.1682  2        2        2        7      7      7      0.6743   -0.1682  -0.1682  0     
S6     S17    S19    0.3894   2        2        2        10     10     10     0.0080   0.3894   0.3894   0     
S6     S17    S20    -0.1269  10       10       10       10     10     10     0.8971   -0.1269  -0.1269  0     
S6     S18    S19    -0.3486  2        2        2        7      7      7      0.6314   -0.3486  -0.3486  0     
S6     S18    S20    0.3609   6        6        6        9      9      9      0.6454   0.3609   0.3609   0     
S6     S19    S20    0.4405   1        1        1        10     10     10     0.1469   0.4405   0.4405   0     
S7     S8     S9     0.4477   2        2        2        7      7      7      0.4625   0.4477   0.4477   0     
S7     S8     S10    -0.5144  1        1        1        7      7      7      0.3716   -0.5144  -0.5144  0     
S7     S8     S11    -0.2868  2        2        2        6      6      6      0.8352   -0.2868  -0.2868  0     
S7     S8     S12    0.5834   1        1        1        7      7      7      0.2378   0.5834   0.5834   0     
S7     S8     S13    -0.7286  5        5        5        7      7      7      0.0919   -0.7286  -0.7286  0     
S7     S8     S14    -0.3304  6        6        6        6      6      6      0.7493   -0.3304  -0.3304  0     
S7     S8     S15    -0.3720  6        6        6        7      7      7      0.6374   -0.3720  -0.3720  0     
S7     S8     S16    0.5110   1        1        1        8      8      8      0.3487   0.5110   0.5110   0     
S7     S8     S17    0.2271   1        1        1        7      7      7      0.9101   0.2271   0.2271   0     
S7     S8     S18    0.5403   2        2        2        7      7      7      0.3117   0.5403   0.5403   0     
S7     S8     S19    0.2471   5        5        5        9      9      9      0.8721   0.2471   0.2471   0     
S7     S8     S20    -0.4048  1        1        1        7      7      7      0.5774   -0.4048  -0.4048  0     
S7     S9     S10    -0.2545  5        5        5        7      7      7      0.8082   -0.2545  -0.2545  0     
S7     S9     S11    0.3723   1        1        1        10     10     10     0.4286   0.3723   0.3723   0     
S7     S9     S12    0.3391   1        1        1        7      7      7      0.5355   0.3391   0.3391   0     
S7     S9     S13    -0.4912  2        2        2        7      7      7      0.1858   -0.4912  -0.4912  0     
S7     S9     S14    -0.3496  1        1        1        8      8      8      0.5215   -0.3496  -0.3496  0     
S7     S9     S15    -0.5618  3        3        3        7      7      7      0.1029   -0.5618  -0.5618  0     
S7     S9     S16    0.3236   5        5        5        8      8      8      0.6264   0.3236   0.3236   0     
S7     S9     S17    -0.2248  8        8        8        8      8      8      0.8731   -0.2248  -0.2248  0     
S7     S9     S18    0.3413   6        6        6        7      7      7      0.5594   0.3413   0.3413   0     
S7     S9     S19    0.2210   3        3        3        7      7      7      0.8861   0.2210   0.2210   0     
S7     S9     S20    -0.2554  4        4        4        7      7      7      0.7822   -0.2554  -0.2554  0     
S7     S10    S11    -0.2336  2        2        2        4      4      4      0.7892   -0.2336  -0.2336  0     
S7     S10    S12    -0.4842  3        3        3        7      7      7      0.0979   -0.4842  -0.4842  0     
S7     S10    S13    0.5613   3        3        3        7      7      7      0.0370   0.5613   0.5613   0     
S7     S10    S14    0.2334   6        6        6        10     10     10     0.8222   0.2334   0.2334   0     
S7     S10    S15    0.4125   2        2        2        7      7      7      0.2527   0.4125   0.4125   0     
S7     S10    S16    0.2202   3        3        3        4      4      4      0.8581   0.2202   0.2202   0     
S7     S10    S17    -0.2276  2        2        2        10     10     10     0.7982   -0.2276  -0.2276  0     
S7     S10    S18    -0.2580  6        6        6        7      7      7      0.7063   -0.2580  -0.2580  0     
S7     S10    S19    -0.4099  2        2        2        7      7      7      0.2488   -0.4099  -0.4099  0     
S7     S10    S20    0.1861   6        6        6        7      7      7      0.9371   0.1861   0.1861   0     
S7     S11    S12    -0.3937  1        1        1        6      6      6      0.4765   -0.3937  -0.3937  0     
S7     S11    S13    0.4798   2        2        2        10     10     10     0.3307   0.4798   0.4798   0     
S7     S11    S14    0.2527   1        1        1        10     10     10     0.7622   0.2527   0.2527   0     
S7     S11    S15    0.5421   1        1        1        6      6      6      0.2138   0.5421   0.5421   0     
S7     S11    S16    0.4994   2        2        2        4      4      4      0.3047   0.4994   0.4994   0     
S7     S11    S17    0.1990   7        7        7        9      9      9      0.8931   0.1990   0.1990   0     
S7     S11    S18    0.5450   1        1        1        9      9      9      0.2158   0.5450   0.5450   0     
S7     S11    S19    -0.3970  1        1        1        6      6      6      0.4525   -0.3970  -0.3970  0     
S7     S11    S20    -0.1838  3        3        3        5      5      5      0.9271   -0.1838  -0.1838  0     
S7     S12    S13    -0.5349  4        4        4        7      7      7      0.1009   -0.5349  -0.5349  0     
S7     S12    S14    -0.2248  6        6        6        6      6      6      0.8821   -0.2248  -0.2248  0     
S7     S12    S15    -0.2436  6        6        6        7      7      7      0.8112   -0.2436  -0.2436  0     
S7     S12    S16    0.4371   3        3        3        10     10     10     0.2088   0.4371   0.4371   0     
S7     S12    S17    -0.1935  8        8        8        10     10     10     0.9401   -0.1935  -0.1935  0     
S7     S12    S18    0.4220   1        1        1        7      7      7      0.2607   0.4220   0.4220   0     
S7     S12    S19    0.3162   4        4        4        7      7      7      0.5744   0.3162   0.3162   0     
S7     S12    S20    -0.2317  6        6        6        10     10     10     0.8312   -0.2317  -0.2317  0     
S7     S13    S14    0.3304   6        6        6        6      6      6      0.6803   0.3304   0.3304   0     
S7     S13    S15    0.3587   6        6        6        7      7      7      0.5654   0.3587   0.3587   0     
S7     S13    S16    -0.5967  3        3        3        10     10     10     0.1289   -0.5967  -0.5967  0     
S7     S13    S17    -0.1932  4        4        4        7      7      7      0.9630   -0.1932  -0.1932  0     
S7     S13    S18    -0.5659  2        2        2        7      7      7      0.1508   -0.5659  -0.5659  0     
S7     S13    S19    -0.2642  5        5        5        7      7      7      0.8082   -0.2642  -0.2642  0     
S7     S13    S20    0.4009   6        6        6        10     10     10     0.4216   0.4009   0.4009   0     
S7     S14    S15    0.3697   4        4        4        8      8      8      0.2917   0.3697   0.3697   0     
S7     S14    S16    -0.2136  2        2        2        10     10     10     0.7922   -0.2136  -0.2136  0     
S7     S14    S17    0.2696   1        1        1        10     10     10     0.5834   0.2696   0.2696   0     
S7     S14    S18    -0.4026  1        1        1        6      6      6      0.2488   -0.4026  -0.4026  0     
S7     S14    S19    0.1170   3        3        3        9      9      9      0.9860   0.1170   0.1170   0     
S7     S14    S20    0.4266   3        3        3        10     10     10     0.1678   0.4266   0.4266   0     
S7     S15    S16    -0.7512  2        2        2        10     10     10     0.0350   -0.7512  -0.7512  0     
S7     S15    S17    0.2264   3        3        3        10     10     10     0.9141   0.2264   0.2264   0     
S7     S15    S18    -0.7033  1        1        1        7      7      7      0.0649   -0.7033  -0.7033  0     
S7     S15    S19    0.2859   3        3        3        5      5      5      0.7632   0.2859   0.2859   0     
S7     S15    S20    0.4143   3        3        3        10     10     10     0.4975   0.4143   0.4143   0     
S7     S16    S17    0.2528   2        2        2        8      8      8      0.7782   0.2528   0.2528   0     
S7     S16    S18    -0.3418  2        2        2        5      5      5      0.5724   -0.3418  -0.3418  0     
S7     S16    S19    0.3517   2        2        2        8      8      8      0.5065   0.3517   0.3517   0     
S7     S16    S20    -0.1974  6        6        6        9      9      9      0.8991   -0.1974  -0.1974  0     
S7     S17    S18    0.1054   1        1        1        7      7      7      0.9890   0.1054   0.1054   0     
S7     S17    S19    0.2635   4        4        4        10     10     10     0.3836   0.2635   0.2635   0     
S7     S17    S20    -0.1269  10       10       10       10     10     10     0.9550   -0.1269  -0.1269  0     
S7     S18    S19    0.2630   1        1        1        10     10     10     0.8392   0.2630   0.2630   0     
S7     S18    S20    -0.3089  1        1        1        7      7      7      0.7552   -0.3089  -0.3089  0     
S7     S19    S20    0.2418   4        4        4        10     10     10     0.4895   0.2418   0.2418   0     
S8     S9     S10    0.3517   4        4        4        6      6      6      0.5025   0.3517   0.3517   0     
S8     S9     S11    -0.1868  8        8        8        10     10     10     0.8981   -0.1868  -0.1868  0     
S8     S9     S12    -0.4676  1        1        1        6      6      6      0.2667   -0.4676  -0.4676  0     
S8     S9     S13    0.5561   2        2        2        6      6      6      0.1179   0.5561   0.5561   0     
S8     S9     S14    0.5554   1        1        1        8      8      8      0.1309   0.5554   0.5554   0     
S8     S9     S15    0.5254   3        3        3        6      6      6      0.1848   0.5254   0.5254   0     
S8     S9     S16    -0.2696  4        4        4        8      8      8      0.7043   -0.2696  -0.2696  0     
S8     S9     S17    0.1605   7        7        7        8      8      8      0.9461   0.1605   0.1605   0     
S8     S9     S18    -0.5033  4        4        4        6      6      6      0.2318   -0.5033  -0.5033  0     
S8     S9     S19    -0.1589  3        3        3        6      6      6      0.9411   -0.1589  -0.1589  0     
S8     S9     S20    0.3538   1        1        1        6      6      6      0.4855   0.3538   0.3538   0     
S8     S10    S11    -0.2477  4        4        4        7      7      7      0.6673   -0.2477  -0.2477  0     
S8     S10    S12    0.4633   3        3        3        6      6      6      0.1059   0.4633   0.4633   0     
S8     S10    S13    -0.5051  3        3        3        6      6      6      0.0549   -0.5051  -0.5051  0     
S8     S10    S14    -0.3964  6        6        6        8      8      8      0.1938   -0.3964  -0.3964  0     
S8     S10    S15    -0.3679  2        2        2        6      6      6      0.2797   -0.3679  -0.3679  0     
S8     S10    S16    0.1413   2        2        2        8      8      8      0.9690   0.1413   0.1413   0     
S8     S10    S17    0.1754   2        2        2        6      6      6      0.8841   0.1754   0.1754   0     
S8     S10    S18    0.3304   6        6        6        6      6      6      0.4066   0.3304   0.3304   0     
S8     S10    S19    0.4112   2        2        2        9      9      9      0.1948   0.4112   0.4112   0     
S8     S10    S20    -0.2248  6        6        6        6      6      6      0.7243   -0.2248  -0.2248  0     
S8     S11    S12    0.4054   1        1        1        7      7      7      0.2987   0.4054   0.4054   0     
S8     S11    S13    -0.6423  2        2        2        10     10     10     0.0240   -0.6423  -0.6423  0     
S8     S11    S14    -0.4494  6        6        6        10     10     10     0.1948   -0.4494  -0.4494  0     
S8     S11    S15    -0.2133  3        3        3        7      7      7      0.8432   -0.2133  -0.2133  0     
S8     S11    S16    0.4559   4        4        4        9      9      9      0.1658   0.4559   0.4559   0     
S8     S11    S17    -0.2926  8        8        8        9      9      9      0.6044   -0.2926  -0.2926  0     
S8     S11    S18    -0.3586  1        1        1        9      9      9      0.4026   -0.3586  -0.3586  0     
S8     S11    S19    -0.2544  8        8        8        10     10     10     0.7443   -0.2544  -0.2544  0     
S8     S11    S20    -0.3135  6        6        6        9      9      9      0.5305   -0.3135  -0.3135  0     
S8     S12    S13    0.4801   5        5        5        6      6      6      0.1538   0.4801   0.4801   0     
S8     S12    S14    0.4711   6        6        6        9      9      9      0.1638   0.4711   0.4711   0     
S8     S12    S15    0.3304   6        6        6        6      6      6      0.5634   0.3304   0.3304   0     
S8     S12    S16    -0.2193  3        3        3        10     10     10     0.8881   -0.2193  -0.2193  0     
S8     S12    S17    0.1893   7        7        7        10     10     10     0.9261   0.1893   0.1893   0     
S8     S12    S18    -0.5149  1        1        1        6      6      6      0.0929   -0.5149  -0.5149  0     
S8     S12    S19    -0.3062  5        5        5        6      6      6      0.5744   -0.3062  -0.3062  0     
S8     S12    S20    0.2248   6        6        6        6      6      6      0.8352   0.2248   0.2248   0     
S8     S13    S14    -0.9706  6        6        6        9      9      9      0.0110   -0.9706  -0.9706  0     
S8     S13    S15    -0.4856  6        6        6        6      6      6      0.4595   -0.4856  -0.4856  0     
S8     S13    S16    0.4810   3        3        3        10     10     10     0.4605   0.4810   0.4810   0     
S8     S13    S17    -0.3538  7        7        7        10     10     10     0.7373   -0.3538  -0.3538  0     
S8     S13    S18    0.5195   2        2        2        6      6      6      0.3696   0.5195   0.5195   0     
S8     S13    S19    0.2814   4        4        4        6      6      6      0.8691   0.2814   0.2814   0     
S8     S13    S20    -0.4676  6        6        6        10     10     10     0.4885   -0.4676  -0.4676  0     
S8     S14    S15    -0.5432  5        5        5        8      8      8      0.2767   -0.5432  -0.5432  0     
S8     S14    S16    0.5420   2        2        2        10     10     10     0.3057   0.5420   0.5420   0     
S8     S14    S17    -0.2531  9        9        9        10     10     10     0.8511   -0.2531  -0.2531  0     
S8     S14    S18    0.6644   1        1        1        8      8      8      0.1119   0.6644   0.6644   0     
S8     S14    S19    -0.2248  9        9        9        9      9      9      0.9071   -0.2248  -0.2248  0     
S8     S14    S20    -0.6876  5        5        5        10     10     10     0.1089   -0.6876  -0.6876  0     
S8     S15    S16    0.3772   2        2        2        8      8      8      0.4006   0.3772   0.3772   0     
S8     S15    S17    -0.1268  3        3        3        8      8      8      0.9670   -0.1268  -0.1268  0     
S8     S15    S18    0.5773   1        1        1        6      6      6      0.0899   0.5773   0.5773   0     
S8     S15    S19    0.1712   6        6        6        10     10     10     0.8791   0.1712   0.1712   0     
S8     S15    S20    -0.4084  3        3        3        6      6      6      0.3317   -0.4084  -0.4084  0     
S8     S16    S17    0.2248   9        9        9        9      9      9      0.7922   0.2248   0.2248   0     
S8     S16    S18    -0.2030  1        1        1        8      8      8      0.8771   -0.2030  -0.2030  0     
S8     S16    S19    0.2436   9        9        9        10     10     10     0.7083   0.2436   0.2436   0     
S8     S16    S20    0.2908   6        6        6        9      9      9      0.5684   0.2908   0.2908   0     
S8     S17    S18    -0.1409  1        1        1        9      9      9      0.9011   -0.1409  -0.1409  0     
S8     S17    S19    -0.2704  2        2        2        10     10     10     0.2837   -0.2704  -0.2704  0     
S8     S17    S20    -0.2984  1        1        1        9      9      9      0.1978   -0.2984  -0.2984  0     
S8     S18    S19    -0.2085  1        1        1        10     10     10     0.9291   -0.2085  -0.2085  0     
S8     S18    S20    0.4406   1        1        1        6      6      6      0.3826   0.4406   0.4406   0     
S8     S19    S20    -0.2235  5        5        5        10     10     10     0.5694   -0.2235  -0.2235  0     
S9     S10    S11    -0.2077  3        3        3        7      7      7      0.8731   -0.2077  -0.2077  0     
S9     S10    S12    0.2664   5        5        5        6      6      6      0.6863   0.2664   0.2664   0     
S9     S10    S13    -0.3661  4        4        4        6      6      6      0.3417   -0.3661  -0.3661  0     
S9     S10    S14    -0.4195  2        2        2        10     10     10     0.2358   -0.4195  -0.4195  0     
S9     S10    S15    -0.3346  2        2        2        6      6      6      0.4396   -0.3346  -0.3346  0     
S9     S10    S16    0.4868   2        2        2        8      8      8      0.1139   0.4868   0.4868   0     
S9     S10    S17    -0.1525  7        7        7        8      8      8      0.9670   -0.1525  -0.1525  0     
S9     S10    S18    0.3754   3        3        3        6      6      6      0.3077   0.3754   0.3754   0     
S9     S10    S19    0.2485   2        2        2        6      6      6      0.7343   0.2485   0.2485   0     
S9     S10    S20    -0.2603  3        3        3        6      6      6      0.7083   -0.2603  -0.2603  0     
S9     S11    S12    -0.1772  3        3        3        8      8      8      0.8921   -0.1772  -0.1772  0     
S9     S11    S13    -0.2414  4        4        4        10     10     10     0.6693   -0.2414  -0.2414  0     
S9     S11    S14    -0.2783  6        6        6        10     10     10     0.5005   -0.2783  -0.2783  0     
S9     S11    S15    0.3116   2        2        2        9      9      9      0.3576   0.3116   0.3116   0     
S9     S11    S16    0.5255   3        3        3        9      9      9      0.0050   0.5255   0.5255   0     
S9     S11    S17    -0.3842  2        2        2        9      9      9      0.1319   -0.3842  -0.3842  0     
S9     S11    S18    0.2553   2        2        2        7      7      7      0.5984   0.2553   0.2553   0     
S9     S11    S19    -0.2552  2        2        2        10     10     10     0.6034   -0.2552  -0.2552  0     
S9     S11    S20    -0.3662  1        1        1        9      9      9      0.1528   -0.3662  -0.3662  0     
S9     S12    S13    0.4923   1        1        1        6      6      6      0.2178   0.4923   0.4923   0     
S9     S12    S14    0.3781   6        6        6        9      9      9      0.4645   0.3781   0.3781   0     
S9     S12    S15    0.5266   3        3        3        6      6      6      0.1778   0.5266   0.5266   0     
S9     S12    S16    -0.3356  5        5        5        10     10     10     0.6364   -0.3356  -0.3356  0     
S9     S12    S17    0.5875   1        1        1        10     10     10     0.0839   0.5875   0.5875   0     
S9     S12    S18    -0.3304  6        6        6        6      6      6      0.6414   -0.3304  -0.3304  0     
S9     S12    S19    -0.3035  3        3        3        6      6      6      0.7512   -0.3035  -0.3035  0     
S9     S12    S20    0.5438   4        4        4        10     10     10     0.1658   0.5438   0.5438   0     
S9     S13    S14    -0.6906  3        3        3        9      9      9      0.0230   -0.6906  -0.6906  0     
S9     S13    S15    -0.5387  3        3        3        6      6      6      0.2248   -0.5387  -0.5387  0     
S9     S13    S16    0.3473   4        4        4        10     10     10     0.4855   0.3473   0.3473   0     
S9     S13    S17    -0.1908  7        7        7        10     10     10     0.9051   -0.1908  -0.1908  0     
S9     S13    S18    0.5419   4        4        4        6      6      6      0.2028   0.5419   0.5419   0     
S9     S13    S19    0.1611   3        3        3        6      6      6      0.9481   0.1611   0.1611   0     
S9     S13    S20    -0.4094  6        6        6        10     10     10     0.3736   -0.4094  -0.4094  0     
S9     S14    S15    -0.6801  2        2        2        8      8      8      0.0400   -0.6801  -0.6801  0     
S9     S14    S16    0.2885   2        2        2        10     10     10     0.6434   0.2885   0.2885   0     
S9     S14    S17    -0.3313  4        4        4        10     10     10     0.5634   -0.3313  -0.3313  0     
S9     S14    S18    0.5110   5        5        5        8      8      8      0.2428   0.5110   0.5110   0     
S9     S14    S19    0.2895   2        2        2        10     10     10     0.6673   0.2895   0.2895   0     
S9     S14    S20    -0.7449  4        4        4        10     10     10     0.0160   -0.7449  -0.7449  0     
S9     S15    S16    0.3686   4        4        4        10     10     10     0.6444   0.3686   0.3686   0     
S9     S15    S17    -0.2895  7        7        7        10     10     10     0.8362   -0.2895  -0.2895  0     
S9     S15    S18    0.5884   4        4        4        6      6      6      0.2697   0.5884   0.5884   0     
S9     S15    S19    0.2719   2        2        2        10     10     10     0.8701   0.2719   0.2719   0     
S9     S15    S20    -0.3699  5        5        5        10     10     10     0.6324   -0.3699  -0.3699  0     
S9     S16    S17    -0.2892  2        2        2        8      8      8      0.6813   -0.2892  -0.2892  0     
S9     S16    S18    -0.4446  1        1        1        8      8      8      0.3087   -0.4446  -0.4446  0     
S9     S16    S19    -0.1883  2        2        2        8      8      8      0.9391   -0.1883  -0.1883  0     
S9     S16    S20    0.2821   3        3        3        9      9      9      0.7153   0.2821   0.2821   0     
S9     S17    S18    0.3892   2        2        2        8      8      8      0.3656   0.3892   0.3892   0     
S9     S17    S19    -0.3879  2        2        2        10     10     10     0.3856   -0.3879  -0.3879  0     
S9     S17    S20    0.3872   4        4        4        10     10     10     0.4066   0.3872   0.3872   0     
S9     S18    S19    -0.2251  4        4        4        6      6      6      0.9081   -0.2251  -0.2251  0     
S9     S18    S20    0.7029   1        1        1        6      6      6      0.0190   0.7029   0.7029   0     
S9     S19    S20    -0.3332  1        1        1        10     10     10     0.2607   -0.3332  -0.3332  0     
S10    S11    S12    -0.3941  5        5        5        7      7      7      0.2877   -0.3941  -0.3941  0     
S10    S11    S13    0.4257   4        4        4        10     10     10     0.2078   0.4257   0.4257   0     
S10    S11    S14    0.2450   6        6        6        10     10     10     0.7293   0.2450   0.2450   0     
S10    S11    S15    -0.3149  3        3        3        9      9      9      0.4985   -0.3149  -0.3149  0     
S10    S11    S16    -0.5690  2        2        2        9      9      9      0.0450   -0.5690  -0.5690  0     
S10    S11    S17    -0.1979  2        2        2        7      7      7      0.8761   -0.1979  -0.1979  0     
S10    S11    S18    -0.2031  3        3        3        7      7      7      0.8591   -0.2031  -0.2031  0     
S10    S11    S19    -0.3610  2        2        2        7      7      7      0.3576   -0.3610  -0.3610  0     
S10    S11    S20    -0.1496  5        5        5        5      5      5      0.9760   -0.1496  -0.1496  0     
S10    S12    S13    -0.5921  3        3        3        6      6      6      0.0979   -0.5921  -0.5921  0     
S10    S12    S14    -0.2745  6        6        6        9      9      9      0.6973   -0.2745  -0.2745  0     
S10    S12    S15    -0.2248  6        6        6        6      6      6      0.8332   -0.2248  -0.2248  0     
S10    S12    S16    0.2553   5        5        5        10     10     10     0.7373   0.2553   0.2553   0     
S10    S12    S17    -0.2510  7        7        7        10     10     10     0.7642   -0.2510  -0.2510  0     
S10    S12    S18    0.2248   6        6        6        6      6      6      0.8082   0.2248   0.2248   0     
S10    S12    S19    0.6855   1        1        1        10     10     10     0.0270   0.6855   0.6855   0     
S10    S12    S20    -0.2594  6        6        6        10     10     10     0.7582   -0.2594  -0.2594  0     
S10    S13    S14    0.5013   6        6        6        9      9      9      0.2028   0.5013   0.5013   0     
S10    S13    S15    0.4065   2        2        2        6      6      6      0.3646   0.4065   0.4065   0     
S10    S13    S16    -0.2799  2        2        2        10     10     10     0.6943   -0.2799  -0.2799  0     
S10    S13    S17    -0.2650  2        2        2        6      6      6      0.7453   -0.2650  -0.2650  0     
S10    S13    S18    -0.3304  6        6        6        6      6      6      0.6044   -0.3304  -0.3304  0     
S10    S13    S19    -0.5587  2        2        2        6      6      6      0.1219   -0.5587  -0.5587  0     
S10    S13    S20    0.3252   6        6        6        10     10     10     0.6184   0.3252   0.3252   0     
S10    S14    S15    0.4372   3        3        3        8      8      8      0.3387   0.4372   0.4372   0     
S10    S14    S16    -0.3650  6        6        6        10     10     10     0.5045   -0.3650  -0.3650  0     
S10    S14    S17    0.5260   2        2        2        10     10     10     0.1788   0.5260   0.5260   0     
S10    S14    S18    -0.3728  5        5        5        8      8      8      0.4575   -0.3728  -0.3728  0     
S10    S14    S19    -0.3403  6        6        6        10     10     10     0.5644   -0.3403  -0.3403  0     
S10    S14    S20    0.7934   1        1        1        10     10     10     0.0080   0.7934   0.7934   0     
S10    S15    S16    0.3309   2        2        2        5      5      5      0.6743   0.3309   0.3309   0     
S10    S15    S17    0.4718   2        2        2        10     10     10     0.3626   0.4718   0.4718   0     
S10    S15    S18    -0.3541  4        4        4        6      6      6      0.6573   -0.3541  -0.3541  0     
S10    S15    S19    -0.3993  6        6        6        10     10     10     0.5335   -0.3993  -0.3993  0     
S10    S15    S20    0.5745   5        5        5        10     10     10     0.1708   0.5745   0.5745   0     
S10    S16    S17    0.2529   5        5        5        10     10     10     0.6763   0.2529   0.2529   0     
S10    S16    S18    0.3478   2        2        2        8      8      8      0.3387   0.3478   0.3478   0     
S10    S16    S19    -0.4568  2        2        2        10     10     10     0.1179   -0.4568  -0.4568  0     
S10    S16    S20    0.2199   10       10       10       10     10     10     0.8282   0.2199   0.2199   0     
S10    S17    S18    -0.1105  3        3        3        10     10     10     0.9950   -0.1105  -0.1105  0     
S10    S17    S19    0.7571   3        3        3        10     10     10     0.0210   0.7571   0.7571   0     
S10    S17    S20    -0.4856  10       10       10       10     10     10     0.2967   -0.4856  -0.4856  0     
S10    S18    S19    0.1381   6        6        6        10     10     10     0.9141   0.1381   0.1381   0     
S10    S18    S20    -0.3110  3        3        3        6      6      6      0.3546   -0.3110  -0.3110  0     
S10    S19    S20    0.7581   3        3        3        10     10     10     0.0669   0.7581   0.7581   0     
S11    S12    S13    -0.4358  1        1        1        7      7      7      0.1648   -0.4358  -0.4358  0     
S11    S12    S14    0.2691   1        1        1        5      5      5      0.5854   0.2691   0.2691   0     
S11    S12    S15    -0.1859  3        3        3        7      7      7      0.8591   -0.1859  -0.1859  0     
S11    S12    S16    -0.2182  1        1        1        4      4      4      0.7812   -0.2182  -0.2182  0     
S11    S12    S17    -0.1636  1        1        1        4      4      4      0.9301   -0.1636  -0.1636  0     
S11    S12    S18    -0.2009  3        3        3        5      5      5      0.8062   -0.2009  -0.2009  0     
S11    S12    S19    0.4695   3        3        3        10     10     10     0.1059   0.4695   0.4695   0     
S11    S12    S20    0.1496   5        5        5        5      5      5      0.9590   0.1496   0.1496   0     
S11    S13    S14    -0.4959  7        7        7        10     10     10     0.2627   -0.4959  -0.4959  0     
S11    S13    S15    0.3632   3        3        3        9      9      9      0.5305   0.3632   0.3632   0     
S11    S13    S16    0.6716   2        2        2        9      9      9      0.0500   0.6716   0.6716   0     
S11    S13    S17    -0.4633  3        3        3        9      9      9      0.3746   -0.4633  -0.4633  0     
S11    S13    S18    -0.3314  4        4        4        9      9      9      0.6304   -0.3314  -0.3314  0     
S11    S13    S19    -0.6639  3        3        3        10     10     10     0.0470   -0.6639  -0.6639  0     
S11    S13    S20    -0.4340  3        3        3        9      9      9      0.3716   -0.4340  -0.4340  0     
S11    S14    S15    0.4106   2        2        2        9      9      9      0.3497   0.4106   0.4106   0     
S11    S14    S16    0.5319   3        3        3        9      9      9      0.1439   0.5319   0.5319   0     
S11    S14    S17    -0.3492  6        6        6        9      9      9      0.4875   -0.3492  -0.3492  0     
S11    S14    S18    -0.3632  5        5        5        9      9      9      0.4086   -0.3632  -0.3632  0     
S11    S14    S19    -0.3951  6        6        6        10     10     10     0.3526   -0.3951  -0.3951  0     
S11    S14    S20    -0.3337  7        7        7        9      9      9      0.4985   -0.3337  -0.3337  0     
S11    S15    S16    0.4881   3        3        3        5      5      5      0.2707   0.4881   0.4881   0     
S11    S15    S17    0.2437   5        5        5        10     10     10     0.7552   0.2437   0.2437   0     
S11    S15    S18    0.3564   2        2        2        3      3      3      0.5375   0.3564   0.3564   0     
S11    S15    S19    -0.2877  2        2        2        3      3      3      0.6703   -0.2877  -0.2877  0     
S11    S15    S20    0.2281   5        5        5        10     10     10     0.7932   0.2281   0.2281   0     
S11    S16    S17    0.4849   2        2        2        10     10     10     0.5425   0.4849   0.4849   0     
S11    S16    S18    0.7564   1        1        1        10     10     10     0.1079   0.7564   0.7564   0     
S11    S16    S19    0.4123   4        4        4        9      9      9      0.6484   0.4123   0.4123   0     
S11    S16    S20    0.3492   9        9        9        10     10     10     0.7602   0.3492   0.3492   0     
S11    S17    S18    -0.3606  2        2        2        10     10     10     0.3377   -0.3606  -0.3606  0     
S11    S17    S19    0.2974   2        2        2        7      7      7      0.5205   0.2974   0.2974   0     
S11    S17    S20    -0.3229  4        4        4        10     10     10     0.4326   -0.3229  -0.3229  0     
S11    S18    S19    -0.3195  2        2        2        9      9      9      0.6613   -0.3195  -0.3195  0     
S11    S18    S20    -0.5738  1        1        1        10     10     10     0.0809   -0.5738  -0.5738  0     
S11    S19    S20    0.2901   1        1        1        5      5      5      0.7502   0.2901   0.2901   0     
S12    S13    S14    -0.4056  6        6        6        8      8      8      0.3167   -0.4056  -0.4056  0     
S12    S13    S15    -0.3304  6        6        6        6      6      6      0.5784   -0.3304  -0.3304  0     
S12    S13    S16    0.2025   3        3        3        8      8      8      0.8941   0.2025   0.2025   0     
S12    S13    S17    0.3047   4        4        4        6      6      6      0.6164   0.3047   0.3047   0     
S12    S13    S18    0.4513   1        1        1        6      6      6      0.2128   0.4513   0.4513   0     
S12    S13    S19    0.4167   5        5        5        6      6      6      0.2967   0.4167   0.4167   0     
S12    S13    S20    0.2765   4        4        4        5      5      5      0.6833   0.2765   0.2765   0     
S12    S14    S15    -0.6348  4        4        4        10     10     10     0.0549   -0.6348  -0.6348  0     
S12    S14    S16    0.1123   6        6        6        7      7      7      0.9980   0.1123   0.1123   0     
S12    S14    S17    -0.4309  3        3        3        5      5      5      0.3506   -0.4309  -0.4309  0     
S12    S14    S18    0.4142   5        5        5        10     10     10     0.3756   0.4142   0.4142   0     
S12    S14    S19    -0.2199  5        5        5        5      5      5      0.9191   -0.2199  -0.2199  0     
S12    S14    S20    -0.7112  1        1        1        8      8      8      0.0240   -0.7112  -0.7112  0     
S12    S15    S16    0.4013   1        1        1        9      9      9      0.3606   0.4013   0.4013   0     
S12    S15    S17    0.2225   1        1        1        4      4      4      0.8601   0.2225   0.2225   0     
S12    S15    S18    0.5772   3        3        3        6      6      6      0.0739   0.5772   0.5772   0     
S12    S15    S19    -0.3516  3        3        3        10     10     10     0.4575   -0.3516  -0.3516  0     
S12    S15    S20    -0.2823  5        5        5        6      6      6      0.6913   -0.2823  -0.2823  0     
S12    S16    S17    -0.2005  1        1        1        9      9      9      0.5904   -0.2005  -0.2005  0     
S12    S16    S18    0.2251   1        1        1        5      5      5      0.4895   0.2251   0.2251   0     
S12    S16    S19    -0.3076  1        1        1        10     10     10     0.1938   -0.3076  -0.3076  0     
S12    S16    S20    0.1244   1        1        1        10     10     10     0.9201   0.1244   0.1244   0     
S12    S17    S18    0.5055   1        1        1        9      9      9      0.2108   0.5055   0.5055   0     
S12    S17    S19    -0.4600  1        1        1        6      6      6      0.3027   -0.4600  -0.4600  0     
S12    S17    S20    0.5129   1        1        1        4      4      4      0.1708   0.5129   0.5129   0     
S12    S18    S19    -0.2335  3        3        3        6      6      6      0.8561   -0.2335  -0.2335  0     
S12    S18    S20    0.5741   4        4        4        6      6      6      0.1059   0.5741   0.5741   0     
S12    S19    S20    -0.4398  4        4        4        5      5      5      0.3806   -0.4398  -0.4398  0     
S13    S14    S15    0.6910   5        5        5        10     10     10     0.1618   0.6910   0.6910   0     
S13    S14    S16    0.5058   8        8        8        10     10     10     0.4406   0.5058   0.5058   0     
S13    S14    S17    -0.4896  2        2        2        10     10     10     0.4925   -0.4896  -0.4896  0     
S13    S14    S18    -0.8363  3        3        3        10     10     10     0.0549   -0.8363  -0.8363  0     
S13    S14    S19    -0.4729  6        6        6        9      9      9      0.5704   -0.4729  -0.4729  0     
S13    S14    S20    0.4382   5        5        5        8      8      8      0.5834   0.4382   0.4382   0     
S13    S15    S16    -0.5804  2        2        2        9      9      9      0.1538   -0.5804  -0.5804  0     
S13    S15    S17    0.2262   3        3        3        9      9      9      0.8681   0.2262   0.2262   0     
S13    S15    S18    -0.6036  3        3        3        6      6      6      0.0959   -0.6036  -0.6036  0     
S13    S15    S19    0.1726   3        3        3        10     10     10     0.9560   0.1726   0.1726   0     
S13    S15    S20    0.5559   3        3        3        9      9      9      0.1808   0.5559   0.5559   0     
S13    S16    S17    0.4877   2        2        2        9      9      9      0.2767   0.4877   0.4877   0     
S13    S16    S18    0.3683   4        4        4        9      9      9      0.5065   0.3683   0.3683   0     
S13    S16    S19    0.6223   2        2        2        10     10     10     0.1029   0.6223   0.6223   0     
S13    S16    S20    0.3617   1        1        1        9      9      9      0.5035   0.3617   0.3617   0     
S13    S17    S18    -0.2112  7        7        7        9      9      9      0.7562   -0.2112  -0.2112  0     
S13    S17    S19    -0.2963  7        7        7        10     10     10     0.4575   -0.2963  -0.2963  0     
S13    S17    S20    -0.2248  9        9        9        9      9      9      0.7273   -0.2248  -0.2248  0     
S13    S18    S19    -0.1756  7        7        7        10     10     10     0.9341   -0.1756  -0.1756  0     
S13    S18    S20    -0.4654  5        5        5        9      9      9      0.3347   -0.4654  -0.4654  0     
S13    S19    S20    -0.3425  6        6        6        10     10     10     0.5554   -0.3425  -0.3425  0     
S14    S15    S16    -0.2986  3        3        3        9      9      9      0.6713   -0.2986  -0.2986  0     
S14    S15    S17    -0.3798  4        4        4        10     10     10     0.4755   -0.3798  -0.3798  0     
S14    S15    S18    -0.6435  2        2        2        8      8      8      0.0819   -0.6435  -0.6435  0     
S14    S15    S19    0.3111   9        9        9        10     10     10     0.6663   0.3111   0.3111   0     
S14    S15    S20    0.4241   6        6        6        9      9      9      0.3876   0.4241   0.4241   0     
S14    S16    S17    0.3371   6        6        6        9      9      9      0.4925   0.3371   0.3371   0     
S14    S16    S18    0.3506   5        5        5        9      9      9      0.4456   0.3506   0.3506   0     
S14    S16    S19    0.5235   3        3        3        10     10     10     0.1768   0.5235   0.5235   0     
S14    S16    S20    0.3328   8        8        8        9      9      9      0.4735   0.3328   0.3328   0     
S14    S17    S18    -0.3123  1        1        1        9      9      9      0.7562   -0.3123  -0.3123  0     
S14    S17    S19    -0.6317  5        5        5        10     10     10     0.1019   -0.6317  -0.6317  0     
S14    S17    S20    -0.6669  1        1        1        9      9      9      0.0879   -0.6669  -0.6669  0     
S14    S18    S19    0.2926   2        2        2        8      8      8      0.6803   0.2926   0.2926   0     
S14    S18    S20    -0.7130  4        4        4        9      9      9      0.0629   -0.7130  -0.7130  0     
S14    S19    S20    -0.7470  5        5        5        10     10     10     0.0050   -0.7470  -0.7470  0     
S15    S16    S17    -0.2359  9        9        9        10     10     10     0.8462   -0.2359  -0.2359  0     
S15    S16    S18    -0.3304  3        3        3        3      3      3      0.6553   -0.3304  -0.3304  0     
S15    S16    S19    0.3548   3        3        3        10     10     10     0.5784   0.3548   0.3548   0     
S15    S16    S20    -0.3435  5        5        5        10     10     10     0.5694   -0.3435  -0.3435  0     
S15    S17    S18    0.2503   2        2        2        6      6      6      0.7303   0.2503   0.2503   0     
S15    S17    S19    -0.5641  2        2        2        10     10     10     0.0380   -0.5641  -0.5641  0     
S15    S17    S20    0.5768   4        4        4        10     10     10     0.0300   0.5768   0.5768   0     
S15    S18    S19    0.2587   2        2        2        6      6      6      0.8382   0.2587   0.2587   0     
S15    S18    S20    -0.3304  6        6        6        6      6      6      0.6963   -0.3304  -0.3304  0     
S15    S19    S20    -0.5786  1        1        1        10     10     10     0.0420   -0.5786  -0.5786  0     
S16    S17    S18    0.1684   9        9        9        10     10     10     0.9580   0.1684   0.1684   0     
S16    S17    S19    0.2248   9        9        9        9      9      9      0.8332   0.2248   0.2248   0     
S16    S17    S20    0.5237   1        1        1        10     10     10     0.0859   0.5237   0.5237   0     
S16    S18    S19    0.2206   3        3        3        9      9      9      0.8831   0.2206   0.2206   0     
S16    S18    S20    0.3751   3        3        3        10     10     10     0.4276   0.3751   0.3751   0     
S16    S19    S20    0.2519   6        6        6        9      9      9      0.8032   0.2519   0.2519   0     
S17    S18    S19    -0.2534  2        2        2        9      9      9      0.5654   -0.2534  -0.2534  0     
S17    S18    S20    0.3672   4        4        4        6      6      6      0.2507   0.3672   0.3672   0     
S17    S19    S20    0.4856   10       10       10       10     10     10     0.3726   0.4856   0.4856   0     
S18    S19    S20    -0.2193  1        1        1        9      9      9      0.4905   -0.2193  -0.2193  0     
