X      Y      Z      LLA      Start_X  Start_Y  Start_Z  End_X  End_Y  End_Z  P        lowCI    upCI     Delay 
S1     S2     S3     0.7197   2        2        2        24     24     24     0.0013   0.7197   0.7197   0     
S1     S2     S4     -0.4518  4        4        4        21     21     21     0.0952   -0.4518  -0.4518  0     
S1     S2     S5     -0.2247  23       23       23       25     25     25     0.8594   -0.2247  -0.2247  0     
S1     S2     S6     -0.3212  2        2        2        13     13     13     0.4194   -0.3212  -0.3212  0     
S1     S2     S7     0.2168   24       24       24       25     25     25     0.8885   0.2168   0.2168   0     
S1     S2     S8     -0.4127  2        2        2        23     23     23     0.1573   -0.4127  -0.4127  0     
S1     S2     S9     0.1969   15       15       15       23     23     23     0.9464   0.1969   0.1969   0     
S1     S2     S10    0.4917   2        2        2        25     25     25     0.0556   0.4917   0.4917   0     
S1     S2     S11    0.3626   2        2        2        15     15     15     0.2788   0.3626   0.3626   0     
S1     S2     S12    -0.1818  7        7        7        25     25     25     0.9730   -0.1818  -0.1818  0     
S1     S2     S13    -0.1842  4        4        4        24     24     24     0.9699   -0.1842  -0.1842  0     
S1     S2     S14    -0.3032  1        1        1        21     21     21     0.4952   -0.3032  -0.3032  0     
S1     S2     S15    -0.3514  1        1        1        25     25     25     0.3102   -0.3514  -0.3514  0     
S1     S2     S16    0.5273   2        2        2        25     25     25     0.0332   0.5273   0.5273   0     
S1     S2     S17    0.3433   1        1        1        15     15     15     0.3371   0.3433   0.3433   0     
S1     S2     S18    0.2876   2        2        2        25     25     25     0.5678   0.2876   0.2876   0     
S1     S2     S19    -0.3296  1        1        1        24     24     24     0.3880   -0.3296  -0.3296  0     
S1     S2     S20    0.2803   1        1        1        24     24     24     0.6055   0.2803   0.2803   0     
S1     S3     S4     -0.3463  1        1        1        22     22     22     0.3302   -0.3463  -0.3463  0     
S1     S3     S5     -0.2848  1        1        1        22     22     22     0.5866   -0.2848  -0.2848  0     
S1     S3     S6     0.3809   3        3        3        21     21     21     0.2286   0.3809   0.3809   0     
S1     S3     S7     -0.1596  21       21       21       24     24     24     0.9940   -0.1596  -0.1596  0     
S1     S3     S8     0.2997   3        3        3        9      9      9      0.5129   0.2997   0.2997   0     
S1     S3     S9     0.1785   2        2        2        16     16     16     0.9785   0.1785   0.1785   0     
S1     S3     S10    0.3403   10       10       10       23     23     23     0.3511   0.3403   0.3403   0     
S1     S3     S11    0.5092   1        1        1        25     25     25     0.0431   0.5092   0.5092   0     
S1     S3     S12    -0.2334  3        3        3        25     25     25     0.8191   -0.2334  -0.2334  0     
S1     S3     S13    0.5446   1        1        1        25     25     25     0.0261   0.5446   0.5446   0     
S1     S3     S14    -0.1999  10       10       10       24     24     24     0.9366   -0.1999  -0.1999  0     
S1     S3     S15    0.2585   4        4        4        21     21     21     0.7105   0.2585   0.2585   0     
S1     S3     S16    0.2568   1        1        1        21     21     21     0.7199   0.2568   0.2568   0     
S1     S3     S17    -0.3105  3        3        3        24     24     24     0.4691   -0.3105  -0.3105  0     
S1     S3     S18    0.3404   1        1        1        3      3      3      0.3511   0.3404   0.3404   0     
S1     S3     S19    0.5489   1        1        1        25     25     25     0.0246   0.5489   0.5489   0     
S1     S3     S20    0.2617   2        2        2        23     23     23     0.6915   0.2617   0.2617   0     
S1     S4     S5     -0.1568  21       21       21       24     24     24     0.9958   -0.1568  -0.1568  0     
S1     S4     S6     -0.4038  4        4        4        25     25     25     0.1731   -0.4038  -0.4038  0     
S1     S4     S7     0.3289   1        1        1        19     19     19     0.3957   0.3289   0.3289   0     
S1     S4     S8     0.4028   1        1        1        15     15     15     0.1773   0.4028   0.4028   0     
S1     S4     S9     -0.2213  10       10       10       24     24     24     0.8669   -0.2213  -0.2213  0     
S1     S4     S10    -0.4043  1        1        1        21     21     21     0.1731   -0.4043  -0.4043  0     
S1     S4     S11    -0.1529  13       13       13       15     15     15     0.9971   -0.1529  -0.1529  0     
S1     S4     S12    -0.2376  1        1        1        11     11     11     0.8019   -0.2376  -0.2376  0     
S1     S4     S13    -0.1976  1        1        1        21     21     21     0.9416   -0.1976  -0.1976  0     
S1     S4     S14    0.2576   3        3        3        24     24     24     0.7105   0.2576   0.2576   0     
S1     S4     S15    -0.4716  1        1        1        24     24     24     0.0731   -0.4716  -0.4716  0     
S1     S4     S16    -0.1625  7        7        7        23     23     23     0.9930   -0.1625  -0.1625  0     
S1     S4     S17    0.3077   4        4        4        24     24     24     0.4777   0.3077   0.3077   0     
S1     S4     S18    0.3369   2        2        2        21     21     21     0.3656   0.3369   0.3369   0     
S1     S4     S19    -0.4153  1        1        1        25     25     25     0.1498   -0.4153  -0.4153  0     
S1     S4     S20    -0.1116  3        3        3        21     21     21     1.0000   -0.1116  -0.1116  0     
S1     S5     S6     0.2481   1        1        1        21     21     21     0.7572   0.2481   0.2481   0     
S1     S5     S7     0.3470   20       20       20       25     25     25     0.3302   0.3470   0.3470   0     
S1     S5     S8     0.3087   1        1        1        25     25     25     0.4777   0.3087   0.3087   0     
S1     S5     S9     -0.3380  20       20       20       25     25     25     0.3583   -0.3380  -0.3380  0     
S1     S5     S10    0.4155   7        7        7        25     25     25     0.1498   0.4155   0.4155   0     
S1     S5     S11    -0.3473  1        1        1        24     24     24     0.3234   -0.3473  -0.3473  0     
S1     S5     S12    -0.2714  1        1        1        13     13     13     0.6436   -0.2714  -0.2714  0     
S1     S5     S13    0.2237   4        4        4        23     23     23     0.8594   0.2237   0.2237   0     
S1     S5     S14    0.2809   2        2        2        25     25     25     0.6055   0.2809   0.2809   0     
S1     S5     S15    -0.2655  6        6        6        25     25     25     0.6724   -0.2655  -0.2655  0     
S1     S5     S16    -0.3203  1        1        1        23     23     23     0.4274   -0.3203  -0.3203  0     
S1     S5     S17    -0.2483  2        2        2        21     21     21     0.7572   -0.2483  -0.2483  0     
S1     S5     S18    -0.2704  1        1        1        23     23     23     0.6532   -0.2704  -0.2704  0     
S1     S5     S19    0.3189   2        2        2        23     23     23     0.4356   0.3189   0.3189   0     
S1     S5     S20    0.3560   4        4        4        24     24     24     0.2973   0.3560   0.3560   0     
S1     S6     S7     0.1554   1        1        1        1      1      1      0.9958   0.1554   0.1554   0     
S1     S6     S8     -0.2049  3        3        3        6      6      6      0.9260   -0.2049  -0.2049  0     
S1     S6     S9     -0.3024  2        2        2        24     24     24     0.5040   -0.3024  -0.3024  0     
S1     S6     S10    0.3749   14       14       14       24     24     24     0.2445   0.3749   0.3749   0     
S1     S6     S11    -0.2157  1        1        1        20     20     20     0.8885   -0.2157  -0.2157  0     
S1     S6     S12    0.2922   3        3        3        25     25     25     0.5493   0.2922   0.2922   0     
S1     S6     S13    -0.2362  1        1        1        12     12     12     0.8106   -0.2362  -0.2362  0     
S1     S6     S14    -0.2151  1        1        1        22     22     22     0.8885   -0.2151  -0.2151  0     
S1     S6     S15    -0.1960  1        1        1        24     24     24     0.9464   -0.1960  -0.1960  0     
S1     S6     S16    -0.2166  1        1        1        23     23     23     0.8885   -0.2166  -0.2166  0     
S1     S6     S17    -0.2216  12       12       12       21     21     21     0.8669   -0.2216  -0.2216  0     
S1     S6     S18    -0.5281  1        1        1        25     25     25     0.0332   -0.5281  -0.5281  0     
S1     S6     S19    -0.3002  1        1        1        10     10     10     0.5129   -0.3002  -0.3002  0     
S1     S6     S20    0.2597   3        3        3        25     25     25     0.7010   0.2597   0.2597   0     
S1     S7     S8     -0.3257  2        2        2        25     25     25     0.4035   -0.3257  -0.3257  0     
S1     S7     S9     0.2486   8        8        8        25     25     25     0.7572   0.2486   0.2486   0     
S1     S7     S10    -0.3010  16       16       16       25     25     25     0.5040   -0.3010  -0.3010  0     
S1     S7     S11    0.3095   7        7        7        24     24     24     0.4691   0.3095   0.3095   0     
S1     S7     S12    0.1765   2        2        2        25     25     25     0.9810   0.1765   0.1765   0     
S1     S7     S13    0.2406   2        2        2        24     24     24     0.7932   0.2406   0.2406   0     
S1     S7     S14    -0.3764  1        1        1        25     25     25     0.2391   -0.3764  -0.3764  0     
S1     S7     S15    -0.1736  8        8        8        23     23     23     0.9832   -0.1736  -0.1736  0     
S1     S7     S16    -0.3750  1        1        1        25     25     25     0.2445   -0.3750  -0.3750  0     
S1     S7     S17    0.1772   1        1        1        22     22     22     0.9785   0.1772   0.1772   0     
S1     S7     S18    -0.4240  1        1        1        18     18     18     0.1358   -0.4240  -0.4240  0     
S1     S7     S19    -0.4482  1        1        1        23     23     23     0.1003   -0.4482  -0.4482  0     
S1     S7     S20    -0.2661  10       10       10       24     24     24     0.6724   -0.2661  -0.2661  0     
S1     S8     S9     0.1254   9        9        9        25     25     25     0.9999   0.1254   0.1254   0     
S1     S8     S10    -0.4187  1        1        1        25     25     25     0.1462   -0.4187  -0.4187  0     
S1     S8     S11    -0.2973  1        1        1        22     22     22     0.5219   -0.2973  -0.2973  0     
S1     S8     S12    0.2260   3        3        3        25     25     25     0.8516   0.2260   0.2260   0     
S1     S8     S13    0.2127   3        3        3        24     24     24     0.9018   0.2127   0.2127   0     
S1     S8     S14    -0.2140  3        3        3        25     25     25     0.8953   -0.2140  -0.2140  0     
S1     S8     S15    0.1626   2        2        2        25     25     25     0.9930   0.1626   0.1626   0     
S1     S8     S16    -0.1301  1        1        1        25     25     25     0.9998   -0.1301  -0.1301  0     
S1     S8     S17    0.2799   3        3        3        9      9      9      0.6055   0.2799   0.2799   0     
S1     S8     S18    -0.4452  1        1        1        13     13     13     0.1029   -0.4452  -0.4452  0     
S1     S8     S19    -0.4671  1        1        1        23     23     23     0.0771   -0.4671  -0.4671  0     
S1     S8     S20    0.1164   3        3        3        20     20     20     1.0000   0.1164   0.1164   0     
S1     S9     S10    0.3707   15       15       15       25     25     25     0.2555   0.3707   0.3707   0     
S1     S9     S11    -0.1778  3        3        3        24     24     24     0.9785   -0.1778  -0.1778  0     
S1     S9     S12    -0.1192  4        4        4        25     25     25     1.0000   -0.1192  -0.1192  0     
S1     S9     S13    -0.1249  9        9        9        24     24     24     0.9999   -0.1249  -0.1249  0     
S1     S9     S14    0.2453   4        4        4        25     25     25     0.7663   0.2453   0.2453   0     
S1     S9     S15    0.2470   5        5        5        21     21     21     0.7572   0.2470   0.2470   0     
S1     S9     S16    0.2090   9        9        9        25     25     25     0.9082   0.2090   0.2090   0     
S1     S9     S17    0.1429   22       22       22       25     25     25     0.9991   0.1429   0.1429   0     
S1     S9     S18    -0.2016  19       19       19       23     23     23     0.9314   -0.2016  -0.2016  0     
S1     S9     S19    0.1787   13       13       13       23     23     23     0.9785   0.1787   0.1787   0     
S1     S9     S20    0.3690   1        1        1        24     24     24     0.2612   0.3690   0.3690   0     
S1     S10    S11    0.3487   1        1        1        24     24     24     0.3234   0.3487   0.3487   0     
S1     S10    S12    -0.1698  10       10       10       24     24     24     0.9872   -0.1698  -0.1698  0     
S1     S10    S13    0.1908   12       12       12       24     24     24     0.9592   0.1908   0.1908   0     
S1     S10    S14    -0.2582  15       15       15       25     25     25     0.7105   -0.2582  -0.2582  0     
S1     S10    S15    0.3632   8        8        8        25     25     25     0.2729   0.3632   0.3632   0     
S1     S10    S16    -0.1992  23       23       23       25     25     25     0.9366   -0.1992  -0.1992  0     
S1     S10    S17    -0.3136  16       16       16       25     25     25     0.4522   -0.3136  -0.3136  0     
S1     S10    S18    0.2242   1        1        1        14     14     14     0.8594   0.2242   0.2242   0     
S1     S10    S19    0.3975   1        1        1        24     24     24     0.1858   0.3975   0.3975   0     
S1     S10    S20    -0.2086  1        1        1        24     24     24     0.9144   -0.2086  -0.2086  0     
S1     S11    S12    -0.1204  14       14       14       22     22     22     1.0000   -0.1204  -0.1204  0     
S1     S11    S13    0.3336   1        1        1        12     12     12     0.3730   0.3336   0.3336   0     
S1     S11    S14    0.3129   8        8        8        24     24     24     0.4606   0.3129   0.3129   0     
S1     S11    S15    0.1700   3        3        3        11     11     11     0.9872   0.1700   0.1700   0     
S1     S11    S16    0.4555   1        1        1        24     24     24     0.0904   0.4555   0.4555   0     
S1     S11    S17    0.2942   2        2        2        19     19     19     0.5401   0.2942   0.2942   0     
S1     S11    S18    -0.2611  3        3        3        21     21     21     0.6915   -0.2611  -0.2611  0     
S1     S11    S19    -0.3312  2        2        2        25     25     25     0.3805   -0.3312  -0.3312  0     
S1     S11    S20    0.2552   2        2        2        25     25     25     0.7199   0.2552   0.2552   0     
S1     S12    S13    0.1626   12       12       12       25     25     25     0.9930   0.1626   0.1626   0     
S1     S12    S14    0.1419   1        1        1        4      4      4      0.9991   0.1419   0.1419   0     
S1     S12    S15    -0.2537  2        2        2        15     15     15     0.7293   -0.2537  -0.2537  0     
S1     S12    S16    0.0714   1        1        1        22     22     22     1.0000   0.0714   0.0714   0     
S1     S12    S17    -0.2399  3        3        3        24     24     24     0.7932   -0.2399  -0.2399  0     
S1     S12    S18    0.3552   1        1        1        16     16     16     0.2973   0.3552   0.3552   0     
S1     S12    S19    0.3591   1        1        1        25     25     25     0.2849   0.3591   0.3591   0     
S1     S12    S20    -0.1763  1        1        1        8      8      8      0.9810   -0.1763  -0.1763  0     
S1     S13    S14    0.1825   9        9        9        24     24     24     0.9730   0.1825   0.1825   0     
S1     S13    S15    -0.1187  2        2        2        24     24     24     1.0000   -0.1187  -0.1187  0     
S1     S13    S16    0.4196   1        1        1        24     24     24     0.1427   0.4196   0.4196   0     
S1     S13    S17    -0.1628  13       13       13       23     23     23     0.9930   -0.1628  -0.1628  0     
S1     S13    S18    0.4989   1        1        1        24     24     24     0.0511   0.4989   0.4989   0     
S1     S13    S19    -0.1999  2        2        2        25     25     25     0.9366   -0.1999  -0.1999  0     
S1     S13    S20    0.2297   10       10       10       25     25     25     0.8356   0.2297   0.2297   0     
S1     S14    S15    -0.2505  7        7        7        23     23     23     0.7480   -0.2505  -0.2505  0     
S1     S14    S16    -0.4547  2        2        2        25     25     25     0.0928   -0.4547  -0.4547  0     
S1     S14    S17    0.1262   12       12       12       22     22     22     0.9999   0.1262   0.1262   0     
S1     S14    S18    -0.2575  2        2        2        6      6      6      0.7105   -0.2575  -0.2575  0     
S1     S14    S19    -0.1772  3        3        3        21     21     21     0.9785   -0.1772  -0.1772  0     
S1     S14    S20    -0.2528  1        1        1        24     24     24     0.7387   -0.2528  -0.2528  0     
S1     S15    S16    0.1684   3        3        3        8      8      8      0.9889   0.1684   0.1684   0     
S1     S15    S17    0.2311   4        4        4        25     25     25     0.8274   0.2311   0.2311   0     
S1     S15    S18    -0.1619  2        2        2        23     23     23     0.9930   -0.1619  -0.1619  0     
S1     S15    S19    0.2327   1        1        1        23     23     23     0.8274   0.2327   0.2327   0     
S1     S15    S20    0.2796   5        5        5        24     24     24     0.6055   0.2796   0.2796   0     
S1     S16    S17    0.1254   2        2        2        23     23     23     0.9999   0.1254   0.1254   0     
S1     S16    S18    0.2497   1        1        1        2      2      2      0.7480   0.2497   0.2497   0     
S1     S16    S19    -0.2142  2        2        2        20     20     20     0.8953   -0.2142  -0.2142  0     
S1     S16    S20    0.3459   2        2        2        22     22     22     0.3302   0.3459   0.3459   0     
S1     S17    S18    -0.2424  4        4        4        20     20     20     0.7843   -0.2424  -0.2424  0     
S1     S17    S19    0.1380   3        3        3        20     20     20     0.9994   0.1380   0.1380   0     
S1     S17    S20    -0.2782  8        8        8        24     24     24     0.6150   -0.2782  -0.2782  0     
S1     S18    S19    -0.3100  2        2        2        15     15     15     0.4691   -0.3100  -0.3100  0     
S1     S18    S20    0.2580   2        2        2        19     19     19     0.7105   0.2580   0.2580   0     
S1     S19    S20    0.3038   3        3        3        25     25     25     0.4952   0.3038   0.3038   0     
S2     S3     S4     -0.2673  1        1        1        19     19     19     0.6628   -0.2673  -0.2673  0     
S2     S3     S5     -0.2895  10       10       10       25     25     25     0.5585   -0.2895  -0.2895  0     
S2     S3     S6     0.2290   5        5        5        25     25     25     0.8356   0.2290   0.2290   0     
S2     S3     S7     0.4685   4        4        4        25     25     25     0.0771   0.4685   0.4685   0     
S2     S3     S8     0.1846   5        5        5        25     25     25     0.9699   0.1846   0.1846   0     
S2     S3     S9     -0.2405  1        1        1        25     25     25     0.7932   -0.2405  -0.2405  0     
S2     S3     S10    0.3099   10       10       10       25     25     25     0.4691   0.3099   0.3099   0     
S2     S3     S11    -0.2059  16       16       16       24     24     24     0.9203   -0.2059  -0.2059  0     
S2     S3     S12    -0.2233  4        4        4        25     25     25     0.8594   -0.2233  -0.2233  0     
S2     S3     S13    0.1592   5        5        5        20     20     20     0.9940   0.1592   0.1592   0     
S2     S3     S14    0.3236   1        1        1        25     25     25     0.4114   0.3236   0.3236   0     
S2     S3     S15    -0.1944  4        4        4        4      4      4      0.9509   -0.1944  -0.1944  0     
S2     S3     S16    0.3435   4        4        4        25     25     25     0.3371   0.3435   0.3435   0     
S2     S3     S17    0.3073   3        3        3        25     25     25     0.4777   0.3073   0.3073   0     
S2     S3     S18    -0.1960  2        2        2        20     20     20     0.9464   -0.1960  -0.1960  0     
S2     S3     S19    0.2460   1        1        1        25     25     25     0.7663   0.2460   0.2460   0     
S2     S3     S20    -0.2230  1        1        1        4      4      4      0.8594   -0.2230  -0.2230  0     
S2     S4     S5     0.2677   1        1        1        25     25     25     0.6628   0.2677   0.2677   0     
S2     S4     S6     0.2104   1        1        1        8      8      8      0.9082   0.2104   0.2104   0     
S2     S4     S7     -0.2948  2        2        2        25     25     25     0.5401   -0.2948  -0.2948  0     
S2     S4     S8     0.3473   1        1        1        15     15     15     0.3234   0.3473   0.3473   0     
S2     S4     S9     0.1816   1        1        1        25     25     25     0.9730   0.1816   0.1816   0     
S2     S4     S10    -0.3605  15       15       15       25     25     25     0.2849   -0.3605  -0.3605  0     
S2     S4     S11    -0.2075  1        1        1        15     15     15     0.9144   -0.2075  -0.2075  0     
S2     S4     S12    0.1843   12       12       12       25     25     25     0.9699   0.1843   0.1843   0     
S2     S4     S13    -0.1576  10       10       10       25     25     25     0.9950   -0.1576  -0.1576  0     
S2     S4     S14    -0.2401  1        1        1        9      9      9      0.7932   -0.2401  -0.2401  0     
S2     S4     S15    0.2291   2        2        2        8      8      8      0.8356   0.2291   0.2291   0     
S2     S4     S16    -0.3146  1        1        1        25     25     25     0.4522   -0.3146  -0.3146  0     
S2     S4     S17    -0.1871  4        4        4        7      7      7      0.9630   -0.1871  -0.1871  0     
S2     S4     S18    -0.2833  1        1        1        9      9      9      0.5866   -0.2833  -0.2833  0     
S2     S4     S19    -0.5174  1        1        1        25     25     25     0.0384   -0.5174  -0.5174  0     
S2     S4     S20    0.2892   1        1        1        11     11     11     0.5585   0.2892   0.2892   0     
S2     S5     S6     0.1923   10       10       10       25     25     25     0.9551   0.1923   0.1923   0     
S2     S5     S7     -0.2548  24       24       24       24     24     24     0.7293   -0.2548  -0.2548  0     
S2     S5     S8     -0.2007  2        2        2        24     24     24     0.9366   -0.2007  -0.2007  0     
S2     S5     S9     0.2985   1        1        1        24     24     24     0.5219   0.2985   0.2985   0     
S2     S5     S10    -0.3332  4        4        4        24     24     24     0.3730   -0.3332  -0.3332  0     
S2     S5     S11    0.3387   2        2        2        25     25     25     0.3583   0.3387   0.3387   0     
S2     S5     S12    -0.3619  4        4        4        25     25     25     0.2788   -0.3619  -0.3619  0     
S2     S5     S13    0.4818   2        2        2        25     25     25     0.0638   0.4818   0.4818   0     
S2     S5     S14    -0.4135  1        1        1        24     24     24     0.1535   -0.4135  -0.4135  0     
S2     S5     S15    0.2291   12       12       12       24     24     24     0.8356   0.2291   0.2291   0     
S2     S5     S16    -0.2447  6        6        6        24     24     24     0.7754   -0.2447  -0.2447  0     
S2     S5     S17    -0.1802  10       10       10       24     24     24     0.9758   -0.1802  -0.1802  0     
S2     S5     S18    -0.2123  8        8        8        20     20     20     0.9018   -0.2123  -0.2123  0     
S2     S5     S19    0.3575   10       10       10       25     25     25     0.2911   0.3575   0.3575   0     
S2     S5     S20    0.2787   1        1        1        16     16     16     0.6150   0.2787   0.2787   0     
S2     S6     S7     0.2021   1        1        1        3      3      3      0.9314   0.2021   0.2021   0     
S2     S6     S8     0.2687   1        1        1        21     21     21     0.6628   0.2687   0.2687   0     
S2     S6     S9     0.1654   1        1        1        25     25     25     0.9904   0.1654   0.1654   0     
S2     S6     S10    -0.3032  10       10       10       25     25     25     0.4952   -0.3032  -0.3032  0     
S2     S6     S11    -0.1793  4        4        4        25     25     25     0.9758   -0.1793  -0.1793  0     
S2     S6     S12    -0.2254  1        1        1        13     13     13     0.8516   -0.2254  -0.2254  0     
S2     S6     S13    -0.1538  1        1        1        25     25     25     0.9965   -0.1538  -0.1538  0     
S2     S6     S14    -0.2396  1        1        1        9      9      9      0.7932   -0.2396  -0.2396  0     
S2     S6     S15    0.2252   4        4        4        25     25     25     0.8516   0.2252   0.2252   0     
S2     S6     S16    -0.1283  23       23       23       25     25     25     0.9999   -0.1283  -0.1283  0     
S2     S6     S17    -0.2026  3        3        3        6      6      6      0.9314   -0.2026  -0.2026  0     
S2     S6     S18    0.1352   2        2        2        23     23     23     0.9996   0.1352   0.1352   0     
S2     S6     S19    -0.2588  1        1        1        25     25     25     0.7105   -0.2588  -0.2588  0     
S2     S6     S20    0.3090   1        1        1        16     16     16     0.4777   0.3090   0.3090   0     
S2     S7     S8     -0.3265  4        4        4        22     22     22     0.4035   -0.3265  -0.3265  0     
S2     S7     S9     0.2627   1        1        1        22     22     22     0.6915   0.2627   0.2627   0     
S2     S7     S10    0.4159   8        8        8        24     24     24     0.1498   0.4159   0.4159   0     
S2     S7     S11    -0.2496  24       24       24       25     25     25     0.7480   -0.2496  -0.2496  0     
S2     S7     S12    0.1996   17       17       17       25     25     25     0.9366   0.1996   0.1996   0     
S2     S7     S13    -0.2786  16       16       16       25     25     25     0.6150   -0.2786  -0.2786  0     
S2     S7     S14    0.3016   2        2        2        24     24     24     0.5040   0.3016   0.3016   0     
S2     S7     S15    -0.6068  1        1        1        24     24     24     0.0098   -0.6068  -0.6068  0     
S2     S7     S16    0.2055   24       24       24       24     24     24     0.9203   0.2055   0.2055   0     
S2     S7     S17    0.2899   4        4        4        24     24     24     0.5585   0.2899   0.2899   0     
S2     S7     S18    0.2583   3        3        3        20     20     20     0.7105   0.2583   0.2583   0     
S2     S7     S19    -0.4054  1        1        1        25     25     25     0.1690   -0.4054  -0.4054  0     
S2     S7     S20    -0.2532  2        2        2        17     17     17     0.7293   -0.2532  -0.2532  0     
S2     S8     S9     0.1821   1        1        1        10     10     10     0.9730   0.1821   0.1821   0     
S2     S8     S10    -0.2152  14       14       14       15     15     15     0.8885   -0.2152  -0.2152  0     
S2     S8     S11    -0.3225  4        4        4        25     25     25     0.4194   -0.3225  -0.3225  0     
S2     S8     S12    -0.2379  1        1        1        9      9      9      0.8019   -0.2379  -0.2379  0     
S2     S8     S13    0.2587   2        2        2        16     16     16     0.7105   0.2587   0.2587   0     
S2     S8     S14    -0.1912  1        1        1        10     10     10     0.9551   -0.1912  -0.1912  0     
S2     S8     S15    0.2620   4        4        4        8      8      8      0.6915   0.2620   0.2620   0     
S2     S8     S16    -0.1310  4        4        4        23     23     23     0.9998   -0.1310  -0.1310  0     
S2     S8     S17    -0.2480  3        3        3        23     23     23     0.7572   -0.2480  -0.2480  0     
S2     S8     S18    -0.2350  4        4        4        14     14     14     0.8106   -0.2350  -0.2350  0     
S2     S8     S19    -0.2794  6        6        6        25     25     25     0.6055   -0.2794  -0.2794  0     
S2     S8     S20    0.3515   1        1        1        25     25     25     0.3102   0.3515   0.3515   0     
S2     S9     S10    -0.4053  1        1        1        24     24     24     0.1690   -0.4053  -0.4053  0     
S2     S9     S11    0.1932   24       24       24       25     25     25     0.9509   0.1932   0.1932   0     
S2     S9     S12    -0.2900  1        1        1        25     25     25     0.5585   -0.2900  -0.2900  0     
S2     S9     S13    0.2110   11       11       11       25     25     25     0.9082   0.2110   0.2110   0     
S2     S9     S14    0.2915   2        2        2        14     14     14     0.5493   0.2915   0.2915   0     
S2     S9     S15    0.4626   2        2        2        24     24     24     0.0835   0.4626   0.4626   0     
S2     S9     S16    0.1706   9        9        9        23     23     23     0.9872   0.1706   0.1706   0     
S2     S9     S17    0.0928   8        8        8        15     15     15     1.0000   0.0928   0.0928   0     
S2     S9     S18    -0.1470  20       20       20       20     20     20     0.9985   -0.1470  -0.1470  0     
S2     S9     S19    0.3216   13       13       13       25     25     25     0.4194   0.3216   0.3216   0     
S2     S9     S20    0.2654   4        4        4        19     19     19     0.6724   0.2654   0.2654   0     
S2     S10    S11    -0.3137  16       16       16       25     25     25     0.4522   -0.3137  -0.3137  0     
S2     S10    S12    0.3178   1        1        1        25     25     25     0.4356   0.3178   0.3178   0     
S2     S10    S13    -0.3133  9        9        9        25     25     25     0.4522   -0.3133  -0.3133  0     
S2     S10    S14    0.3492   6        6        6        24     24     24     0.3168   0.3492   0.3492   0     
S2     S10    S15    0.2234   1        1        1        20     20     20     0.8594   0.2234   0.2234   0     
S2     S10    S16    0.2558   9        9        9        24     24     24     0.7199   0.2558   0.2558   0     
S2     S10    S17    0.2507   10       10       10       24     24     24     0.7480   0.2507   0.2507   0     
S2     S10    S18    -0.0968  2        2        2        4      4      4      1.0000   -0.0968  -0.0968  0     
S2     S10    S19    -0.3206  21       21       21       25     25     25     0.4274   -0.3206  -0.3206  0     
S2     S10    S20    0.2875   3        3        3        25     25     25     0.5678   0.2875   0.2875   0     
S2     S11    S12    0.1554   25       25       25       25     25     25     0.9958   0.1554   0.1554   0     
S2     S11    S13    0.1992   6        6        6        24     24     24     0.9366   0.1992   0.1992   0     
S2     S11    S14    0.3987   1        1        1        23     23     23     0.1858   0.3987   0.3987   0     
S2     S11    S15    0.2228   7        7        7        25     25     25     0.8669   0.2228   0.2228   0     
S2     S11    S16    -0.3502  2        2        2        25     25     25     0.3168   -0.3502  -0.3502  0     
S2     S11    S17    0.3270   4        4        4        22     22     22     0.4035   0.3270   0.3270   0     
S2     S11    S18    -0.2540  2        2        2        25     25     25     0.7293   -0.2540  -0.2540  0     
S2     S11    S19    0.2178   1        1        1        24     24     24     0.8815   0.2178   0.2178   0     
S2     S11    S20    -0.4197  1        1        1        24     24     24     0.1427   -0.4197  -0.4197  0     
S2     S12    S13    0.1957   12       12       12       25     25     25     0.9464   0.1957   0.1957   0     
S2     S12    S14    -0.2394  3        3        3        11     11     11     0.7932   -0.2394  -0.2394  0     
S2     S12    S15    -0.3278  5        5        5        25     25     25     0.3957   -0.3278  -0.3278  0     
S2     S12    S16    0.1809   13       13       13       25     25     25     0.9758   0.1809   0.1809   0     
S2     S12    S17    0.0668   9        9        9        14     14     14     1.0000   0.0668   0.0668   0     
S2     S12    S18    0.1131   5        5        5        16     16     16     1.0000   0.1131   0.1131   0     
S2     S12    S19    0.3515   16       16       16       25     25     25     0.3102   0.3515   0.3515   0     
S2     S12    S20    0.1694   9        9        9        24     24     24     0.9872   0.1694   0.1694   0     
S2     S13    S14    -0.2055  13       13       13       25     25     25     0.9203   -0.2055  -0.2055  0     
S2     S13    S15    0.2976   1        1        1        25     25     25     0.5219   0.2976   0.2976   0     
S2     S13    S16    -0.2806  2        2        2        25     25     25     0.6055   -0.2806  -0.2806  0     
S2     S13    S17    -0.1304  1        1        1        9      9      9      0.9998   -0.1304  -0.1304  0     
S2     S13    S18    0.2960   8        8        8        21     21     21     0.5310   0.2960   0.2960   0     
S2     S13    S19    0.1903   1        1        1        9      9      9      0.9592   0.1903   0.1903   0     
S2     S13    S20    -0.1576  1        1        1        9      9      9      0.9950   -0.1576  -0.1576  0     
S2     S14    S15    -0.6054  2        2        2        24     24     24     0.0098   -0.6054  -0.6054  0     
S2     S14    S16    0.3206   1        1        1        24     24     24     0.4274   0.3206   0.3206   0     
S2     S14    S17    0.1843   2        2        2        24     24     24     0.9699   0.1843   0.1843   0     
S2     S14    S18    0.3233   1        1        1        12     12     12     0.4114   0.3233   0.3233   0     
S2     S14    S19    -0.2264  11       11       11       25     25     25     0.8516   -0.2264  -0.2264  0     
S2     S14    S20    -0.2236  3        3        3        8      8      8      0.8594   -0.2236  -0.2236  0     
S2     S15    S16    -0.3454  3        3        3        24     24     24     0.3302   -0.3454  -0.3454  0     
S2     S15    S17    -0.3161  4        4        4        4      4      4      0.4438   -0.3161  -0.3161  0     
S2     S15    S18    -0.3148  3        3        3        15     15     15     0.4522   -0.3148  -0.3148  0     
S2     S15    S19    0.1860   1        1        1        25     25     25     0.9665   0.1860   0.1860   0     
S2     S15    S20    0.4523   2        2        2        20     20     20     0.0952   0.4523   0.4523   0     
S2     S16    S17    0.3122   4        4        4        24     24     24     0.4606   0.3122   0.3122   0     
S2     S16    S18    0.1631   3        3        3        24     24     24     0.9917   0.1631   0.1631   0     
S2     S16    S19    -0.3657  4        4        4        25     25     25     0.2670   -0.3657  -0.3657  0     
S2     S16    S20    -0.2904  1        1        1        4      4      4      0.5585   -0.2904  -0.2904  0     
S2     S17    S18    -0.2418  7        7        7        25     25     25     0.7843   -0.2418  -0.2418  0     
S2     S17    S19    -0.1033  3        3        3        7      7      7      1.0000   -0.1033  -0.1033  0     
S2     S17    S20    -0.4028  2        2        2        16     16     16     0.1773   -0.4028  -0.4028  0     
S2     S18    S19    0.3879   1        1        1        21     21     21     0.2087   0.3879   0.3879   0     
S2     S18    S20    -0.2895  1        1        1        7      7      7      0.5585   -0.2895  -0.2895  0     
S2     S19    S20    0.2366   2        2        2        20     20     20     0.8106   0.2366   0.2366   0     
S3     S4     S5     -0.3170  1        1        1        24     24     24     0.4356   -0.3170  -0.3170  0     
S3     S4     S6     -0.4411  1        1        1        25     25     25     0.1083   -0.4411  -0.4411  0     
S3     S4     S7     -0.1967  1        1        1        2      2      2      0.9464   -0.1967  -0.1967  0     
S3     S4     S8     -0.2106  1        1        1        14     14     14     0.9082   -0.2106  -0.2106  0     
S3     S4     S9     -0.3127  1        1        1        24     24     24     0.4606   -0.3127  -0.3127  0     
S3     S4     S10    -0.2629  2        2        2        18     18     18     0.6915   -0.2629  -0.2629  0     
S3     S4     S11    0.1434   12       12       12       22     22     22     0.9988   0.1434   0.1434   0     
S3     S4     S12    0.2921   1        1        1        25     25     25     0.5493   0.2921   0.2921   0     
S3     S4     S13    0.2232   1        1        1        22     22     22     0.8594   0.2232   0.2232   0     
S3     S4     S14    0.4864   1        1        1        17     17     17     0.0604   0.4864   0.4864   0     
S3     S4     S15    -0.2691  3        3        3        24     24     24     0.6532   -0.2691  -0.2691  0     
S3     S4     S16    0.1695   1        1        1        21     21     21     0.9872   0.1695   0.1695   0     
S3     S4     S17    0.1528   4        4        4        24     24     24     0.9971   0.1528   0.1528   0     
S3     S4     S18    0.4417   1        1        1        15     15     15     0.1083   0.4417   0.4417   0     
S3     S4     S19    0.2685   1        1        1        3      3      3      0.6628   0.2685   0.2685   0     
S3     S4     S20    -0.2749  1        1        1        20     20     20     0.6341   -0.2749  -0.2749  0     
S3     S5     S6     -0.2918  1        1        1        24     24     24     0.5493   -0.2918  -0.2918  0     
S3     S5     S7     0.2100   24       24       24       25     25     25     0.9082   0.2100   0.2100   0     
S3     S5     S8     0.1029   19       19       19       25     25     25     1.0000   0.1029   0.1029   0     
S3     S5     S9     -0.2362  5        5        5        25     25     25     0.8106   -0.2362  -0.2362  0     
S3     S5     S10    0.4276   1        1        1        25     25     25     0.1293   0.4276   0.4276   0     
S3     S5     S11    -0.3193  7        7        7        24     24     24     0.4274   -0.3193  -0.3193  0     
S3     S5     S12    0.4613   4        4        4        22     22     22     0.0835   0.4613   0.4613   0     
S3     S5     S13    -0.3837  3        3        3        24     24     24     0.2184   -0.3837  -0.3837  0     
S3     S5     S14    0.2357   9        9        9        25     25     25     0.8106   0.2357   0.2357   0     
S3     S5     S15    -0.2453  2        2        2        25     25     25     0.7663   -0.2453  -0.2453  0     
S3     S5     S16    0.3724   1        1        1        25     25     25     0.2499   0.3724   0.3724   0     
S3     S5     S17    0.2784   20       20       20       25     25     25     0.6150   0.2784   0.2784   0     
S3     S5     S18    0.3427   1        1        1        21     21     21     0.3441   0.3427   0.3427   0     
S3     S5     S19    -0.2234  10       10       10       24     24     24     0.8594   -0.2234  -0.2234  0     
S3     S5     S20    -0.3173  3        3        3        13     13     13     0.4356   -0.3173  -0.3173  0     
S3     S6     S7     -0.2614  1        1        1        3      3      3      0.6915   -0.2614  -0.2614  0     
S3     S6     S8     -0.2926  1        1        1        5      5      5      0.5493   -0.2926  -0.2926  0     
S3     S6     S9     -0.3022  1        1        1        22     22     22     0.5040   -0.3022  -0.3022  0     
S3     S6     S10    0.2528   1        1        1        24     24     24     0.7387   0.2528   0.2528   0     
S3     S6     S11    -0.1898  8        8        8        25     25     25     0.9592   -0.1898  -0.1898  0     
S3     S6     S12    0.4689   1        1        1        25     25     25     0.0771   0.4689   0.4689   0     
S3     S6     S13    0.2532   1        1        1        10     10     10     0.7293   0.2532   0.2532   0     
S3     S6     S14    -0.1387  2        2        2        16     16     16     0.9994   -0.1387  -0.1387  0     
S3     S6     S15    -0.2312  2        2        2        24     24     24     0.8274   -0.2312  -0.2312  0     
S3     S6     S16    0.2353   1        1        1        7      7      7      0.8106   0.2353   0.2353   0     
S3     S6     S17    0.3599   2        2        2        24     24     24     0.2849   0.3599   0.3599   0     
S3     S6     S18    0.2115   1        1        1        2      2      2      0.9018   0.2115   0.2115   0     
S3     S6     S19    -0.3173  2        2        2        25     25     25     0.4356   -0.3173  -0.3173  0     
S3     S6     S20    -0.2554  4        4        4        21     21     21     0.7199   -0.2554  -0.2554  0     
S3     S7     S8     0.2514   4        4        4        11     11     11     0.7387   0.2514   0.2514   0     
S3     S7     S9     -0.3354  1        1        1        20     20     20     0.3656   -0.3354  -0.3354  0     
S3     S7     S10    -0.2384  7        7        7        25     25     25     0.8019   -0.2384  -0.2384  0     
S3     S7     S11    0.2936   6        6        6        24     24     24     0.5401   0.2936   0.2936   0     
S3     S7     S12    0.2391   1        1        1        17     17     17     0.7932   0.2391   0.2391   0     
S3     S7     S13    0.1927   1        1        1        24     24     24     0.9551   0.1927   0.1927   0     
S3     S7     S14    -0.2252  19       19       19       25     25     25     0.8516   -0.2252  -0.2252  0     
S3     S7     S15    0.5481   1        1        1        25     25     25     0.0246   0.5481   0.5481   0     
S3     S7     S16    0.3059   5        5        5        23     23     23     0.4864   0.3059   0.3059   0     
S3     S7     S17    -0.1589  4        4        4        25     25     25     0.9950   -0.1589  -0.1589  0     
S3     S7     S18    -0.4188  2        2        2        25     25     25     0.1462   -0.4188  -0.4188  0     
S3     S7     S19    0.2766   1        1        1        24     24     24     0.6245   0.2766   0.2766   0     
S3     S7     S20    -0.2101  6        6        6        24     24     24     0.9082   -0.2101  -0.2101  0     
S3     S8     S9     -0.3051  1        1        1        15     15     15     0.4864   -0.3051  -0.3051  0     
S3     S8     S10    -0.3429  7        7        7        25     25     25     0.3441   -0.3429  -0.3429  0     
S3     S8     S11    0.2981   1        1        1        14     14     14     0.5219   0.2981   0.2981   0     
S3     S8     S12    0.2449   1        1        1        9      9      9      0.7754   0.2449   0.2449   0     
S3     S8     S13    -0.2143  4        4        4        12     12     12     0.8953   -0.2143  -0.2143  0     
S3     S8     S14    -0.1849  2        2        2        25     25     25     0.9699   -0.1849  -0.1849  0     
S3     S8     S15    0.2919   6        6        6        25     25     25     0.5493   0.2919   0.2919   0     
S3     S8     S16    0.3717   1        1        1        23     23     23     0.2499   0.3717   0.3717   0     
S3     S8     S17    0.3082   2        2        2        18     18     18     0.4777   0.3082   0.3082   0     
S3     S8     S18    -0.1859  3        3        3        8      8      8      0.9665   -0.1859  -0.1859  0     
S3     S8     S19    -0.2443  2        2        2        15     15     15     0.7754   -0.2443  -0.2443  0     
S3     S8     S20    -0.2661  4        4        4        9      9      9      0.6724   -0.2661  -0.2661  0     
S3     S9     S10    0.5397   1        1        1        25     25     25     0.0277   0.5397   0.5397   0     
S3     S9     S11    -0.1557  13       13       13       24     24     24     0.9958   -0.1557  -0.1557  0     
S3     S9     S12    0.3387   1        1        1        24     24     24     0.3583   0.3387   0.3387   0     
S3     S9     S13    -0.1434  2        2        2        8      8      8      0.9988   -0.1434  -0.1434  0     
S3     S9     S14    -0.3006  3        3        3        17     17     17     0.5129   -0.3006  -0.3006  0     
S3     S9     S15    -0.4856  4        4        4        25     25     25     0.0604   -0.4856  -0.4856  0     
S3     S9     S16    -0.2382  2        2        2        23     23     23     0.8019   -0.2382  -0.2382  0     
S3     S9     S17    -0.1731  5        5        5        19     19     19     0.9832   -0.1731  -0.1731  0     
S3     S9     S18    0.1537   1        1        1        21     21     21     0.9965   0.1537   0.1537   0     
S3     S9     S19    0.1493   1        1        1        19     19     19     0.9977   0.1493   0.1493   0     
S3     S9     S20    -0.3452  1        1        1        15     15     15     0.3302   -0.3452  -0.3452  0     
S3     S10    S11    0.2043   3        3        3        24     24     24     0.9260   0.2043   0.2043   0     
S3     S10    S12    -0.3057  1        1        1        24     24     24     0.4864   -0.3057  -0.3057  0     
S3     S10    S13    0.1890   5        5        5        24     24     24     0.9592   0.1890   0.1890   0     
S3     S10    S14    -0.2822  6        6        6        25     25     25     0.5960   -0.2822  -0.2822  0     
S3     S10    S15    -0.2335  1        1        1        21     21     21     0.8191   -0.2335  -0.2335  0     
S3     S10    S16    -0.3111  7        7        7        25     25     25     0.4606   -0.3111  -0.3111  0     
S3     S10    S17    0.2155   4        4        4        21     21     21     0.8885   0.2155   0.2155   0     
S3     S10    S18    0.1664   3        3        3        23     23     23     0.9904   0.1664   0.1664   0     
S3     S10    S19    0.2227   2        2        2        24     24     24     0.8669   0.2227   0.2227   0     
S3     S10    S20    -0.3720  6        6        6        24     24     24     0.2499   -0.3720  -0.3720  0     
S3     S11    S12    -0.2166  1        1        1        23     23     23     0.8885   -0.2166  -0.2166  0     
S3     S11    S13    -0.2740  1        1        1        25     25     25     0.6341   -0.2740  -0.2740  0     
S3     S11    S14    0.3089   12       12       12       24     24     24     0.4777   0.3089   0.3089   0     
S3     S11    S15    -0.2675  8        8        8        24     24     24     0.6628   -0.2675  -0.2675  0     
S3     S11    S16    -0.2601  1        1        1        5      5      5      0.7010   -0.2601  -0.2601  0     
S3     S11    S17    0.3754   6        6        6        24     24     24     0.2391   0.3754   0.3754   0     
S3     S11    S18    -0.3222  1        1        1        7      7      7      0.4194   -0.3222  -0.3222  0     
S3     S11    S19    -0.2691  16       16       16       25     25     25     0.6532   -0.2691  -0.2691  0     
S3     S11    S20    -0.1813  2        2        2        23     23     23     0.9730   -0.1813  -0.1813  0     
S3     S12    S13    0.1415   5        5        5        12     12     12     0.9991   0.1415   0.1415   0     
S3     S12    S14    0.3293   2        2        2        12     12     12     0.3880   0.3293   0.3293   0     
S3     S12    S15    0.3191   5        5        5        24     24     24     0.4274   0.3191   0.3191   0     
S3     S12    S16    0.1630   14       14       14       25     25     25     0.9930   0.1630   0.1630   0     
S3     S12    S17    -0.3082  2        2        2        22     22     22     0.4777   -0.3082  -0.3082  0     
S3     S12    S18    0.1913   3        3        3        25     25     25     0.9551   0.1913   0.1913   0     
S3     S12    S19    0.2130   24       24       24       25     25     25     0.9018   0.2130   0.2130   0     
S3     S12    S20    -0.2043  9        9        9        25     25     25     0.9260   -0.2043  -0.2043  0     
S3     S13    S14    0.4078   2        2        2        24     24     24     0.1650   0.4078   0.4078   0     
S3     S13    S15    -0.1984  1        1        1        24     24     24     0.9416   -0.1984  -0.1984  0     
S3     S13    S16    -0.2473  1        1        1        10     10     10     0.7572   -0.2473  -0.2473  0     
S3     S13    S17    0.2291   4        4        4        24     24     24     0.8356   0.2291   0.2291   0     
S3     S13    S18    -0.2431  1        1        1        11     11     11     0.7754   -0.2431  -0.2431  0     
S3     S13    S19    -0.2136  1        1        1        25     25     25     0.8953   -0.2136  -0.2136  0     
S3     S13    S20    -0.1643  10       10       10       23     23     23     0.9917   -0.1643  -0.1643  0     
S3     S14    S15    0.3529   3        3        3        25     25     25     0.3102   0.3529   0.3529   0     
S3     S14    S16    0.2029   9        9        9        23     23     23     0.9314   0.2029   0.2029   0     
S3     S14    S17    0.1779   10       10       10       18     18     18     0.9785   0.1779   0.1779   0     
S3     S14    S18    0.1720   5        5        5        15     15     15     0.9853   0.1720   0.1720   0     
S3     S14    S19    -0.3251  1        1        1        12     12     12     0.4035   -0.3251  -0.3251  0     
S3     S14    S20    0.2784   1        1        1        8      8      8      0.6150   0.2784   0.2784   0     
S3     S15    S16    0.4007   2        2        2        25     25     25     0.1815   0.4007   0.4007   0     
S3     S15    S17    0.3229   1        1        1        25     25     25     0.4194   0.3229   0.3229   0     
S3     S15    S18    -0.2042  6        6        6        23     23     23     0.9260   -0.2042  -0.2042  0     
S3     S15    S19    -0.2348  1        1        1        10     10     10     0.8191   -0.2348  -0.2348  0     
S3     S15    S20    -0.3343  3        3        3        11     11     11     0.3730   -0.3343  -0.3343  0     
S3     S16    S17    -0.2158  2        2        2        25     25     25     0.8885   -0.2158  -0.2158  0     
S3     S16    S18    -0.4374  1        1        1        25     25     25     0.1140   -0.4374  -0.4374  0     
S3     S16    S19    0.2308   2        2        2        24     24     24     0.8356   0.2308   0.2308   0     
S3     S16    S20    -0.1714  5        5        5        11     11     11     0.9853   -0.1714  -0.1714  0     
S3     S17    S18    -0.2321  4        4        4        9      9      9      0.8274   -0.2321  -0.2321  0     
S3     S17    S19    0.2273   1        1        1        24     24     24     0.8437   0.2273   0.2273   0     
S3     S17    S20    0.2650   4        4        4        21     21     21     0.6724   0.2650   0.2650   0     
S3     S18    S19    -0.2950  1        1        1        20     20     20     0.5401   -0.2950  -0.2950  0     
S3     S18    S20    0.2402   3        3        3        23     23     23     0.7932   0.2402   0.2402   0     
S3     S19    S20    -0.2425  4        4        4        23     23     23     0.7843   -0.2425  -0.2425  0     
S4     S5     S6     -0.2032  8        8        8        25     25     25     0.9260   -0.2032  -0.2032  0     
S4     S5     S7     0.2744   1        1        1        20     20     20     0.6341   0.2744   0.2744   0     
S4     S5     S8     0.1506   1        1        1        8      8      8      0.9977   0.1506   0.1506   0     
S4     S5     S9     -0.1897  16       16       16       22     22     22     0.9592   -0.1897  -0.1897  0     
S4     S5     S10    0.3196   5        5        5        23     23     23     0.4274   0.3196   0.3196   0     
S4     S5     S11    0.1995   2        2        2        24     24     24     0.9366   0.1995   0.1995   0     
S4     S5     S12    -0.1403  1        1        1        21     21     21     0.9993   -0.1403  -0.1403  0     
S4     S5     S13    0.1468   9        9        9        24     24     24     0.9985   0.1468   0.1468   0     
S4     S5     S14    -0.3485  1        1        1        25     25     25     0.3234   -0.3485  -0.3485  0     
S4     S5     S15    -0.3697  1        1        1        22     22     22     0.2555   -0.3697  -0.3697  0     
S4     S5     S16    -0.1080  9        9        9        25     25     25     1.0000   -0.1080  -0.1080  0     
S4     S5     S17    0.1126   4        4        4        23     23     23     1.0000   0.1126   0.1126   0     
S4     S5     S18    -0.2919  1        1        1        25     25     25     0.5493   -0.2919  -0.2919  0     
S4     S5     S19    0.1728   3        3        3        24     24     24     0.9853   0.1728   0.1728   0     
S4     S5     S20    -0.2196  3        3        3        8      8      8      0.8743   -0.2196  -0.2196  0     
S4     S6     S7     0.3177   1        1        1        2      2      2      0.4356   0.3177   0.3177   0     
S4     S6     S8     0.1988   1        1        1        6      6      6      0.9416   0.1988   0.1988   0     
S4     S6     S9     -0.1898  10       10       10       25     25     25     0.9592   -0.1898  -0.1898  0     
S4     S6     S10    0.4102   2        2        2        25     25     25     0.1611   0.4102   0.4102   0     
S4     S6     S11    0.1728   14       14       14       25     25     25     0.9853   0.1728   0.1728   0     
S4     S6     S12    -0.2130  1        1        1        25     25     25     0.8953   -0.2130  -0.2130  0     
S4     S6     S13    -0.2938  1        1        1        18     18     18     0.5401   -0.2938  -0.2938  0     
S4     S6     S14    -0.4360  1        1        1        24     24     24     0.1169   -0.4360  -0.4360  0     
S4     S6     S15    -0.3460  1        1        1        25     25     25     0.3302   -0.3460  -0.3460  0     
S4     S6     S16    -0.3012  1        1        1        24     24     24     0.5040   -0.3012  -0.3012  0     
S4     S6     S17    0.1183   8        8        8        25     25     25     1.0000   0.1183   0.1183   0     
S4     S6     S18    -0.5700  1        1        1        24     24     24     0.0175   -0.5700  -0.5700  0     
S4     S6     S19    -0.3940  1        1        1        3      3      3      0.1947   -0.3940  -0.3940  0     
S4     S6     S20    0.2320   1        1        1        12     12     12     0.8274   0.2320   0.2320   0     
S4     S7     S8     0.1834   1        1        1        2      2      2      0.9699   0.1834   0.1834   0     
S4     S7     S9     0.3000   1        1        1        20     20     20     0.5129   0.3000   0.3000   0     
S4     S7     S10    -0.1928  1        1        1        5      5      5      0.9551   -0.1928  -0.1928  0     
S4     S7     S11    0.1857   4        4        4        13     13     13     0.9665   0.1857   0.1857   0     
S4     S7     S12    -0.1773  1        1        1        9      9      9      0.9785   -0.1773  -0.1773  0     
S4     S7     S13    -0.2510  1        1        1        7      7      7      0.7387   -0.2510  -0.2510  0     
S4     S7     S14    -0.2967  1        1        1        11     11     11     0.5310   -0.2967  -0.2967  0     
S4     S7     S15    -0.4967  1        1        1        25     25     25     0.0525   -0.4967  -0.4967  0     
S4     S7     S16    0.1750   4        4        4        25     25     25     0.9832   0.1750   0.1750   0     
S4     S7     S17    0.2147   1        1        1        25     25     25     0.8953   0.2147   0.2147   0     
S4     S7     S18    -0.3088  1        1        1        3      3      3      0.4777   -0.3088  -0.3088  0     
S4     S7     S19    -0.5077  1        1        1        24     24     24     0.0443   -0.5077  -0.5077  0     
S4     S7     S20    -0.2165  4        4        4        7      7      7      0.8885   -0.2165  -0.2165  0     
S4     S8     S9     0.2176   1        1        1        15     15     15     0.8815   0.2176   0.2176   0     
S4     S8     S10    0.5235   2        2        2        15     15     15     0.0352   0.5235   0.5235   0     
S4     S8     S11    0.3174   6        6        6        20     20     20     0.4356   0.3174   0.3174   0     
S4     S8     S12    -0.2720  8        8        8        25     25     25     0.6436   -0.2720  -0.2720  0     
S4     S8     S13    -0.1334  1        1        1        24     24     24     0.9997   -0.1334  -0.1334  0     
S4     S8     S14    -0.4072  1        1        1        15     15     15     0.1650   -0.4072  -0.4072  0     
S4     S8     S15    -0.2566  1        1        1        21     21     21     0.7199   -0.2566  -0.2566  0     
S4     S8     S16    -0.1647  1        1        1        21     21     21     0.9917   -0.1647  -0.1647  0     
S4     S8     S17    0.1505   13       13       13       25     25     25     0.9977   0.1505   0.1505   0     
S4     S8     S18    -0.3963  1        1        1        18     18     18     0.1902   -0.3963  -0.3963  0     
S4     S8     S19    0.3247   4        4        4        15     15     15     0.4114   0.3247   0.3247   0     
S4     S8     S20    -0.1791  5        5        5        8      8      8      0.9758   -0.1791  -0.1791  0     
S4     S9     S10    0.1423   18       18       18       23     23     23     0.9991   0.1423   0.1423   0     
S4     S9     S11    0.1131   6        6        6        24     24     24     1.0000   0.1131   0.1131   0     
S4     S9     S12    0.2147   3        3        3        15     15     15     0.8953   0.2147   0.2147   0     
S4     S9     S13    -0.3129  1        1        1        17     17     17     0.4606   -0.3129  -0.3129  0     
S4     S9     S14    -0.1769  1        1        1        8      8      8      0.9810   -0.1769  -0.1769  0     
S4     S9     S15    -0.1304  1        1        1        8      8      8      0.9998   -0.1304  -0.1304  0     
S4     S9     S16    0.1330   6        6        6        10     10     10     0.9997   0.1330   0.1330   0     
S4     S9     S17    0.0998   10       10       10       22     22     22     1.0000   0.0998   0.0998   0     
S4     S9     S18    -0.2456  1        1        1        25     25     25     0.7663   -0.2456  -0.2456  0     
S4     S9     S19    -0.1934  1        1        1        19     19     19     0.9509   -0.1934  -0.1934  0     
S4     S9     S20    -0.2787  5        5        5        20     20     20     0.6150   -0.2787  -0.2787  0     
S4     S10    S11    -0.2484  13       13       13       24     24     24     0.7572   -0.2484  -0.2484  0     
S4     S10    S12    0.2466   9        9        9        15     15     15     0.7663   0.2466   0.2466   0     
S4     S10    S13    -0.1338  6        6        6        24     24     24     0.9997   -0.1338  -0.1338  0     
S4     S10    S14    0.2655   1        1        1        25     25     25     0.6724   0.2655   0.2655   0     
S4     S10    S15    0.3923   1        1        1        23     23     23     0.1993   0.3923   0.3923   0     
S4     S10    S16    -0.1707  12       12       12       17     17     17     0.9872   -0.1707  -0.1707  0     
S4     S10    S17    -0.2282  1        1        1        23     23     23     0.8437   -0.2282  -0.2282  0     
S4     S10    S18    0.2912   1        1        1        25     25     25     0.5493   0.2912   0.2912   0     
S4     S10    S19    -0.2777  15       15       15       24     24     24     0.6150   -0.2777  -0.2777  0     
S4     S10    S20    -0.3337  6        6        6        23     23     23     0.3730   -0.3337  -0.3337  0     
S4     S11    S12    0.1881   1        1        1        19     19     19     0.9630   0.1881   0.1881   0     
S4     S11    S13    0.4220   12       12       12       25     25     25     0.1392   0.4220   0.4220   0     
S4     S11    S14    0.3457   1        1        1        15     15     15     0.3302   0.3457   0.3457   0     
S4     S11    S15    -0.2252  4        4        4        15     15     15     0.8516   -0.2252  -0.2252  0     
S4     S11    S16    0.1246   4        4        4        13     13     13     0.9999   0.1246   0.1246   0     
S4     S11    S17    0.2291   3        3        3        14     14     14     0.8356   0.2291   0.2291   0     
S4     S11    S18    0.4843   1        1        1        25     25     25     0.0621   0.4843   0.4843   0     
S4     S11    S19    -0.1569  10       10       10       15     15     15     0.9958   -0.1569  -0.1569  0     
S4     S11    S20    -0.3149  1        1        1        15     15     15     0.4522   -0.3149  -0.3149  0     
S4     S12    S13    0.2743   1        1        1        12     12     12     0.6341   0.2743   0.2743   0     
S4     S12    S14    0.1613   1        1        1        8      8      8      0.9930   0.1613   0.1613   0     
S4     S12    S15    -0.2065  9        9        9        19     19     19     0.9203   -0.2065  -0.2065  0     
S4     S12    S16    -0.0891  8        8        8        13     13     13     1.0000   -0.0891  -0.0891  0     
S4     S12    S17    0.1665   5        5        5        19     19     19     0.9904   0.1665   0.1665   0     
S4     S12    S18    0.1980   1        1        1        12     12     12     0.9416   0.1980   0.1980   0     
S4     S12    S19    0.2390   1        1        1        5      5      5      0.8019   0.2390   0.2390   0     
S4     S12    S20    0.2288   4        4        4        10     10     10     0.8437   0.2288   0.2288   0     
S4     S13    S14    0.6878   1        1        1        20     20     20     0.0023   0.6878   0.6878   0     
S4     S13    S15    0.3215   1        1        1        11     11     11     0.4194   0.3215   0.3215   0     
S4     S13    S16    0.1054   9        9        9        13     13     13     1.0000   0.1054   0.1054   0     
S4     S13    S17    0.2891   10       10       10       20     20     20     0.5585   0.2891   0.2891   0     
S4     S13    S18    0.4171   1        1        1        25     25     25     0.1462   0.4171   0.4171   0     
S4     S13    S19    0.2445   1        1        1        4      4      4      0.7754   0.2445   0.2445   0     
S4     S13    S20    -0.1939  9        9        9        25     25     25     0.9509   -0.1939  -0.1939  0     
S4     S14    S15    -0.3398  2        2        2        12     12     12     0.3511   -0.3398  -0.3398  0     
S4     S14    S16    -0.1245  5        5        5        12     12     12     0.9999   -0.1245  -0.1245  0     
S4     S14    S17    0.3470   2        2        2        25     25     25     0.3302   0.3470   0.3470   0     
S4     S14    S18    0.3607   1        1        1        21     21     21     0.2849   0.3607   0.3607   0     
S4     S14    S19    -0.2247  2        2        2        12     12     12     0.8594   -0.2247  -0.2247  0     
S4     S14    S20    0.2846   6        6        6        24     24     24     0.5866   0.2846   0.2846   0     
S4     S15    S16    -0.2901  4        4        4        25     25     25     0.5585   -0.2901  -0.2901  0     
S4     S15    S17    -0.2662  1        1        1        12     12     12     0.6724   -0.2662  -0.2662  0     
S4     S15    S18    -0.2124  4        4        4        25     25     25     0.9018   -0.2124  -0.2124  0     
S4     S15    S19    0.2767   1        1        1        13     13     13     0.6245   0.2767   0.2767   0     
S4     S15    S20    0.3138   2        2        2        23     23     23     0.4522   0.3138   0.3138   0     
S4     S16    S17    0.1854   3        3        3        25     25     25     0.9665   0.1854   0.1854   0     
S4     S16    S18    0.1635   1        1        1        20     20     20     0.9917   0.1635   0.1635   0     
S4     S16    S19    0.2089   1        1        1        13     13     13     0.9144   0.2089   0.2089   0     
S4     S16    S20    -0.3041  1        1        1        8      8      8      0.4952   -0.3041  -0.3041  0     
S4     S17    S18    0.4196   3        3        3        25     25     25     0.1427   0.4196   0.4196   0     
S4     S17    S19    -0.0686  12       12       12       24     24     24     1.0000   -0.0686  -0.0686  0     
S4     S17    S20    -0.2862  2        2        2        12     12     12     0.5772   -0.2862  -0.2862  0     
S4     S18    S19    0.2799   1        1        1        25     25     25     0.6055   0.2799   0.2799   0     
S4     S18    S20    -0.2881  1        1        1        21     21     21     0.5678   -0.2881  -0.2881  0     
S4     S19    S20    -0.2711  1        1        1        25     25     25     0.6436   -0.2711  -0.2711  0     
S5     S6     S7     -0.3426  2        2        2        25     25     25     0.3441   -0.3426  -0.3426  0     
S5     S6     S8     -0.2769  3        3        3        25     25     25     0.6245   -0.2769  -0.2769  0     
S5     S6     S9     0.1438   7        7        7        25     25     25     0.9988   0.1438   0.1438   0     
S5     S6     S10    0.1876   7        7        7        23     23     23     0.9630   0.1876   0.1876   0     
S5     S6     S11    -0.1593  1        1        1        8      8      8      0.9940   -0.1593  -0.1593  0     
S5     S6     S12    -0.1063  9        9        9        24     24     24     1.0000   -0.1063  -0.1063  0     
S5     S6     S13    0.1953   3        3        3        22     22     22     0.9464   0.1953   0.1953   0     
S5     S6     S14    -0.2434  1        1        1        25     25     25     0.7754   -0.2434  -0.2434  0     
S5     S6     S15    -0.3211  1        1        1        22     22     22     0.4194   -0.3211  -0.3211  0     
S5     S6     S16    -0.2995  1        1        1        22     22     22     0.5129   -0.2995  -0.2995  0     
S5     S6     S17    0.2377   20       20       20       23     23     23     0.8019   0.2377   0.2377   0     
S5     S6     S18    -0.2407  1        1        1        25     25     25     0.7932   -0.2407  -0.2407  0     
S5     S6     S19    -0.1919  1        1        1        21     21     21     0.9551   -0.1919  -0.1919  0     
S5     S6     S20    0.1508   6        6        6        22     22     22     0.9977   0.1508   0.1508   0     
S5     S7     S8     -0.1764  2        2        2        9      9      9      0.9810   -0.1764  -0.1764  0     
S5     S7     S9     -0.4033  10       10       10       24     24     24     0.1731   -0.4033  -0.4033  0     
S5     S7     S10    0.3476   17       17       17       24     24     24     0.3234   0.3476   0.3476   0     
S5     S7     S11    -0.3714  3        3        3        25     25     25     0.2499   -0.3714  -0.3714  0     
S5     S7     S12    -0.2277  1        1        1        23     23     23     0.8437   -0.2277  -0.2277  0     
S5     S7     S13    -0.3410  10       10       10       25     25     25     0.3441   -0.3410  -0.3410  0     
S5     S7     S14    0.2548   24       24       24       24     24     24     0.7293   0.2548   0.2548   0     
S5     S7     S15    -0.2593  1        1        1        24     24     24     0.7010   -0.2593  -0.2593  0     
S5     S7     S16    0.4815   10       10       10       24     24     24     0.0638   0.4815   0.4815   0     
S5     S7     S17    0.2617   8        8        8        24     24     24     0.6915   0.2617   0.2617   0     
S5     S7     S18    -0.2694  1        1        1        23     23     23     0.6532   -0.2694  -0.2694  0     
S5     S7     S19    -0.3553  1        1        1        25     25     25     0.2973   -0.3553  -0.3553  0     
S5     S7     S20    0.4853   1        1        1        25     25     25     0.0604   0.4853   0.4853   0     
S5     S8     S9     0.2681   7        7        7        23     23     23     0.6628   0.2681   0.2681   0     
S5     S8     S10    0.1583   3        3        3        24     24     24     0.9950   0.1583   0.1583   0     
S5     S8     S11    -0.3813  1        1        1        25     25     25     0.2235   -0.3813  -0.3813  0     
S5     S8     S12    0.2453   3        3        3        8      8      8      0.7663   0.2453   0.2453   0     
S5     S8     S13    -0.2582  1        1        1        25     25     25     0.7105   -0.2582  -0.2582  0     
S5     S8     S14    -0.1458  1        1        1        17     17     17     0.9985   -0.1458  -0.1458  0     
S5     S8     S15    -0.3523  1        1        1        15     15     15     0.3102   -0.3523  -0.3523  0     
S5     S8     S16    0.2543   16       16       16       24     24     24     0.7293   0.2543   0.2543   0     
S5     S8     S17    -0.1864  5        5        5        22     22     22     0.9665   -0.1864  -0.1864  0     
S5     S8     S18    0.1654   4        4        4        17     17     17     0.9904   0.1654   0.1654   0     
S5     S8     S19    -0.2089  1        1        1        13     13     13     0.9144   -0.2089  -0.2089  0     
S5     S8     S20    0.2735   6        6        6        25     25     25     0.6341   0.2735   0.2735   0     
S5     S9     S10    -0.2756  6        6        6        24     24     24     0.6245   -0.2756  -0.2756  0     
S5     S9     S11    0.2451   20       20       20       25     25     25     0.7663   0.2451   0.2451   0     
S5     S9     S12    0.6366   2        2        2        23     23     23     0.0059   0.6366   0.6366   0     
S5     S9     S13    0.2881   10       10       10       25     25     25     0.5678   0.2881   0.2881   0     
S5     S9     S14    0.1750   9        9        9        23     23     23     0.9810   0.1750   0.1750   0     
S5     S9     S15    -0.2907  1        1        1        6      6      6      0.5585   -0.2907  -0.2907  0     
S5     S9     S16    -0.3465  20       20       20       24     24     24     0.3302   -0.3465  -0.3465  0     
S5     S9     S17    -0.3291  5        5        5        24     24     24     0.3880   -0.3291  -0.3291  0     
S5     S9     S18    -0.1385  1        1        1        19     19     19     0.9994   -0.1385  -0.1385  0     
S5     S9     S19    0.1990   8        8        8        25     25     25     0.9366   0.1990   0.1990   0     
S5     S9     S20    -0.4721  4        4        4        25     25     25     0.0731   -0.4721  -0.4721  0     
S5     S10    S11    -0.3174  21       21       21       25     25     25     0.4356   -0.3174  -0.3174  0     
S5     S10    S12    -0.2320  3        3        3        23     23     23     0.8274   -0.2320  -0.2320  0     
S5     S10    S13    -0.2899  20       20       20       25     25     25     0.5585   -0.2899  -0.2899  0     
S5     S10    S14    0.5082   1        1        1        24     24     24     0.0443   0.5082   0.5082   0     
S5     S10    S15    0.3560   1        1        1        23     23     23     0.2973   0.3560   0.3560   0     
S5     S10    S16    0.3864   1        1        1        24     24     24     0.2135   0.3864   0.3864   0     
S5     S10    S17    0.1671   13       13       13       24     24     24     0.9889   0.1671   0.1671   0     
S5     S10    S18    0.1898   1        1        1        24     24     24     0.9592   0.1898   0.1898   0     
S5     S10    S19    -0.2848  19       19       19       25     25     25     0.5866   -0.2848  -0.2848  0     
S5     S10    S20    0.2954   5        5        5        25     25     25     0.5310   0.2954   0.2954   0     
S5     S11    S12    -0.1782  11       11       11       24     24     24     0.9785   -0.1782  -0.1782  0     
S5     S11    S13    0.1727   24       24       24       24     24     24     0.9853   0.1727   0.1727   0     
S5     S11    S14    -0.4067  2        2        2        25     25     25     0.1690   -0.4067  -0.4067  0     
S5     S11    S15    -0.2527  2        2        2        21     21     21     0.7387   -0.2527  -0.2527  0     
S5     S11    S16    -0.3538  3        3        3        25     25     25     0.3037   -0.3538  -0.3538  0     
S5     S11    S17    0.1474   19       19       19       23     23     23     0.9981   0.1474   0.1474   0     
S5     S11    S18    0.2771   1        1        1        23     23     23     0.6150   0.2771   0.2771   0     
S5     S11    S19    -0.1704  2        2        2        23     23     23     0.9872   -0.1704  -0.1704  0     
S5     S11    S20    -0.2167  13       13       13       24     24     24     0.8885   -0.2167  -0.2167  0     
S5     S12    S13    0.2338   1        1        1        13     13     13     0.8191   0.2338   0.2338   0     
S5     S12    S14    -0.1855  6        6        6        10     10     10     0.9665   -0.1855  -0.1855  0     
S5     S12    S15    0.3075   1        1        1        8      8      8      0.4777   0.3075   0.3075   0     
S5     S12    S16    0.2659   1        1        1        25     25     25     0.6724   0.2659   0.2659   0     
S5     S12    S17    -0.2086  14       14       14       22     22     22     0.9144   -0.2086  -0.2086  0     
S5     S12    S18    0.1118   1        1        1        4      4      4      1.0000   0.1118   0.1118   0     
S5     S12    S19    0.1711   1        1        1        13     13     13     0.9853   0.1711   0.1711   0     
S5     S12    S20    0.3995   5        5        5        24     24     24     0.1815   0.3995   0.3995   0     
S5     S13    S14    -0.2630  10       10       10       25     25     25     0.6819   -0.2630  -0.2630  0     
S5     S13    S15    0.2435   8        8        8        25     25     25     0.7754   0.2435   0.2435   0     
S5     S13    S16    -0.1857  24       24       24       25     25     25     0.9665   -0.1857  -0.1857  0     
S5     S13    S17    -0.1179  3        3        3        17     17     17     1.0000   -0.1179  -0.1179  0     
S5     S13    S18    0.1579   1        1        1        9      9      9      0.9950   0.1579   0.1579   0     
S5     S13    S19    0.2459   1        1        1        24     24     24     0.7663   0.2459   0.2459   0     
S5     S13    S20    -0.3924  3        3        3        24     24     24     0.1993   -0.3924  -0.3924  0     
S5     S14    S15    -0.2854  9        9        9        24     24     24     0.5772   -0.2854  -0.2854  0     
S5     S14    S16    0.2866   10       10       10       24     24     24     0.5772   0.2866   0.2866   0     
S5     S14    S17    0.2175   3        3        3        24     24     24     0.8815   0.2175   0.2175   0     
S5     S14    S18    -0.2744  2        2        2        19     19     19     0.6341   -0.2744  -0.2744  0     
S5     S14    S19    -0.2011  3        3        3        25     25     25     0.9314   -0.2011  -0.2011  0     
S5     S14    S20    0.3023   7        7        7        25     25     25     0.5040   0.3023   0.3023   0     
S5     S15    S16    -0.3369  2        2        2        24     24     24     0.3656   -0.3369  -0.3369  0     
S5     S15    S17    -0.1952  5        5        5        24     24     24     0.9464   -0.1952  -0.1952  0     
S5     S15    S18    -0.2019  8        8        8        24     24     24     0.9314   -0.2019  -0.2019  0     
S5     S15    S19    0.2394   1        1        1        25     25     25     0.7932   0.2394   0.2394   0     
S5     S15    S20    -0.2951  1        1        1        5      5      5      0.5310   -0.2951  -0.2951  0     
S5     S16    S17    -0.1836  4        4        4        23     23     23     0.9699   -0.1836  -0.1836  0     
S5     S16    S18    0.2233   1        1        1        10     10     10     0.8594   0.2233   0.2233   0     
S5     S16    S19    -0.2415  2        2        2        25     25     25     0.7843   -0.2415  -0.2415  0     
S5     S16    S20    0.3568   2        2        2        25     25     25     0.2973   0.3568   0.3568   0     
S5     S17    S18    0.2384   2        2        2        24     24     24     0.8019   0.2384   0.2384   0     
S5     S17    S19    -0.1072  19       19       19       25     25     25     1.0000   -0.1072  -0.1072  0     
S5     S17    S20    0.1164   19       19       19       25     25     25     1.0000   0.1164   0.1164   0     
S5     S18    S19    -0.2948  2        2        2        20     20     20     0.5401   -0.2948  -0.2948  0     
S5     S18    S20    0.2244   2        2        2        25     25     25     0.8594   0.2244   0.2244   0     
S5     S19    S20    -0.2427  8        8        8        24     24     24     0.7843   -0.2427  -0.2427  0     
S6     S7     S8     0.2778   1        1        1        3      3      3      0.6150   0.2778   0.2778   0     
S6     S7     S9     0.2423   1        1        1        15     15     15     0.7843   0.2423   0.2423   0     
S6     S7     S10    0.2934   8        8        8        25     25     25     0.5401   0.2934   0.2934   0     
S6     S7     S11    0.1232   2        2        2        22     22     22     0.9999   0.1232   0.1232   0     
S6     S7     S12    -0.3003  1        1        1        16     16     16     0.5129   -0.3003  -0.3003  0     
S6     S7     S13    -0.2499  1        1        1        4      4      4      0.7480   -0.2499  -0.2499  0     
S6     S7     S14    -0.1961  1        1        1        23     23     23     0.9464   -0.1961  -0.1961  0     
S6     S7     S15    -0.4753  1        1        1        19     19     19     0.0692   -0.4753  -0.4753  0     
S6     S7     S16    0.2278   17       17       17       25     25     25     0.8437   0.2278   0.2278   0     
S6     S7     S17    -0.3005  10       10       10       22     22     22     0.5129   -0.3005  -0.3005  0     
S6     S7     S18    -0.3888  1        1        1        23     23     23     0.2087   -0.3888  -0.3888  0     
S6     S7     S19    -0.3221  1        1        1        2      2      2      0.4194   -0.3221  -0.3221  0     
S6     S7     S20    -0.1760  3        3        3        20     20     20     0.9810   -0.1760  -0.1760  0     
S6     S8     S9     0.2791   1        1        1        23     23     23     0.6055   0.2791   0.2791   0     
S6     S8     S10    -0.1420  1        1        1        8      8      8      0.9991   -0.1420  -0.1420  0     
S6     S8     S11    -0.1376  1        1        1        24     24     24     0.9994   -0.1376  -0.1376  0     
S6     S8     S12    -0.3286  1        1        1        25     25     25     0.3957   -0.3286  -0.3286  0     
S6     S8     S13    0.1868   4        4        4        21     21     21     0.9665   0.1868   0.1868   0     
S6     S8     S14    -0.1627  4        4        4        23     23     23     0.9930   -0.1627  -0.1627  0     
S6     S8     S15    0.1389   4        4        4        8      8      8      0.9994   0.1389   0.1389   0     
S6     S8     S16    -0.1693  1        1        1        6      6      6      0.9872   -0.1693  -0.1693  0     
S6     S8     S17    -0.1805  2        2        2        22     22     22     0.9758   -0.1805  -0.1805  0     
S6     S8     S18    -0.2344  1        1        1        21     21     21     0.8191   -0.2344  -0.2344  0     
S6     S8     S19    0.1974   2        2        2        25     25     25     0.9416   0.1974   0.1974   0     
S6     S8     S20    0.2004   4        4        4        24     24     24     0.9366   0.2004   0.2004   0     
S6     S9     S10    -0.2789  1        1        1        21     21     21     0.6150   -0.2789  -0.2789  0     
S6     S9     S11    -0.1118  4        4        4        21     21     21     1.0000   -0.1118  -0.1118  0     
S6     S9     S12    -0.1925  10       10       10       18     18     18     0.9551   -0.1925  -0.1925  0     
S6     S9     S13    -0.1948  1        1        1        21     21     21     0.9509   -0.1948  -0.1948  0     
S6     S9     S14    0.2805   3        3        3        23     23     23     0.6055   0.2805   0.2805   0     
S6     S9     S15    0.2487   8        8        8        19     19     19     0.7572   0.2487   0.2487   0     
S6     S9     S16    -0.2477  17       17       17       25     25     25     0.7572   -0.2477  -0.2477  0     
S6     S9     S17    0.3287   10       10       10       22     22     22     0.3957   0.3287   0.3287   0     
S6     S9     S18    0.2646   2        2        2        21     21     21     0.6819   0.2646   0.2646   0     
S6     S9     S19    -0.1371  1        1        1        10     10     10     0.9994   -0.1371  -0.1371  0     
S6     S9     S20    0.2342   1        1        1        23     23     23     0.8191   0.2342   0.2342   0     
S6     S10    S11    -0.2304  3        3        3        24     24     24     0.8356   -0.2304  -0.2304  0     
S6     S10    S12    0.1788   1        1        1        9      9      9      0.9785   0.1788   0.1788   0     
S6     S10    S13    -0.2442  9        9        9        24     24     24     0.7754   -0.2442  -0.2442  0     
S6     S10    S14    0.3730   1        1        1        25     25     25     0.2445   0.3730   0.3730   0     
S6     S10    S15    0.3940   1        1        1        23     23     23     0.1947   0.3940   0.3940   0     
S6     S10    S16    0.3398   9        9        9        25     25     25     0.3511   0.3398   0.3398   0     
S6     S10    S17    0.2087   10       10       10       21     21     21     0.9144   0.2087   0.2087   0     
S6     S10    S18    0.3601   1        1        1        25     25     25     0.2849   0.3601   0.3601   0     
S6     S10    S19    -0.2262  2        2        2        24     24     24     0.8516   -0.2262  -0.2262  0     
S6     S10    S20    0.1799   2        2        2        16     16     16     0.9758   0.1799   0.1799   0     
S6     S11    S12    -0.1712  16       16       16       25     25     25     0.9853   -0.1712  -0.1712  0     
S6     S11    S13    -0.2021  9        9        9        23     23     23     0.9314   -0.2021  -0.2021  0     
S6     S11    S14    0.1146   3        3        3        11     11     11     1.0000   0.1146   0.1146   0     
S6     S11    S15    0.1569   7        7        7        24     24     24     0.9958   0.1569   0.1569   0     
S6     S11    S16    0.2404   1        1        1        23     23     23     0.7932   0.2404   0.2404   0     
S6     S11    S17    0.2073   2        2        2        23     23     23     0.9144   0.2073   0.2073   0     
S6     S11    S18    0.1997   1        1        1        6      6      6      0.9366   0.1997   0.1997   0     
S6     S11    S19    -0.1777  2        2        2        23     23     23     0.9785   -0.1777  -0.1777  0     
S6     S11    S20    -0.1509  9        9        9        25     25     25     0.9977   -0.1509  -0.1509  0     
S6     S12    S13    0.2074   1        1        1        17     17     17     0.9144   0.2074   0.2074   0     
S6     S12    S14    -0.2334  2        2        2        12     12     12     0.8191   -0.2334  -0.2334  0     
S6     S12    S15    -0.1754  7        7        7        18     18     18     0.9810   -0.1754  -0.1754  0     
S6     S12    S16    0.1777   1        1        1        24     24     24     0.9785   0.1777   0.1777   0     
S6     S12    S17    -0.2119  16       16       16       22     22     22     0.9018   -0.2119  -0.2119  0     
S6     S12    S18    -0.1617  3        3        3        17     17     17     0.9930   -0.1617  -0.1617  0     
S6     S12    S19    -0.3265  2        2        2        25     25     25     0.4035   -0.3265  -0.3265  0     
S6     S12    S20    0.1652   2        2        2        16     16     16     0.9904   0.1652   0.1652   0     
S6     S13    S14    -0.1863  2        2        2        24     24     24     0.9665   -0.1863  -0.1863  0     
S6     S13    S15    0.2960   1        1        1        24     24     24     0.5310   0.2960   0.2960   0     
S6     S13    S16    0.3386   1        1        1        23     23     23     0.3583   0.3386   0.3386   0     
S6     S13    S17    0.1153   18       18       18       23     23     23     1.0000   0.1153   0.1153   0     
S6     S13    S18    0.3127   1        1        1        25     25     25     0.4606   0.3127   0.3127   0     
S6     S13    S19    0.2142   1        1        1        1      1      1      0.8953   0.2142   0.2142   0     
S6     S13    S20    -0.1413  5        5        5        25     25     25     0.9991   -0.1413  -0.1413  0     
S6     S14    S15    -0.3623  3        3        3        25     25     25     0.2788   -0.3623  -0.3623  0     
S6     S14    S16    -0.1480  9        9        9        16     16     16     0.9981   -0.1480  -0.1480  0     
S6     S14    S17    -0.1744  10       10       10       21     21     21     0.9832   -0.1744  -0.1744  0     
S6     S14    S18    0.2429   1        1        1        8      8      8      0.7843   0.2429   0.2429   0     
S6     S14    S19    0.3671   1        1        1        12     12     12     0.2612   0.3671   0.3671   0     
S6     S14    S20    -0.2675  1        1        1        8      8      8      0.6628   -0.2675  -0.2675  0     
S6     S15    S16    -0.3624  2        2        2        25     25     25     0.2788   -0.3624  -0.3624  0     
S6     S15    S17    0.2196   7        7        7        22     22     22     0.8743   0.2196   0.2196   0     
S6     S15    S18    -0.2558  2        2        2        25     25     25     0.7199   -0.2558  -0.2558  0     
S6     S15    S19    0.2956   1        1        1        24     24     24     0.5310   0.2956   0.2956   0     
S6     S15    S20    0.1904   3        3        3        9      9      9      0.9592   0.1904   0.1904   0     
S6     S16    S17    0.1900   2        2        2        9      9      9      0.9592   0.1900   0.1900   0     
S6     S16    S18    0.2362   1        1        1        6      6      6      0.8106   0.2362   0.2362   0     
S6     S16    S19    -0.1326  2        2        2        13     13     13     0.9998   -0.1326  -0.1326  0     
S6     S16    S20    0.1245   6        6        6        9      9      9      0.9999   0.1245   0.1245   0     
S6     S17    S18    -0.1979  7        7        7        21     21     21     0.9416   -0.1979  -0.1979  0     
S6     S17    S19    0.1803   8        8        8        21     21     21     0.9758   0.1803   0.1803   0     
S6     S17    S20    -0.2255  4        4        4        16     16     16     0.8516   -0.2255  -0.2255  0     
S6     S18    S19    0.4834   1        1        1        25     25     25     0.0621   0.4834   0.4834   0     
S6     S18    S20    0.1904   8        8        8        24     24     24     0.9592   0.1904   0.1904   0     
S6     S19    S20    0.1798   4        4        4        17     17     17     0.9758   0.1798   0.1798   0     
S7     S8     S9     -0.1790  6        6        6        19     19     19     0.9758   -0.1790  -0.1790  0     
S7     S8     S10    -0.3870  1        1        1        24     24     24     0.2135   -0.3870  -0.3870  0     
S7     S8     S11    0.1533   2        2        2        25     25     25     0.9965   0.1533   0.1533   0     
S7     S8     S12    -0.3511  1        1        1        25     25     25     0.3102   -0.3511  -0.3511  0     
S7     S8     S13    -0.2254  1        1        1        23     23     23     0.8516   -0.2254  -0.2254  0     
S7     S8     S14    0.1770   3        3        3        16     16     16     0.9785   0.1770   0.1770   0     
S7     S8     S15    -0.2490  1        1        1        4      4      4      0.7572   -0.2490  -0.2490  0     
S7     S8     S16    0.1363   2        2        2        13     13     13     0.9996   0.1363   0.1363   0     
S7     S8     S17    0.3845   4        4        4        23     23     23     0.2184   0.3845   0.3845   0     
S7     S8     S18    0.1943   2        2        2        23     23     23     0.9509   0.1943   0.1943   0     
S7     S8     S19    -0.2646  1        1        1        23     23     23     0.6819   -0.2646  -0.2646  0     
S7     S8     S20    0.2088   5        5        5        10     10     10     0.9144   0.2088   0.2088   0     
S7     S9     S10    0.3186   10       10       10       24     24     24     0.4356   0.3186   0.3186   0     
S7     S9     S11    -0.1880  24       24       24       25     25     25     0.9630   -0.1880  -0.1880  0     
S7     S9     S12    -0.2722  1        1        1        22     22     22     0.6436   -0.2722  -0.2722  0     
S7     S9     S13    0.2429   5        5        5        23     23     23     0.7843   0.2429   0.2429   0     
S7     S9     S14    0.1871   23       23       23       24     24     24     0.9630   0.1871   0.1871   0     
S7     S9     S15    -0.2067  1        1        1        24     24     24     0.9203   -0.2067  -0.2067  0     
S7     S9     S16    -0.1894  1        1        1        19     19     19     0.9592   -0.1894  -0.1894  0     
S7     S9     S17    0.1970   15       15       15       19     19     19     0.9416   0.1970   0.1970   0     
S7     S9     S18    -0.1687  20       20       20       23     23     23     0.9889   -0.1687  -0.1687  0     
S7     S9     S19    0.2063   2        2        2        23     23     23     0.9203   0.2063   0.2063   0     
S7     S9     S20    0.2260   17       17       17       25     25     25     0.8516   0.2260   0.2260   0     
S7     S10    S11    0.4088   10       10       10       25     25     25     0.1650   0.4088   0.4088   0     
S7     S10    S12    0.1918   1        1        1        13     13     13     0.9551   0.1918   0.1918   0     
S7     S10    S13    0.4365   1        1        1        25     25     25     0.1169   0.4365   0.4365   0     
S7     S10    S14    -0.3095  10       10       10       24     24     24     0.4691   -0.3095  -0.3095  0     
S7     S10    S15    0.2343   18       18       18       24     24     24     0.8191   0.2343   0.2343   0     
S7     S10    S16    -0.4012  5        5        5        24     24     24     0.1773   -0.4012  -0.4012  0     
S7     S10    S17    -0.3144  5        5        5        24     24     24     0.4522   -0.3144  -0.3144  0     
S7     S10    S18    0.1911   1        1        1        14     14     14     0.9551   0.1911   0.1911   0     
S7     S10    S19    0.4487   1        1        1        25     25     25     0.1003   0.4487   0.4487   0     
S7     S10    S20    -0.3483  1        1        1        25     25     25     0.3234   -0.3483  -0.3483  0     
S7     S11    S12    0.0888   8        8        8        24     24     24     1.0000   0.0888   0.0888   0     
S7     S11    S13    0.2737   1        1        1        22     22     22     0.6341   0.2737   0.2737   0     
S7     S11    S14    0.3203   1        1        1        25     25     25     0.4274   0.3203   0.3203   0     
S7     S11    S15    0.2563   1        1        1        23     23     23     0.7199   0.2563   0.2563   0     
S7     S11    S16    0.2920   7        7        7        25     25     25     0.5493   0.2920   0.2920   0     
S7     S11    S17    -0.1339  1        1        1        22     22     22     0.9997   -0.1339  -0.1339  0     
S7     S11    S18    -0.1380  2        2        2        11     11     11     0.9994   -0.1380  -0.1380  0     
S7     S11    S19    0.1490   1        1        1        23     23     23     0.9981   0.1490   0.1490   0     
S7     S11    S20    0.3304   4        4        4        24     24     24     0.3880   0.3304   0.3304   0     
S7     S12    S13    0.1617   1        1        1        24     24     24     0.9930   0.1617   0.1617   0     
S7     S12    S14    -0.1860  3        3        3        25     25     25     0.9665   -0.1860  -0.1860  0     
S7     S12    S15    -0.2747  4        4        4        19     19     19     0.6341   -0.2747  -0.2747  0     
S7     S12    S16    0.1760   14       14       14       23     23     23     0.9810   0.1760   0.1760   0     
S7     S12    S17    -0.1392  17       17       17       17     17     17     0.9993   -0.1392  -0.1392  0     
S7     S12    S18    -0.2360  2        2        2        25     25     25     0.8106   -0.2360  -0.2360  0     
S7     S12    S19    -0.2401  3        3        3        25     25     25     0.7932   -0.2401  -0.2401  0     
S7     S12    S20    -0.1436  15       15       15       24     24     24     0.9988   -0.1436  -0.1436  0     
S7     S13    S14    0.2975   1        1        1        25     25     25     0.5219   0.2975   0.2975   0     
S7     S13    S15    -0.2901  4        4        4        25     25     25     0.5585   -0.2901  -0.2901  0     
S7     S13    S16    0.2437   21       21       21       25     25     25     0.7754   0.2437   0.2437   0     
S7     S13    S17    0.1356   12       12       12       25     25     25     0.9996   0.1356   0.1356   0     
S7     S13    S18    0.1912   1        1        1        20     20     20     0.9551   0.1912   0.1912   0     
S7     S13    S19    0.2860   1        1        1        15     15     15     0.5772   0.2860   0.2860   0     
S7     S13    S20    -0.3024  1        1        1        19     19     19     0.5040   -0.3024  -0.3024  0     
S7     S14    S15    0.2026   1        1        1        6      6      6      0.9314   0.2026   0.2026   0     
S7     S14    S16    -0.2108  4        4        4        24     24     24     0.9082   -0.2108  -0.2108  0     
S7     S14    S17    -0.1474  1        1        1        8      8      8      0.9981   -0.1474  -0.1474  0     
S7     S14    S18    0.3203   1        1        1        23     23     23     0.4274   0.3203   0.3203   0     
S7     S14    S19    0.3805   1        1        1        25     25     25     0.2286   0.3805   0.3805   0     
S7     S14    S20    -0.2086  17       17       17       25     25     25     0.9144   -0.2086  -0.2086  0     
S7     S15    S16    0.3872   1        1        1        24     24     24     0.2087   0.3872   0.3872   0     
S7     S15    S17    0.4749   2        2        2        24     24     24     0.0711   0.4749   0.4749   0     
S7     S15    S18    0.3157   1        1        1        20     20     20     0.4438   0.3157   0.3157   0     
S7     S15    S19    -0.2423  2        2        2        25     25     25     0.7843   -0.2423  -0.2423  0     
S7     S15    S20    0.3406   5        5        5        25     25     25     0.3511   0.3406   0.3406   0     
S7     S16    S17    -0.2874  1        1        1        24     24     24     0.5678   -0.2874  -0.2874  0     
S7     S16    S18    -0.1766  2        2        2        17     17     17     0.9810   -0.1766  -0.1766  0     
S7     S16    S19    -0.2767  6        6        6        20     20     20     0.6245   -0.2767  -0.2767  0     
S7     S16    S20    0.3613   4        4        4        23     23     23     0.2788   0.3613   0.3613   0     
S7     S17    S18    -0.2810  1        1        1        7      7      7      0.5960   -0.2810  -0.2810  0     
S7     S17    S19    -0.1141  1        1        1        12     12     12     1.0000   -0.1141  -0.1141  0     
S7     S17    S20    0.3292   1        1        1        18     18     18     0.3880   0.3292   0.3292   0     
S7     S18    S19    0.5461   1        1        1        20     20     20     0.0253   0.5461   0.5461   0     
S7     S18    S20    0.1152   4        4        4        10     10     10     1.0000   0.1152   0.1152   0     
S7     S19    S20    0.2280   5        5        5        24     24     24     0.8437   0.2280   0.2280   0     
S8     S9     S10    -0.1300  15       15       15       23     23     23     0.9998   -0.1300  -0.1300  0     
S8     S9     S11    -0.3487  4        4        4        25     25     25     0.3234   -0.3487  -0.3487  0     
S8     S9     S12    0.5144   4        4        4        25     25     25     0.0407   0.5144   0.5144   0     
S8     S9     S13    0.1276   10       10       10       23     23     23     0.9999   0.1276   0.1276   0     
S8     S9     S14    0.1982   3        3        3        24     24     24     0.9416   0.1982   0.1982   0     
S8     S9     S15    -0.2527  1        1        1        8      8      8      0.7387   -0.2527  -0.2527  0     
S8     S9     S16    -0.1733  1        1        1        18     18     18     0.9832   -0.1733  -0.1733  0     
S8     S9     S17    -0.5507  3        3        3        23     23     23     0.0238   -0.5507  -0.5507  0     
S8     S9     S18    0.2026   2        2        2        9      9      9      0.9314   0.2026   0.2026   0     
S8     S9     S19    -0.0983  13       13       13       25     25     25     1.0000   -0.0983  -0.0983  0     
S8     S9     S20    -0.1807  3        3        3        20     20     20     0.9758   -0.1807  -0.1807  0     
S8     S10    S11    -0.2647  3        3        3        16     16     16     0.6819   -0.2647  -0.2647  0     
S8     S10    S12    0.1876   6        6        6        18     18     18     0.9630   0.1876   0.1876   0     
S8     S10    S13    0.1512   1        1        1        25     25     25     0.9971   0.1512   0.1512   0     
S8     S10    S14    -0.2065  10       10       10       24     24     24     0.9203   -0.2065  -0.2065  0     
S8     S10    S15    0.2149   1        1        1        9      9      9      0.8953   0.2149   0.2149   0     
S8     S10    S16    -0.2351  3        3        3        24     24     24     0.8106   -0.2351  -0.2351  0     
S8     S10    S17    -0.2654  4        4        4        24     24     24     0.6724   -0.2654  -0.2654  0     
S8     S10    S18    0.2565   1        1        1        19     19     19     0.7199   0.2565   0.2565   0     
S8     S10    S19    -0.2919  2        2        2        19     19     19     0.5493   -0.2919  -0.2919  0     
S8     S10    S20    0.2519   2        2        2        23     23     23     0.7387   0.2519   0.2519   0     
S8     S11    S12    0.1746   9        9        9        15     15     15     0.9832   0.1746   0.1746   0     
S8     S11    S13    0.2571   1        1        1        11     11     11     0.7105   0.2571   0.2571   0     
S8     S11    S14    0.2836   3        3        3        25     25     25     0.5866   0.2836   0.2836   0     
S8     S11    S15    0.2976   7        7        7        14     14     14     0.5219   0.2976   0.2976   0     
S8     S11    S16    0.3870   1        1        1        25     25     25     0.2087   0.3870   0.3870   0     
S8     S11    S17    0.3613   2        2        2        25     25     25     0.2788   0.3613   0.3613   0     
S8     S11    S18    -0.2785  7        7        7        18     18     18     0.6150   -0.2785  -0.2785  0     
S8     S11    S19    -0.2263  2        2        2        24     24     24     0.8516   -0.2263  -0.2263  0     
S8     S11    S20    -0.1738  8        8        8        18     18     18     0.9832   -0.1738  -0.1738  0     
S8     S12    S13    0.1727   1        1        1        10     10     10     0.9853   0.1727   0.1727   0     
S8     S12    S14    -0.3166  2        2        2        17     17     17     0.4438   -0.3166  -0.3166  0     
S8     S12    S15    -0.2678  7        7        7        14     14     14     0.6628   -0.2678  -0.2678  0     
S8     S12    S16    -0.1483  7        7        7        17     17     17     0.9981   -0.1483  -0.1483  0     
S8     S12    S17    0.1252   2        2        2        18     18     18     0.9999   0.1252   0.1252   0     
S8     S12    S18    -0.1574  3        3        3        25     25     25     0.9950   -0.1574  -0.1574  0     
S8     S12    S19    0.2231   4        4        4        24     24     24     0.8594   0.2231   0.2231   0     
S8     S12    S20    0.3008   2        2        2        17     17     17     0.5129   0.3008   0.3008   0     
S8     S13    S14    -0.2874  2        2        2        23     23     23     0.5678   -0.2874  -0.2874  0     
S8     S13    S15    -0.1867  10       10       10       25     25     25     0.9665   -0.1867  -0.1867  0     
S8     S13    S16    -0.1131  10       10       10       11     11     11     1.0000   -0.1131  -0.1131  0     
S8     S13    S17    -0.1352  4        4        4        21     21     21     0.9996   -0.1352  -0.1352  0     
S8     S13    S18    0.1347   1        1        1        2      2      2      0.9997   0.1347   0.1347   0     
S8     S13    S19    0.1235   1        1        1        1      1      1      0.9999   0.1235   0.1235   0     
S8     S13    S20    0.2330   11       11       11       24     24     24     0.8191   0.2330   0.2330   0     
S8     S14    S15    -0.3855  3        3        3        11     11     11     0.2135   -0.3855  -0.3855  0     
S8     S14    S16    -0.1942  7        7        7        24     24     24     0.9509   -0.1942  -0.1942  0     
S8     S14    S17    0.1064   4        4        4        17     17     17     1.0000   0.1064   0.1064   0     
S8     S14    S18    0.2866   1        1        1        11     11     11     0.5772   0.2866   0.2866   0     
S8     S14    S19    0.2697   1        1        1        8      8      8      0.6532   0.2697   0.2697   0     
S8     S14    S20    0.2346   8        8        8        15     15     15     0.8191   0.2346   0.2346   0     
S8     S15    S16    -0.1675  2        2        2        6      6      6      0.9889   -0.1675  -0.1675  0     
S8     S15    S17    0.2784   7        7        7        14     14     14     0.6150   0.2784   0.2784   0     
S8     S15    S18    -0.4074  2        2        2        9      9      9      0.1650   -0.4074  -0.4074  0     
S8     S15    S19    -0.1567  3        3        3        25     25     25     0.9958   -0.1567  -0.1567  0     
S8     S15    S20    0.3118   3        3        3        25     25     25     0.4606   0.3118   0.3118   0     
S8     S16    S17    0.2974   2        2        2        17     17     17     0.5219   0.2974   0.2974   0     
S8     S16    S18    -0.1881  7        7        7        9      9      9      0.9630   -0.1881  -0.1881  0     
S8     S16    S19    -0.1932  2        2        2        23     23     23     0.9509   -0.1932  -0.1932  0     
S8     S16    S20    0.2243   6        6        6        23     23     23     0.8594   0.2243   0.2243   0     
S8     S17    S18    -0.2623  7        7        7        17     17     17     0.6915   -0.2623  -0.2623  0     
S8     S17    S19    -0.3544  1        1        1        21     21     21     0.3037   -0.3544  -0.3544  0     
S8     S17    S20    -0.1534  4        4        4        25     25     25     0.9965   -0.1534  -0.1534  0     
S8     S18    S19    0.4908   1        1        1        20     20     20     0.0571   0.4908   0.4908   0     
S8     S18    S20    -0.1624  1        1        1        25     25     25     0.9930   -0.1624  -0.1624  0     
S8     S19    S20    0.2330   4        4        4        24     24     24     0.8191   0.2330   0.2330   0     
S9     S10    S11    -0.2457  21       21       21       25     25     25     0.7663   -0.2457  -0.2457  0     
S9     S10    S12    -0.5063  5        5        5        23     23     23     0.0456   -0.5063  -0.5063  0     
S9     S10    S13    -0.2406  8        8        8        25     25     25     0.7932   -0.2406  -0.2406  0     
S9     S10    S14    0.2979   10       10       10       24     24     24     0.5219   0.2979   0.2979   0     
S9     S10    S15    0.2467   1        1        1        7      7      7      0.7663   0.2467   0.2467   0     
S9     S10    S16    0.3640   1        1        1        24     24     24     0.2729   0.3640   0.3640   0     
S9     S10    S17    0.3173   5        5        5        24     24     24     0.4356   0.3173   0.3173   0     
S9     S10    S18    0.1975   10       10       10       24     24     24     0.9416   0.1975   0.1975   0     
S9     S10    S19    -0.2483  18       18       18       25     25     25     0.7572   -0.2483  -0.2483  0     
S9     S10    S20    0.4382   3        3        3        25     25     25     0.1140   0.4382   0.4382   0     
S9     S11    S12    -0.1463  14       14       14       24     24     24     0.9985   -0.1463  -0.1463  0     
S9     S11    S13    -0.1458  2        2        2        22     22     22     0.9985   -0.1458  -0.1458  0     
S9     S11    S14    -0.2339  8        8        8        25     25     25     0.8191   -0.2339  -0.2339  0     
S9     S11    S15    -0.2805  3        3        3        21     21     21     0.6055   -0.2805  -0.2805  0     
S9     S11    S16    -0.2802  2        2        2        25     25     25     0.6055   -0.2802  -0.2802  0     
S9     S11    S17    0.1785   9        9        9        21     21     21     0.9785   0.1785   0.1785   0     
S9     S11    S18    0.1748   3        3        3        23     23     23     0.9832   0.1748   0.1748   0     
S9     S11    S19    0.1402   1        1        1        24     24     24     0.9993   0.1402   0.1402   0     
S9     S11    S20    -0.2599  7        7        7        24     24     24     0.7010   -0.2599  -0.2599  0     
S9     S12    S13    0.1635   1        1        1        8      8      8      0.9917   0.1635   0.1635   0     
S9     S12    S14    0.3707   1        1        1        25     25     25     0.2555   0.3707   0.3707   0     
S9     S12    S15    0.7013   1        1        1        22     22     22     0.0018   0.7013   0.7013   0     
S9     S12    S16    0.1933   1        1        1        25     25     25     0.9509   0.1933   0.1933   0     
S9     S12    S17    0.2381   3        3        3        18     18     18     0.8019   0.2381   0.2381   0     
S9     S12    S18    0.1594   9        9        9        25     25     25     0.9940   0.1594   0.1594   0     
S9     S12    S19    0.1664   1        1        1        25     25     25     0.9904   0.1664   0.1664   0     
S9     S12    S20    0.3663   3        3        3        24     24     24     0.2670   0.3663   0.3663   0     
S9     S13    S14    0.2293   1        1        1        12     12     12     0.8356   0.2293   0.2293   0     
S9     S13    S15    0.2124   1        1        1        25     25     25     0.9018   0.2124   0.2124   0     
S9     S13    S16    -0.2595  2        2        2        25     25     25     0.7010   -0.2595  -0.2595  0     
S9     S13    S17    0.2146   8        8        8        21     21     21     0.8953   0.2146   0.2146   0     
S9     S13    S18    0.1231   10       10       10       19     19     19     0.9999   0.1231   0.1231   0     
S9     S13    S19    -0.2124  3        3        3        15     15     15     0.9018   -0.2124  -0.2124  0     
S9     S13    S20    0.3387   8        8        8        11     11     11     0.3583   0.3387   0.3387   0     
S9     S14    S15    0.2717   6        6        6        9      9      9      0.6436   0.2717   0.2717   0     
S9     S14    S16    -0.2215  8        8        8        23     23     23     0.8669   -0.2215  -0.2215  0     
S9     S14    S17    -0.2010  9        9        9        23     23     23     0.9314   -0.2010  -0.2010  0     
S9     S14    S18    -0.1257  6        6        6        23     23     23     0.9999   -0.1257  -0.1257  0     
S9     S14    S19    -0.2259  7        7        7        25     25     25     0.8516   -0.2259  -0.2259  0     
S9     S14    S20    -0.2073  9        9        9        16     16     16     0.9144   -0.2073  -0.2073  0     
S9     S15    S16    -0.2902  3        3        3        24     24     24     0.5585   -0.2902  -0.2902  0     
S9     S15    S17    -0.4509  4        4        4        20     20     20     0.0977   -0.4509  -0.4509  0     
S9     S15    S18    -0.2365  8        8        8        24     24     24     0.8106   -0.2365  -0.2365  0     
S9     S15    S19    0.1561   9        9        9        25     25     25     0.9958   0.1561   0.1561   0     
S9     S15    S20    -0.3353  5        5        5        25     25     25     0.3656   -0.3353  -0.3353  0     
S9     S16    S17    -0.2441  5        5        5        20     20     20     0.7754   -0.2441  -0.2441  0     
S9     S16    S18    0.1425   1        1        1        9      9      9      0.9991   0.1425   0.1425   0     
S9     S16    S19    -0.1378  23       23       23       25     25     25     0.9994   -0.1378  -0.1378  0     
S9     S16    S20    -0.2840  1        1        1        15     15     15     0.5866   -0.2840  -0.2840  0     
S9     S17    S18    -0.1614  8        8        8        17     17     17     0.9930   -0.1614  -0.1614  0     
S9     S17    S19    -0.1856  1        1        1        25     25     25     0.9665   -0.1856  -0.1856  0     
S9     S17    S20    -0.1342  10       10       10       17     17     17     0.9997   -0.1342  -0.1342  0     
S9     S18    S19    0.1866   1        1        1        11     11     11     0.9665   0.1866   0.1866   0     
S9     S18    S20    -0.2172  1        1        1        18     18     18     0.8815   -0.2172  -0.2172  0     
S9     S19    S20    -0.2871  1        1        1        24     24     24     0.5678   -0.2871  -0.2871  0     
S10    S11    S12    0.1193   12       12       12       24     24     24     1.0000   0.1193   0.1193   0     
S10    S11    S13    -0.3459  1        1        1        24     24     24     0.3302   -0.3459  -0.3459  0     
S10    S11    S14    0.2592   16       16       16       25     25     25     0.7010   0.2592   0.2592   0     
S10    S11    S15    -0.3950  1        1        1        25     25     25     0.1947   -0.3950  -0.3950  0     
S10    S11    S16    0.2706   14       14       14       25     25     25     0.6532   0.2706   0.2706   0     
S10    S11    S17    0.2142   9        9        9        25     25     25     0.8953   0.2142   0.2142   0     
S10    S11    S18    0.1848   4        4        4        12     12     12     0.9699   0.1848   0.1848   0     
S10    S11    S19    -0.2229  1        1        1        24     24     24     0.8669   -0.2229  -0.2229  0     
S10    S11    S20    0.2308   6        6        6        24     24     24     0.8356   0.2308   0.2308   0     
S10    S12    S13    0.2720   11       11       11       24     24     24     0.6436   0.2720   0.2720   0     
S10    S12    S14    0.3655   8        8        8        15     15     15     0.2670   0.3655   0.3655   0     
S10    S12    S15    0.2344   6        6        6        13     13     13     0.8191   0.2344   0.2344   0     
S10    S12    S16    -0.1870  14       14       14       25     25     25     0.9630   -0.1870  -0.1870  0     
S10    S12    S17    0.1054   10       10       10       23     23     23     1.0000   0.1054   0.1054   0     
S10    S12    S18    0.1408   3        3        3        21     21     21     0.9993   0.1408   0.1408   0     
S10    S12    S19    -0.1912  15       15       15       25     25     25     0.9551   -0.1912  -0.1912  0     
S10    S12    S20    -0.3199  2        2        2        12     12     12     0.4274   -0.3199  -0.3199  0     
S10    S13    S14    0.2710   10       10       10       25     25     25     0.6436   0.2710   0.2710   0     
S10    S13    S15    -0.2429  12       12       12       25     25     25     0.7843   -0.2429  -0.2429  0     
S10    S13    S16    0.2539   14       14       14       25     25     25     0.7293   0.2539   0.2539   0     
S10    S13    S17    0.2400   5        5        5        25     25     25     0.7932   0.2400   0.2400   0     
S10    S13    S18    -0.1304  1        1        1        9      9      9      0.9998   -0.1304  -0.1304  0     
S10    S13    S19    -0.3832  1        1        1        24     24     24     0.2184   -0.3832  -0.3832  0     
S10    S13    S20    0.2223   1        1        1        24     24     24     0.8669   0.2223   0.2223   0     
S10    S14    S15    0.3286   5        5        5        24     24     24     0.3957   0.3286   0.3286   0     
S10    S14    S16    -0.3468  12       12       12       24     24     24     0.3302   -0.3468  -0.3468  0     
S10    S14    S17    -0.2288  9        9        9        24     24     24     0.8437   -0.2288  -0.2288  0     
S10    S14    S18    -0.1058  1        1        1        24     24     24     1.0000   -0.1058  -0.1058  0     
S10    S14    S19    -0.2265  1        1        1        20     20     20     0.8516   -0.2265  -0.2265  0     
S10    S14    S20    -0.4924  4        4        4        25     25     25     0.0556   -0.4924  -0.4924  0     
S10    S15    S16    0.2081   22       22       22       24     24     24     0.9144   0.2081   0.2081   0     
S10    S15    S17    -0.2527  3        3        3        16     16     16     0.7387   -0.2527  -0.2527  0     
S10    S15    S18    -0.1440  1        1        1        5      5      5      0.9988   -0.1440  -0.1440  0     
S10    S15    S19    -0.2042  1        1        1        25     25     25     0.9260   -0.2042  -0.2042  0     
S10    S15    S20    0.2934   1        1        1        8      8      8      0.5401   0.2934   0.2934   0     
S10    S16    S17    -0.2498  6        6        6        24     24     24     0.7480   -0.2498  -0.2498  0     
S10    S16    S18    0.1149   4        4        4        23     23     23     1.0000   0.1149   0.1149   0     
S10    S16    S19    0.3104   14       14       14       25     25     25     0.4691   0.3104   0.3104   0     
S10    S16    S20    -0.4647  7        7        7        25     25     25     0.0813   -0.4647  -0.4647  0     
S10    S17    S18    -0.2156  13       13       13       24     24     24     0.8885   -0.2156  -0.2156  0     
S10    S17    S19    0.2206   15       15       15       25     25     25     0.8743   0.2206   0.2206   0     
S10    S17    S20    0.1192   17       17       17       23     23     23     1.0000   0.1192   0.1192   0     
S10    S18    S19    -0.2800  1        1        1        15     15     15     0.6055   -0.2800  -0.2800  0     
S10    S18    S20    -0.1507  2        2        2        13     13     13     0.9977   -0.1507  -0.1507  0     
S10    S19    S20    0.2776   1        1        1        24     24     24     0.6150   0.2776   0.2776   0     
S11    S12    S13    -0.1651  1        1        1        25     25     25     0.9904   -0.1651  -0.1651  0     
S11    S12    S14    0.1099   12       12       12       12     12     12     1.0000   0.1099   0.1099   0     
S11    S12    S15    -0.2694  1        1        1        24     24     24     0.6532   -0.2694  -0.2694  0     
S11    S12    S16    -0.2532  1        1        1        22     22     22     0.7293   -0.2532  -0.2532  0     
S11    S12    S17    0.1710   10       10       10       24     24     24     0.9872   0.1710   0.1710   0     
S11    S12    S18    0.2156   4        4        4        21     21     21     0.8885   0.2156   0.2156   0     
S11    S12    S19    -0.3645  1        1        1        25     25     25     0.2729   -0.3645  -0.3645  0     
S11    S12    S20    -0.1204  12       12       12       16     16     16     1.0000   -0.1204  -0.1204  0     
S11    S13    S14    0.4634   2        2        2        21     21     21     0.0813   0.4634   0.4634   0     
S11    S13    S15    -0.2326  11       11       11       12     12     12     0.8274   -0.2326  -0.2326  0     
S11    S13    S16    -0.2780  1        1        1        24     24     24     0.6150   -0.2780  -0.2780  0     
S11    S13    S17    0.3928   3        3        3        23     23     23     0.1993   0.3928   0.3928   0     
S11    S13    S18    0.3298   10       10       10       13     13     13     0.3880   0.3298   0.3298   0     
S11    S13    S19    -0.2476  7        7        7        21     21     21     0.7572   -0.2476  -0.2476  0     
S11    S13    S20    -0.2315  12       12       12       25     25     25     0.8274   -0.2315  -0.2315  0     
S11    S14    S15    -0.3281  1        1        1        25     25     25     0.3957   -0.3281  -0.3281  0     
S11    S14    S16    0.3278   2        2        2        25     25     25     0.3957   0.3278   0.3278   0     
S11    S14    S17    0.2775   12       12       12       25     25     25     0.6150   0.2775   0.2775   0     
S11    S14    S18    0.5327   2        2        2        25     25     25     0.0313   0.5327   0.5327   0     
S11    S14    S19    -0.2464  1        1        1        24     24     24     0.7663   -0.2464  -0.2464  0     
S11    S14    S20    0.3728   1        1        1        24     24     24     0.2499   0.3728   0.3728   0     
S11    S15    S16    0.3151   2        2        2        7      7      7      0.4438   0.3151   0.3151   0     
S11    S15    S17    0.3657   1        1        1        21     21     21     0.2670   0.3657   0.3657   0     
S11    S15    S18    -0.2793  7        7        7        18     18     18     0.6055   -0.2793  -0.2793  0     
S11    S15    S19    -0.1856  1        1        1        11     11     11     0.9665   -0.1856  -0.1856  0     
S11    S15    S20    0.1709   6        6        6        13     13     13     0.9872   0.1709   0.1709   0     
S11    S16    S17    -0.1950  2        2        2        6      6      6      0.9509   -0.1950  -0.1950  0     
S11    S16    S18    -0.3893  1        1        1        7      7      7      0.2039   -0.3893  -0.3893  0     
S11    S16    S19    0.2545   2        2        2        20     20     20     0.7293   0.2545   0.2545   0     
S11    S16    S20    0.2509   4        4        4        24     24     24     0.7480   0.2509   0.2509   0     
S11    S17    S18    -0.3354  2        2        2        11     11     11     0.3656   -0.3354  -0.3354  0     
S11    S17    S19    0.1339   13       13       13       23     23     23     0.9997   0.1339   0.1339   0     
S11    S17    S20    0.2906   3        3        3        24     24     24     0.5585   0.2906   0.2906   0     
S11    S18    S19    -0.2016  12       12       12       24     24     24     0.9314   -0.2016  -0.2016  0     
S11    S18    S20    -0.2843  2        2        2        17     17     17     0.5866   -0.2843  -0.2843  0     
S11    S19    S20    0.2117   1        1        1        15     15     15     0.9018   0.2117   0.2117   0     
S12    S13    S14    0.2979   9        9        9        12     12     12     0.5219   0.2979   0.2979   0     
S12    S13    S15    0.1911   2        2        2        11     11     11     0.9551   0.1911   0.1911   0     
S12    S13    S16    -0.1419  12       12       12       15     15     15     0.9991   -0.1419  -0.1419  0     
S12    S13    S17    0.0826   10       10       10       24     24     24     1.0000   0.0826   0.0826   0     
S12    S13    S18    0.1361   3        3        3        16     16     16     0.9996   0.1361   0.1361   0     
S12    S13    S19    -0.1702  1        1        1        25     25     25     0.9872   -0.1702  -0.1702  0     
S12    S13    S20    -0.2843  7        7        7        15     15     15     0.5866   -0.2843  -0.2843  0     
S12    S14    S15    -0.3353  8        8        8        18     18     18     0.3656   -0.3353  -0.3353  0     
S12    S14    S16    -0.1435  9        9        9        16     16     16     0.9988   -0.1435  -0.1435  0     
S12    S14    S17    0.2010   1        1        1        12     12     12     0.9366   0.2010   0.2010   0     
S12    S14    S18    -0.2546  1        1        1        25     25     25     0.7293   -0.2546  -0.2546  0     
S12    S14    S19    -0.2592  1        1        1        17     17     17     0.7010   -0.2592  -0.2592  0     
S12    S14    S20    -0.2435  10       10       10       24     24     24     0.7754   -0.2435  -0.2435  0     
S12    S15    S16    -0.0976  7        7        7        13     13     13     1.0000   -0.0976  -0.0976  0     
S12    S15    S17    -0.1665  10       10       10       23     23     23     0.9904   -0.1665  -0.1665  0     
S12    S15    S18    -0.1483  1        1        1        21     21     21     0.9981   -0.1483  -0.1483  0     
S12    S15    S19    0.1211   3        3        3        25     25     25     1.0000   0.1211   0.1211   0     
S12    S15    S20    0.3796   1        1        1        9      9      9      0.2286   0.3796   0.3796   0     
S12    S16    S17    -0.2032  7        7        7        25     25     25     0.9260   -0.2032  -0.2032  0     
S12    S16    S18    -0.1948  1        1        1        25     25     25     0.9509   -0.1948  -0.1948  0     
S12    S16    S19    -0.1980  1        1        1        25     25     25     0.9416   -0.1980  -0.1980  0     
S12    S16    S20    0.0958   5        5        5        9      9      9      1.0000   0.0958   0.0958   0     
S12    S17    S18    0.2789   1        1        1        21     21     21     0.6150   0.2789   0.2789   0     
S12    S17    S19    0.1718   1        1        1        18     18     18     0.9853   0.1718   0.1718   0     
S12    S17    S20    -0.1646  1        1        1        16     16     16     0.9917   -0.1646  -0.1646  0     
S12    S18    S19    -0.3807  1        1        1        25     25     25     0.2286   -0.3807  -0.3807  0     
S12    S18    S20    0.1634   1        1        1        25     25     25     0.9917   0.1634   0.1634   0     
S12    S19    S20    0.1537   1        1        1        25     25     25     0.9965   0.1537   0.1537   0     
S13    S14    S15    -0.2987  1        1        1        25     25     25     0.5219   -0.2987  -0.2987  0     
S13    S14    S16    0.4593   2        2        2        25     25     25     0.0858   0.4593   0.4593   0     
S13    S14    S17    0.3171   11       11       11       25     25     25     0.4356   0.3171   0.3171   0     
S13    S14    S18    0.3489   2        2        2        15     15     15     0.3234   0.3489   0.3489   0     
S13    S14    S19    -0.2232  1        1        1        24     24     24     0.8594   -0.2232  -0.2232  0     
S13    S14    S20    -0.4975  4        4        4        12     12     12     0.0511   -0.4975  -0.4975  0     
S13    S15    S16    -0.1491  14       14       14       25     25     25     0.9977   -0.1491  -0.1491  0     
S13    S15    S17    -0.2639  3        3        3        25     25     25     0.6819   -0.2639  -0.2639  0     
S13    S15    S18    -0.2321  1        1        1        12     12     12     0.8274   -0.2321  -0.2321  0     
S13    S15    S19    0.2468   3        3        3        24     24     24     0.7663   0.2468   0.2468   0     
S13    S15    S20    -0.4008  5        5        5        24     24     24     0.1815   -0.4008  -0.4008  0     
S13    S16    S17    -0.1133  9        9        9        23     23     23     1.0000   -0.1133  -0.1133  0     
S13    S16    S18    -0.2664  1        1        1        12     12     12     0.6724   -0.2664  -0.2664  0     
S13    S16    S19    0.2383   2        2        2        16     16     16     0.8019   0.2383   0.2383   0     
S13    S16    S20    -0.1628  2        2        2        6      6      6      0.9930   -0.1628  -0.1628  0     
S13    S17    S18    0.1612   12       12       12       13     13     13     0.9930   0.1612   0.1612   0     
S13    S17    S19    0.1053   1        1        1        11     11     11     1.0000   0.1053   0.1053   0     
S13    S17    S20    -0.2600  1        1        1        16     16     16     0.7010   -0.2600  -0.2600  0     
S13    S18    S19    -0.2620  1        1        1        12     12     12     0.6915   -0.2620  -0.2620  0     
S13    S18    S20    -0.0954  2        2        2        12     12     12     1.0000   -0.0954  -0.0954  0     
S13    S19    S20    0.3589   1        1        1        20     20     20     0.2911   0.3589   0.3589   0     
S14    S15    S16    0.2450   4        4        4        24     24     24     0.7663   0.2450   0.2450   0     
S14    S15    S17    0.1654   3        3        3        11     11     11     0.9904   0.1654   0.1654   0     
S14    S15    S18    -0.1947  9        9        9        23     23     23     0.9509   -0.1947  -0.1947  0     
S14    S15    S19    0.1412   6        6        6        23     23     23     0.9991   0.1412   0.1412   0     
S14    S15    S20    0.3370   9        9        9        25     25     25     0.3583   0.3370   0.3370   0     
S14    S16    S17    -0.1722  17       17       17       24     24     24     0.9853   -0.1722  -0.1722  0     
S14    S16    S18    0.1292   2        2        2        3      3      3      0.9998   0.1292   0.1292   0     
S14    S16    S19    0.1654   11       11       11       25     25     25     0.9904   0.1654   0.1654   0     
S14    S16    S20    0.3316   1        1        1        23     23     23     0.3805   0.3316   0.3316   0     
S14    S17    S18    0.4472   7        7        7        23     23     23     0.1003   0.4472   0.4472   0     
S14    S17    S19    -0.1169  2        2        2        23     23     23     1.0000   -0.1169  -0.1169  0     
S14    S17    S20    -0.1648  5        5        5        12     12     12     0.9917   -0.1648  -0.1648  0     
S14    S18    S19    -0.2653  1        1        1        12     12     12     0.6724   -0.2653  -0.2653  0     
S14    S18    S20    0.2992   1        1        1        11     11     11     0.5129   0.2992   0.2992   0     
S14    S19    S20    0.2602   7        7        7        24     24     24     0.7010   0.2602   0.2602   0     
S15    S16    S17    0.5485   1        1        1        24     24     24     0.0246   0.5485   0.5485   0     
S15    S16    S18    0.2146   2        2        2        6      6      6      0.8953   0.2146   0.2146   0     
S15    S16    S19    -0.3606  1        1        1        25     25     25     0.2849   -0.3606  -0.3606  0     
S15    S16    S20    0.3128   6        6        6        25     25     25     0.4606   0.3128   0.3128   0     
S15    S17    S18    -0.2748  7        7        7        21     21     21     0.6341   -0.2748  -0.2748  0     
S15    S17    S19    -0.0771  2        2        2        7      7      7      1.0000   -0.0771  -0.0771  0     
S15    S17    S20    -0.3621  3        3        3        9      9      9      0.2788   -0.3621  -0.3621  0     
S15    S18    S19    -0.2487  1        1        1        4      4      4      0.7572   -0.2487  -0.2487  0     
S15    S18    S20    0.1878   8        8        8        25     25     25     0.9630   0.1878   0.1878   0     
S15    S19    S20    0.1398   1        1        1        9      9      9      0.9993   0.1398   0.1398   0     
S16    S17    S18    -0.3429  2        2        2        8      8      8      0.3441   -0.3429  -0.3429  0     
S16    S17    S19    -0.0896  5        5        5        19     19     19     1.0000   -0.0896  -0.0896  0     
S16    S17    S20    0.3107   3        3        3        21     21     21     0.4691   0.3107   0.3107   0     
S16    S18    S19    0.3831   2        2        2        25     25     25     0.2184   0.3831   0.3831   0     
S16    S18    S20    -0.1079  2        2        2        3      3      3      1.0000   -0.1079  -0.1079  0     
S16    S19    S20    -0.1902  7        7        7        15     15     15     0.9592   -0.1902  -0.1902  0     
S17    S18    S19    -0.2019  3        3        3        23     23     23     0.9314   -0.2019  -0.2019  0     
S17    S18    S20    -0.2096  12       12       12       25     25     25     0.9082   -0.2096  -0.2096  0     
S17    S19    S20    0.1691   2        2        2        24     24     24     0.9872   0.1691   0.1691   0     
S18    S19    S20    -0.1181  3        3        3        10     10     10     1.0000   -0.1181  -0.1181  0     
