n,alpha,method,effect_size,noise_sd,sigma_y,z_encoding,window_start,window_end,window_length,is_global,delay_yz,is_control,seed,detected,p_value,lla_score,localization_correct,start_error,end_error,window_overlap,delay_correct,detected_delay,delay_error,replicate,computation_time,batch_time_seconds
100,1.0,additive,0.5,0.1,1.0,-11,20,80,60,False,0,False,1839723591,True,0.001,0.6197,False,-20.0,1.0,0.7407407407407407,,,,0,10.452629089355469,1033.0461266040802
100,1.0,additive,0.5,0.1,1.0,-11,20,80,60,False,0,False,698343160,True,0.001,0.5266,False,-17.0,8.0,0.7058823529411765,,,,1,10.007938385009766,1033.0461266040802
100,1.0,additive,0.5,0.1,1.0,-11,20,80,60,False,0,False,1656828364,True,0.001,0.6512,False,-5.0,16.0,0.7407407407407407,,,,2,10.157734155654907,1033.0461266040802
100,1.0,additive,0.5,0.1,1.0,-11,20,80,60,False,0,False,1320768783,True,0.001,0.5938,False,-8.0,11.0,0.759493670886076,,,,3,10.284891128540039,1033.0461266040802
100,1.0,additive,0.5,0.1,1.0,-11,20,80,60,False,0,False,984709202,True,0.001,0.6147,False,-4.0,0.0,0.9375,,,,4,10.160853147506714,1033.0461266040802
100,1.0,additive,0.5,0.1,1.0,-11,20,80,60,False,0,False,1137873556,True,0.001,0.5596,False,-4.0,13.0,0.7792207792207793,,,,5,10.208669424057007,1033.0461266040802
100,1.0,additive,0.5,0.1,1.0,-11,20,80,60,False,0,False,801813975,True,0.001,0.6142,False,-1.0,9.0,0.8571428571428571,,,,6,10.067631244659424,1033.0461266040802
100,1.0,additive,0.5,0.1,1.0,-11,20,80,60,False,0,False,1760299179,True,0.001,0.6208,False,-14.0,20.0,0.6382978723404256,,,,7,10.216402769088745,1033.0461266040802
100,1.0,additive,0.5,0.1,1.0,-11,20,80,60,False,0,False,1424239598,True,0.001,0.6323,False,-17.0,10.0,0.6896551724137931,,,,8,10.644789218902588,1033.0461266040802
100,1.0,additive,0.5,0.1,1.0,-11,20,80,60,False,0,False,282859167,True,0.001,0.6115,False,-3.0,20.0,0.7228915662650602,,,,9,10.260555267333984,1033.0461266040802
100,1.0,additive,0.5,0.1,1.0,-11,20,80,60,False,0,False,1241344371,True,0.001,0.6355,False,-16.0,10.0,0.6976744186046512,,,,10,10.390650272369385,1033.0461266040802
100,1.0,additive,0.5,0.1,1.0,-11,20,80,60,False,0,False,905284790,True,0.001,0.6579,False,-3.0,10.0,0.821917808219178,,,,11,10.451530456542969,1033.0461266040802
100,1.0,additive,0.5,0.1,1.0,-11,20,80,60,False,0,False,1863769994,True,0.001,0.637,False,-10.0,9.0,0.759493670886076,,,,12,10.436983346939087,1033.0461266040802
100,1.0,additive,0.5,0.1,1.0,-11,20,80,60,False,0,False,722389563,True,0.001,0.6231,False,-14.0,19.0,0.6451612903225806,,,,13,10.580578327178955,1033.0461266040802
100,1.0,additive,0.5,0.1,1.0,-11,20,80,60,False,0,False,1680874767,True,0.001,0.6557,False,-20.0,14.0,0.6382978723404256,,,,14,10.093433618545532,1033.0461266040802
100,1.0,additive,0.5,0.1,1.0,-11,20,80,60,False,0,False,1344815186,True,0.001,0.6185,False,-20.0,13.0,0.6451612903225806,,,,15,10.404321432113647,1033.0461266040802
100,1.0,additive,0.5,0.1,1.0,-11,20,80,60,False,0,False,1008755605,True,0.001,0.6028,False,-2.0,2.0,0.9375,,,,16,10.070268392562866,1033.0461266040802
100,1.0,additive,0.5,0.1,1.0,-11,20,80,60,False,0,False,1967240809,True,0.001,0.6512,False,-15.0,1.0,0.7894736842105263,,,,17,9.896259546279907,1033.0461266040802
100,1.0,additive,0.5,0.1,1.0,-11,20,80,60,False,0,False,825860378,True,0.001,0.6523,False,-12.0,4.0,0.7894736842105263,,,,18,10.400234937667847,1033.0461266040802
100,1.0,additive,0.5,0.1,1.0,-11,20,80,60,False,0,False,1784345582,True,0.001,0.6374,False,-7.0,17.0,0.7142857142857143,,,,19,10.188884019851685,1033.0461266040802
100,1.0,additive,0.5,0.1,1.0,-11,20,80,60,False,0,False,1448286001,True,0.001,0.6097,False,-13.0,3.0,0.7894736842105263,,,,20,10.60478162765503,1033.0461266040802
100,1.0,additive,0.5,0.1,1.0,-11,20,80,60,False,0,False,259287557,True,0.001,0.5629,False,-15.0,-2.0,0.7733333333333333,,,,21,13.778594493865967,1033.0461266040802
100,1.0,additive,0.5,0.1,1.0,-11,20,80,60,False,0,False,1265390774,True,0.001,0.6469,False,-20.0,17.0,0.6185567010309279,,,,22,9.996134281158447,1033.0461266040802
100,1.0,additive,0.5,0.1,1.0,-11,20,80,60,False,0,False,929331193,True,0.001,0.5876,False,-4.0,3.0,0.8955223880597015,,,,23,10.152220964431763,1033.0461266040802
100,1.0,additive,0.5,0.1,1.0,-11,20,80,60,False,0,False,1887816397,True,0.001,0.6217,False,-18.0,7.0,0.7058823529411765,,,,24,10.18325161933899,1033.0461266040802
100,1.0,additive,0.5,0.1,1.0,-11,20,80,60,False,0,False,1551756816,True,0.001,0.5741,False,-15.0,15.0,0.6666666666666666,,,,25,10.163792371749878,1033.0461266040802
100,1.0,additive,0.5,0.1,1.0,-11,20,80,60,False,0,False,1704921170,True,0.001,0.5765,False,-1.0,0.0,0.9836065573770492,,,,26,10.091434717178345,1033.0461266040802
100,1.0,additive,0.5,0.1,1.0,-11,20,80,60,False,0,False,1368861589,True,0.001,0.6566,False,-20.0,17.0,0.6185567010309279,,,,27,10.270779848098755,1033.0461266040802
100,1.0,additive,0.5,0.1,1.0,-11,20,80,60,False,0,False,1032802008,True,0.001,0.5794,False,0.0,20.0,0.75,,,,28,10.248534440994263,1033.0461266040802
100,1.0,additive,0.5,0.1,1.0,-11,20,80,60,False,0,False,1991287212,True,0.001,0.6096,False,-17.0,4.0,0.7407407407407407,,,,29,10.15580940246582,1033.0461266040802
100,1.0,additive,0.5,0.1,1.0,-11,20,80,60,False,0,False,849906781,True,0.001,0.6288,False,-6.0,0.0,0.9090909090909091,,,,30,10.255929946899414,1033.0461266040802
100,1.0,additive,0.5,0.1,1.0,-11,20,80,60,False,0,False,1808391985,True,0.001,0.6395,False,0.0,20.0,0.75,,,,31,10.024328231811523,1033.0461266040802
100,1.0,additive,0.5,0.1,1.0,-11,20,80,60,False,0,False,1472332404,True,0.001,0.5886,False,-13.0,4.0,0.7792207792207793,,,,32,10.216795444488525,1033.0461266040802
100,1.0,additive,0.5,0.1,1.0,-11,20,80,60,False,0,False,283333960,True,0.001,0.6875,False,-20.0,20.0,0.6,,,,33,10.12598466873169,1033.0461266040802
100,1.0,additive,0.5,0.1,1.0,-11,20,80,60,False,0,False,1289437177,True,0.001,0.6449,False,-10.0,15.0,0.7058823529411765,,,,34,10.020633935928345,1033.0461266040802
100,1.0,additive,0.5,0.1,1.0,-11,20,80,60,False,0,False,953377596,True,0.001,0.6016,False,-18.0,1.0,0.759493670886076,,,,35,10.290822744369507,1033.0461266040802
100,1.0,additive,0.5,0.1,1.0,-11,20,80,60,False,0,False,1911862800,True,0.001,0.5893,False,-6.0,15.0,0.7407407407407407,,,,36,10.03657078742981,1033.0461266040802
100,1.0,additive,0.5,0.1,1.0,-11,20,80,60,False,0,False,1575803219,True,0.001,0.6118,False,-17.0,12.0,0.6741573033707865,,,,37,10.235288619995117,1033.0461266040802
100,1.0,additive,0.5,0.1,1.0,-11,20,80,60,False,0,False,386804775,True,0.001,0.627,False,-8.0,4.0,0.8333333333333334,,,,38,10.526552438735962,1033.0461266040802
100,1.0,additive,0.5,0.1,1.0,-11,20,80,60,False,0,False,1392907992,True,0.001,0.6496,False,0.0,10.0,0.8571428571428571,,,,39,9.99134111404419,1033.0461266040802
100,1.0,additive,0.5,0.1,1.0,-11,20,80,60,False,0,False,203909548,True,0.001,0.6277,False,-13.0,20.0,0.6451612903225806,,,,40,10.326181411743164,1033.0461266040802
100,1.0,additive,0.5,0.1,1.0,-11,20,80,60,False,0,False,2015333615,True,0.001,0.5491,False,-7.0,4.0,0.8450704225352113,,,,41,10.120153903961182,1033.0461266040802
100,1.0,additive,0.5,0.1,1.0,-11,20,80,60,False,0,False,1679274034,True,0.001,0.6726,False,-16.0,19.0,0.631578947368421,,,,42,10.176669359207153,1033.0461266040802
100,1.0,additive,0.5,0.1,1.0,-11,20,80,60,False,0,False,1832438388,True,0.001,0.6077,False,-18.0,20.0,0.6122448979591837,,,,43,10.251981019973755,1033.0461266040802
100,1.0,additive,0.5,0.1,1.0,-11,20,80,60,False,0,False,1496378807,True,0.001,0.6262,False,-1.0,16.0,0.7792207792207793,,,,44,10.2954261302948,1033.0461266040802
100,1.0,additive,0.5,0.1,1.0,-11,20,80,60,False,0,False,307380363,True,0.001,0.6112,False,-20.0,0.0,0.75,,,,45,10.572173118591309,1033.0461266040802
100,1.0,additive,0.5,0.1,1.0,-11,20,80,60,False,0,False,2118804430,True,0.001,0.6561,False,-20.0,20.0,0.6,,,,46,10.0724458694458,1033.0461266040802
100,1.0,additive,0.5,0.1,1.0,-11,20,80,60,False,0,False,124485136,True,0.001,0.627,False,-15.0,12.0,0.6896551724137931,,,,47,10.439542531967163,1033.0461266040802
100,1.0,additive,0.5,0.1,1.0,-11,20,80,60,False,0,False,1935909203,True,0.001,0.5378,False,-11.0,14.0,0.7058823529411765,,,,48,10.420047044754028,1033.0461266040802
100,1.0,additive,0.5,0.1,1.0,-11,20,80,60,False,0,False,1599849622,True,0.001,0.5983,False,-20.0,19.0,0.6060606060606061,,,,49,10.484071254730225,1033.0461266040802
100,1.0,additive,0.5,0.1,1.0,-11,20,80,60,False,0,True,996613675,False,0.05,-0.2584,,,,,,,,0,10.314991474151611,1033.0461266040802
100,1.0,additive,0.5,0.1,1.0,-11,20,80,60,False,0,True,2002716892,False,0.8182,-0.1116,,,,,,,,1,13.763309240341187,1033.0461266040802
100,1.0,additive,0.5,0.1,1.0,-11,20,80,60,False,0,True,813718448,False,0.964,-0.0843,,,,,,,,2,10.418689727783203,1033.0461266040802
100,1.0,additive,0.5,0.1,1.0,-11,20,80,60,False,0,True,477658867,False,0.4525,-0.1582,,,,,,,,3,10.169533967971802,1033.0461266040802
100,1.0,additive,0.5,0.1,1.0,-11,20,80,60,False,0,True,141599286,False,0.5774,-0.1165,,,,,,,,4,10.466085195541382,1033.0461266040802
100,1.0,additive,0.5,0.1,1.0,-11,20,80,60,False,0,True,294763640,False,0.2298,0.1566,,,,,,,,5,10.38485074043274,1033.0461266040802
100,1.0,additive,0.5,0.1,1.0,-11,20,80,60,False,0,True,2106187707,False,0.0699,-0.2113,,,,,,,,6,10.047326803207397,1033.0461266040802
100,1.0,additive,0.5,0.1,1.0,-11,20,80,60,False,0,True,917189263,False,0.7762,-0.1041,,,,,,,,7,10.012930154800415,1033.0461266040802
100,1.0,additive,0.5,0.1,1.0,-11,20,80,60,False,0,True,581129682,False,0.1329,-0.1953,,,,,,,,8,10.317142486572266,1033.0461266040802
100,1.0,additive,0.5,0.1,1.0,-11,20,80,60,False,0,True,1587232899,False,0.8871,0.0889,,,,,,,,9,10.060941457748413,1033.0461266040802
100,1.0,additive,0.5,0.1,1.0,-11,20,80,60,False,0,True,398234455,False,0.984,-0.0828,,,,,,,,10,10.247620820999146,1033.0461266040802
100,1.0,additive,0.5,0.1,1.0,-11,20,80,60,False,0,True,62174874,False,0.7203,0.1093,,,,,,,,11,10.676417827606201,1033.0461266040802
100,1.0,additive,0.5,0.1,1.0,-11,20,80,60,False,0,True,1020660078,False,0.7932,0.1209,,,,,,,,12,10.26610517501831,1033.0461266040802
100,1.0,additive,0.5,0.1,1.0,-11,20,80,60,False,0,True,2026763295,False,0.2907,-0.1692,,,,,,,,13,10.24369215965271,1033.0461266040802
100,1.0,additive,0.5,0.1,1.0,-11,20,80,60,False,0,True,837764851,False,0.966,0.0765,,,,,,,,14,10.222826719284058,1033.0461266040802
100,1.0,additive,0.5,0.1,1.0,-11,20,80,60,False,0,True,501705270,False,0.986,-0.0753,,,,,,,,15,10.090306282043457,1033.0461266040802
100,1.0,additive,0.5,0.1,1.0,-11,20,80,60,False,0,True,165645689,False,0.8132,-0.1085,,,,,,,,16,10.099321365356445,1033.0461266040802
100,1.0,additive,0.5,0.1,1.0,-11,20,80,60,False,0,True,1124130893,False,0.8492,-0.1149,,,,,,,,17,10.06009578704834,1033.0461266040802
100,1.0,additive,0.5,0.1,1.0,-11,20,80,60,False,0,True,2130234110,False,0.1229,-0.23,,,,,,,,18,10.215999603271484,1033.0461266040802
100,1.0,additive,0.5,0.1,1.0,-11,20,80,60,False,0,True,941235666,False,0.8701,-0.1023,,,,,,,,19,9.981436967849731,1033.0461266040802
100,1.0,additive,0.5,0.1,1.0,-11,20,80,60,False,0,True,605176085,False,0.0879,0.2284,,,,,,,,20,10.22512412071228,1033.0461266040802
100,1.0,additive,0.5,0.1,1.0,-11,20,80,60,False,0,True,1563661289,False,0.0529,-0.2174,,,,,,,,21,10.165810108184814,1033.0461266040802
100,1.0,additive,0.5,0.1,1.0,-11,20,80,60,False,0,True,422280858,False,0.8152,0.1043,,,,,,,,22,10.174596786499023,1033.0461266040802
100,1.0,additive,0.5,0.1,1.0,-11,20,80,60,False,0,True,86221277,False,0.5045,-0.144,,,,,,,,23,10.275108575820923,1033.0461266040802
100,1.0,additive,0.5,0.1,1.0,-11,20,80,60,False,0,True,1044706481,False,0.4456,-0.1094,,,,,,,,24,10.01605772972107,1033.0461266040802
100,1.0,additive,0.5,0.1,1.0,-11,20,80,60,False,0,True,708646900,False,0.1528,-0.1836,,,,,,,,25,10.307131052017212,1033.0461266040802
100,1.0,additive,0.5,0.1,1.0,-11,20,80,60,False,0,True,861811254,False,0.8082,-0.1052,,,,,,,,26,12.494282960891724,1033.0461266040802
100,1.0,additive,0.5,0.1,1.0,-11,20,80,60,False,0,True,525751673,False,0.6963,0.1304,,,,,,,,27,10.112866401672363,1033.0461266040802
100,1.0,additive,0.5,0.1,1.0,-11,20,80,60,False,0,True,189692092,False,0.6494,0.1343,,,,,,,,28,10.412951231002808,1033.0461266040802
100,1.0,additive,0.5,0.1,1.0,-11,20,80,60,False,0,True,1148177296,False,0.9081,-0.0988,,,,,,,,29,10.077572107315063,1033.0461266040802
100,1.0,additive,0.5,0.1,1.0,-11,20,80,60,False,0,True,6796865,True,0.004,-0.3397,,,,,,,,30,10.128235101699829,1033.0461266040802
100,1.0,additive,0.5,0.1,1.0,-11,20,80,60,False,0,True,965282069,False,0.7283,-0.1186,,,,,,,,31,10.826806783676147,1033.0461266040802
100,1.0,additive,0.5,0.1,1.0,-11,20,80,60,False,0,True,629222488,False,0.1938,0.1875,,,,,,,,32,10.04870867729187,1033.0461266040802
100,1.0,additive,0.5,0.1,1.0,-11,20,80,60,False,0,True,1587707692,False,0.8921,-0.0984,,,,,,,,33,10.265007495880127,1033.0461266040802
100,1.0,additive,0.5,0.1,1.0,-11,20,80,60,False,0,True,446327261,False,0.3097,-0.1718,,,,,,,,34,10.083263158798218,1033.0461266040802
100,1.0,additive,0.5,0.1,1.0,-11,20,80,60,False,0,True,110267680,True,0.04,0.2291,,,,,,,,35,10.243480920791626,1033.0461266040802
100,1.0,additive,0.5,0.1,1.0,-11,20,80,60,False,0,True,1068752884,False,0.4515,0.1277,,,,,,,,36,10.142923355102539,1033.0461266040802
100,1.0,additive,0.5,0.1,1.0,-11,20,80,60,False,0,True,732693303,False,0.963,-0.0745,,,,,,,,37,10.022266626358032,1033.0461266040802
100,1.0,additive,0.5,0.1,1.0,-11,20,80,60,False,0,True,1691178507,False,0.0969,0.2174,,,,,,,,38,10.365536212921143,1033.0461266040802
100,1.0,additive,0.5,0.1,1.0,-11,20,80,60,False,0,True,549798076,False,0.5694,-0.1289,,,,,,,,39,10.004071474075317,1033.0461266040802
100,1.0,additive,0.5,0.1,1.0,-11,20,80,60,False,0,True,1508283280,False,0.956,0.0718,,,,,,,,40,10.022746324539185,1033.0461266040802
100,1.0,additive,0.5,0.1,1.0,-11,20,80,60,False,0,True,1172223699,False,0.5894,0.1325,,,,,,,,41,10.10753846168518,1033.0461266040802
100,1.0,additive,0.5,0.1,1.0,-11,20,80,60,False,0,True,836164118,False,0.3746,-0.1318,,,,,,,,42,10.0646071434021,1033.0461266040802
100,1.0,additive,0.5,0.1,1.0,-11,20,80,60,False,0,True,989328472,False,0.0559,-0.2515,,,,,,,,43,10.376355171203613,1033.0461266040802
100,1.0,additive,0.5,0.1,1.0,-11,20,80,60,False,0,True,653268891,False,0.1369,0.1971,,,,,,,,44,10.161086797714233,1033.0461266040802
100,1.0,additive,0.5,0.1,1.0,-11,20,80,60,False,0,True,1611754095,False,0.7762,-0.1053,,,,,,,,45,10.265670537948608,1033.0461266040802
100,1.0,additive,0.5,0.1,1.0,-11,20,80,60,False,0,True,1275694514,False,0.3047,-0.1532,,,,,,,,46,10.722986221313477,1033.0461266040802
100,1.0,additive,0.5,0.1,1.0,-11,20,80,60,False,0,True,1428858868,False,0.3946,-0.1441,,,,,,,,47,9.954743146896362,1033.0461266040802
100,1.0,additive,0.5,0.1,1.0,-11,20,80,60,False,0,True,1092799287,False,0.8272,-0.0962,,,,,,,,48,10.366531133651733,1033.0461266040802
100,1.0,additive,0.5,0.1,1.0,-11,20,80,60,False,0,True,756739706,False,0.977,0.0729,,,,,,,,49,10.173685550689697,1033.0461266040802
100,1.0,additive,0.6,0.1,1.0,-11,20,80,60,False,0,False,958381412,True,0.001,0.6781,False,-19.0,9.0,0.6818181818181818,,,,0,10.096585988998413,1039.4407706260681
100,1.0,additive,0.6,0.1,1.0,-11,20,80,60,False,0,False,1111545766,True,0.001,0.6199,False,-18.0,20.0,0.6122448979591837,,,,1,10.194750308990479,1039.4407706260681
100,1.0,additive,0.6,0.1,1.0,-11,20,80,60,False,0,False,775486185,True,0.001,0.6367,False,-15.0,19.0,0.6382978723404256,,,,2,9.859357357025146,1039.4407706260681
100,1.0,additive,0.6,0.1,1.0,-11,20,80,60,False,0,False,439426604,True,0.001,0.6304,False,-6.0,9.0,0.8,,,,3,10.37050199508667,1039.4407706260681
100,1.0,additive,0.6,0.1,1.0,-11,20,80,60,False,0,False,1397911808,True,0.001,0.5776,False,-19.0,5.0,0.7142857142857143,,,,4,9.977199792861938,1039.4407706260681
100,1.0,additive,0.6,0.1,1.0,-11,20,80,60,False,0,False,1061852227,True,0.001,0.6415,False,-3.0,20.0,0.7228915662650602,,,,5,10.22414255142212,1039.4407706260681
100,1.0,additive,0.6,0.1,1.0,-11,20,80,60,False,0,False,1215016581,True,0.001,0.5578,False,-12.0,16.0,0.6818181818181818,,,,6,10.309623956680298,1039.4407706260681
100,1.0,additive,0.6,0.1,1.0,-11,20,80,60,False,0,False,878957000,True,0.001,0.6606,False,-20.0,0.0,0.75,,,,7,10.071447610855103,1039.4407706260681
100,1.0,additive,0.6,0.1,1.0,-11,20,80,60,False,0,False,1837442204,True,0.001,0.5935,False,-1.0,3.0,0.9375,,,,8,10.252647399902344,1039.4407706260681
100,1.0,additive,0.6,0.1,1.0,-11,20,80,60,False,0,False,1501382623,True,0.001,0.6013,False,-17.0,16.0,0.6451612903225806,,,,9,10.064435482025146,1039.4407706260681
100,1.0,additive,0.6,0.1,1.0,-11,20,80,60,False,0,False,360002192,True,0.001,0.6875,False,-20.0,20.0,0.6,,,,10,10.088987112045288,1039.4407706260681
100,1.0,additive,0.6,0.1,1.0,-11,20,80,60,False,0,False,1318487396,True,0.001,0.6031,False,-13.0,20.0,0.6451612903225806,,,,11,10.175073862075806,1039.4407706260681
100,1.0,additive,0.6,0.1,1.0,-11,20,80,60,False,0,False,982427815,True,0.001,0.5757,False,-19.0,1.0,0.75,,,,12,10.150493144989014,1039.4407706260681
100,1.0,additive,0.6,0.1,1.0,-11,20,80,60,False,0,False,1940913019,True,0.001,0.6212,False,-20.0,10.0,0.6666666666666666,,,,13,10.355832576751709,1039.4407706260681
100,1.0,additive,0.6,0.1,1.0,-11,20,80,60,False,0,False,799532588,True,0.001,0.594,False,-16.0,14.0,0.6666666666666666,,,,14,10.312432765960693,1039.4407706260681
100,1.0,additive,0.6,0.1,1.0,-11,20,80,60,False,0,False,463473007,True,0.001,0.5771,False,-15.0,12.0,0.6896551724137931,,,,15,10.251731395721436,1039.4407706260681
100,1.0,additive,0.6,0.1,1.0,-11,20,80,60,False,0,False,1421958211,True,0.001,0.6155,False,-5.0,13.0,0.7692307692307693,,,,16,10.013023853302002,1039.4407706260681
100,1.0,additive,0.6,0.1,1.0,-11,20,80,60,False,0,False,1085898630,True,0.001,0.5917,False,-17.0,17.0,0.6382978723404256,,,,17,10.195679426193237,1039.4407706260681
100,1.0,additive,0.6,0.1,1.0,-11,20,80,60,False,0,False,1239062984,True,0.001,0.6713,False,-8.0,6.0,0.8108108108108109,,,,18,10.449628353118896,1039.4407706260681
100,1.0,additive,0.6,0.1,1.0,-11,20,80,60,False,0,False,903003403,True,0.001,0.6338,False,-10.0,18.0,0.6818181818181818,,,,19,10.22322130203247,1039.4407706260681
100,1.0,additive,0.6,0.1,1.0,-11,20,80,60,False,0,False,1861488607,True,0.001,0.5751,False,-5.0,16.0,0.7407407407407407,,,,20,9.995028734207153,1039.4407706260681
100,1.0,additive,0.6,0.1,1.0,-11,20,80,60,False,0,False,1525429026,True,0.001,0.6734,False,-19.0,16.0,0.631578947368421,,,,21,10.293763637542725,1039.4407706260681
100,1.0,additive,0.6,0.1,1.0,-11,20,80,60,False,0,False,284709708,True,0.001,0.5092,False,-19.0,19.0,0.6122448979591837,,,,22,10.124433279037476,1039.4407706260681
100,1.0,additive,0.6,0.1,1.0,-11,20,80,60,False,0,False,1342533799,True,0.001,0.5181,False,-14.0,11.0,0.7058823529411765,,,,23,10.274637699127197,1039.4407706260681
100,1.0,additive,0.6,0.1,1.0,-11,20,80,60,False,0,False,1006474218,True,0.001,0.5675,False,-9.0,11.0,0.75,,,,24,10.410894393920898,1039.4407706260681
100,1.0,additive,0.6,0.1,1.0,-11,20,80,60,False,0,False,1964959422,True,0.001,0.6573,False,-14.0,20.0,0.6382978723404256,,,,25,10.2264084815979,1039.4407706260681
100,1.0,additive,0.6,0.1,1.0,-11,20,80,60,False,0,False,823578991,True,0.001,0.5299,False,-6.0,5.0,0.8450704225352113,,,,26,10.30593490600586,1039.4407706260681
100,1.0,additive,0.6,0.1,1.0,-11,20,80,60,False,0,False,1782064195,True,0.001,0.6853,False,-20.0,20.0,0.6,,,,27,10.022854089736938,1039.4407706260681
100,1.0,additive,0.6,0.1,1.0,-11,20,80,60,False,0,False,1446004614,True,0.001,0.6324,False,-13.0,17.0,0.6666666666666666,,,,28,10.50326156616211,1039.4407706260681
100,1.0,additive,0.6,0.1,1.0,-11,20,80,60,False,0,False,1109945033,True,0.001,0.6393,False,-5.0,4.0,0.8695652173913043,,,,29,15.634585618972778,1039.4407706260681
100,1.0,additive,0.6,0.1,1.0,-11,20,80,60,False,0,False,2068430237,True,0.001,0.618,False,-18.0,10.0,0.6818181818181818,,,,30,10.414396047592163,1039.4407706260681
100,1.0,additive,0.6,0.1,1.0,-11,20,80,60,False,0,False,927049806,True,0.001,0.5453,False,-16.0,1.0,0.7792207792207793,,,,31,10.093135118484497,1039.4407706260681
100,1.0,additive,0.6,0.1,1.0,-11,20,80,60,False,0,False,1885535010,True,0.001,0.6695,False,-3.0,5.0,0.8823529411764706,,,,32,10.133702516555786,1039.4407706260681
100,1.0,additive,0.6,0.1,1.0,-11,20,80,60,False,0,False,1549475429,True,0.001,0.6354,False,-13.0,2.0,0.8,,,,33,10.544952154159546,1039.4407706260681
100,1.0,additive,0.6,0.1,1.0,-11,20,80,60,False,0,False,360476985,True,0.001,0.5871,False,0.0,18.0,0.7692307692307693,,,,34,10.104780912399292,1039.4407706260681
100,1.0,additive,0.6,0.1,1.0,-11,20,80,60,False,0,False,1366580202,True,0.001,0.5964,False,-19.0,0.0,0.759493670886076,,,,35,10.252208948135376,1039.4407706260681
100,1.0,additive,0.6,0.1,1.0,-11,20,80,60,False,0,False,1030520621,True,0.001,0.6314,False,-18.0,4.0,0.7317073170731707,,,,36,10.198799848556519,1039.4407706260681
100,1.0,additive,0.6,0.1,1.0,-11,20,80,60,False,0,False,1989005825,True,0.001,0.7025,False,-20.0,20.0,0.6,,,,37,10.040297031402588,1039.4407706260681
100,1.0,additive,0.6,0.1,1.0,-11,20,80,60,False,0,False,1652946244,True,0.001,0.5789,False,-18.0,2.0,0.75,,,,38,10.422871589660645,1039.4407706260681
100,1.0,additive,0.6,0.1,1.0,-11,20,80,60,False,0,False,1806110598,True,0.001,0.6432,False,-20.0,6.0,0.6976744186046512,,,,39,10.147155284881592,1039.4407706260681
100,1.0,additive,0.6,0.1,1.0,-11,20,80,60,False,0,False,1470051017,True,0.001,0.6822,False,-2.0,20.0,0.7317073170731707,,,,40,10.13170313835144,1039.4407706260681
100,1.0,additive,0.6,0.1,1.0,-11,20,80,60,False,0,False,1133991436,True,0.001,0.6133,False,-11.0,1.0,0.8333333333333334,,,,41,10.333935022354126,1039.4407706260681
100,1.0,additive,0.6,0.1,1.0,-11,20,80,60,False,0,False,2092476640,True,0.001,0.584,False,-7.0,2.0,0.8695652173913043,,,,42,10.077850818634033,1039.4407706260681
100,1.0,additive,0.6,0.1,1.0,-11,20,80,60,False,0,False,851757322,True,0.001,0.692,False,-16.0,7.0,0.7228915662650602,,,,43,10.421232461929321,1039.4407706260681
100,1.0,additive,0.6,0.1,1.0,-11,20,80,60,False,0,False,1909581413,True,0.001,0.6054,False,-10.0,20.0,0.6666666666666666,,,,44,10.234348773956299,1039.4407706260681
100,1.0,additive,0.6,0.1,1.0,-11,20,80,60,False,0,False,1573521832,True,0.001,0.631,False,-8.0,6.0,0.8108108108108109,,,,45,9.878809690475464,1039.4407706260681
100,1.0,additive,0.6,0.1,1.0,-11,20,80,60,False,0,False,384523388,True,0.001,0.589,False,-19.0,1.0,0.75,,,,46,10.397455215454102,1039.4407706260681
100,1.0,additive,0.6,0.1,1.0,-11,20,80,60,False,0,False,1291287718,True,0.001,0.6461,False,-9.0,18.0,0.6896551724137931,,,,47,10.117998600006104,1039.4407706260681
100,1.0,additive,0.6,0.1,1.0,-11,20,80,60,False,0,False,955228137,True,0.001,0.6094,False,-10.0,0.0,0.8571428571428571,,,,48,10.274619102478027,1039.4407706260681
100,1.0,additive,0.6,0.1,1.0,-11,20,80,60,False,0,False,2013052228,True,0.001,0.6385,False,-9.0,20.0,0.6741573033707865,,,,49,10.159657001495361,1039.4407706260681
100,1.0,additive,0.6,0.1,1.0,-11,20,80,60,False,0,True,115271496,False,0.2607,0.1783,,,,,,,,0,9.979048728942871,1039.4407706260681
100,1.0,additive,0.6,0.1,1.0,-11,20,80,60,False,0,True,268435850,False,0.3976,-0.1359,,,,,,,,1,10.462202310562134,1039.4407706260681
100,1.0,additive,0.6,0.1,1.0,-11,20,80,60,False,0,True,2079859917,False,0.5345,-0.1431,,,,,,,,2,10.116989135742188,1039.4407706260681
100,1.0,additive,0.6,0.1,1.0,-11,20,80,60,False,0,True,1743800336,False,0.1898,-0.1833,,,,,,,,3,10.706891298294067,1039.4407706260681
100,1.0,additive,0.6,0.1,1.0,-11,20,80,60,False,0,True,554801892,False,0.2028,0.189,,,,,,,,4,10.13923954963684,1039.4407706260681
100,1.0,additive,0.6,0.1,1.0,-11,20,80,60,False,0,True,218742311,False,0.4895,-0.12,,,,,,,,5,10.042114496231079,1039.4407706260681
100,1.0,additive,0.6,0.1,1.0,-11,20,80,60,False,0,True,371906665,False,0.952,0.0823,,,,,,,,6,10.747461080551147,1039.4407706260681
100,1.0,additive,0.6,0.1,1.0,-11,20,80,60,False,0,True,35847084,False,0.7213,0.09,,,,,,,,7,10.051421880722046,1039.4407706260681
100,1.0,additive,0.6,0.1,1.0,-11,20,80,60,False,0,True,994332288,False,0.1758,0.1795,,,,,,,,8,10.306456804275513,1039.4407706260681
100,1.0,additive,0.6,0.1,1.0,-11,20,80,60,False,0,True,658272707,False,0.1389,0.184,,,,,,,,9,10.162332773208618,1039.4407706260681
100,1.0,additive,0.6,0.1,1.0,-11,20,80,60,False,0,True,1664375924,False,0.999,-0.0642,,,,,,,,10,9.984659194946289,1039.4407706260681
100,1.0,additive,0.6,0.1,1.0,-11,20,80,60,False,0,True,475377480,False,0.7912,0.0992,,,,,,,,11,10.20930552482605,1039.4407706260681
100,1.0,additive,0.6,0.1,1.0,-11,20,80,60,False,0,True,139317899,False,0.8022,0.105,,,,,,,,12,9.98715329170227,1039.4407706260681
100,1.0,additive,0.6,0.1,1.0,-11,20,80,60,False,0,True,1097803103,False,0.2268,-0.1834,,,,,,,,13,10.295479774475098,1039.4407706260681
100,1.0,additive,0.6,0.1,1.0,-11,20,80,60,False,0,True,2103906320,False,0.6723,0.1275,,,,,,,,14,17.459134340286255,1039.4407706260681
100,1.0,additive,0.6,0.1,1.0,-11,20,80,60,False,0,True,1767846739,False,0.3796,-0.1646,,,,,,,,15,10.449933290481567,1039.4407706260681
100,1.0,additive,0.6,0.1,1.0,-11,20,80,60,False,0,True,578848295,False,0.7822,-0.1175,,,,,,,,16,10.078059673309326,1039.4407706260681
100,1.0,additive,0.6,0.1,1.0,-11,20,80,60,False,0,True,242788714,False,0.1888,0.2146,,,,,,,,17,10.084827899932861,1039.4407706260681
100,1.0,additive,0.6,0.1,1.0,-11,20,80,60,False,0,True,395953068,False,0.5974,-0.1216,,,,,,,,18,10.4750657081604,1039.4407706260681
100,1.0,additive,0.6,0.1,1.0,-11,20,80,60,False,0,True,59893487,False,0.8012,-0.1064,,,,,,,,19,10.003430128097534,1039.4407706260681
100,1.0,additive,0.6,0.1,1.0,-11,20,80,60,False,0,True,1018378691,False,0.4995,0.1188,,,,,,,,20,10.15342116355896,1039.4407706260681
100,1.0,additive,0.6,0.1,1.0,-11,20,80,60,False,0,True,682319110,False,0.9021,0.0996,,,,,,,,21,10.10892629623413,1039.4407706260681
100,1.0,additive,0.6,0.1,1.0,-11,20,80,60,False,0,True,1688422327,False,0.1608,0.1774,,,,,,,,22,9.973931550979614,1039.4407706260681
100,1.0,additive,0.6,0.1,1.0,-11,20,80,60,False,0,True,499423883,False,0.7373,-0.1075,,,,,,,,23,10.309401750564575,1039.4407706260681
100,1.0,additive,0.6,0.1,1.0,-11,20,80,60,False,0,True,163364302,False,0.7353,0.122,,,,,,,,24,10.167368412017822,1039.4407706260681
100,1.0,additive,0.6,0.1,1.0,-11,20,80,60,False,0,True,1121849506,False,0.1738,-0.1851,,,,,,,,25,10.437447786331177,1039.4407706260681
100,1.0,additive,0.6,0.1,1.0,-11,20,80,60,False,0,True,2127952723,False,0.955,0.0898,,,,,,,,26,10.108699560165405,1039.4407706260681
100,1.0,additive,0.6,0.1,1.0,-11,20,80,60,False,0,True,938954279,False,0.3087,0.1529,,,,,,,,27,10.050885677337646,1039.4407706260681
100,1.0,additive,0.6,0.1,1.0,-11,20,80,60,False,0,True,602894698,False,0.0979,-0.2026,,,,,,,,28,10.086294889450073,1039.4407706260681
100,1.0,additive,0.6,0.1,1.0,-11,20,80,60,False,0,True,266835117,False,0.1788,0.1695,,,,,,,,29,9.96938180923462,1039.4407706260681
100,1.0,additive,0.6,0.1,1.0,-11,20,80,60,False,0,True,1225320321,False,0.9221,-0.0971,,,,,,,,30,9.77929425239563,1039.4407706260681
100,1.0,additive,0.6,0.1,1.0,-11,20,80,60,False,0,True,83939890,False,0.989,-0.0804,,,,,,,,31,10.120618104934692,1039.4407706260681
100,1.0,additive,0.6,0.1,1.0,-11,20,80,60,False,0,True,1042425094,False,0.8811,0.0941,,,,,,,,32,9.988082647323608,1039.4407706260681
100,1.0,additive,0.6,0.1,1.0,-11,20,80,60,False,0,True,706365513,False,0.3626,-0.1536,,,,,,,,33,10.261902332305908,1039.4407706260681
100,1.0,additive,0.6,0.1,1.0,-11,20,80,60,False,0,True,1664850717,False,0.1059,0.2264,,,,,,,,34,10.069138765335083,1039.4407706260681
100,1.0,additive,0.6,0.1,1.0,-11,20,80,60,False,0,True,523470286,False,0.6024,-0.1352,,,,,,,,35,10.012928485870361,1039.4407706260681
100,1.0,additive,0.6,0.1,1.0,-11,20,80,60,False,0,True,187410705,False,0.3506,-0.1584,,,,,,,,36,10.388356447219849,1039.4407706260681
100,1.0,additive,0.6,0.1,1.0,-11,20,80,60,False,0,True,1145895909,True,0.028,-0.2358,,,,,,,,37,10.040469408035278,1039.4407706260681
100,1.0,additive,0.6,0.1,1.0,-11,20,80,60,False,0,True,809836328,False,0.1339,0.1679,,,,,,,,38,10.36941146850586,1039.4407706260681
100,1.0,additive,0.6,0.1,1.0,-11,20,80,60,False,0,True,963000682,False,0.3646,0.1476,,,,,,,,39,10.22643256187439,1039.4407706260681
100,1.0,additive,0.6,0.1,1.0,-11,20,80,60,False,0,True,626941101,False,0.972,-0.0679,,,,,,,,40,9.995920658111572,1039.4407706260681
100,1.0,additive,0.6,0.1,1.0,-11,20,80,60,False,0,True,290881520,False,0.2308,0.1635,,,,,,,,41,10.102579116821289,1039.4407706260681
100,1.0,additive,0.6,0.1,1.0,-11,20,80,60,False,0,True,1249366724,False,0.3596,-0.177,,,,,,,,42,10.05039644241333,1039.4407706260681
100,1.0,additive,0.6,0.1,1.0,-11,20,80,60,False,0,True,107986293,False,0.954,0.0847,,,,,,,,43,9.996893644332886,1039.4407706260681
100,1.0,additive,0.6,0.1,1.0,-11,20,80,60,False,0,True,1066471497,False,0.957,0.0746,,,,,,,,44,10.701492071151733,1039.4407706260681
100,1.0,additive,0.6,0.1,1.0,-11,20,80,60,False,0,True,730411916,False,0.7173,-0.1054,,,,,,,,45,10.123605012893677,1039.4407706260681
100,1.0,additive,0.6,0.1,1.0,-11,20,80,60,False,0,True,1688897120,False,0.5205,0.1375,,,,,,,,46,10.197358131408691,1039.4407706260681
100,1.0,additive,0.6,0.1,1.0,-11,20,80,60,False,0,True,547516689,False,0.8821,0.0882,,,,,,,,47,10.215645551681519,1039.4407706260681
100,1.0,additive,0.6,0.1,1.0,-11,20,80,60,False,0,True,211457108,False,0.9471,0.0803,,,,,,,,48,16.910451650619507,1039.4407706260681
100,1.0,additive,0.6,0.1,1.0,-11,20,80,60,False,0,True,1169942312,False,0.4985,-0.1275,,,,,,,,49,10.574767589569092,1039.4407706260681
100,1.0,additive,0.7,0.1,1.0,-11,20,80,60,False,0,False,364756631,True,0.001,0.6602,False,-18.0,0.0,0.7692307692307693,,,,0,10.119882106781006,1055.6080696582794
100,1.0,additive,0.7,0.1,1.0,-11,20,80,60,False,0,False,1370859848,True,0.001,0.5543,False,0.0,5.0,0.9230769230769231,,,,1,15.024783611297607,1055.6080696582794
100,1.0,additive,0.7,0.1,1.0,-11,20,80,60,False,0,False,181861404,True,0.001,0.6527,False,-19.0,6.0,0.7058823529411765,,,,2,10.23462724685669,1055.6080696582794
100,1.0,additive,0.7,0.1,1.0,-11,20,80,60,False,0,False,1993285471,True,0.001,0.6404,False,-3.0,9.0,0.8333333333333334,,,,3,10.102678775787354,1055.6080696582794
100,1.0,additive,0.7,0.1,1.0,-11,20,80,60,False,0,False,804287027,True,0.001,0.6452,False,-20.0,15.0,0.631578947368421,,,,4,10.017574787139893,1055.6080696582794
100,1.0,additive,0.7,0.1,1.0,-11,20,80,60,False,0,False,1810390244,True,0.001,0.5092,False,0.0,20.0,0.75,,,,5,10.53916883468628,1055.6080696582794
100,1.0,additive,0.7,0.1,1.0,-11,20,80,60,False,0,False,621391800,True,0.001,0.6459,False,-14.0,18.0,0.6521739130434783,,,,6,10.545701503753662,1055.6080696582794
100,1.0,additive,0.7,0.1,1.0,-11,20,80,60,False,0,False,285332219,True,0.001,0.6512,False,-19.0,7.0,0.6976744186046512,,,,7,9.963054895401001,1055.6080696582794
100,1.0,additive,0.7,0.1,1.0,-11,20,80,60,False,0,False,2096756286,True,0.001,0.6136,False,-1.0,5.0,0.9090909090909091,,,,8,10.243503093719482,1055.6080696582794
100,1.0,additive,0.7,0.1,1.0,-11,20,80,60,False,0,False,102436992,True,0.001,0.5762,False,-3.0,1.0,0.9375,,,,9,10.095561265945435,1055.6080696582794
100,1.0,additive,0.7,0.1,1.0,-11,20,80,60,False,0,False,1913861059,True,0.001,0.6617,False,-18.0,20.0,0.6122448979591837,,,,10,14.593057870864868,1055.6080696582794
100,1.0,additive,0.7,0.1,1.0,-11,20,80,60,False,0,False,724862615,True,0.001,0.5987,False,-8.0,8.0,0.7894736842105263,,,,11,10.273767948150635,1055.6080696582794
100,1.0,additive,0.7,0.1,1.0,-11,20,80,60,False,0,False,388803034,True,0.001,0.5953,False,-1.0,2.0,0.9523809523809523,,,,12,10.227858066558838,1055.6080696582794
100,1.0,additive,0.7,0.1,1.0,-11,20,80,60,False,0,False,1347288238,True,0.001,0.5889,False,-11.0,17.0,0.6818181818181818,,,,13,9.954506397247314,1055.6080696582794
100,1.0,additive,0.7,0.1,1.0,-11,20,80,60,False,0,False,205907807,True,0.001,0.706,False,-19.0,17.0,0.625,,,,14,10.05776071548462,1055.6080696582794
100,1.0,additive,0.7,0.1,1.0,-11,20,80,60,False,0,False,2017331874,True,0.001,0.6376,False,-20.0,3.0,0.7228915662650602,,,,15,10.359667301177979,1055.6080696582794
100,1.0,additive,0.7,0.1,1.0,-11,20,80,60,False,0,False,828333430,True,0.001,0.6207,False,-7.0,15.0,0.7317073170731707,,,,16,10.55384349822998,1055.6080696582794
100,1.0,additive,0.7,0.1,1.0,-11,20,80,60,False,0,False,492273849,True,0.001,0.6302,False,-4.0,0.0,0.9375,,,,17,10.280176877975464,1055.6080696582794
100,1.0,additive,0.7,0.1,1.0,-11,20,80,60,False,0,False,645438203,True,0.001,0.6301,False,-9.0,15.0,0.7142857142857143,,,,18,10.025629997253418,1055.6080696582794
100,1.0,additive,0.7,0.1,1.0,-11,20,80,60,False,0,False,309378622,True,0.001,0.6105,False,-2.0,3.0,0.9230769230769231,,,,19,10.163667917251587,1055.6080696582794
100,1.0,additive,0.7,0.1,1.0,-11,20,80,60,False,0,False,2120802689,True,0.001,0.6428,False,-17.0,20.0,0.6185567010309279,,,,20,10.192832708358765,1055.6080696582794
100,1.0,additive,0.7,0.1,1.0,-11,20,80,60,False,0,False,931804245,True,0.001,0.6425,False,-12.0,13.0,0.7058823529411765,,,,21,10.138222455978394,1055.6080696582794
100,1.0,additive,0.7,0.1,1.0,-11,20,80,60,False,0,False,1937907462,True,0.001,0.6526,False,-10.0,13.0,0.7228915662650602,,,,22,10.275562763214111,1055.6080696582794
100,1.0,additive,0.7,0.1,1.0,-11,20,80,60,False,0,False,748909018,True,0.001,0.6594,False,-2.0,14.0,0.7894736842105263,,,,23,10.15217924118042,1055.6080696582794
100,1.0,additive,0.7,0.1,1.0,-11,20,80,60,False,0,False,412849437,True,0.001,0.6271,False,-13.0,12.0,0.7058823529411765,,,,24,10.054554224014282,1055.6080696582794
100,1.0,additive,0.7,0.1,1.0,-11,20,80,60,False,0,False,1371334641,True,0.001,0.6281,False,-6.0,10.0,0.7894736842105263,,,,25,10.167076110839844,1055.6080696582794
100,1.0,additive,0.7,0.1,1.0,-11,20,80,60,False,0,False,229954210,True,0.001,0.6825,False,-7.0,15.0,0.7317073170731707,,,,26,10.081960678100586,1055.6080696582794
100,1.0,additive,0.7,0.1,1.0,-11,20,80,60,False,0,False,2041378277,True,0.001,0.6878,False,-2.0,6.0,0.8823529411764706,,,,27,10.145262479782104,1055.6080696582794
100,1.0,additive,0.7,0.1,1.0,-11,20,80,60,False,0,False,852379833,True,0.001,0.5987,False,-20.0,0.0,0.75,,,,28,10.241442918777466,1055.6080696582794
100,1.0,additive,0.7,0.1,1.0,-11,20,80,60,False,0,False,516320252,True,0.001,0.5949,False,-8.0,5.0,0.821917808219178,,,,29,10.153684616088867,1055.6080696582794
100,1.0,additive,0.7,0.1,1.0,-11,20,80,60,False,0,False,669484606,True,0.001,0.6026,False,0.0,12.0,0.8333333333333334,,,,30,10.396147727966309,1055.6080696582794
100,1.0,additive,0.7,0.1,1.0,-11,20,80,60,False,0,False,333425025,True,0.001,0.642,False,-13.0,20.0,0.6451612903225806,,,,31,10.074963569641113,1055.6080696582794
100,1.0,additive,0.7,0.1,1.0,-11,20,80,60,False,0,False,1291910229,True,0.001,0.6378,False,-11.0,11.0,0.7317073170731707,,,,32,10.326406717300415,1055.6080696582794
100,1.0,additive,0.7,0.1,1.0,-11,20,80,60,False,0,False,955850648,True,0.001,0.6044,False,-20.0,13.0,0.6451612903225806,,,,33,9.491326332092285,1055.6080696582794
100,1.0,additive,0.7,0.1,1.0,-11,20,80,60,False,0,False,619791067,True,0.001,0.6235,False,-20.0,20.0,0.6,,,,34,9.9615318775177,1055.6080696582794
100,1.0,additive,0.7,0.1,1.0,-11,20,80,60,False,0,False,772955421,True,0.001,0.6274,False,-20.0,20.0,0.6,,,,35,10.433036088943481,1055.6080696582794
100,1.0,additive,0.7,0.1,1.0,-11,20,80,60,False,0,False,436895840,True,0.001,0.6388,False,-20.0,2.0,0.7317073170731707,,,,36,10.231993675231934,1055.6080696582794
100,1.0,additive,0.7,0.1,1.0,-11,20,80,60,False,0,False,1395381044,True,0.001,0.6633,False,-5.0,20.0,0.7058823529411765,,,,37,10.162179470062256,1055.6080696582794
100,1.0,additive,0.7,0.1,1.0,-11,20,80,60,False,0,False,1059321463,True,0.001,0.6318,False,-13.0,2.0,0.8,,,,38,13.704009294509888,1055.6080696582794
100,1.0,additive,0.7,0.1,1.0,-11,20,80,60,False,0,False,1212485817,True,0.001,0.5956,False,-11.0,19.0,0.6666666666666666,,,,39,10.34440016746521,1055.6080696582794
100,1.0,additive,0.7,0.1,1.0,-11,20,80,60,False,0,False,876426236,True,0.001,0.6266,False,-20.0,5.0,0.7058823529411765,,,,40,10.531426668167114,1055.6080696582794
100,1.0,additive,0.7,0.1,1.0,-11,20,80,60,False,0,False,540366655,True,0.001,0.625,False,-3.0,18.0,0.7407407407407407,,,,41,9.964494228363037,1055.6080696582794
100,1.0,additive,0.7,0.1,1.0,-11,20,80,60,False,0,False,1498851859,True,0.001,0.6512,False,-18.0,19.0,0.6185567010309279,,,,42,10.336472272872925,1055.6080696582794
100,1.0,additive,0.7,0.1,1.0,-11,20,80,60,False,0,False,357471428,True,0.001,0.6231,False,-1.0,2.0,0.9523809523809523,,,,43,10.148510217666626,1055.6080696582794
100,1.0,additive,0.7,0.1,1.0,-11,20,80,60,False,0,False,1315956632,True,0.001,0.6343,False,-16.0,0.0,0.7894736842105263,,,,44,10.013957262039185,1055.6080696582794
100,1.0,additive,0.7,0.1,1.0,-11,20,80,60,False,0,False,979897051,True,0.001,0.6205,False,-17.0,2.0,0.759493670886076,,,,45,10.234673738479614,1055.6080696582794
100,1.0,additive,0.7,0.1,1.0,-11,20,80,60,False,0,False,643837470,True,0.001,0.5993,False,1.0,0.0,0.9833333333333333,,,,46,10.195895671844482,1055.6080696582794
100,1.0,additive,0.7,0.1,1.0,-11,20,80,60,False,0,False,797001824,True,0.001,0.5764,False,-20.0,5.0,0.7058823529411765,,,,47,10.08789849281311,1055.6080696582794
100,1.0,additive,0.7,0.1,1.0,-11,20,80,60,False,0,False,460942243,True,0.001,0.6408,False,-6.0,18.0,0.7142857142857143,,,,48,10.412071943283081,1055.6080696582794
100,1.0,additive,0.7,0.1,1.0,-11,20,80,60,False,0,False,1419427447,True,0.001,0.6398,False,-2.0,20.0,0.7317073170731707,,,,49,10.234145641326904,1055.6080696582794
100,1.0,additive,0.7,0.1,1.0,-11,20,80,60,False,0,True,1669130363,False,0.4266,-0.1525,,,,,,,,0,10.413252592086792,1055.6080696582794
100,1.0,additive,0.7,0.1,1.0,-11,20,80,60,False,0,True,527749932,False,0.6284,0.1355,,,,,,,,1,10.713167428970337,1055.6080696582794
100,1.0,additive,0.7,0.1,1.0,-11,20,80,60,False,0,True,1486235136,False,0.9491,-0.0879,,,,,,,,2,10.165278434753418,1055.6080696582794
100,1.0,additive,0.7,0.1,1.0,-11,20,80,60,False,0,True,1150175555,False,0.9341,-0.0967,,,,,,,,3,10.346776008605957,1055.6080696582794
100,1.0,additive,0.7,0.1,1.0,-11,20,80,60,False,0,True,2108660759,False,0.8022,0.1127,,,,,,,,4,12.997941732406616,1055.6080696582794
100,1.0,additive,0.7,0.1,1.0,-11,20,80,60,False,0,True,967280328,False,0.6843,0.12,,,,,,,,5,10.121289014816284,1055.6080696582794
100,1.0,additive,0.7,0.1,1.0,-11,20,80,60,False,0,True,1925765532,False,0.1189,0.2029,,,,,,,,6,10.118242263793945,1055.6080696582794
100,1.0,additive,0.7,0.1,1.0,-11,20,80,60,False,0,True,1589705951,False,0.7542,-0.1245,,,,,,,,7,10.03940463066101,1055.6080696582794
100,1.0,additive,0.7,0.1,1.0,-11,20,80,60,False,0,True,1253646370,False,0.7642,-0.1142,,,,,,,,8,10.169552087783813,1055.6080696582794
100,1.0,additive,0.7,0.1,1.0,-11,20,80,60,False,0,True,1406810724,False,0.7722,-0.0919,,,,,,,,9,10.948970079421997,1055.6080696582794
100,1.0,additive,0.7,0.1,1.0,-11,20,80,60,False,0,True,1070751143,False,0.7403,0.0984,,,,,,,,10,10.51688838005066,1055.6080696582794
100,1.0,additive,0.7,0.1,1.0,-11,20,80,60,False,0,True,2029236347,True,0.006,0.2795,,,,,,,,11,10.155093908309937,1055.6080696582794
100,1.0,additive,0.7,0.1,1.0,-11,20,80,60,False,0,True,1693176766,False,0.1708,-0.1895,,,,,,,,12,10.012208461761475,1055.6080696582794
100,1.0,additive,0.7,0.1,1.0,-11,20,80,60,False,0,True,504178322,False,0.9431,0.0871,,,,,,,,13,10.250093698501587,1055.6080696582794
100,1.0,additive,0.7,0.1,1.0,-11,20,80,60,False,0,True,1510281539,False,0.4505,-0.1303,,,,,,,,14,9.930481672286987,1055.6080696582794
100,1.0,additive,0.7,0.1,1.0,-11,20,80,60,False,0,True,1174221958,False,0.4046,0.1488,,,,,,,,15,10.249334812164307,1055.6080696582794
100,1.0,additive,0.7,0.1,1.0,-11,20,80,60,False,0,True,2132707162,False,0.1109,-0.205,,,,,,,,16,10.167365312576294,1055.6080696582794
100,1.0,additive,0.7,0.1,1.0,-11,20,80,60,False,0,True,1796647581,False,0.7333,-0.1195,,,,,,,,17,10.109061479568481,1055.6080696582794
100,1.0,additive,0.7,0.1,1.0,-11,20,80,60,False,0,True,1949811935,False,0.8092,-0.1052,,,,,,,,18,10.586793422698975,1055.6080696582794
100,1.0,additive,0.7,0.1,1.0,-11,20,80,60,False,0,True,1613752354,False,0.1249,0.1832,,,,,,,,19,10.249173164367676,1055.6080696582794
100,1.0,additive,0.7,0.1,1.0,-11,20,80,60,False,0,True,1277692773,False,0.9171,0.0871,,,,,,,,20,10.271788120269775,1055.6080696582794
100,1.0,additive,0.7,0.1,1.0,-11,20,80,60,False,0,True,88694329,False,0.6074,-0.1241,,,,,,,,21,10.503402948379517,1055.6080696582794
100,1.0,additive,0.7,0.1,1.0,-11,20,80,60,False,0,True,1094797546,False,0.9481,-0.0884,,,,,,,,22,10.21550464630127,1055.6080696582794
100,1.0,additive,0.7,0.1,1.0,-11,20,80,60,False,0,True,2053282750,False,0.3726,0.1632,,,,,,,,23,10.405038833618164,1055.6080696582794
100,1.0,additive,0.7,0.1,1.0,-11,20,80,60,False,0,True,1717223169,False,0.6184,-0.1086,,,,,,,,24,10.139914751052856,1055.6080696582794
100,1.0,additive,0.7,0.1,1.0,-11,20,80,60,False,0,True,528224725,False,0.2797,0.1467,,,,,,,,25,10.111265420913696,1055.6080696582794
100,1.0,additive,0.7,0.1,1.0,-11,20,80,60,False,0,True,1534327942,False,0.1698,-0.1726,,,,,,,,26,10.677740097045898,1055.6080696582794
100,1.0,additive,0.7,0.1,1.0,-11,20,80,60,False,0,True,1198268361,False,0.4286,-0.1365,,,,,,,,27,10.15494990348816,1055.6080696582794
100,1.0,additive,0.7,0.1,1.0,-11,20,80,60,False,0,True,9269917,False,0.1858,-0.2073,,,,,,,,28,13.512730121612549,1055.6080696582794
100,1.0,additive,0.7,0.1,1.0,-11,20,80,60,False,0,True,1820693984,False,0.7932,0.1175,,,,,,,,29,10.174577713012695,1055.6080696582794
100,1.0,additive,0.7,0.1,1.0,-11,20,80,60,False,0,True,1973858338,False,0.6783,-0.1456,,,,,,,,30,10.24920916557312,1055.6080696582794
100,1.0,additive,0.7,0.1,1.0,-11,20,80,60,False,0,True,1637798757,False,0.4216,-0.1572,,,,,,,,31,16.99582314491272,1055.6080696582794
100,1.0,additive,0.7,0.1,1.0,-11,20,80,60,False,0,True,448800313,False,0.3806,-0.1726,,,,,,,,32,10.670271635055542,1055.6080696582794
100,1.0,additive,0.7,0.1,1.0,-11,20,80,60,False,0,True,112740732,False,0.5345,-0.1315,,,,,,,,33,10.150482892990112,1055.6080696582794
100,1.0,additive,0.7,0.1,1.0,-11,20,80,60,False,0,True,1924164799,False,0.3556,0.1479,,,,,,,,34,10.009022951126099,1055.6080696582794
100,1.0,additive,0.7,0.1,1.0,-11,20,80,60,False,0,True,2077329153,False,0.3177,-0.1562,,,,,,,,35,10.308860540390015,1055.6080696582794
100,1.0,additive,0.7,0.1,1.0,-11,20,80,60,False,0,True,1741269572,False,0.8711,0.0895,,,,,,,,36,10.384643793106079,1055.6080696582794
100,1.0,additive,0.7,0.1,1.0,-11,20,80,60,False,0,True,552271128,False,0.3437,0.1722,,,,,,,,37,10.449389457702637,1055.6080696582794
100,1.0,additive,0.7,0.1,1.0,-11,20,80,60,False,0,True,216211547,False,0.3337,-0.1443,,,,,,,,38,10.19220232963562,1055.6080696582794
100,1.0,additive,0.7,0.1,1.0,-11,20,80,60,False,0,True,369375901,False,0.7522,0.1037,,,,,,,,39,10.042208194732666,1055.6080696582794
100,1.0,additive,0.7,0.1,1.0,-11,20,80,60,False,0,True,33316320,False,0.3896,0.1499,,,,,,,,40,10.570632934570312,1055.6080696582794
100,1.0,additive,0.7,0.1,1.0,-11,20,80,60,False,0,True,1844740387,False,0.1658,-0.1909,,,,,,,,41,10.121349573135376,1055.6080696582794
100,1.0,additive,0.7,0.1,1.0,-11,20,80,60,False,0,True,655741943,False,0.2438,-0.1661,,,,,,,,42,10.316118717193604,1055.6080696582794
100,1.0,additive,0.7,0.1,1.0,-11,20,80,60,False,0,True,1661845160,False,0.8631,0.1043,,,,,,,,43,10.153317928314209,1055.6080696582794
100,1.0,additive,0.7,0.1,1.0,-11,20,80,60,False,0,True,472846716,False,0.5884,0.1323,,,,,,,,44,10.166074275970459,1055.6080696582794
100,1.0,additive,0.7,0.1,1.0,-11,20,80,60,False,0,True,136787135,False,0.1588,0.1969,,,,,,,,45,14.90528678894043,1055.6080696582794
100,1.0,additive,0.7,0.1,1.0,-11,20,80,60,False,0,True,1948211202,False,0.958,0.0888,,,,,,,,46,10.076321125030518,1055.6080696582794
100,1.0,additive,0.7,0.1,1.0,-11,20,80,60,False,0,True,2101375556,False,0.4286,-0.1473,,,,,,,,47,10.281906127929688,1055.6080696582794
100,1.0,additive,0.7,0.1,1.0,-11,20,80,60,False,0,True,1765315975,False,0.8142,0.0991,,,,,,,,48,10.143021821975708,1055.6080696582794
100,1.0,additive,0.7,0.1,1.0,-11,20,80,60,False,0,True,576317531,False,0.966,-0.0776,,,,,,,,49,12.314277172088623,1055.6080696582794
100,1.0,additive,0.8,0.1,1.0,-11,20,80,60,False,0,False,367167717,True,0.001,0.5953,False,0.0,17.0,0.7792207792207793,,,,0,10.322681903839111,1140.2750585079193
100,1.0,additive,0.8,0.1,1.0,-11,20,80,60,False,0,False,1373270934,True,0.001,0.597,False,-3.0,0.0,0.9523809523809523,,,,1,10.51265287399292,1140.2750585079193
100,1.0,additive,0.8,0.1,1.0,-11,20,80,60,False,0,False,1037211353,True,0.001,0.6619,False,-20.0,14.0,0.6382978723404256,,,,2,10.498980283737183,1140.2750585079193
100,1.0,additive,0.8,0.1,1.0,-11,20,80,60,False,0,False,1995696557,True,0.001,0.6262,False,-18.0,8.0,0.6976744186046512,,,,3,10.134612798690796,1140.2750585079193
100,1.0,additive,0.8,0.1,1.0,-11,20,80,60,False,0,False,1659636976,True,0.001,0.6431,False,-3.0,14.0,0.7792207792207793,,,,4,13.340975999832153,1140.2750585079193
100,1.0,additive,0.8,0.1,1.0,-11,20,80,60,False,0,False,1812801330,True,0.001,0.614,False,-19.0,0.0,0.759493670886076,,,,5,10.192692995071411,1140.2750585079193
100,1.0,additive,0.8,0.1,1.0,-11,20,80,60,False,0,False,1476741749,True,0.001,0.6573,False,-9.0,19.0,0.6818181818181818,,,,6,11.901402473449707,1140.2750585079193
100,1.0,additive,0.8,0.1,1.0,-11,20,80,60,False,0,False,1140682168,True,0.001,0.6479,False,-1.0,13.0,0.8108108108108109,,,,7,12.081166982650757,1140.2750585079193
100,1.0,additive,0.8,0.1,1.0,-11,20,80,60,False,0,False,2099167372,True,0.001,0.6322,False,-2.0,20.0,0.7317073170731707,,,,8,10.046971082687378,1140.2750585079193
100,1.0,additive,0.8,0.1,1.0,-11,20,80,60,False,0,False,957786941,True,0.001,0.5897,False,-19.0,1.0,0.75,,,,9,10.340636491775513,1140.2750585079193
100,1.0,additive,0.8,0.1,1.0,-11,20,80,60,False,0,False,1916272145,True,0.001,0.6022,False,-8.0,17.0,0.7058823529411765,,,,10,10.084367275238037,1140.2750585079193
100,1.0,additive,0.8,0.1,1.0,-11,20,80,60,False,0,False,1580212564,True,0.001,0.6216,False,-18.0,4.0,0.7317073170731707,,,,11,14.034163236618042,1140.2750585079193
100,1.0,additive,0.8,0.1,1.0,-11,20,80,60,False,0,False,391214120,True,0.001,0.6276,False,-11.0,0.0,0.8450704225352113,,,,12,10.42268681526184,1140.2750585079193
100,1.0,additive,0.8,0.1,1.0,-11,20,80,60,False,0,False,55154539,True,0.001,0.6056,False,-20.0,20.0,0.6,,,,13,10.149579763412476,1140.2750585079193
100,1.0,additive,0.8,0.1,1.0,-11,20,80,60,False,0,False,1061257756,True,0.001,0.5466,False,-8.0,2.0,0.8571428571428571,,,,14,10.18228268623352,1140.2750585079193
100,1.0,additive,0.8,0.1,1.0,-11,20,80,60,False,0,False,2019742960,True,0.001,0.6473,False,0.0,15.0,0.8,,,,15,10.025651931762695,1140.2750585079193
100,1.0,additive,0.8,0.1,1.0,-11,20,80,60,False,0,False,1683683379,True,0.001,0.6054,False,-4.0,17.0,0.7407407407407407,,,,16,15.930943489074707,1140.2750585079193
100,1.0,additive,0.8,0.1,1.0,-11,20,80,60,False,0,False,494684935,True,0.001,0.607,False,-1.0,11.0,0.8333333333333334,,,,17,10.088274955749512,1140.2750585079193
100,1.0,additive,0.8,0.1,1.0,-11,20,80,60,False,0,False,1500788152,True,0.001,0.6671,False,-9.0,1.0,0.8571428571428571,,,,18,16.079957246780396,1140.2750585079193
100,1.0,additive,0.8,0.1,1.0,-11,20,80,60,False,0,False,311789708,True,0.001,0.5036,False,0.0,1.0,0.9836065573770492,,,,19,10.070240497589111,1140.2750585079193
100,1.0,additive,0.8,0.1,1.0,-11,20,80,60,False,0,False,2123213775,True,0.001,0.6051,False,-19.0,7.0,0.6976744186046512,,,,20,13.460543394088745,1140.2750585079193
100,1.0,additive,0.8,0.1,1.0,-11,20,80,60,False,0,False,1787154194,True,0.001,0.6287,False,-9.0,7.0,0.7894736842105263,,,,21,10.018444776535034,1140.2750585079193
100,1.0,additive,0.8,0.1,1.0,-11,20,80,60,False,0,False,1940318548,True,0.001,0.6598,False,-13.0,20.0,0.6451612903225806,,,,22,12.254590034484863,1140.2750585079193
100,1.0,additive,0.8,0.1,1.0,-11,20,80,60,False,0,False,1604258967,True,0.001,0.6054,False,-17.0,6.0,0.7228915662650602,,,,23,10.293176174163818,1140.2750585079193
100,1.0,additive,0.8,0.1,1.0,-11,20,80,60,False,0,False,415260523,True,0.001,0.6178,False,-3.0,0.0,0.9523809523809523,,,,24,13.126767635345459,1140.2750585079193
100,1.0,additive,0.8,0.1,1.0,-11,20,80,60,False,0,False,79200942,True,0.001,0.6706,False,-10.0,9.0,0.759493670886076,,,,25,10.119309663772583,1140.2750585079193
100,1.0,additive,0.8,0.1,1.0,-11,20,80,60,False,0,False,232365296,True,0.001,0.6829,False,0.0,2.0,0.967741935483871,,,,26,11.132594585418701,1140.2750585079193
100,1.0,additive,0.8,0.1,1.0,-11,20,80,60,False,0,False,2043789363,True,0.001,0.6147,False,-2.0,5.0,0.8955223880597015,,,,27,14.106979370117188,1140.2750585079193
100,1.0,additive,0.8,0.1,1.0,-11,20,80,60,False,0,False,1707729782,True,0.001,0.5391,False,-5.0,5.0,0.8571428571428571,,,,28,10.46076774597168,1140.2750585079193
100,1.0,additive,0.8,0.1,1.0,-11,20,80,60,False,0,False,518731338,True,0.001,0.6543,False,-1.0,18.0,0.759493670886076,,,,29,10.098283290863037,1140.2750585079193
100,1.0,additive,0.8,0.1,1.0,-11,20,80,60,False,0,False,1524834555,True,0.001,0.5925,False,-3.0,0.0,0.9523809523809523,,,,30,10.112579107284546,1140.2750585079193
100,1.0,additive,0.8,0.1,1.0,-11,20,80,60,False,0,False,335836111,True,0.001,0.6197,False,-16.0,17.0,0.6451612903225806,,,,31,14.19655179977417,1140.2750585079193
100,1.0,additive,0.8,0.1,1.0,-11,20,80,60,False,0,False,2147260178,True,0.001,0.6573,False,-20.0,18.0,0.6122448979591837,,,,32,10.116044282913208,1140.2750585079193
100,1.0,additive,0.8,0.1,1.0,-11,20,80,60,False,0,False,1811200597,True,0.001,0.5924,False,-12.0,0.0,0.8333333333333334,,,,33,13.523690462112427,1140.2750585079193
100,1.0,additive,0.8,0.1,1.0,-11,20,80,60,False,0,False,622202153,True,0.001,0.6164,False,-20.0,18.0,0.6122448979591837,,,,34,9.983117818832397,1140.2750585079193
100,1.0,additive,0.8,0.1,1.0,-11,20,80,60,False,0,False,1628305370,True,0.001,0.5862,False,-18.0,0.0,0.7692307692307693,,,,35,10.433922052383423,1140.2750585079193
100,1.0,additive,0.8,0.1,1.0,-11,20,80,60,False,0,False,439306926,True,0.001,0.6631,False,0.0,20.0,0.75,,,,36,10.88815712928772,1140.2750585079193
100,1.0,additive,0.8,0.1,1.0,-11,20,80,60,False,0,False,103247345,True,0.001,0.5954,False,-4.0,2.0,0.9090909090909091,,,,37,10.57379150390625,1140.2750585079193
100,1.0,additive,0.8,0.1,1.0,-11,20,80,60,False,0,False,1061732549,True,0.001,0.6497,False,-13.0,20.0,0.6451612903225806,,,,38,9.647538185119629,1140.2750585079193
100,1.0,additive,0.8,0.1,1.0,-11,20,80,60,False,0,False,2067835766,True,0.001,0.6495,False,-2.0,12.0,0.8108108108108109,,,,39,10.110547065734863,1140.2750585079193
100,1.0,additive,0.8,0.1,1.0,-11,20,80,60,False,0,False,1731776185,True,0.001,0.5383,False,-3.0,1.0,0.9375,,,,40,10.387434959411621,1140.2750585079193
100,1.0,additive,0.8,0.1,1.0,-11,20,80,60,False,0,False,542777741,True,0.001,0.6413,False,-5.0,10.0,0.8,,,,41,10.145655870437622,1140.2750585079193
100,1.0,additive,0.8,0.1,1.0,-11,20,80,60,False,0,False,206718160,True,0.001,0.5788,False,-19.0,18.0,0.6185567010309279,,,,42,13.39193081855774,1140.2750585079193
100,1.0,additive,0.8,0.1,1.0,-11,20,80,60,False,0,False,359882514,True,0.001,0.6273,False,0.0,4.0,0.9375,,,,43,10.13562822341919,1140.2750585079193
100,1.0,additive,0.8,0.1,1.0,-11,20,80,60,False,0,False,23822933,True,0.001,0.6756,False,-3.0,4.0,0.8955223880597015,,,,44,10.082290887832642,1140.2750585079193
100,1.0,additive,0.8,0.1,1.0,-11,20,80,60,False,0,False,982308137,True,0.001,0.6304,False,-19.0,20.0,0.6060606060606061,,,,45,10.181138753890991,1140.2750585079193
100,1.0,additive,0.8,0.1,1.0,-11,20,80,60,False,0,False,646248556,True,0.001,0.6563,False,-9.0,-1.0,0.855072463768116,,,,46,10.254222393035889,1140.2750585079193
100,1.0,additive,0.8,0.1,1.0,-11,20,80,60,False,0,False,1652351773,True,0.001,0.5932,False,-20.0,10.0,0.6666666666666666,,,,47,10.075606346130371,1140.2750585079193
100,1.0,additive,0.8,0.1,1.0,-11,20,80,60,False,0,False,463353329,True,0.001,0.6363,False,-16.0,11.0,0.6896551724137931,,,,48,10.847994327545166,1140.2750585079193
100,1.0,additive,0.8,0.1,1.0,-11,20,80,60,False,0,False,127293748,True,0.001,0.5826,False,0.0,20.0,0.75,,,,49,10.120057106018066,1140.2750585079193
100,1.0,additive,0.8,0.1,1.0,-11,20,80,60,False,0,True,1671541449,False,0.6853,0.1254,,,,,,,,0,14.253950595855713,1140.2750585079193
100,1.0,additive,0.8,0.1,1.0,-11,20,80,60,False,0,True,530161018,False,0.1419,-0.2109,,,,,,,,1,10.219980001449585,1140.2750585079193
100,1.0,additive,0.8,0.1,1.0,-11,20,80,60,False,0,True,194101437,False,0.3447,0.1498,,,,,,,,2,10.32367730140686,1140.2750585079193
100,1.0,additive,0.8,0.1,1.0,-11,20,80,60,False,0,True,1152586641,False,0.0669,-0.2042,,,,,,,,3,10.313784122467041,1140.2750585079193
100,1.0,additive,0.8,0.1,1.0,-11,20,80,60,False,0,True,816527060,False,0.2897,0.1628,,,,,,,,4,13.087051153182983,1140.2750585079193
100,1.0,additive,0.8,0.1,1.0,-11,20,80,60,False,0,True,969691414,False,0.5844,0.1342,,,,,,,,5,15.68488883972168,1140.2750585079193
100,1.0,additive,0.8,0.1,1.0,-11,20,80,60,False,0,True,633631833,False,0.0709,0.2005,,,,,,,,6,11.251752138137817,1140.2750585079193
100,1.0,additive,0.8,0.1,1.0,-11,20,80,60,False,0,True,297572252,False,0.2757,-0.1362,,,,,,,,7,9.542261123657227,1140.2750585079193
100,1.0,additive,0.8,0.1,1.0,-11,20,80,60,False,0,True,1256057456,False,0.3107,-0.1613,,,,,,,,8,10.147624492645264,1140.2750585079193
100,1.0,additive,0.8,0.1,1.0,-11,20,80,60,False,0,True,114677025,False,0.2428,-0.1839,,,,,,,,9,15.019530773162842,1140.2750585079193
100,1.0,additive,0.8,0.1,1.0,-11,20,80,60,False,0,True,1073162229,True,0.049,-0.2602,,,,,,,,10,10.182047128677368,1140.2750585079193
100,1.0,additive,0.8,0.1,1.0,-11,20,80,60,False,0,True,737102648,False,0.5325,0.127,,,,,,,,11,11.134488821029663,1140.2750585079193
100,1.0,additive,0.8,0.1,1.0,-11,20,80,60,False,0,True,1695587852,False,0.6274,0.111,,,,,,,,12,10.384213924407959,1140.2750585079193
100,1.0,additive,0.8,0.1,1.0,-11,20,80,60,False,0,True,1359528271,False,0.8192,-0.1131,,,,,,,,13,10.621002197265625,1140.2750585079193
100,1.0,additive,0.8,0.1,1.0,-11,20,80,60,False,0,True,218147840,False,0.3876,-0.1316,,,,,,,,14,10.172762393951416,1140.2750585079193
100,1.0,additive,0.8,0.1,1.0,-11,20,80,60,False,0,True,1176633044,False,0.3616,0.1622,,,,,,,,15,10.225554704666138,1140.2750585079193
100,1.0,additive,0.8,0.1,1.0,-11,20,80,60,False,0,True,840573463,False,0.2068,-0.1746,,,,,,,,16,10.346400022506714,1140.2750585079193
100,1.0,additive,0.8,0.1,1.0,-11,20,80,60,False,0,True,1799058667,False,0.4605,-0.1397,,,,,,,,17,10.07969331741333,1140.2750585079193
100,1.0,additive,0.8,0.1,1.0,-11,20,80,60,False,0,True,657678236,False,0.2537,-0.145,,,,,,,,18,10.262608528137207,1140.2750585079193
100,1.0,additive,0.8,0.1,1.0,-11,20,80,60,False,0,True,1616163440,False,0.2557,-0.1709,,,,,,,,19,14.968043327331543,1140.2750585079193
100,1.0,additive,0.8,0.1,1.0,-11,20,80,60,False,0,True,1280103859,True,0.028,0.2617,,,,,,,,20,10.192244291305542,1140.2750585079193
100,1.0,additive,0.8,0.1,1.0,-11,20,80,60,False,0,True,944044278,False,0.1708,-0.1938,,,,,,,,21,10.19510531425476,1140.2750585079193
100,1.0,additive,0.8,0.1,1.0,-11,20,80,60,False,0,True,1097208632,False,0.9031,0.087,,,,,,,,22,10.19739294052124,1140.2750585079193
100,1.0,additive,0.8,0.1,1.0,-11,20,80,60,False,0,True,761149051,False,0.9291,-0.0896,,,,,,,,23,10.350906133651733,1140.2750585079193
100,1.0,additive,0.8,0.1,1.0,-11,20,80,60,False,0,True,1719634255,False,0.2687,-0.1662,,,,,,,,24,10.648252964019775,1140.2750585079193
100,1.0,additive,0.8,0.1,1.0,-11,20,80,60,False,0,True,1383574674,False,0.1568,-0.2004,,,,,,,,25,10.185695886611938,1140.2750585079193
100,1.0,additive,0.8,0.1,1.0,-11,20,80,60,False,0,True,1536739028,False,0.1269,-0.1884,,,,,,,,26,12.679525136947632,1140.2750585079193
100,1.0,additive,0.8,0.1,1.0,-11,20,80,60,False,0,True,1200679447,False,0.3566,-0.1495,,,,,,,,27,10.145955562591553,1140.2750585079193
100,1.0,additive,0.8,0.1,1.0,-11,20,80,60,False,0,True,864619866,False,0.6513,0.1334,,,,,,,,28,15.45364260673523,1140.2750585079193
100,1.0,additive,0.8,0.1,1.0,-11,20,80,60,False,0,True,1823105070,False,0.1878,-0.1827,,,,,,,,29,10.337472438812256,1140.2750585079193
100,1.0,additive,0.8,0.1,1.0,-11,20,80,60,False,0,True,681724639,False,0.4036,-0.1432,,,,,,,,30,12.375994682312012,1140.2750585079193
100,1.0,additive,0.8,0.1,1.0,-11,20,80,60,False,0,True,1640209843,False,0.1688,0.1675,,,,,,,,31,10.140684604644775,1140.2750585079193
100,1.0,additive,0.8,0.1,1.0,-11,20,80,60,False,0,True,1304150262,False,0.0769,-0.2225,,,,,,,,32,12.86583399772644,1140.2750585079193
100,1.0,additive,0.8,0.1,1.0,-11,20,80,60,False,0,True,968090681,False,0.1419,-0.1837,,,,,,,,33,10.752843856811523,1140.2750585079193
100,1.0,additive,0.8,0.1,1.0,-11,20,80,60,False,0,True,1926575885,False,0.5055,0.1305,,,,,,,,34,10.184378862380981,1140.2750585079193
100,1.0,additive,0.8,0.1,1.0,-11,20,80,60,False,0,True,785195454,True,0.022,-0.2552,,,,,,,,35,15.677108764648438,1140.2750585079193
100,1.0,additive,0.8,0.1,1.0,-11,20,80,60,False,0,True,1743680658,False,0.955,-0.0835,,,,,,,,36,10.473233222961426,1140.2750585079193
100,1.0,additive,0.8,0.1,1.0,-11,20,80,60,False,0,True,1407621077,False,0.982,0.0765,,,,,,,,37,17.250917673110962,1140.2750585079193
100,1.0,additive,0.8,0.1,1.0,-11,20,80,60,False,0,True,218622633,False,0.1868,-0.1933,,,,,,,,38,10.214136123657227,1140.2750585079193
100,1.0,additive,0.8,0.1,1.0,-11,20,80,60,False,0,True,1224725850,False,0.1309,-0.2009,,,,,,,,39,11.180174112319946,1140.2750585079193
100,1.0,additive,0.8,0.1,1.0,-11,20,80,60,False,0,True,888666269,False,0.5245,-0.1391,,,,,,,,40,12.463115930557251,1140.2750585079193
100,1.0,additive,0.8,0.1,1.0,-11,20,80,60,False,0,True,1847151473,False,0.991,-0.0736,,,,,,,,41,14.93433403968811,1140.2750585079193
100,1.0,additive,0.8,0.1,1.0,-11,20,80,60,False,0,True,1511091892,False,0.8382,0.0957,,,,,,,,42,10.604332208633423,1140.2750585079193
100,1.0,additive,0.8,0.1,1.0,-11,20,80,60,False,0,True,1664256246,False,0.8282,-0.0937,,,,,,,,43,15.518288612365723,1140.2750585079193
100,1.0,additive,0.8,0.1,1.0,-11,20,80,60,False,0,True,1328196665,False,0.8082,0.1074,,,,,,,,44,10.471067905426025,1140.2750585079193
100,1.0,additive,0.8,0.1,1.0,-11,20,80,60,False,0,True,139198221,False,0.4525,-0.1493,,,,,,,,45,10.091824293136597,1140.2750585079193
100,1.0,additive,0.8,0.1,1.0,-11,20,80,60,False,0,True,1950622288,False,0.7572,-0.1115,,,,,,,,46,10.080080270767212,1140.2750585079193
100,1.0,additive,0.8,0.1,1.0,-11,20,80,60,False,0,True,809241857,True,0.019,-0.2442,,,,,,,,47,14.667323589324951,1140.2750585079193
100,1.0,additive,0.8,0.1,1.0,-11,20,80,60,False,0,True,1767727061,False,0.6543,-0.1238,,,,,,,,48,10.153432369232178,1140.2750585079193
100,1.0,additive,0.8,0.1,1.0,-11,20,80,60,False,0,True,1431667480,False,0.9011,-0.1088,,,,,,,,49,14.371025800704956,1140.2750585079193
100,1.0,additive,0.82,0.1,1.0,-11,20,80,60,False,0,False,790144547,True,0.001,0.6373,False,-6.0,20.0,0.6976744186046512,,,,0,9.980673551559448,1147.3709802627563
100,1.0,additive,0.82,0.1,1.0,-11,20,80,60,False,0,False,454084966,True,0.001,0.5761,False,-2.0,11.0,0.821917808219178,,,,1,10.245909214019775,1147.3709802627563
100,1.0,additive,0.82,0.1,1.0,-11,20,80,60,False,0,False,1412570170,True,0.001,0.6867,False,-18.0,5.0,0.7228915662650602,,,,2,10.192665100097656,1147.3709802627563
100,1.0,additive,0.82,0.1,1.0,-11,20,80,60,False,0,False,171850852,True,0.001,0.6228,False,-11.0,2.0,0.821917808219178,,,,3,10.031743049621582,1147.3709802627563
100,1.0,additive,0.82,0.1,1.0,-11,20,80,60,False,0,False,1229674943,True,0.001,0.653,False,-15.0,1.0,0.7894736842105263,,,,4,11.144508838653564,1147.3709802627563
100,1.0,additive,0.82,0.1,1.0,-11,20,80,60,False,0,False,893615362,True,0.001,0.6266,False,-14.0,8.0,0.7317073170731707,,,,5,10.202010869979858,1147.3709802627563
100,1.0,additive,0.82,0.1,1.0,-11,20,80,60,False,0,False,1852100566,True,0.001,0.6695,False,-18.0,12.0,0.6666666666666666,,,,6,14.373835563659668,1147.3709802627563
100,1.0,additive,0.82,0.1,1.0,-11,20,80,60,False,0,False,611381248,True,0.001,0.5915,False,-3.0,2.0,0.9230769230769231,,,,7,10.199411153793335,1147.3709802627563
100,1.0,additive,0.82,0.1,1.0,-11,20,80,60,False,0,False,275321667,True,0.001,0.6042,False,0.0,16.0,0.7894736842105263,,,,8,13.030246257781982,1147.3709802627563
100,1.0,additive,0.82,0.1,1.0,-11,20,80,60,False,0,False,1333145758,True,0.001,0.5968,False,0.0,11.0,0.8450704225352113,,,,9,10.075546264648438,1147.3709802627563
100,1.0,additive,0.82,0.1,1.0,-11,20,80,60,False,0,False,997086177,True,0.001,0.604,False,-20.0,3.0,0.7228915662650602,,,,10,10.040360689163208,1147.3709802627563
100,1.0,additive,0.82,0.1,1.0,-11,20,80,60,False,0,False,1150250531,True,0.001,0.5691,False,-6.0,2.0,0.8823529411764706,,,,11,10.172841787338257,1147.3709802627563
100,1.0,additive,0.82,0.1,1.0,-11,20,80,60,False,0,False,714852063,True,0.001,0.581,False,-18.0,15.0,0.6451612903225806,,,,12,11.112000942230225,1147.3709802627563
100,1.0,additive,0.82,0.1,1.0,-11,20,80,60,False,0,False,1772676154,True,0.001,0.6326,False,-20.0,12.0,0.6521739130434783,,,,13,10.280545473098755,1147.3709802627563
100,1.0,additive,0.82,0.1,1.0,-11,20,80,60,False,0,False,1436616573,True,0.001,0.6344,False,-17.0,3.0,0.75,,,,14,10.024771451950073,1147.3709802627563
100,1.0,additive,0.82,0.1,1.0,-11,20,80,60,False,0,False,195897255,True,0.001,0.6566,False,-20.0,4.0,0.7142857142857143,,,,15,10.835437297821045,1147.3709802627563
100,1.0,additive,0.82,0.1,1.0,-11,20,80,60,False,0,False,1253721346,True,0.001,0.6529,False,-20.0,18.0,0.6122448979591837,,,,16,15.57975721359253,1147.3709802627563
100,1.0,additive,0.82,0.1,1.0,-11,20,80,60,False,0,False,818322878,True,0.001,0.5876,False,-19.0,6.0,0.7058823529411765,,,,17,10.271252393722534,1147.3709802627563
100,1.0,additive,0.82,0.1,1.0,-11,20,80,60,False,0,False,1876146969,True,0.001,0.6943,False,-11.0,17.0,0.6818181818181818,,,,18,15.275039196014404,1147.3709802627563
100,1.0,additive,0.82,0.1,1.0,-11,20,80,60,False,0,False,1540087388,True,0.001,0.6021,False,-10.0,0.0,0.8571428571428571,,,,19,10.437899589538574,1147.3709802627563
100,1.0,additive,0.82,0.1,1.0,-11,20,80,60,False,0,False,1693251742,True,0.001,0.622,False,-15.0,17.0,0.6521739130434783,,,,20,16.431190013885498,1147.3709802627563
100,1.0,additive,0.82,0.1,1.0,-11,20,80,60,False,0,False,1357192161,True,0.001,0.6175,False,-20.0,18.0,0.6122448979591837,,,,21,11.068272590637207,1147.3709802627563
100,1.0,additive,0.82,0.1,1.0,-11,20,80,60,False,0,False,921793693,True,0.001,0.6865,False,-4.0,19.0,0.7228915662650602,,,,22,13.54579210281372,1147.3709802627563
100,1.0,additive,0.82,0.1,1.0,-11,20,80,60,False,0,False,1979617784,True,0.001,0.6114,False,-11.0,19.0,0.6666666666666666,,,,23,10.308964014053345,1147.3709802627563
100,1.0,additive,0.82,0.1,1.0,-11,20,80,60,False,0,False,738898466,True,0.001,0.6212,False,-9.0,4.0,0.821917808219178,,,,24,17.89957594871521,1147.3709802627563
100,1.0,additive,0.82,0.1,1.0,-11,20,80,60,False,0,False,1796722557,True,0.001,0.6539,False,-4.0,0.0,0.9375,,,,25,10.418382406234741,1147.3709802627563
100,1.0,additive,0.82,0.1,1.0,-11,20,80,60,False,0,False,1460662976,True,0.001,0.5996,False,-12.0,14.0,0.6976744186046512,,,,26,10.206039190292358,1147.3709802627563
100,1.0,additive,0.82,0.1,1.0,-11,20,80,60,False,0,False,1025264508,True,0.001,0.6491,False,-14.0,4.0,0.7692307692307693,,,,27,10.074667930603027,1147.3709802627563
100,1.0,additive,0.82,0.1,1.0,-11,20,80,60,False,0,False,1178428862,True,0.001,0.6149,False,-13.0,14.0,0.6896551724137931,,,,28,10.239818811416626,1147.3709802627563
100,1.0,additive,0.82,0.1,1.0,-11,20,80,60,False,0,False,842369281,True,0.001,0.5832,False,-15.0,10.0,0.7058823529411765,,,,29,10.258896827697754,1147.3709802627563
100,1.0,additive,0.82,0.1,1.0,-11,20,80,60,False,0,False,1900193372,True,0.001,0.6201,False,-11.0,7.0,0.7692307692307693,,,,30,10.291502237319946,1147.3709802627563
100,1.0,additive,0.82,0.1,1.0,-11,20,80,60,False,0,False,1564133791,True,0.001,0.6138,False,-13.0,17.0,0.6666666666666666,,,,31,10.407339334487915,1147.3709802627563
100,1.0,additive,0.82,0.1,1.0,-11,20,80,60,False,0,False,1617959258,True,0.001,0.6342,False,-11.0,19.0,0.6666666666666666,,,,32,10.199681997299194,1147.3709802627563
100,1.0,additive,0.82,0.1,1.0,-11,20,80,60,False,0,False,1281899677,True,0.001,0.5667,False,-20.0,4.0,0.7142857142857143,,,,33,10.2689049243927,1147.3709802627563
100,1.0,additive,0.82,0.1,1.0,-11,20,80,60,False,0,False,945840096,True,0.001,0.6344,False,-20.0,4.0,0.7142857142857143,,,,34,10.08474063873291,1147.3709802627563
100,1.0,additive,0.82,0.1,1.0,-11,20,80,60,False,0,False,2003664187,True,0.001,0.6151,False,-7.0,7.0,0.8108108108108109,,,,35,10.341116666793823,1147.3709802627563
100,1.0,additive,0.82,0.1,1.0,-11,20,80,60,False,0,False,762944869,True,0.001,0.5745,False,-15.0,0.0,0.8,,,,36,10.094970226287842,1147.3709802627563
100,1.0,additive,0.82,0.1,1.0,-11,20,80,60,False,0,False,1721430073,True,0.001,0.563,False,-1.0,0.0,0.9836065573770492,,,,37,10.12520146369934,1147.3709802627563
100,1.0,additive,0.82,0.1,1.0,-11,20,80,60,False,0,False,1385370492,True,0.001,0.641,False,-20.0,6.0,0.6976744186046512,,,,38,13.414327383041382,1147.3709802627563
100,1.0,additive,0.82,0.1,1.0,-11,20,80,60,False,0,False,295710935,True,0.001,0.581,False,-3.0,0.0,0.9523809523809523,,,,39,12.973133325576782,1147.3709802627563
100,1.0,additive,0.82,0.1,1.0,-11,20,80,60,False,0,False,1202475265,True,0.001,0.6719,False,-20.0,12.0,0.6521739130434783,,,,40,13.76266360282898,1147.3709802627563
100,1.0,additive,0.82,0.1,1.0,-11,20,80,60,False,0,False,866415684,True,0.001,0.6348,False,-20.0,1.0,0.7407407407407407,,,,41,10.13173532485962,1147.3709802627563
100,1.0,additive,0.82,0.1,1.0,-11,20,80,60,False,0,False,1824900888,True,0.001,0.6555,False,-5.0,16.0,0.7407407407407407,,,,42,13.150489568710327,1147.3709802627563
100,1.0,additive,0.82,0.1,1.0,-11,20,80,60,False,0,False,1488841307,True,0.001,0.637,False,-1.0,1.0,0.967741935483871,,,,43,13.754232168197632,1147.3709802627563
100,1.0,additive,0.82,0.1,1.0,-11,20,80,60,False,0,False,399181750,True,0.001,0.6296,False,-10.0,1.0,0.8450704225352113,,,,44,12.397294759750366,1147.3709802627563
100,1.0,additive,0.82,0.1,1.0,-11,20,80,60,False,0,False,1305946080,True,0.001,0.6092,False,-12.0,12.0,0.7142857142857143,,,,45,10.071050643920898,1147.3709802627563
100,1.0,additive,0.82,0.1,1.0,-11,20,80,60,False,0,False,969886499,True,0.001,0.579,False,-14.0,-1.0,0.7972972972972973,,,,46,10.38192868232727,1147.3709802627563
100,1.0,additive,0.82,0.1,1.0,-11,20,80,60,False,0,False,1928371703,True,0.001,0.6535,False,-20.0,18.0,0.6122448979591837,,,,47,10.273190021514893,1147.3709802627563
100,1.0,additive,0.82,0.1,1.0,-11,20,80,60,False,0,False,1592312122,True,0.001,0.5623,False,-9.0,2.0,0.8450704225352113,,,,48,10.836081743240356,1147.3709802627563
100,1.0,additive,0.82,0.1,1.0,-11,20,80,60,False,0,False,1745476476,True,0.001,0.5558,False,-14.0,0.0,0.8108108108108109,,,,49,13.960229396820068,1147.3709802627563
100,1.0,additive,0.82,0.1,1.0,-11,20,80,60,False,0,True,2094518279,False,0.2657,0.1622,,,,,,,,0,10.252021074295044,1147.3709802627563
100,1.0,additive,0.82,0.1,1.0,-11,20,80,60,False,0,True,1758458698,False,0.8072,-0.0999,,,,,,,,1,15.460134506225586,1147.3709802627563
100,1.0,additive,0.82,0.1,1.0,-11,20,80,60,False,0,True,569460254,False,0.7273,-0.1125,,,,,,,,2,10.069166660308838,1147.3709802627563
100,1.0,additive,0.82,0.1,1.0,-11,20,80,60,False,0,True,1575563471,False,0.7053,-0.1165,,,,,,,,3,11.05327844619751,1147.3709802627563
100,1.0,additive,0.82,0.1,1.0,-11,20,80,60,False,0,True,386565027,False,0.0839,-0.2155,,,,,,,,4,10.33580756187439,1147.3709802627563
100,1.0,additive,0.82,0.1,1.0,-11,20,80,60,False,0,True,50505446,False,0.7133,-0.1225,,,,,,,,5,10.631594896316528,1147.3709802627563
100,1.0,additive,0.82,0.1,1.0,-11,20,80,60,False,0,True,1008990650,False,0.6044,0.127,,,,,,,,6,15.820026636123657,1147.3709802627563
100,1.0,additive,0.82,0.1,1.0,-11,20,80,60,False,0,True,2015093867,False,0.4216,-0.1567,,,,,,,,7,10.951503038406372,1147.3709802627563
100,1.0,additive,0.82,0.1,1.0,-11,20,80,60,False,0,True,1679034286,False,0.8951,-0.0909,,,,,,,,8,14.93595814704895,1147.3709802627563
100,1.0,additive,0.82,0.1,1.0,-11,20,80,60,False,0,True,490035842,False,0.1189,-0.1996,,,,,,,,9,12.72602105140686,1147.3709802627563
100,1.0,additive,0.82,0.1,1.0,-11,20,80,60,False,0,True,153976261,False,0.0729,-0.2674,,,,,,,,10,10.081793308258057,1147.3709802627563
100,1.0,additive,0.82,0.1,1.0,-11,20,80,60,False,0,True,307140615,False,0.5175,0.1355,,,,,,,,11,11.013644933700562,1147.3709802627563
100,1.0,additive,0.82,0.1,1.0,-11,20,80,60,False,0,True,2118564682,False,0.2228,-0.171,,,,,,,,12,15.825801372528076,1147.3709802627563
100,1.0,additive,0.82,0.1,1.0,-11,20,80,60,False,0,True,929566238,False,0.8751,-0.1077,,,,,,,,13,10.273190975189209,1147.3709802627563
100,1.0,additive,0.82,0.1,1.0,-11,20,80,60,False,0,True,593506657,False,0.5974,-0.126,,,,,,,,14,10.969171524047852,1147.3709802627563
100,1.0,additive,0.82,0.1,1.0,-11,20,80,60,False,0,True,1500270987,False,0.6444,-0.1271,,,,,,,,15,10.343205690383911,1147.3709802627563
100,1.0,additive,0.82,0.1,1.0,-11,20,80,60,False,0,True,410611430,False,0.7293,-0.1213,,,,,,,,16,15.412233352661133,1147.3709802627563
100,1.0,additive,0.82,0.1,1.0,-11,20,80,60,False,0,True,74551849,False,0.1868,0.1902,,,,,,,,17,10.114399909973145,1147.3709802627563
100,1.0,additive,0.82,0.1,1.0,-11,20,80,60,False,0,True,1033037053,False,0.5465,-0.1351,,,,,,,,18,12.390862941741943,1147.3709802627563
100,1.0,additive,0.82,0.1,1.0,-11,20,80,60,False,0,True,696977472,True,0.048,-0.239,,,,,,,,19,10.81371021270752,1147.3709802627563
100,1.0,additive,0.82,0.1,1.0,-11,20,80,60,False,0,True,850141826,False,0.6144,0.1192,,,,,,,,20,10.371924638748169,1147.3709802627563
100,1.0,additive,0.82,0.1,1.0,-11,20,80,60,False,0,True,514082245,False,0.8991,0.0925,,,,,,,,21,11.848236560821533,1147.3709802627563
100,1.0,additive,0.82,0.1,1.0,-11,20,80,60,False,0,True,178022664,False,0.7113,0.1007,,,,,,,,22,10.657180786132812,1147.3709802627563
100,1.0,additive,0.82,0.1,1.0,-11,20,80,60,False,0,True,1136507868,False,0.5385,-0.1404,,,,,,,,23,16.654539585113525,1147.3709802627563
100,1.0,additive,0.82,0.1,1.0,-11,20,80,60,False,0,True,2142611085,False,0.5315,-0.1437,,,,,,,,24,10.442983388900757,1147.3709802627563
100,1.0,additive,0.82,0.1,1.0,-11,20,80,60,False,0,True,953612641,False,0.3187,-0.1618,,,,,,,,25,14.141923666000366,1147.3709802627563
100,1.0,additive,0.82,0.1,1.0,-11,20,80,60,False,0,True,617553060,False,0.4545,0.1252,,,,,,,,26,11.47910213470459,1147.3709802627563
100,1.0,additive,0.82,0.1,1.0,-11,20,80,60,False,0,True,281493479,False,0.2158,0.198,,,,,,,,27,11.127327919006348,1147.3709802627563
100,1.0,additive,0.82,0.1,1.0,-11,20,80,60,False,0,True,434657833,False,0.3856,-0.1412,,,,,,,,28,10.176719903945923,1147.3709802627563
100,1.0,additive,0.82,0.1,1.0,-11,20,80,60,False,0,True,98598252,False,0.7083,0.1092,,,,,,,,29,13.017625570297241,1147.3709802627563
100,1.0,additive,0.82,0.1,1.0,-11,20,80,60,False,0,True,1057083456,False,0.7183,-0.1027,,,,,,,,30,10.356836318969727,1147.3709802627563
100,1.0,additive,0.82,0.1,1.0,-11,20,80,60,False,0,True,721023875,False,0.4256,0.134,,,,,,,,31,11.315857410430908,1147.3709802627563
100,1.0,additive,0.82,0.1,1.0,-11,20,80,60,False,0,True,874188229,False,0.1938,0.1934,,,,,,,,32,10.153857231140137,1147.3709802627563
100,1.0,additive,0.82,0.1,1.0,-11,20,80,60,False,0,True,538128648,False,0.5225,-0.1215,,,,,,,,33,10.688148975372314,1147.3709802627563
100,1.0,additive,0.82,0.1,1.0,-11,20,80,60,False,0,True,202069067,False,0.9181,0.0974,,,,,,,,34,10.344540357589722,1147.3709802627563
100,1.0,additive,0.82,0.1,1.0,-11,20,80,60,False,0,True,1160554271,False,0.6653,0.1222,,,,,,,,35,10.207127809524536,1147.3709802627563
100,1.0,additive,0.82,0.1,1.0,-11,20,80,60,False,0,True,2067318601,False,0.9101,-0.0786,,,,,,,,36,12.512068748474121,1147.3709802627563
100,1.0,additive,0.82,0.1,1.0,-11,20,80,60,False,0,True,977659044,False,0.1738,-0.1942,,,,,,,,37,10.613253116607666,1147.3709802627563
100,1.0,additive,0.82,0.1,1.0,-11,20,80,60,False,0,True,641599463,False,0.3816,-0.1532,,,,,,,,38,10.729592084884644,1147.3709802627563
100,1.0,additive,0.82,0.1,1.0,-11,20,80,60,False,0,True,1600084667,False,0.4316,0.1342,,,,,,,,39,14.180329084396362,1147.3709802627563
100,1.0,additive,0.82,0.1,1.0,-11,20,80,60,False,0,True,359365349,False,0.6164,-0.1272,,,,,,,,40,10.21744704246521,1147.3709802627563
100,1.0,additive,0.82,0.1,1.0,-11,20,80,60,False,0,True,23305768,False,0.8292,-0.1052,,,,,,,,41,11.015400886535645,1147.3709802627563
100,1.0,additive,0.82,0.1,1.0,-11,20,80,60,False,0,True,1081129859,False,0.2627,0.1598,,,,,,,,42,10.150822639465332,1147.3709802627563
100,1.0,additive,0.82,0.1,1.0,-11,20,80,60,False,0,True,745070278,False,0.8212,-0.0951,,,,,,,,43,12.67630410194397,1147.3709802627563
100,1.0,additive,0.82,0.1,1.0,-11,20,80,60,False,0,True,1703555482,False,0.1389,0.1784,,,,,,,,44,10.081752061843872,1147.3709802627563
100,1.0,additive,0.82,0.1,1.0,-11,20,80,60,False,0,True,462836164,False,0.3916,-0.1555,,,,,,,,45,10.733691930770874,1147.3709802627563
100,1.0,additive,0.82,0.1,1.0,-11,20,80,60,False,0,True,126776583,False,0.0609,0.1915,,,,,,,,46,10.134784936904907,1147.3709802627563
100,1.0,additive,0.82,0.1,1.0,-11,20,80,60,False,0,True,1184600674,False,0.6953,0.1149,,,,,,,,47,10.2601318359375,1147.3709802627563
100,1.0,additive,0.82,0.1,1.0,-11,20,80,60,False,0,True,848541093,False,0.6284,0.1178,,,,,,,,48,10.240978240966797,1147.3709802627563
100,1.0,additive,0.82,0.1,1.0,-11,20,80,60,False,0,True,1001705447,False,0.5934,-0.1174,,,,,,,,49,10.064352750778198,1147.3709802627563
100,1.0,additive,0.84,0.1,1.0,-11,20,80,60,False,0,False,2055990039,True,0.001,0.663,False,-7.0,19.0,0.6976744186046512,,,,0,10.473535060882568,1144.0845568180084
100,1.0,additive,0.84,0.1,1.0,-11,20,80,60,False,0,False,866991595,True,0.001,0.5595,False,0.0,14.0,0.8108108108108109,,,,1,12.521201610565186,1144.0845568180084
100,1.0,additive,0.84,0.1,1.0,-11,20,80,60,False,0,False,1873094812,True,0.001,0.6951,False,-10.0,13.0,0.7228915662650602,,,,2,11.604866027832031,1144.0845568180084
100,1.0,additive,0.84,0.1,1.0,-11,20,80,60,False,0,False,684096368,True,0.001,0.6556,False,-18.0,17.0,0.631578947368421,,,,3,12.727596044540405,1144.0845568180084
100,1.0,additive,0.84,0.1,1.0,-11,20,80,60,False,0,False,348036787,True,0.001,0.6555,False,-19.0,9.0,0.6818181818181818,,,,4,10.106541872024536,1144.0845568180084
100,1.0,additive,0.84,0.1,1.0,-11,20,80,60,False,0,False,1306521991,True,0.001,0.6529,False,-16.0,10.0,0.6976744186046512,,,,5,10.371754169464111,1144.0845568180084
100,1.0,additive,0.84,0.1,1.0,-11,20,80,60,False,0,False,165141560,True,0.001,0.6094,False,-17.0,0.0,0.7792207792207793,,,,6,10.222599029541016,1144.0845568180084
100,1.0,additive,0.84,0.1,1.0,-11,20,80,60,False,0,False,1976565627,True,0.001,0.6542,False,-6.0,10.0,0.7894736842105263,,,,7,11.823846101760864,1144.0845568180084
100,1.0,additive,0.84,0.1,1.0,-11,20,80,60,False,0,False,787567183,True,0.001,0.6298,False,-16.0,1.0,0.7792207792207793,,,,8,10.111830234527588,1144.0845568180084
100,1.0,additive,0.84,0.1,1.0,-11,20,80,60,False,0,False,451507602,True,0.001,0.6182,False,-18.0,16.0,0.6382978723404256,,,,9,11.88703966140747,1144.0845568180084
100,1.0,additive,0.84,0.1,1.0,-11,20,80,60,False,0,False,1409992806,True,0.001,0.5483,False,0.0,11.0,0.8450704225352113,,,,10,10.447845697402954,1144.0845568180084
100,1.0,additive,0.84,0.1,1.0,-11,20,80,60,False,0,False,268612375,True,0.001,0.6251,False,-11.0,11.0,0.7317073170731707,,,,11,10.635171890258789,1144.0845568180084
100,1.0,additive,0.84,0.1,1.0,-11,20,80,60,False,0,False,1227097579,True,0.001,0.5649,False,-14.0,0.0,0.8108108108108109,,,,12,12.522960901260376,1144.0845568180084
100,1.0,additive,0.84,0.1,1.0,-11,20,80,60,False,0,False,891037998,True,0.001,0.5442,False,-7.0,0.0,0.8955223880597015,,,,13,10.057606220245361,1144.0845568180084
100,1.0,additive,0.84,0.1,1.0,-11,20,80,60,False,0,False,554978417,True,0.001,0.5933,False,-20.0,10.0,0.6666666666666666,,,,14,11.669760465621948,1144.0845568180084
100,1.0,additive,0.84,0.1,1.0,-11,20,80,60,False,0,False,708142771,True,0.001,0.616,False,-5.0,10.0,0.8,,,,15,10.077606916427612,1144.0845568180084
100,1.0,additive,0.84,0.1,1.0,-11,20,80,60,False,0,False,372083190,True,0.001,0.6531,False,-20.0,20.0,0.6,,,,16,10.324395656585693,1144.0845568180084
100,1.0,additive,0.84,0.1,1.0,-11,20,80,60,False,0,False,1330568394,True,0.001,0.6628,False,-17.0,17.0,0.6382978723404256,,,,17,12.400464296340942,1144.0845568180084
100,1.0,additive,0.84,0.1,1.0,-11,20,80,60,False,0,False,994508813,True,0.001,0.5825,False,-3.0,20.0,0.7228915662650602,,,,18,11.986520051956177,1144.0845568180084
100,1.0,additive,0.84,0.1,1.0,-11,20,80,60,False,0,False,2000612030,True,0.001,0.6402,False,-9.0,9.0,0.7692307692307693,,,,19,10.317399024963379,1144.0845568180084
100,1.0,additive,0.84,0.1,1.0,-11,20,80,60,False,0,False,811613586,True,0.001,0.6297,False,0.0,20.0,0.75,,,,20,10.079435586929321,1144.0845568180084
100,1.0,additive,0.84,0.1,1.0,-11,20,80,60,False,0,False,475554005,True,0.001,0.6237,False,-2.0,1.0,0.9523809523809523,,,,21,10.419526815414429,1144.0845568180084
100,1.0,additive,0.84,0.1,1.0,-11,20,80,60,False,0,False,1434039209,True,0.001,0.6516,False,-14.0,20.0,0.6382978723404256,,,,22,10.121732711791992,1144.0845568180084
100,1.0,additive,0.84,0.1,1.0,-11,20,80,60,False,0,False,292658778,True,0.001,0.63,False,-3.0,20.0,0.7228915662650602,,,,23,10.860534191131592,1144.0845568180084
100,1.0,additive,0.84,0.1,1.0,-11,20,80,60,False,0,False,1251143982,True,0.001,0.627,False,-16.0,9.0,0.7058823529411765,,,,24,14.286401510238647,1144.0845568180084
100,1.0,additive,0.84,0.1,1.0,-11,20,80,60,False,0,False,915084401,True,0.001,0.6002,False,-20.0,3.0,0.7228915662650602,,,,25,10.07183027267456,1144.0845568180084
100,1.0,additive,0.84,0.1,1.0,-11,20,80,60,False,0,False,579024820,True,0.001,0.6277,False,-9.0,1.0,0.8571428571428571,,,,26,12.126919984817505,1144.0845568180084
100,1.0,additive,0.84,0.1,1.0,-11,20,80,60,False,0,False,732189174,True,0.001,0.609,False,-19.0,1.0,0.75,,,,27,10.53607964515686,1144.0845568180084
100,1.0,additive,0.84,0.1,1.0,-11,20,80,60,False,0,False,396129593,True,0.001,0.699,False,-1.0,14.0,0.8,,,,28,11.972200393676758,1144.0845568180084
100,1.0,additive,0.84,0.1,1.0,-11,20,80,60,False,0,False,1354614797,True,0.001,0.6135,False,-4.0,14.0,0.7692307692307693,,,,29,10.150264978408813,1144.0845568180084
100,1.0,additive,0.84,0.1,1.0,-11,20,80,60,False,0,False,1018555216,True,0.001,0.61,False,-17.0,14.0,0.6593406593406593,,,,30,10.073284387588501,1144.0845568180084
100,1.0,additive,0.84,0.1,1.0,-11,20,80,60,False,0,False,1171719570,True,0.001,0.6567,False,0.0,10.0,0.8571428571428571,,,,31,12.299530029296875,1144.0845568180084
100,1.0,additive,0.84,0.1,1.0,-11,20,80,60,False,0,False,835659989,True,0.001,0.6667,False,-3.0,13.0,0.7894736842105263,,,,32,13.251108646392822,1144.0845568180084
100,1.0,additive,0.84,0.1,1.0,-11,20,80,60,False,0,False,499600408,True,0.001,0.6634,False,-20.0,20.0,0.6,,,,33,10.40027928352356,1144.0845568180084
100,1.0,additive,0.84,0.1,1.0,-11,20,80,60,False,0,False,1458085612,True,0.001,0.6182,False,0.0,10.0,0.8571428571428571,,,,34,10.073814392089844,1144.0845568180084
100,1.0,additive,0.84,0.1,1.0,-11,20,80,60,False,0,False,1122026031,True,0.001,0.6472,False,-9.0,5.0,0.8108108108108109,,,,35,11.65359115600586,1144.0845568180084
100,1.0,additive,0.84,0.1,1.0,-11,20,80,60,False,0,False,1275190385,True,0.001,0.6056,True,0.0,0.0,1.0,,,,36,10.295786619186401,1144.0845568180084
100,1.0,additive,0.84,0.1,1.0,-11,20,80,60,False,0,False,939130804,True,0.001,0.6814,False,0.0,19.0,0.759493670886076,,,,37,10.147146463394165,1144.0845568180084
100,1.0,additive,0.84,0.1,1.0,-11,20,80,60,False,0,False,603071223,True,0.001,0.6166,False,0.0,19.0,0.759493670886076,,,,38,12.806551694869995,1144.0845568180084
100,1.0,additive,0.84,0.1,1.0,-11,20,80,60,False,0,False,1561556427,True,0.001,0.5522,False,0.0,1.0,0.9836065573770492,,,,39,9.6392662525177,1144.0845568180084
100,1.0,additive,0.84,0.1,1.0,-11,20,80,60,False,0,False,420175996,True,0.001,0.6335,False,-17.0,7.0,0.7142857142857143,,,,40,10.273193120956421,1144.0845568180084
100,1.0,additive,0.84,0.1,1.0,-11,20,80,60,False,0,False,1378661200,True,0.001,0.661,False,-20.0,20.0,0.6,,,,41,12.41483449935913,1144.0845568180084
100,1.0,additive,0.84,0.1,1.0,-11,20,80,60,False,0,False,1042601619,True,0.001,0.578,False,-18.0,20.0,0.6122448979591837,,,,42,12.693011045455933,1144.0845568180084
100,1.0,additive,0.84,0.1,1.0,-11,20,80,60,False,0,False,2001086823,True,0.001,0.6508,False,-10.0,3.0,0.821917808219178,,,,43,12.996018648147583,1144.0845568180084
100,1.0,additive,0.84,0.1,1.0,-11,20,80,60,False,0,False,859706392,True,0.001,0.5587,False,-4.0,17.0,0.7407407407407407,,,,44,10.503203868865967,1144.0845568180084
100,1.0,additive,0.84,0.1,1.0,-11,20,80,60,False,0,False,523646811,True,0.001,0.5408,False,0.0,4.0,0.9375,,,,45,15.403209209442139,1144.0845568180084
100,1.0,additive,0.84,0.1,1.0,-11,20,80,60,False,0,False,1482132015,True,0.001,0.6494,False,-10.0,14.0,0.7142857142857143,,,,46,11.91597056388855,1144.0845568180084
100,1.0,additive,0.84,0.1,1.0,-11,20,80,60,False,0,False,1146072434,True,0.001,0.6072,False,-12.0,5.0,0.7792207792207793,,,,47,14.34134578704834,1144.0845568180084
100,1.0,additive,0.84,0.1,1.0,-11,20,80,60,False,0,False,1299236788,True,0.001,0.648,False,-1.0,12.0,0.821917808219178,,,,48,10.091076374053955,1144.0845568180084
100,1.0,additive,0.84,0.1,1.0,-11,20,80,60,False,0,False,963177207,True,0.001,0.6517,False,-17.0,12.0,0.6741573033707865,,,,49,13.635976314544678,1144.0845568180084
100,1.0,additive,0.84,0.1,1.0,-11,20,80,60,False,0,True,1212880123,False,0.1558,-0.1928,,,,,,,,0,10.335159540176392,1144.0845568180084
100,1.0,additive,0.84,0.1,1.0,-11,20,80,60,False,0,True,23881679,False,0.983,-0.0816,,,,,,,,1,11.244234561920166,1144.0845568180084
100,1.0,additive,0.84,0.1,1.0,-11,20,80,60,False,0,True,1029984896,True,0.01,0.2995,,,,,,,,2,10.419160604476929,1144.0845568180084
100,1.0,additive,0.84,0.1,1.0,-11,20,80,60,False,0,True,1988470100,False,0.4675,-0.1494,,,,,,,,3,13.676245212554932,1144.0845568180084
100,1.0,additive,0.84,0.1,1.0,-11,20,80,60,False,0,True,1652410519,False,0.8801,-0.0809,,,,,,,,4,15.260593891143799,1144.0845568180084
100,1.0,additive,0.84,0.1,1.0,-11,20,80,60,False,0,True,463412075,False,0.3536,-0.1465,,,,,,,,5,10.638618469238281,1144.0845568180084
100,1.0,additive,0.84,0.1,1.0,-11,20,80,60,False,0,True,1469515292,False,0.3497,-0.1691,,,,,,,,6,10.551538944244385,1144.0845568180084
100,1.0,additive,0.84,0.1,1.0,-11,20,80,60,False,0,True,1133455711,False,0.7443,-0.1297,,,,,,,,7,13.350987911224365,1144.0845568180084
100,1.0,additive,0.84,0.1,1.0,-11,20,80,60,False,0,True,2091940915,False,0.7043,-0.1131,,,,,,,,8,10.344608783721924,1144.0845568180084
100,1.0,additive,0.84,0.1,1.0,-11,20,80,60,False,0,True,1755881334,False,0.8002,0.112,,,,,,,,9,11.605550527572632,1144.0845568180084
100,1.0,additive,0.84,0.1,1.0,-11,20,80,60,False,0,True,566882890,False,0.1738,0.1973,,,,,,,,10,10.190297365188599,1144.0845568180084
100,1.0,additive,0.84,0.1,1.0,-11,20,80,60,False,0,True,1572986107,False,0.1349,-0.1647,,,,,,,,11,12.94283151626587,1144.0845568180084
100,1.0,additive,0.84,0.1,1.0,-11,20,80,60,False,0,True,383987663,False,0.8981,-0.0881,,,,,,,,12,14.459800720214844,1144.0845568180084
100,1.0,additive,0.84,0.1,1.0,-11,20,80,60,False,0,True,47928082,True,0.01,0.2699,,,,,,,,13,10.247937679290771,1144.0845568180084
100,1.0,additive,0.84,0.1,1.0,-11,20,80,60,False,0,True,1859352149,False,0.4725,-0.1416,,,,,,,,14,10.374427318572998,1144.0845568180084
100,1.0,additive,0.84,0.1,1.0,-11,20,80,60,False,0,True,2012516503,False,0.4945,-0.1506,,,,,,,,15,13.003845453262329,1144.0845568180084
100,1.0,additive,0.84,0.1,1.0,-11,20,80,60,False,0,True,1676456922,False,0.3227,0.1507,,,,,,,,16,12.433767080307007,1144.0845568180084
100,1.0,additive,0.84,0.1,1.0,-11,20,80,60,False,0,True,487458478,False,0.1818,0.1749,,,,,,,,17,12.132939577102661,1144.0845568180084
100,1.0,additive,0.84,0.1,1.0,-11,20,80,60,False,0,True,151398897,False,0.5075,0.1291,,,,,,,,18,11.401829719543457,1144.0845568180084
100,1.0,additive,0.84,0.1,1.0,-11,20,80,60,False,0,True,1157502114,False,0.6164,0.1328,,,,,,,,19,10.2623450756073,1144.0845568180084
100,1.0,additive,0.84,0.1,1.0,-11,20,80,60,False,0,True,2115987318,False,0.956,-0.0779,,,,,,,,20,10.45681381225586,1144.0845568180084
100,1.0,additive,0.84,0.1,1.0,-11,20,80,60,False,0,True,1779927737,False,0.2248,-0.1964,,,,,,,,21,10.660011291503906,1144.0845568180084
100,1.0,additive,0.84,0.1,1.0,-11,20,80,60,False,0,True,590929293,False,0.7263,-0.1083,,,,,,,,22,10.315561771392822,1144.0845568180084
100,1.0,additive,0.84,0.1,1.0,-11,20,80,60,False,0,True,1597032510,True,0.041,0.217,,,,,,,,23,10.693856000900269,1144.0845568180084
100,1.0,additive,0.84,0.1,1.0,-11,20,80,60,False,0,True,408034066,False,0.2308,0.1776,,,,,,,,24,10.273977756500244,1144.0845568180084
100,1.0,additive,0.84,0.1,1.0,-11,20,80,60,False,0,True,71974485,False,0.8531,-0.0974,,,,,,,,25,13.5181143283844,1144.0845568180084
100,1.0,additive,0.84,0.1,1.0,-11,20,80,60,False,0,True,1883398552,False,0.4855,0.16,,,,,,,,26,10.099021911621094,1144.0845568180084
100,1.0,additive,0.84,0.1,1.0,-11,20,80,60,False,0,True,2036562906,False,0.9041,0.0853,,,,,,,,27,11.085400819778442,1144.0845568180084
100,1.0,additive,0.84,0.1,1.0,-11,20,80,60,False,0,True,1700503325,False,0.2148,-0.1932,,,,,,,,28,12.495548486709595,1144.0845568180084
100,1.0,additive,0.84,0.1,1.0,-11,20,80,60,False,0,True,511504881,False,0.4406,0.135,,,,,,,,29,12.174783706665039,1144.0845568180084
100,1.0,additive,0.84,0.1,1.0,-11,20,80,60,False,0,True,175445300,False,0.3357,0.1686,,,,,,,,30,12.18922209739685,1144.0845568180084
100,1.0,additive,0.84,0.1,1.0,-11,20,80,60,False,0,True,328609654,False,0.3886,-0.1523,,,,,,,,31,10.18545913696289,1144.0845568180084
100,1.0,additive,0.84,0.1,1.0,-11,20,80,60,False,0,True,2140033721,False,0.3846,0.151,,,,,,,,32,16.18682050704956,1144.0845568180084
100,1.0,additive,0.84,0.1,1.0,-11,20,80,60,False,0,True,1803974140,False,0.0819,-0.2246,,,,,,,,33,11.18140172958374,1144.0845568180084
100,1.0,additive,0.84,0.1,1.0,-11,20,80,60,False,0,True,614975696,False,0.999,-0.0715,,,,,,,,34,12.776959896087646,1144.0845568180084
100,1.0,additive,0.84,0.1,1.0,-11,20,80,60,False,0,True,278916115,False,0.4036,0.1363,,,,,,,,35,10.073518514633179,1144.0845568180084
100,1.0,additive,0.84,0.1,1.0,-11,20,80,60,False,0,True,432080469,False,0.7652,0.1173,,,,,,,,36,15.459763050079346,1144.0845568180084
100,1.0,additive,0.84,0.1,1.0,-11,20,80,60,False,0,True,96020888,False,0.1518,-0.18,,,,,,,,37,13.280687093734741,1144.0845568180084
100,1.0,additive,0.84,0.1,1.0,-11,20,80,60,False,0,True,1907444955,False,0.5584,-0.1442,,,,,,,,38,10.402730226516724,1144.0845568180084
100,1.0,additive,0.84,0.1,1.0,-11,20,80,60,False,0,True,718446511,False,0.7792,0.1092,,,,,,,,39,10.047557830810547,1144.0845568180084
100,1.0,additive,0.84,0.1,1.0,-11,20,80,60,False,0,True,1724549728,False,0.5924,-0.1127,,,,,,,,40,10.38730764389038,1144.0845568180084
100,1.0,additive,0.84,0.1,1.0,-11,20,80,60,False,0,True,535551284,False,0.4575,0.1482,,,,,,,,41,10.074615478515625,1144.0845568180084
100,1.0,additive,0.84,0.1,1.0,-11,20,80,60,False,0,True,199491703,False,0.6374,-0.1172,,,,,,,,42,9.54464602470398,1144.0845568180084
100,1.0,additive,0.84,0.1,1.0,-11,20,80,60,False,0,True,1157976907,False,0.2797,-0.1613,,,,,,,,43,12.007849931716919,1144.0845568180084
100,1.0,additive,0.84,0.1,1.0,-11,20,80,60,False,0,True,16596476,False,0.988,0.0782,,,,,,,,44,10.30575704574585,1144.0845568180084
100,1.0,additive,0.84,0.1,1.0,-11,20,80,60,False,0,True,1828020543,False,0.4675,0.1581,,,,,,,,45,10.335761070251465,1144.0845568180084
100,1.0,additive,0.84,0.1,1.0,-11,20,80,60,False,0,True,639022099,False,0.0899,0.2225,,,,,,,,46,10.333179473876953,1144.0845568180084
100,1.0,additive,0.84,0.1,1.0,-11,20,80,60,False,0,True,302962518,False,0.3067,-0.1624,,,,,,,,47,12.588398456573486,1144.0845568180084
100,1.0,additive,0.84,0.1,1.0,-11,20,80,60,False,0,True,456126872,False,0.8651,-0.1039,,,,,,,,48,11.889137029647827,1144.0845568180084
100,1.0,additive,0.84,0.1,1.0,-11,20,80,60,False,0,True,120067291,True,0.016,-0.2856,,,,,,,,49,9.913558959960938,1144.0845568180084
100,1.0,additive,0.86,0.1,1.0,-11,20,80,60,False,0,False,1743161056,True,0.001,0.6313,False,-20.0,4.0,0.7142857142857143,,,,0,13.72531509399414,1150.2606830596924
100,1.0,additive,0.86,0.1,1.0,-11,20,80,60,False,0,False,1407101475,True,0.001,0.5873,False,-3.0,14.0,0.7792207792207793,,,,1,9.4663667678833,1150.2606830596924
100,1.0,additive,0.86,0.1,1.0,-11,20,80,60,False,0,False,218103031,True,0.001,0.6357,False,-1.0,20.0,0.7407407407407407,,,,2,15.768670797348022,1150.2606830596924
100,1.0,additive,0.86,0.1,1.0,-11,20,80,60,False,0,False,2029527098,True,0.001,0.6246,False,0.0,1.0,0.9836065573770492,,,,3,10.498798131942749,1150.2606830596924
100,1.0,additive,0.86,0.1,1.0,-11,20,80,60,False,0,False,35207804,True,0.001,0.5755,False,-1.0,18.0,0.759493670886076,,,,4,16.099308729171753,1150.2606830596924
100,1.0,additive,0.86,0.1,1.0,-11,20,80,60,False,0,False,1846631871,True,0.001,0.612,False,-13.0,20.0,0.6451612903225806,,,,5,13.567070960998535,1150.2606830596924
100,1.0,additive,0.86,0.1,1.0,-11,20,80,60,False,0,False,657633427,True,0.001,0.658,False,-10.0,20.0,0.6666666666666666,,,,6,14.70422911643982,1150.2606830596924
100,1.0,additive,0.86,0.1,1.0,-11,20,80,60,False,0,False,321573846,True,0.001,0.5953,False,-6.0,15.0,0.7407407407407407,,,,7,10.242342233657837,1150.2606830596924
100,1.0,additive,0.86,0.1,1.0,-11,20,80,60,False,0,False,1327677063,True,0.001,0.6014,False,-5.0,7.0,0.8333333333333334,,,,8,10.548052787780762,1150.2606830596924
100,1.0,additive,0.86,0.1,1.0,-11,20,80,60,False,0,False,138678619,True,0.001,0.6361,False,-12.0,12.0,0.7142857142857143,,,,9,10.119338512420654,1150.2606830596924
100,1.0,additive,0.86,0.1,1.0,-11,20,80,60,False,0,False,1950102686,True,0.001,0.6274,True,0.0,0.0,1.0,,,,10,10.598609447479248,1150.2606830596924
100,1.0,additive,0.86,0.1,1.0,-11,20,80,60,False,0,False,761104242,True,0.001,0.573,False,-7.0,16.0,0.7228915662650602,,,,11,10.16106128692627,1150.2606830596924
100,1.0,additive,0.86,0.1,1.0,-11,20,80,60,False,0,False,1767207459,True,0.001,0.5956,False,-1.0,20.0,0.7407407407407407,,,,12,10.757224798202515,1150.2606830596924
100,1.0,additive,0.86,0.1,1.0,-11,20,80,60,False,0,False,578209015,True,0.001,0.5596,False,-3.0,1.0,0.9375,,,,13,12.057247400283813,1150.2606830596924
100,1.0,additive,0.86,0.1,1.0,-11,20,80,60,False,0,False,242149434,True,0.001,0.6452,False,-14.0,0.0,0.8108108108108109,,,,14,12.146583557128906,1150.2606830596924
100,1.0,additive,0.86,0.1,1.0,-11,20,80,60,False,0,False,2053573501,True,0.001,0.637,False,-8.0,4.0,0.8333333333333334,,,,15,11.873889684677124,1150.2606830596924
100,1.0,additive,0.86,0.1,1.0,-11,20,80,60,False,0,False,864575057,True,0.001,0.6206,False,-10.0,2.0,0.8333333333333334,,,,16,12.959090948104858,1150.2606830596924
100,1.0,additive,0.86,0.1,1.0,-11,20,80,60,False,0,False,1870678274,True,0.001,0.6177,False,-20.0,20.0,0.6,,,,17,10.646615028381348,1150.2606830596924
100,1.0,additive,0.86,0.1,1.0,-11,20,80,60,False,0,False,681679830,True,0.001,0.64,False,0.0,12.0,0.8333333333333334,,,,18,10.068434476852417,1150.2606830596924
100,1.0,additive,0.86,0.1,1.0,-11,20,80,60,False,0,False,345620249,True,0.001,0.6949,False,-16.0,17.0,0.6451612903225806,,,,19,10.226487874984741,1150.2606830596924
100,1.0,additive,0.86,0.1,1.0,-11,20,80,60,False,0,False,9560668,True,0.001,0.5651,False,-3.0,0.0,0.9523809523809523,,,,20,10.193239212036133,1150.2606830596924
100,1.0,additive,0.86,0.1,1.0,-11,20,80,60,False,0,False,162725022,True,0.001,0.614,False,0.0,13.0,0.821917808219178,,,,21,12.697135925292969,1150.2606830596924
100,1.0,additive,0.86,0.1,1.0,-11,20,80,60,False,0,False,1974149089,True,0.001,0.6227,False,-7.0,1.0,0.8823529411764706,,,,22,12.353469133377075,1150.2606830596924
100,1.0,additive,0.86,0.1,1.0,-11,20,80,60,False,0,False,785150645,True,0.001,0.578,False,-10.0,11.0,0.7407407407407407,,,,23,10.338255405426025,1150.2606830596924
100,1.0,additive,0.86,0.1,1.0,-11,20,80,60,False,0,False,449091064,True,0.001,0.5769,False,-4.0,0.0,0.9375,,,,24,10.822244644165039,1150.2606830596924
100,1.0,additive,0.86,0.1,1.0,-11,20,80,60,False,0,False,602255418,True,0.001,0.6453,False,-1.0,3.0,0.9375,,,,25,10.321235418319702,1150.2606830596924
100,1.0,additive,0.86,0.1,1.0,-11,20,80,60,False,0,False,266195837,True,0.001,0.5801,False,-9.0,3.0,0.8333333333333334,,,,26,10.4550940990448,1150.2606830596924
100,1.0,additive,0.86,0.1,1.0,-11,20,80,60,False,0,False,2077619904,True,0.001,0.6897,False,-14.0,20.0,0.6382978723404256,,,,27,12.483842372894287,1150.2606830596924
100,1.0,additive,0.86,0.1,1.0,-11,20,80,60,False,0,False,888621460,True,0.001,0.6464,False,-13.0,13.0,0.6976744186046512,,,,28,13.11859655380249,1150.2606830596924
100,1.0,additive,0.86,0.1,1.0,-11,20,80,60,False,0,False,1894724677,True,0.001,0.6184,False,-15.0,1.0,0.7894736842105263,,,,29,12.38773512840271,1150.2606830596924
100,1.0,additive,0.86,0.1,1.0,-11,20,80,60,False,0,False,705726233,True,0.001,0.5467,False,-4.0,8.0,0.8333333333333334,,,,30,10.510106563568115,1150.2606830596924
100,1.0,additive,0.86,0.1,1.0,-11,20,80,60,False,0,False,369666652,True,0.001,0.613,False,-13.0,18.0,0.6593406593406593,,,,31,10.225958347320557,1150.2606830596924
100,1.0,additive,0.86,0.1,1.0,-11,20,80,60,False,0,False,1328151856,True,0.001,0.6138,False,-8.0,20.0,0.6818181818181818,,,,32,12.355333089828491,1150.2606830596924
100,1.0,additive,0.86,0.1,1.0,-11,20,80,60,False,0,False,186771425,True,0.001,0.6788,False,-18.0,15.0,0.6451612903225806,,,,33,10.402241230010986,1150.2606830596924
100,1.0,additive,0.86,0.1,1.0,-11,20,80,60,False,0,False,1998195492,True,0.001,0.6477,False,-19.0,9.0,0.6818181818181818,,,,34,10.764192581176758,1150.2606830596924
100,1.0,additive,0.86,0.1,1.0,-11,20,80,60,False,0,False,809197048,True,0.001,0.614,False,0.0,7.0,0.8955223880597015,,,,35,15.135327100753784,1150.2606830596924
100,1.0,additive,0.86,0.1,1.0,-11,20,80,60,False,0,False,473137467,True,0.001,0.5898,False,-17.0,4.0,0.7407407407407407,,,,36,10.225395441055298,1150.2606830596924
100,1.0,additive,0.86,0.1,1.0,-11,20,80,60,False,0,False,626301821,True,0.001,0.6107,False,-18.0,8.0,0.6976744186046512,,,,37,9.946976661682129,1150.2606830596924
100,1.0,additive,0.86,0.1,1.0,-11,20,80,60,False,0,False,290242240,True,0.001,0.6578,False,-14.0,10.0,0.7142857142857143,,,,38,15.93999457359314,1150.2606830596924
100,1.0,additive,0.86,0.1,1.0,-11,20,80,60,False,0,False,1248727444,True,0.001,0.6505,False,-20.0,4.0,0.7142857142857143,,,,39,10.248635292053223,1150.2606830596924
100,1.0,additive,0.86,0.1,1.0,-11,20,80,60,False,0,False,912667863,True,0.001,0.5745,False,-15.0,13.0,0.6818181818181818,,,,40,12.499175310134888,1150.2606830596924
100,1.0,additive,0.86,0.1,1.0,-11,20,80,60,False,0,False,576608282,True,0.001,0.6097,False,-20.0,5.0,0.7058823529411765,,,,41,10.778415441513062,1150.2606830596924
100,1.0,additive,0.86,0.1,1.0,-11,20,80,60,False,0,False,729772636,True,0.001,0.6449,False,-19.0,9.0,0.6818181818181818,,,,42,11.329165935516357,1150.2606830596924
100,1.0,additive,0.86,0.1,1.0,-11,20,80,60,False,0,False,393713055,True,0.001,0.5782,False,-18.0,20.0,0.6122448979591837,,,,43,12.813759326934814,1150.2606830596924
100,1.0,additive,0.86,0.1,1.0,-11,20,80,60,False,0,False,1352198259,True,0.001,0.6608,False,-1.0,3.0,0.9375,,,,44,10.269115447998047,1150.2606830596924
100,1.0,additive,0.86,0.1,1.0,-11,20,80,60,False,0,False,1016138678,True,0.001,0.6315,False,0.0,2.0,0.967741935483871,,,,45,10.153171062469482,1150.2606830596924
100,1.0,additive,0.86,0.1,1.0,-11,20,80,60,False,0,False,2022241895,True,0.001,0.5862,False,-10.0,6.0,0.7894736842105263,,,,46,10.275229930877686,1150.2606830596924
100,1.0,additive,0.86,0.1,1.0,-11,20,80,60,False,0,False,833243451,True,0.001,0.5596,False,-2.0,0.0,0.967741935483871,,,,47,15.795984745025635,1150.2606830596924
100,1.0,additive,0.86,0.1,1.0,-11,20,80,60,False,0,False,497183870,True,0.001,0.6166,False,-2.0,1.0,0.9523809523809523,,,,48,13.150593042373657,1150.2606830596924
100,1.0,additive,0.86,0.1,1.0,-11,20,80,60,False,0,False,1455669074,True,0.001,0.6093,False,-16.0,19.0,0.631578947368421,,,,49,12.085402727127075,1150.2606830596924
100,1.0,additive,0.86,0.1,1.0,-11,20,80,60,False,0,True,900051140,False,0.8681,-0.1157,,,,,,,,0,10.582905054092407,1150.2606830596924
100,1.0,additive,0.86,0.1,1.0,-11,20,80,60,False,0,True,563991559,False,0.963,-0.0803,,,,,,,,1,15.219380378723145,1150.2606830596924
100,1.0,additive,0.86,0.1,1.0,-11,20,80,60,False,0,True,1522476763,False,0.6224,0.1121,,,,,,,,2,11.381367206573486,1150.2606830596924
100,1.0,additive,0.86,0.1,1.0,-11,20,80,60,False,0,True,1186417182,False,0.2288,-0.1429,,,,,,,,3,13.14546275138855,1150.2606830596924
100,1.0,additive,0.86,0.1,1.0,-11,20,80,60,False,0,True,1339581536,False,0.2408,0.1864,,,,,,,,4,10.968715190887451,1150.2606830596924
100,1.0,additive,0.86,0.1,1.0,-11,20,80,60,False,0,True,1003521955,False,0.0799,-0.2474,,,,,,,,5,13.308393955230713,1150.2606830596924
100,1.0,additive,0.86,0.1,1.0,-11,20,80,60,False,0,True,1962007159,False,0.8092,0.1275,,,,,,,,6,10.007782220840454,1150.2606830596924
100,1.0,additive,0.86,0.1,1.0,-11,20,80,60,False,0,True,1625947578,False,0.4076,0.1507,,,,,,,,7,10.803290367126465,1150.2606830596924
100,1.0,additive,0.86,0.1,1.0,-11,20,80,60,False,0,True,484567147,False,0.0919,0.2036,,,,,,,,8,10.030044317245483,1150.2606830596924
100,1.0,additive,0.86,0.1,1.0,-11,20,80,60,False,0,True,1443052351,False,0.7283,0.1084,,,,,,,,9,11.821542978286743,1150.2606830596924
100,1.0,additive,0.86,0.1,1.0,-11,20,80,60,False,0,True,1106992770,False,0.5385,0.1468,,,,,,,,10,10.040941715240479,1150.2606830596924
100,1.0,additive,0.86,0.1,1.0,-11,20,80,60,False,0,True,2065477974,False,0.7842,0.108,,,,,,,,11,9.991117238998413,1150.2606830596924
100,1.0,additive,0.86,0.1,1.0,-11,20,80,60,False,0,True,924097543,False,0.3956,-0.1593,,,,,,,,12,10.48502254486084,1150.2606830596924
100,1.0,additive,0.86,0.1,1.0,-11,20,80,60,False,0,True,1882582747,False,0.2967,0.1277,,,,,,,,13,10.059839010238647,1150.2606830596924
100,1.0,additive,0.86,0.1,1.0,-11,20,80,60,False,0,True,1546523166,False,0.2787,0.179,,,,,,,,14,12.896048545837402,1150.2606830596924
100,1.0,additive,0.86,0.1,1.0,-11,20,80,60,False,0,True,1210463585,False,0.989,0.0699,,,,,,,,15,10.432493448257446,1150.2606830596924
100,1.0,additive,0.86,0.1,1.0,-11,20,80,60,False,0,True,21465141,False,0.964,0.0765,,,,,,,,16,11.758958339691162,1150.2606830596924
100,1.0,additive,0.86,0.1,1.0,-11,20,80,60,False,0,True,1027568358,False,0.8581,-0.0874,,,,,,,,17,11.669028043746948,1150.2606830596924
100,1.0,additive,0.86,0.1,1.0,-11,20,80,60,False,0,True,1986053562,False,0.0599,0.2148,,,,,,,,18,10.038779973983765,1150.2606830596924
100,1.0,additive,0.86,0.1,1.0,-11,20,80,60,False,0,True,1649993981,False,0.1119,0.1902,,,,,,,,19,13.916661739349365,1150.2606830596924
100,1.0,additive,0.86,0.1,1.0,-11,20,80,60,False,0,True,1313934400,False,0.5275,-0.12,,,,,,,,20,10.020591259002686,1150.2606830596924
100,1.0,additive,0.86,0.1,1.0,-11,20,80,60,False,0,True,1467098754,False,0.7862,-0.1185,,,,,,,,21,14.445816993713379,1150.2606830596924
100,1.0,additive,0.86,0.1,1.0,-11,20,80,60,False,0,True,1131039173,False,0.4675,0.1278,,,,,,,,22,10.088576316833496,1150.2606830596924
100,1.0,additive,0.86,0.1,1.0,-11,20,80,60,False,0,True,2089524377,False,0.8082,-0.1028,,,,,,,,23,12.952472925186157,1150.2606830596924
100,1.0,additive,0.86,0.1,1.0,-11,20,80,60,False,0,True,1753464796,False,0.3227,-0.1593,,,,,,,,24,10.465043306350708,1150.2606830596924
100,1.0,additive,0.86,0.1,1.0,-11,20,80,60,False,0,True,1906629150,False,0.6364,0.1062,,,,,,,,25,12.286707401275635,1150.2606830596924
100,1.0,additive,0.86,0.1,1.0,-11,20,80,60,False,0,True,1570569569,False,0.1389,0.2097,,,,,,,,26,9.967949628829956,1150.2606830596924
100,1.0,additive,0.86,0.1,1.0,-11,20,80,60,False,0,True,1234509988,False,0.7722,-0.1101,,,,,,,,27,11.788199663162231,1150.2606830596924
100,1.0,additive,0.86,0.1,1.0,-11,20,80,60,False,0,True,45511544,False,0.0809,-0.1834,,,,,,,,28,11.450384140014648,1150.2606830596924
100,1.0,additive,0.86,0.1,1.0,-11,20,80,60,False,0,True,1051614761,False,0.1698,-0.1534,,,,,,,,29,10.050160884857178,1150.2606830596924
100,1.0,additive,0.86,0.1,1.0,-11,20,80,60,False,0,True,2010099965,False,0.7323,-0.1251,,,,,,,,30,12.00448727607727,1150.2606830596924
100,1.0,additive,0.86,0.1,1.0,-11,20,80,60,False,0,True,1674040384,False,0.2997,0.1589,,,,,,,,31,10.077927350997925,1150.2606830596924
100,1.0,additive,0.86,0.1,1.0,-11,20,80,60,False,0,True,485041940,False,0.2058,0.1762,,,,,,,,32,13.430938959121704,1150.2606830596924
100,1.0,additive,0.86,0.1,1.0,-11,20,80,60,False,0,True,1491145157,False,0.3596,0.1343,,,,,,,,33,12.24327540397644,1150.2606830596924
100,1.0,additive,0.86,0.1,1.0,-11,20,80,60,False,0,True,1155085576,False,0.3976,-0.1591,,,,,,,,34,10.32619857788086,1150.2606830596924
100,1.0,additive,0.86,0.1,1.0,-11,20,80,60,False,0,True,2113570780,False,0.8621,-0.0915,,,,,,,,35,10.069559335708618,1150.2606830596924
100,1.0,additive,0.86,0.1,1.0,-11,20,80,60,False,0,True,1777511199,False,0.7632,-0.1236,,,,,,,,36,13.107459545135498,1150.2606830596924
100,1.0,additive,0.86,0.1,1.0,-11,20,80,60,False,0,True,1930675553,False,0.5714,-0.1182,,,,,,,,37,15.01306962966919,1150.2606830596924
100,1.0,additive,0.86,0.1,1.0,-11,20,80,60,False,0,True,1594615972,True,0.043,-0.2125,,,,,,,,38,10.319038152694702,1150.2606830596924
100,1.0,additive,0.86,0.1,1.0,-11,20,80,60,False,0,True,405617528,False,0.2937,0.1767,,,,,,,,39,10.098250389099121,1150.2606830596924
100,1.0,additive,0.86,0.1,1.0,-11,20,80,60,False,0,True,69557947,False,0.8012,-0.1176,,,,,,,,40,10.05837631225586,1150.2606830596924
100,1.0,additive,0.86,0.1,1.0,-11,20,80,60,False,0,True,1880982014,False,0.7083,0.1131,,,,,,,,41,10.301450252532959,1150.2606830596924
100,1.0,additive,0.86,0.1,1.0,-11,20,80,60,False,0,True,2034146368,False,0.8871,-0.0952,,,,,,,,42,10.105398416519165,1150.2606830596924
100,1.0,additive,0.86,0.1,1.0,-11,20,80,60,False,0,True,1698086787,False,0.0929,-0.1813,,,,,,,,43,10.336561918258667,1150.2606830596924
100,1.0,additive,0.86,0.1,1.0,-11,20,80,60,False,0,True,509088343,False,0.0539,-0.2137,,,,,,,,44,10.275899648666382,1150.2606830596924
100,1.0,additive,0.86,0.1,1.0,-11,20,80,60,False,0,True,173028762,False,0.2937,0.1603,,,,,,,,45,10.044666290283203,1150.2606830596924
100,1.0,additive,0.86,0.1,1.0,-11,20,80,60,False,0,True,1179131979,False,0.8941,-0.0996,,,,,,,,46,10.317408561706543,1150.2606830596924
100,1.0,additive,0.86,0.1,1.0,-11,20,80,60,False,0,True,2137617183,True,0.023,-0.2389,,,,,,,,47,10.194704294204712,1150.2606830596924
100,1.0,additive,0.86,0.1,1.0,-11,20,80,60,False,0,True,1801557602,False,0.3806,-0.1505,,,,,,,,48,10.048794746398926,1150.2606830596924
100,1.0,additive,0.86,0.1,1.0,-11,20,80,60,False,0,True,612559158,False,0.7153,-0.0923,,,,,,,,49,13.062836647033691,1150.2606830596924
100,1.0,additive,0.88,0.1,1.0,-11,20,80,60,False,0,False,1881057832,True,0.001,0.5495,False,-4.0,12.0,0.7894736842105263,,,,0,10.073809146881104,1123.8328697681427
100,1.0,additive,0.88,0.1,1.0,-11,20,80,60,False,0,False,1544998251,True,0.001,0.6261,False,-11.0,9.0,0.75,,,,1,10.503596544265747,1123.8328697681427
100,1.0,additive,0.88,0.1,1.0,-11,20,80,60,False,0,False,1698162605,True,0.001,0.593,False,-4.0,20.0,0.7142857142857143,,,,2,10.133457660675049,1123.8328697681427
100,1.0,additive,0.88,0.1,1.0,-11,20,80,60,False,0,False,1362103024,True,0.001,0.6326,False,-6.0,10.0,0.7894736842105263,,,,3,10.21491003036499,1123.8328697681427
100,1.0,additive,0.88,0.1,1.0,-11,20,80,60,False,0,False,173104580,True,0.001,0.722,False,-20.0,15.0,0.631578947368421,,,,4,10.060037612915039,1123.8328697681427
100,1.0,additive,0.88,0.1,1.0,-11,20,80,60,False,0,False,1984528647,True,0.001,0.63,False,-20.0,2.0,0.7317073170731707,,,,5,10.015103101730347,1123.8328697681427
100,1.0,additive,0.88,0.1,1.0,-11,20,80,60,False,0,False,1648469066,True,0.001,0.6439,False,-14.0,4.0,0.7692307692307693,,,,6,10.214000225067139,1123.8328697681427
100,1.0,additive,0.88,0.1,1.0,-11,20,80,60,False,0,False,1801633420,True,0.001,0.6022,False,-18.0,4.0,0.7317073170731707,,,,7,10.521376848220825,1123.8328697681427
100,1.0,additive,0.88,0.1,1.0,-11,20,80,60,False,0,False,1465573839,True,0.001,0.5823,False,-1.0,12.0,0.821917808219178,,,,8,10.288691282272339,1123.8328697681427
100,1.0,additive,0.88,0.1,1.0,-11,20,80,60,False,0,False,276575395,True,0.001,0.6518,False,-11.0,1.0,0.8333333333333334,,,,9,10.25684118270874,1123.8328697681427
100,1.0,additive,0.88,0.1,1.0,-11,20,80,60,False,0,False,2087999462,True,0.001,0.6437,False,-18.0,5.0,0.7228915662650602,,,,10,10.265729665756226,1123.8328697681427
100,1.0,additive,0.88,0.1,1.0,-11,20,80,60,False,0,False,93680168,True,0.001,0.4949,False,0.0,17.0,0.7792207792207793,,,,11,12.424755811691284,1123.8328697681427
100,1.0,additive,0.88,0.1,1.0,-11,20,80,60,False,0,False,1905104235,True,0.001,0.6666,False,0.0,12.0,0.8333333333333334,,,,12,10.449196338653564,1123.8328697681427
100,1.0,additive,0.88,0.1,1.0,-11,20,80,60,False,0,False,1569044654,True,0.001,0.6,False,-16.0,19.0,0.631578947368421,,,,13,10.440662145614624,1123.8328697681427
100,1.0,additive,0.88,0.1,1.0,-11,20,80,60,False,0,False,380046210,True,0.001,0.5831,False,-14.0,4.0,0.7692307692307693,,,,14,11.464895725250244,1123.8328697681427
100,1.0,additive,0.88,0.1,1.0,-11,20,80,60,False,0,False,1386149427,True,0.001,0.6036,False,-1.0,12.0,0.821917808219178,,,,15,10.075587749481201,1123.8328697681427
100,1.0,additive,0.88,0.1,1.0,-11,20,80,60,False,0,False,197150983,True,0.001,0.5929,False,-20.0,7.0,0.6896551724137931,,,,16,10.90341854095459,1123.8328697681427
100,1.0,additive,0.88,0.1,1.0,-11,20,80,60,False,0,False,2008575050,True,0.001,0.6213,False,-20.0,6.0,0.6976744186046512,,,,17,10.88702940940857,1123.8328697681427
100,1.0,additive,0.88,0.1,1.0,-11,20,80,60,False,0,False,819576606,True,0.001,0.5783,False,-1.0,0.0,0.9836065573770492,,,,18,10.083724021911621,1123.8328697681427
100,1.0,additive,0.88,0.1,1.0,-11,20,80,60,False,0,False,1825679823,True,0.001,0.5916,False,-6.0,19.0,0.7058823529411765,,,,19,10.453466892242432,1123.8328697681427
100,1.0,additive,0.88,0.1,1.0,-11,20,80,60,False,0,False,1489620242,True,0.001,0.6201,False,-4.0,19.0,0.7228915662650602,,,,20,10.165108680725098,1123.8328697681427
100,1.0,additive,0.88,0.1,1.0,-11,20,80,60,False,0,False,300621798,True,0.001,0.665,False,-15.0,20.0,0.631578947368421,,,,21,10.289099216461182,1123.8328697681427
100,1.0,additive,0.88,0.1,1.0,-11,20,80,60,False,0,False,2112045865,True,0.001,0.6201,False,-17.0,15.0,0.6521739130434783,,,,22,12.545605421066284,1123.8328697681427
100,1.0,additive,0.88,0.1,1.0,-11,20,80,60,False,0,False,117726571,True,0.001,0.6154,False,-7.0,6.0,0.821917808219178,,,,23,10.185188055038452,1123.8328697681427
100,1.0,additive,0.88,0.1,1.0,-11,20,80,60,False,0,False,1929150638,True,0.001,0.7019,False,-9.0,16.0,0.7058823529411765,,,,24,10.286216259002686,1123.8328697681427
100,1.0,additive,0.88,0.1,1.0,-11,20,80,60,False,0,False,1593091057,True,0.001,0.5775,False,-6.0,6.0,0.8333333333333334,,,,25,10.148842573165894,1123.8328697681427
100,1.0,additive,0.88,0.1,1.0,-11,20,80,60,False,0,False,404092613,True,0.001,0.5743,False,-18.0,12.0,0.6666666666666666,,,,26,10.561340808868408,1123.8328697681427
100,1.0,additive,0.88,0.1,1.0,-11,20,80,60,False,0,False,1310856943,True,0.001,0.6474,False,-18.0,9.0,0.6896551724137931,,,,27,10.721051216125488,1123.8328697681427
100,1.0,additive,0.88,0.1,1.0,-11,20,80,60,False,0,False,221197386,True,0.001,0.6136,False,-5.0,12.0,0.7792207792207793,,,,28,10.066444396972656,1123.8328697681427
100,1.0,additive,0.88,0.1,1.0,-11,20,80,60,False,0,False,2032621453,True,0.001,0.6146,False,-12.0,0.0,0.8333333333333334,,,,29,10.376343965530396,1123.8328697681427
100,1.0,additive,0.88,0.1,1.0,-11,20,80,60,False,0,False,843623009,True,0.001,0.5922,False,-7.0,0.0,0.8955223880597015,,,,30,10.0687837600708,1123.8328697681427
100,1.0,additive,0.88,0.1,1.0,-11,20,80,60,False,0,False,507563428,True,0.001,0.5872,False,-19.0,16.0,0.631578947368421,,,,31,10.407046794891357,1123.8328697681427
100,1.0,additive,0.88,0.1,1.0,-11,20,80,60,False,0,False,1414327758,True,0.001,0.6104,False,-8.0,15.0,0.7228915662650602,,,,32,11.008546590805054,1123.8328697681427
100,1.0,additive,0.88,0.1,1.0,-11,20,80,60,False,0,False,324668201,True,0.001,0.6196,False,-20.0,14.0,0.6382978723404256,,,,33,12.450514078140259,1123.8328697681427
100,1.0,additive,0.88,0.1,1.0,-11,20,80,60,False,0,False,2136092268,True,0.001,0.6605,False,-20.0,10.0,0.6666666666666666,,,,34,12.170737266540527,1123.8328697681427
100,1.0,additive,0.88,0.1,1.0,-11,20,80,60,False,0,False,947093824,True,0.001,0.6108,False,-19.0,18.0,0.6185567010309279,,,,35,10.3542640209198,1123.8328697681427
100,1.0,additive,0.88,0.1,1.0,-11,20,80,60,False,0,False,1853858154,True,0.001,0.62,False,-16.0,11.0,0.6896551724137931,,,,36,10.71035099029541,1123.8328697681427
100,1.0,additive,0.88,0.1,1.0,-11,20,80,60,False,0,False,764198597,True,0.001,0.6487,False,-10.0,5.0,0.8,,,,37,14.886115550994873,1123.8328697681427
100,1.0,additive,0.88,0.1,1.0,-11,20,80,60,False,0,False,428139016,True,0.001,0.6903,False,-17.0,20.0,0.6185567010309279,,,,38,14.687935829162598,1123.8328697681427
100,1.0,additive,0.88,0.1,1.0,-11,20,80,60,False,0,False,92079435,True,0.001,0.6756,False,-19.0,20.0,0.6060606060606061,,,,39,9.874411821365356,1123.8328697681427
100,1.0,additive,0.88,0.1,1.0,-11,20,80,60,False,0,False,245243789,True,0.001,0.6099,False,-20.0,6.0,0.6976744186046512,,,,40,10.161066770553589,1123.8328697681427
100,1.0,additive,0.88,0.1,1.0,-11,20,80,60,False,0,False,1957328969,True,0.001,0.6478,False,-6.0,15.0,0.7407407407407407,,,,41,11.216938018798828,1123.8328697681427
100,1.0,additive,0.88,0.1,1.0,-11,20,80,60,False,0,False,867669412,True,0.001,0.6103,False,-9.0,17.0,0.6976744186046512,,,,42,11.960010290145874,1123.8328697681427
100,1.0,additive,0.88,0.1,1.0,-11,20,80,60,False,0,False,531609831,True,0.001,0.6488,False,-10.0,3.0,0.821917808219178,,,,43,10.038827419281006,1123.8328697681427
100,1.0,additive,0.88,0.1,1.0,-11,20,80,60,False,0,False,684774185,True,0.001,0.6106,False,-20.0,16.0,0.625,,,,44,9.98017406463623,1123.8328697681427
100,1.0,additive,0.88,0.1,1.0,-11,20,80,60,False,0,False,348714604,True,0.001,0.6151,False,-3.0,13.0,0.7894736842105263,,,,45,14.012688159942627,1123.8328697681427
100,1.0,additive,0.88,0.1,1.0,-11,20,80,60,False,0,False,12655023,True,0.001,0.5961,False,-1.0,0.0,0.9836065573770492,,,,46,10.411463975906372,1123.8328697681427
100,1.0,additive,0.88,0.1,1.0,-11,20,80,60,False,0,False,971140227,True,0.001,0.6644,False,-6.0,19.0,0.7058823529411765,,,,47,10.273689031600952,1123.8328697681427
100,1.0,additive,0.88,0.1,1.0,-11,20,80,60,False,0,False,1877904557,True,0.001,0.6472,False,0.0,1.0,0.9836065573770492,,,,48,10.02586054801941,1123.8328697681427
100,1.0,additive,0.88,0.1,1.0,-11,20,80,60,False,0,False,788245000,True,0.001,0.6408,False,-20.0,15.0,0.631578947368421,,,,49,10.239508390426636,1123.8328697681427
100,1.0,additive,0.88,0.1,1.0,-11,20,80,60,False,0,True,1037947916,False,0.5155,-0.1146,,,,,,,,0,10.535724639892578,1123.8328697681427
100,1.0,additive,0.88,0.1,1.0,-11,20,80,60,False,0,True,701888335,False,0.8412,-0.0967,,,,,,,,1,10.507973194122314,1123.8328697681427
100,1.0,additive,0.88,0.1,1.0,-11,20,80,60,False,0,True,855052689,False,0.9461,-0.0926,,,,,,,,2,12.919419050216675,1123.8328697681427
100,1.0,additive,0.88,0.1,1.0,-11,20,80,60,False,0,True,518993108,False,0.6294,-0.1181,,,,,,,,3,10.199859380722046,1123.8328697681427
100,1.0,additive,0.88,0.1,1.0,-11,20,80,60,False,0,True,1477478312,False,0.5185,-0.1616,,,,,,,,4,15.59371018409729,1123.8328697681427
100,1.0,additive,0.88,0.1,1.0,-11,20,80,60,False,0,True,1141418731,False,0.4825,0.1406,,,,,,,,5,10.467210054397583,1123.8328697681427
100,1.0,additive,0.88,0.1,1.0,-11,20,80,60,False,0,True,805359150,False,0.5914,-0.1302,,,,,,,,6,14.754730463027954,1123.8328697681427
100,1.0,additive,0.88,0.1,1.0,-11,20,80,60,False,0,True,958523504,False,0.2368,0.1968,,,,,,,,7,10.259213209152222,1123.8328697681427
100,1.0,additive,0.88,0.1,1.0,-11,20,80,60,False,0,True,622463923,False,0.1129,0.207,,,,,,,,8,10.640487432479858,1123.8328697681427
100,1.0,additive,0.88,0.1,1.0,-11,20,80,60,False,0,True,1580949127,False,0.7742,-0.0969,,,,,,,,9,10.183751821517944,1123.8328697681427
100,1.0,additive,0.88,0.1,1.0,-11,20,80,60,False,0,True,1244889546,False,0.7752,-0.1041,,,,,,,,10,10.107794046401978,1123.8328697681427
100,1.0,additive,0.88,0.1,1.0,-11,20,80,60,False,0,True,1398053900,False,0.3626,-0.1384,,,,,,,,11,13.67525315284729,1123.8328697681427
100,1.0,additive,0.88,0.1,1.0,-11,20,80,60,False,0,True,1061994319,False,0.9051,0.1093,,,,,,,,12,10.332701444625854,1123.8328697681427
100,1.0,additive,0.88,0.1,1.0,-11,20,80,60,False,0,True,725934738,False,0.3447,-0.1336,,,,,,,,13,10.701643943786621,1123.8328697681427
100,1.0,additive,0.88,0.1,1.0,-11,20,80,60,False,0,True,1684419942,False,0.4306,0.1338,,,,,,,,14,10.032106637954712,1123.8328697681427
100,1.0,additive,0.88,0.1,1.0,-11,20,80,60,False,0,True,543039511,False,0.1708,-0.1933,,,,,,,,15,10.902793884277344,1123.8328697681427
100,1.0,additive,0.88,0.1,1.0,-11,20,80,60,False,0,True,1501524715,False,0.6823,-0.1211,,,,,,,,16,10.798181772232056,1123.8328697681427
100,1.0,additive,0.88,0.1,1.0,-11,20,80,60,False,0,True,1165465134,True,0.044,0.2168,,,,,,,,17,10.855297088623047,1123.8328697681427
100,1.0,additive,0.88,0.1,1.0,-11,20,80,60,False,0,True,2123950338,False,0.1818,0.1961,,,,,,,,18,12.22071886062622,1123.8328697681427
100,1.0,additive,0.88,0.1,1.0,-11,20,80,60,False,0,True,982569907,False,0.3996,-0.1291,,,,,,,,19,10.048106670379639,1123.8328697681427
100,1.0,additive,0.88,0.1,1.0,-11,20,80,60,False,0,True,646510326,False,0.7443,0.108,,,,,,,,20,13.500347375869751,1123.8328697681427
100,1.0,additive,0.88,0.1,1.0,-11,20,80,60,False,0,True,1604995530,False,0.0829,0.197,,,,,,,,21,10.076363801956177,1123.8328697681427
100,1.0,additive,0.88,0.1,1.0,-11,20,80,60,False,0,True,1268935949,True,0.013,-0.2471,,,,,,,,22,11.716182947158813,1123.8328697681427
100,1.0,additive,0.88,0.1,1.0,-11,20,80,60,False,0,True,1422100303,False,0.6563,0.1109,,,,,,,,23,9.954408645629883,1123.8328697681427
100,1.0,additive,0.88,0.1,1.0,-11,20,80,60,False,0,True,1086040722,False,0.1998,0.1796,,,,,,,,24,10.04501724243164,1123.8328697681427
100,1.0,additive,0.88,0.1,1.0,-11,20,80,60,False,0,True,749981141,False,0.6414,0.1273,,,,,,,,25,10.44693660736084,1123.8328697681427
100,1.0,additive,0.88,0.1,1.0,-11,20,80,60,False,0,True,1708466345,False,0.2248,-0.1978,,,,,,,,26,9.645555019378662,1123.8328697681427
100,1.0,additive,0.88,0.1,1.0,-11,20,80,60,False,0,True,567085914,False,0.8432,-0.096,,,,,,,,27,13.697508335113525,1123.8328697681427
100,1.0,additive,0.88,0.1,1.0,-11,20,80,60,False,0,True,1525571118,True,0.049,0.2534,,,,,,,,28,10.368652820587158,1123.8328697681427
100,1.0,additive,0.88,0.1,1.0,-11,20,80,60,False,0,True,1189511537,False,0.1329,0.1877,,,,,,,,29,10.868717908859253,1123.8328697681427
100,1.0,additive,0.88,0.1,1.0,-11,20,80,60,False,0,True,513093,False,0.0859,-0.2319,,,,,,,,30,10.631892681121826,1123.8328697681427
100,1.0,additive,0.88,0.1,1.0,-11,20,80,60,False,0,True,1811937160,False,0.4226,0.1594,,,,,,,,31,10.676417350769043,1123.8328697681427
100,1.0,additive,0.88,0.1,1.0,-11,20,80,60,False,0,True,670556729,False,0.9371,-0.074,,,,,,,,32,16.03495478630066,1123.8328697681427
100,1.0,additive,0.88,0.1,1.0,-11,20,80,60,False,0,True,1629041933,False,0.1788,-0.1672,,,,,,,,33,10.82828426361084,1123.8328697681427
100,1.0,additive,0.88,0.1,1.0,-11,20,80,60,False,0,True,1292982352,False,0.4216,0.1519,,,,,,,,34,11.043548822402954,1123.8328697681427
100,1.0,additive,0.88,0.1,1.0,-11,20,80,60,False,0,True,103983908,False,0.2088,0.1832,,,,,,,,35,10.348984956741333,1123.8328697681427
100,1.0,additive,0.88,0.1,1.0,-11,20,80,60,False,0,True,1110087125,False,0.3077,0.1681,,,,,,,,36,13.04617166519165,1123.8328697681427
100,1.0,additive,0.88,0.1,1.0,-11,20,80,60,False,0,True,2068572329,False,0.986,-0.0722,,,,,,,,37,11.011099815368652,1123.8328697681427
100,1.0,additive,0.88,0.1,1.0,-11,20,80,60,False,0,True,1732512748,False,0.1558,-0.1934,,,,,,,,38,17.498722553253174,1123.8328697681427
100,1.0,additive,0.88,0.1,1.0,-11,20,80,60,False,0,True,1396453167,False,0.4705,-0.1401,,,,,,,,39,12.064903020858765,1123.8328697681427
100,1.0,additive,0.88,0.1,1.0,-11,20,80,60,False,0,True,1549617521,False,0.8601,0.091,,,,,,,,40,15.457783699035645,1123.8328697681427
100,1.0,additive,0.88,0.1,1.0,-11,20,80,60,False,0,True,1213557940,False,0.8591,-0.0949,,,,,,,,41,11.344256401062012,1123.8328697681427
100,1.0,additive,0.88,0.1,1.0,-11,20,80,60,False,0,True,24559496,False,0.4346,-0.1393,,,,,,,,42,13.61490774154663,1123.8328697681427
100,1.0,additive,0.88,0.1,1.0,-11,20,80,60,False,0,True,1835983563,False,0.955,-0.0804,,,,,,,,43,10.594504356384277,1123.8328697681427
100,1.0,additive,0.88,0.1,1.0,-11,20,80,60,False,0,True,1989147917,False,0.3407,-0.1627,,,,,,,,44,15.450178623199463,1123.8328697681427
100,1.0,additive,0.88,0.1,1.0,-11,20,80,60,False,0,True,1653088336,False,0.8941,0.0877,,,,,,,,45,10.98616909980774,1123.8328697681427
100,1.0,additive,0.88,0.1,1.0,-11,20,80,60,False,0,True,1317028755,False,0.8142,-0.1118,,,,,,,,46,10.171322584152222,1123.8328697681427
100,1.0,additive,0.88,0.1,1.0,-11,20,80,60,False,0,True,128030311,False,0.6254,0.1184,,,,,,,,47,13.926373481750488,1123.8328697681427
100,1.0,additive,0.88,0.1,1.0,-11,20,80,60,False,0,True,1134133528,False,0.1858,0.1717,,,,,,,,48,12.484797239303589,1123.8328697681427
100,1.0,additive,0.88,0.1,1.0,-11,20,80,60,False,0,True,2092618732,False,0.8761,-0.0995,,,,,,,,49,9.969916820526123,1123.8328697681427
100,1.0,additive,0.9,0.1,1.0,-11,20,80,60,False,0,False,1049470150,True,0.001,0.6154,False,-9.0,19.0,0.6818181818181818,,,,0,10.30410647392273,1176.0176138877869
100,1.0,additive,0.9,0.1,1.0,-11,20,80,60,False,0,False,713410569,True,0.001,0.6005,False,-7.0,20.0,0.6896551724137931,,,,1,10.587606430053711,1176.0176138877869
100,1.0,additive,0.9,0.1,1.0,-11,20,80,60,False,0,False,1671895773,True,0.001,0.5951,False,-20.0,19.0,0.6060606060606061,,,,2,12.049460172653198,1176.0176138877869
100,1.0,additive,0.9,0.1,1.0,-11,20,80,60,False,0,False,530515342,True,0.001,0.5619,False,0.0,9.0,0.8695652173913043,,,,3,10.598905801773071,1176.0176138877869
100,1.0,additive,0.9,0.1,1.0,-11,20,80,60,False,0,False,194455761,True,0.001,0.6116,False,-10.0,18.0,0.6818181818181818,,,,4,12.444003820419312,1176.0176138877869
100,1.0,additive,0.9,0.1,1.0,-11,20,80,60,False,0,False,1152940965,True,0.001,0.6497,False,0.0,5.0,0.9230769230769231,,,,5,15.776331901550293,1176.0176138877869
100,1.0,additive,0.9,0.1,1.0,-11,20,80,60,False,0,False,816881384,True,0.001,0.5904,False,-12.0,7.0,0.759493670886076,,,,6,10.878100633621216,1176.0176138877869
100,1.0,additive,0.9,0.1,1.0,-11,20,80,60,False,0,False,970045738,True,0.001,0.6182,False,-3.0,18.0,0.7407407407407407,,,,7,10.195770740509033,1176.0176138877869
100,1.0,additive,0.9,0.1,1.0,-11,20,80,60,False,0,False,633986157,True,0.001,0.6626,False,-1.0,7.0,0.8823529411764706,,,,8,10.25762677192688,1176.0176138877869
100,1.0,additive,0.9,0.1,1.0,-11,20,80,60,False,0,False,1592471361,True,0.001,0.586,False,-18.0,0.0,0.7692307692307693,,,,9,16.25827670097351,1176.0176138877869
100,1.0,additive,0.9,0.1,1.0,-11,20,80,60,False,0,False,1256411780,True,0.001,0.6167,False,-18.0,8.0,0.6976744186046512,,,,10,10.046595811843872,1176.0176138877869
100,1.0,additive,0.9,0.1,1.0,-11,20,80,60,False,0,False,115031349,True,0.001,0.6298,False,-15.0,11.0,0.6976744186046512,,,,11,11.248599290847778,1176.0176138877869
100,1.0,additive,0.9,0.1,1.0,-11,20,80,60,False,0,False,1073516553,True,0.001,0.6609,False,-15.0,18.0,0.6451612903225806,,,,12,10.403531074523926,1176.0176138877869
100,1.0,additive,0.9,0.1,1.0,-11,20,80,60,False,0,False,737456972,True,0.001,0.6394,False,0.0,18.0,0.7692307692307693,,,,13,10.53362512588501,1176.0176138877869
100,1.0,additive,0.9,0.1,1.0,-11,20,80,60,False,0,False,1695942176,True,0.001,0.5529,False,-7.0,13.0,0.75,,,,14,10.552982091903687,1176.0176138877869
100,1.0,additive,0.9,0.1,1.0,-11,20,80,60,False,0,False,554561745,True,0.001,0.6351,False,-1.0,-2.0,0.9508196721311475,,,,15,9.772036075592041,1176.0176138877869
100,1.0,additive,0.9,0.1,1.0,-11,20,80,60,False,0,False,1513046949,True,0.001,0.638,False,-1.0,20.0,0.7407407407407407,,,,16,12.815139055252075,1176.0176138877869
100,1.0,additive,0.9,0.1,1.0,-11,20,80,60,False,0,False,1176987368,True,0.001,0.5943,False,-17.0,1.0,0.7692307692307693,,,,17,10.152360677719116,1176.0176138877869
100,1.0,additive,0.9,0.1,1.0,-11,20,80,60,False,0,False,840927787,True,0.001,0.6718,False,-1.0,20.0,0.7407407407407407,,,,18,15.096497774124146,1176.0176138877869
100,1.0,additive,0.9,0.1,1.0,-11,20,80,60,False,0,False,994092141,True,0.001,0.6345,False,0.0,18.0,0.7692307692307693,,,,19,10.1580171585083,1176.0176138877869
100,1.0,additive,0.9,0.1,1.0,-11,20,80,60,False,0,False,658032560,True,0.001,0.5683,False,-12.0,0.0,0.8333333333333334,,,,20,14.140264987945557,1176.0176138877869
100,1.0,additive,0.9,0.1,1.0,-11,20,80,60,False,0,False,1616517764,True,0.001,0.664,False,-20.0,12.0,0.6521739130434783,,,,21,10.083383083343506,1176.0176138877869
100,1.0,additive,0.9,0.1,1.0,-11,20,80,60,False,0,False,1280458183,True,0.001,0.6671,False,0.0,15.0,0.8,,,,22,10.265690565109253,1176.0176138877869
100,1.0,additive,0.9,0.1,1.0,-11,20,80,60,False,0,False,139077752,True,0.001,0.6428,False,-19.0,20.0,0.6060606060606061,,,,23,12.603488445281982,1176.0176138877869
100,1.0,additive,0.9,0.1,1.0,-11,20,80,60,False,0,False,1097562956,True,0.001,0.5995,False,-14.0,19.0,0.6451612903225806,,,,24,10.33731460571289,1176.0176138877869
100,1.0,additive,0.9,0.1,1.0,-11,20,80,60,False,0,False,761503375,True,0.001,0.5841,False,-1.0,14.0,0.8,,,,25,10.486321926116943,1176.0176138877869
100,1.0,additive,0.9,0.1,1.0,-11,20,80,60,False,0,False,1719988579,True,0.001,0.6078,False,0.0,16.0,0.7894736842105263,,,,26,15.468891382217407,1176.0176138877869
100,1.0,additive,0.9,0.1,1.0,-11,20,80,60,False,0,False,1383928998,True,0.001,0.5906,False,-16.0,0.0,0.7894736842105263,,,,27,17.062808752059937,1176.0176138877869
100,1.0,additive,0.9,0.1,1.0,-11,20,80,60,False,0,False,1537093352,True,0.001,0.5957,False,-20.0,6.0,0.6976744186046512,,,,28,11.746826171875,1176.0176138877869
100,1.0,additive,0.9,0.1,1.0,-11,20,80,60,False,0,False,1201033771,True,0.001,0.6341,False,-15.0,16.0,0.6593406593406593,,,,29,12.866453409194946,1176.0176138877869
100,1.0,additive,0.9,0.1,1.0,-11,20,80,60,False,0,False,864974190,True,0.001,0.5992,False,-1.0,0.0,0.9836065573770492,,,,30,10.35198974609375,1176.0176138877869
100,1.0,additive,0.9,0.1,1.0,-11,20,80,60,False,0,False,1823459394,True,0.001,0.6393,False,0.0,3.0,0.9523809523809523,,,,31,16.02369475364685,1176.0176138877869
100,1.0,additive,0.9,0.1,1.0,-11,20,80,60,False,0,False,682078963,True,0.001,0.6394,False,0.0,20.0,0.75,,,,32,10.766582250595093,1176.0176138877869
100,1.0,additive,0.9,0.1,1.0,-11,20,80,60,False,0,False,1640564167,True,0.001,0.5647,False,-14.0,20.0,0.6382978723404256,,,,33,10.286990642547607,1176.0176138877869
100,1.0,additive,0.9,0.1,1.0,-11,20,80,60,False,0,False,1304504586,True,0.001,0.5665,False,-13.0,11.0,0.7142857142857143,,,,34,10.479697227478027,1176.0176138877869
100,1.0,additive,0.9,0.1,1.0,-11,20,80,60,False,0,False,115506142,True,0.001,0.6039,True,0.0,0.0,1.0,,,,35,12.389517068862915,1176.0176138877869
100,1.0,additive,0.9,0.1,1.0,-11,20,80,60,False,0,False,1121609359,True,0.001,0.6203,False,-9.0,20.0,0.6741573033707865,,,,36,12.146078824996948,1176.0176138877869
100,1.0,additive,0.9,0.1,1.0,-11,20,80,60,False,0,False,785549778,True,0.001,0.5988,False,-2.0,0.0,0.967741935483871,,,,37,15.929300546646118,1176.0176138877869
100,1.0,additive,0.9,0.1,1.0,-11,20,80,60,False,0,False,1744034982,True,0.001,0.6885,False,-12.0,9.0,0.7407407407407407,,,,38,10.070021390914917,1176.0176138877869
100,1.0,additive,0.9,0.1,1.0,-11,20,80,60,False,0,False,1407975401,True,0.001,0.6344,False,-1.0,7.0,0.8823529411764706,,,,39,10.412480115890503,1176.0176138877869
100,1.0,additive,0.9,0.1,1.0,-11,20,80,60,False,0,False,1561139755,True,0.001,0.6522,False,-2.0,15.0,0.7792207792207793,,,,40,12.39243769645691,1176.0176138877869
100,1.0,additive,0.9,0.1,1.0,-11,20,80,60,False,0,False,1225080174,True,0.001,0.6351,False,-17.0,0.0,0.7792207792207793,,,,41,10.942050218582153,1176.0176138877869
100,1.0,additive,0.9,0.1,1.0,-11,20,80,60,False,0,False,36081730,True,0.001,0.6131,False,-20.0,4.0,0.7142857142857143,,,,42,9.841981649398804,1176.0176138877869
100,1.0,additive,0.9,0.1,1.0,-11,20,80,60,False,0,False,1847505797,True,0.001,0.6677,False,-5.0,20.0,0.7058823529411765,,,,43,10.309009075164795,1176.0176138877869
100,1.0,additive,0.9,0.1,1.0,-11,20,80,60,False,0,False,706125366,True,0.001,0.6086,False,-18.0,1.0,0.759493670886076,,,,44,15.771075963973999,1176.0176138877869
100,1.0,additive,0.9,0.1,1.0,-11,20,80,60,False,0,False,1664610570,True,0.001,0.6571,False,-6.0,20.0,0.6976744186046512,,,,45,10.497345685958862,1176.0176138877869
100,1.0,additive,0.9,0.1,1.0,-11,20,80,60,False,0,False,1328550989,True,0.001,0.5968,False,-4.0,6.0,0.8571428571428571,,,,46,16.379181385040283,1176.0176138877869
100,1.0,additive,0.9,0.1,1.0,-11,20,80,60,False,0,False,139552545,True,0.001,0.6329,False,-18.0,20.0,0.6122448979591837,,,,47,10.386858701705933,1176.0176138877869
100,1.0,additive,0.9,0.1,1.0,-11,20,80,60,False,0,False,1950976612,True,0.001,0.6124,False,1.0,0.0,0.9833333333333333,,,,48,13.299454689025879,1176.0176138877869
100,1.0,additive,0.9,0.1,1.0,-11,20,80,60,False,0,False,809596181,True,0.001,0.6269,False,-16.0,1.0,0.7792207792207793,,,,49,10.312339305877686,1176.0176138877869
100,1.0,additive,0.9,0.1,1.0,-11,20,80,60,False,0,True,206360234,False,0.5764,-0.1189,,,,,,,,0,10.562974452972412,1176.0176138877869
100,1.0,additive,0.9,0.1,1.0,-11,20,80,60,False,0,True,2017784301,False,0.8551,0.0908,,,,,,,,1,12.65523076057434,1176.0176138877869
100,1.0,additive,0.9,0.1,1.0,-11,20,80,60,False,0,True,828785857,False,0.3776,-0.1471,,,,,,,,2,12.599873065948486,1176.0176138877869
100,1.0,additive,0.9,0.1,1.0,-11,20,80,60,False,0,True,1834889074,False,0.1628,0.152,,,,,,,,3,10.005480289459229,1176.0176138877869
100,1.0,additive,0.9,0.1,1.0,-11,20,80,60,False,0,True,1498829493,False,0.4116,0.1512,,,,,,,,4,10.387439012527466,1176.0176138877869
100,1.0,additive,0.9,0.1,1.0,-11,20,80,60,False,0,True,309831049,False,0.1948,-0.1823,,,,,,,,5,12.072332382202148,1176.0176138877869
100,1.0,additive,0.9,0.1,1.0,-11,20,80,60,False,0,True,2121255116,False,0.4995,-0.1408,,,,,,,,6,11.470784664154053,1176.0176138877869
100,1.0,additive,0.9,0.1,1.0,-11,20,80,60,False,0,True,126935822,False,0.1199,0.1839,,,,,,,,7,10.271225929260254,1176.0176138877869
100,1.0,additive,0.9,0.1,1.0,-11,20,80,60,False,0,True,1938359889,False,0.8162,-0.1098,,,,,,,,8,10.35941481590271,1176.0176138877869
100,1.0,additive,0.9,0.1,1.0,-11,20,80,60,False,0,True,749361445,False,0.2677,0.169,,,,,,,,9,12.674643516540527,1176.0176138877869
100,1.0,additive,0.9,0.1,1.0,-11,20,80,60,False,0,True,413301864,True,0.021,-0.2216,,,,,,,,10,10.036526918411255,1176.0176138877869
100,1.0,additive,0.9,0.1,1.0,-11,20,80,60,False,0,True,1419405081,False,0.1239,-0.1667,,,,,,,,11,16.087472677230835,1176.0176138877869
100,1.0,additive,0.9,0.1,1.0,-11,20,80,60,False,0,True,230406637,False,0.0599,0.1971,,,,,,,,12,10.068942070007324,1176.0176138877869
100,1.0,additive,0.9,0.1,1.0,-11,20,80,60,False,0,True,2041830704,True,0.007,0.3349,,,,,,,,13,16.617205142974854,1176.0176138877869
100,1.0,additive,0.9,0.1,1.0,-11,20,80,60,False,0,True,852832260,False,0.6633,0.1119,,,,,,,,14,9.995753765106201,1176.0176138877869
100,1.0,additive,0.9,0.1,1.0,-11,20,80,60,False,0,True,1858935477,False,0.1439,0.2326,,,,,,,,15,12.781603813171387,1176.0176138877869
100,1.0,additive,0.9,0.1,1.0,-11,20,80,60,False,0,True,669937033,False,0.964,0.0873,,,,,,,,16,12.713812112808228,1176.0176138877869
100,1.0,additive,0.9,0.1,1.0,-11,20,80,60,False,0,True,333877452,False,0.0549,-0.2011,,,,,,,,17,10.722180366516113,1176.0176138877869
100,1.0,additive,0.9,0.1,1.0,-11,20,80,60,False,0,True,2145301519,False,0.965,-0.0831,,,,,,,,18,9.995659351348877,1176.0176138877869
100,1.0,additive,0.9,0.1,1.0,-11,20,80,60,False,0,True,150982225,False,0.05,0.2287,,,,,,,,19,12.602192163467407,1176.0176138877869
100,1.0,additive,0.9,0.1,1.0,-11,20,80,60,False,0,True,1962406292,False,0.5275,0.1347,,,,,,,,20,11.080504179000854,1176.0176138877869
100,1.0,additive,0.9,0.1,1.0,-11,20,80,60,False,0,True,773407848,False,0.5195,-0.1342,,,,,,,,21,10.330413103103638,1176.0176138877869
100,1.0,additive,0.9,0.1,1.0,-11,20,80,60,False,0,True,437348267,False,0.4935,-0.1308,,,,,,,,22,13.05341649055481,1176.0176138877869
100,1.0,additive,0.9,0.1,1.0,-11,20,80,60,False,0,True,1443451484,False,0.7243,-0.1167,,,,,,,,23,10.075389623641968,1176.0176138877869
100,1.0,additive,0.9,0.1,1.0,-11,20,80,60,False,0,True,254453040,False,0.3926,-0.1453,,,,,,,,24,10.552456140518188,1176.0176138877869
100,1.0,additive,0.9,0.1,1.0,-11,20,80,60,False,0,True,2065877107,False,0.2897,0.1553,,,,,,,,25,10.831302404403687,1176.0176138877869
100,1.0,additive,0.9,0.1,1.0,-11,20,80,60,False,0,True,876878663,False,0.3047,-0.1578,,,,,,,,26,10.960286378860474,1176.0176138877869
100,1.0,additive,0.9,0.1,1.0,-11,20,80,60,False,0,True,540819082,False,0.4366,0.1397,,,,,,,,27,10.01977825164795,1176.0176138877869
100,1.0,additive,0.9,0.1,1.0,-11,20,80,60,False,0,True,693983436,False,0.7123,-0.1155,,,,,,,,28,10.221573114395142,1176.0176138877869
100,1.0,additive,0.9,0.1,1.0,-11,20,80,60,False,0,True,357923855,False,0.3946,-0.1618,,,,,,,,29,14.698124170303345,1176.0176138877869
100,1.0,additive,0.9,0.1,1.0,-11,20,80,60,False,0,True,21864274,False,0.961,0.0806,,,,,,,,30,10.148372650146484,1176.0176138877869
100,1.0,additive,0.9,0.1,1.0,-11,20,80,60,False,0,True,980349478,False,0.1459,0.1972,,,,,,,,31,13.426684617996216,1176.0176138877869
100,1.0,additive,0.9,0.1,1.0,-11,20,80,60,False,0,True,1986452695,False,0.0639,0.2186,,,,,,,,32,10.047664642333984,1176.0176138877869
100,1.0,additive,0.9,0.1,1.0,-11,20,80,60,False,0,True,797454251,False,0.6034,-0.1258,,,,,,,,33,15.695341348648071,1176.0176138877869
100,1.0,additive,0.9,0.1,1.0,-11,20,80,60,False,0,True,461394670,False,0.2537,-0.1673,,,,,,,,34,9.741409540176392,1176.0176138877869
100,1.0,additive,0.9,0.1,1.0,-11,20,80,60,False,0,True,1419879874,False,0.5614,0.1403,,,,,,,,35,10.86843729019165,1176.0176138877869
100,1.0,additive,0.9,0.1,1.0,-11,20,80,60,False,0,True,278499443,False,0.4406,0.1378,,,,,,,,36,12.763260126113892,1176.0176138877869
100,1.0,additive,0.9,0.1,1.0,-11,20,80,60,False,0,True,2089923510,False,0.8901,-0.0824,,,,,,,,37,13.140329837799072,1176.0176138877869
100,1.0,additive,0.9,0.1,1.0,-11,20,80,60,False,0,True,900925066,False,0.2937,0.1737,,,,,,,,38,12.96194577217102,1176.0176138877869
100,1.0,additive,0.9,0.1,1.0,-11,20,80,60,False,0,True,564865485,False,0.4735,0.1408,,,,,,,,39,10.3510000705719,1176.0176138877869
100,1.0,additive,0.9,0.1,1.0,-11,20,80,60,False,0,True,718029839,False,0.2917,-0.1581,,,,,,,,40,10.072313070297241,1176.0176138877869
100,1.0,additive,0.9,0.1,1.0,-11,20,80,60,False,0,True,381970258,False,0.7283,-0.1004,,,,,,,,41,13.067925214767456,1176.0176138877869
100,1.0,additive,0.9,0.1,1.0,-11,20,80,60,False,0,True,1340455462,False,0.6843,0.1137,,,,,,,,42,12.42139458656311,1176.0176138877869
100,1.0,additive,0.9,0.1,1.0,-11,20,80,60,False,0,True,1004395881,False,0.3147,0.1531,,,,,,,,43,12.554121017456055,1176.0176138877869
100,1.0,additive,0.9,0.1,1.0,-11,20,80,60,False,0,True,2010499098,False,0.3337,-0.1836,,,,,,,,44,10.617061376571655,1176.0176138877869
100,1.0,additive,0.9,0.1,1.0,-11,20,80,60,False,0,True,821500654,False,0.2937,0.1653,,,,,,,,45,10.242451429367065,1176.0176138877869
100,1.0,additive,0.9,0.1,1.0,-11,20,80,60,False,0,True,485441073,False,0.5514,-0.1166,,,,,,,,46,12.728211402893066,1176.0176138877869
100,1.0,additive,0.9,0.1,1.0,-11,20,80,60,False,0,True,1443926277,False,0.973,0.0828,,,,,,,,47,10.126783847808838,1176.0176138877869
100,1.0,additive,0.9,0.1,1.0,-11,20,80,60,False,0,True,1107866696,False,0.974,-0.0788,,,,,,,,48,13.025142431259155,1176.0176138877869
100,1.0,additive,0.9,0.1,1.0,-11,20,80,60,False,0,True,2113969913,False,0.4565,-0.1397,,,,,,,,49,10.903444528579712,1176.0176138877869
100,1.0,additive,0.92,0.1,1.0,-11,20,80,60,False,0,False,1640560262,True,0.001,0.5901,False,-5.0,2.0,0.8955223880597015,,,,0,10.378045320510864,1166.7968745231628
100,1.0,additive,0.92,0.1,1.0,-11,20,80,60,False,0,False,499179831,True,0.001,0.6495,False,-6.0,17.0,0.7228915662650602,,,,1,10.133763313293457,1166.7968745231628
100,1.0,additive,0.92,0.1,1.0,-11,20,80,60,False,0,False,1457665035,True,0.001,0.656,False,-2.0,20.0,0.7317073170731707,,,,2,10.15208101272583,1166.7968745231628
100,1.0,additive,0.92,0.1,1.0,-11,20,80,60,False,0,False,1121605454,True,0.001,0.6277,False,-2.0,6.0,0.8823529411764706,,,,3,14.973764657974243,1166.7968745231628
100,1.0,additive,0.92,0.1,1.0,-11,20,80,60,False,0,False,31945897,True,0.001,0.677,False,-20.0,0.0,0.75,,,,4,10.373748779296875,1166.7968745231628
100,1.0,additive,0.92,0.1,1.0,-11,20,80,60,False,0,False,938710227,True,0.001,0.674,False,-20.0,1.0,0.7407407407407407,,,,5,12.653137683868408,1166.7968745231628
100,1.0,additive,0.92,0.1,1.0,-11,20,80,60,False,0,False,1897195431,True,0.001,0.6938,False,0.0,20.0,0.75,,,,6,10.347656965255737,1166.7968745231628
100,1.0,additive,0.92,0.1,1.0,-11,20,80,60,False,0,False,1561135850,True,0.001,0.616,False,-12.0,7.0,0.759493670886076,,,,7,14.166260719299316,1166.7968745231628
100,1.0,additive,0.92,0.1,1.0,-11,20,80,60,False,0,False,1225076269,True,0.001,0.6102,False,-12.0,19.0,0.6593406593406593,,,,8,10.230611324310303,1166.7968745231628
100,1.0,additive,0.92,0.1,1.0,-11,20,80,60,False,0,False,1378240623,True,0.001,0.6134,False,0.0,2.0,0.967741935483871,,,,9,10.971803665161133,1166.7968745231628
100,1.0,additive,0.92,0.1,1.0,-11,20,80,60,False,0,False,1042181042,True,0.001,0.6138,False,-20.0,0.0,0.75,,,,10,10.027820110321045,1166.7968745231628
100,1.0,additive,0.92,0.1,1.0,-11,20,80,60,False,0,False,2000666246,True,0.001,0.604,False,-20.0,5.0,0.7058823529411765,,,,11,13.330454587936401,1166.7968745231628
100,1.0,additive,0.92,0.1,1.0,-11,20,80,60,False,0,False,1664606665,True,0.001,0.6058,False,-7.0,16.0,0.7228915662650602,,,,12,13.364153861999512,1166.7968745231628
100,1.0,additive,0.92,0.1,1.0,-11,20,80,60,False,0,False,1328547084,True,0.001,0.6069,False,-3.0,17.0,0.75,,,,13,10.617247104644775,1166.7968745231628
100,1.0,additive,0.92,0.1,1.0,-11,20,80,60,False,0,False,1481711438,True,0.001,0.6315,False,-2.0,0.0,0.967741935483871,,,,14,13.247518062591553,1166.7968745231628
100,1.0,additive,0.92,0.1,1.0,-11,20,80,60,False,0,False,1145651857,True,0.001,0.6698,False,-9.0,20.0,0.6741573033707865,,,,15,10.124645948410034,1166.7968745231628
100,1.0,additive,0.92,0.1,1.0,-11,20,80,60,False,0,False,2104137061,True,0.001,0.5513,False,-6.0,8.0,0.8108108108108109,,,,16,14.304809331893921,1166.7968745231628
100,1.0,additive,0.92,0.1,1.0,-11,20,80,60,False,0,False,1768077480,True,0.001,0.6199,False,-16.0,19.0,0.631578947368421,,,,17,10.273056745529175,1166.7968745231628
100,1.0,additive,0.92,0.1,1.0,-11,20,80,60,False,0,False,1921241834,True,0.001,0.5499,False,-1.0,16.0,0.7792207792207793,,,,18,11.355889558792114,1166.7968745231628
100,1.0,additive,0.92,0.1,1.0,-11,20,80,60,False,0,False,1585182253,True,0.001,0.5972,False,-20.0,2.0,0.7317073170731707,,,,19,10.099441766738892,1166.7968745231628
100,1.0,additive,0.92,0.1,1.0,-11,20,80,60,False,0,False,1249122672,True,0.001,0.654,False,-20.0,0.0,0.75,,,,20,13.526288986206055,1166.7968745231628
100,1.0,additive,0.92,0.1,1.0,-11,20,80,60,False,0,False,60124228,True,0.001,0.6006,False,-19.0,20.0,0.6060606060606061,,,,21,10.193875312805176,1166.7968745231628
100,1.0,additive,0.92,0.1,1.0,-11,20,80,60,False,0,False,1066227445,True,0.001,0.5812,False,-6.0,0.0,0.9090909090909091,,,,22,9.752256631851196,1166.7968745231628
100,1.0,additive,0.92,0.1,1.0,-11,20,80,60,False,0,False,2024712649,True,0.001,0.6495,False,-12.0,16.0,0.6818181818181818,,,,23,11.905566453933716,1166.7968745231628
100,1.0,additive,0.92,0.1,1.0,-11,20,80,60,False,0,False,1688653068,True,0.001,0.5849,False,-11.0,13.0,0.7142857142857143,,,,24,10.505991697311401,1166.7968745231628
100,1.0,additive,0.92,0.1,1.0,-11,20,80,60,False,0,False,598993511,True,0.001,0.5831,False,-19.0,1.0,0.75,,,,25,11.788996458053589,1166.7968745231628
100,1.0,additive,0.92,0.1,1.0,-11,20,80,60,False,0,False,1505757841,True,0.001,0.5685,False,0.0,4.0,0.9375,,,,26,9.676250219345093,1166.7968745231628
100,1.0,additive,0.92,0.1,1.0,-11,20,80,60,False,0,False,1169698260,True,0.001,0.5351,False,-6.0,1.0,0.8955223880597015,,,,27,11.697258710861206,1166.7968745231628
100,1.0,additive,0.92,0.1,1.0,-11,20,80,60,False,0,False,2128183464,True,0.001,0.5773,False,-2.0,0.0,0.967741935483871,,,,28,10.750943660736084,1166.7968745231628
100,1.0,additive,0.92,0.1,1.0,-11,20,80,60,False,0,False,1792123883,True,0.001,0.5881,False,0.0,13.0,0.821917808219178,,,,29,10.509311437606812,1166.7968745231628
100,1.0,additive,0.92,0.1,1.0,-11,20,80,60,False,0,False,1945288237,True,0.001,0.625,False,-14.0,17.0,0.6593406593406593,,,,30,13.974579095840454,1166.7968745231628
100,1.0,additive,0.92,0.1,1.0,-11,20,80,60,False,0,False,1609228656,True,0.001,0.6311,False,0.0,4.0,0.9375,,,,31,10.502454280853271,1166.7968745231628
100,1.0,additive,0.92,0.1,1.0,-11,20,80,60,False,0,False,420230212,True,0.001,0.6191,False,-2.0,1.0,0.9523809523809523,,,,32,12.492727994918823,1166.7968745231628
100,1.0,additive,0.92,0.1,1.0,-11,20,80,60,False,0,False,84170631,True,0.001,0.6301,False,-1.0,1.0,0.967741935483871,,,,33,16.98038101196289,1166.7968745231628
100,1.0,additive,0.92,0.1,1.0,-11,20,80,60,False,0,False,1895594698,True,0.001,0.664,False,0.0,18.0,0.7692307692307693,,,,34,10.177206039428711,1166.7968745231628
100,1.0,additive,0.92,0.1,1.0,-11,20,80,60,False,0,False,2048759052,True,0.001,0.5748,False,-7.0,-1.0,0.8805970149253731,,,,35,10.081032037734985,1166.7968745231628
100,1.0,additive,0.92,0.1,1.0,-11,20,80,60,False,0,False,1712699471,True,0.001,0.6124,False,-20.0,8.0,0.6818181818181818,,,,36,15.233677387237549,1166.7968745231628
100,1.0,additive,0.92,0.1,1.0,-11,20,80,60,False,0,False,523701027,True,0.001,0.6025,False,-1.0,20.0,0.7407407407407407,,,,37,10.186605215072632,1166.7968745231628
100,1.0,additive,0.92,0.1,1.0,-11,20,80,60,False,0,False,187641446,True,0.001,0.6394,False,-17.0,19.0,0.625,,,,38,13.83592939376831,1166.7968745231628
100,1.0,additive,0.92,0.1,1.0,-11,20,80,60,False,0,False,1193744663,True,0.001,0.6158,False,-10.0,0.0,0.8571428571428571,,,,39,10.165748834609985,1166.7968745231628
100,1.0,additive,0.92,0.1,1.0,-11,20,80,60,False,0,False,4746219,True,0.001,0.6336,False,-20.0,16.0,0.625,,,,40,14.750557661056519,1166.7968745231628
100,1.0,additive,0.92,0.1,1.0,-11,20,80,60,False,0,False,1816170286,True,0.001,0.6389,False,-15.0,4.0,0.759493670886076,,,,41,10.072916746139526,1166.7968745231628
100,1.0,additive,0.92,0.1,1.0,-11,20,80,60,False,0,False,627171842,True,0.001,0.6814,False,-9.0,14.0,0.7228915662650602,,,,42,13.377329111099243,1166.7968745231628
100,1.0,additive,0.92,0.1,1.0,-11,20,80,60,False,0,False,1633275059,True,0.001,0.5838,False,-13.0,14.0,0.6896551724137931,,,,43,12.246190786361694,1166.7968745231628
100,1.0,additive,0.92,0.1,1.0,-11,20,80,60,False,0,False,444276615,True,0.001,0.5909,False,-20.0,15.0,0.631578947368421,,,,44,11.758036613464355,1166.7968745231628
100,1.0,additive,0.92,0.1,1.0,-11,20,80,60,False,0,False,108217034,True,0.001,0.6125,False,0.0,18.0,0.7692307692307693,,,,45,10.121639251708984,1166.7968745231628
100,1.0,additive,0.92,0.1,1.0,-11,20,80,60,False,0,False,1919641101,True,0.001,0.658,False,-19.0,3.0,0.7317073170731707,,,,46,10.336002588272095,1166.7968745231628
100,1.0,additive,0.92,0.1,1.0,-11,20,80,60,False,0,False,2072805455,True,0.001,0.5894,False,0.0,18.0,0.7692307692307693,,,,47,10.433447360992432,1166.7968745231628
100,1.0,additive,0.92,0.1,1.0,-11,20,80,60,False,0,False,1736745874,True,0.001,0.6487,False,-9.0,20.0,0.6741573033707865,,,,48,10.839012384414673,1166.7968745231628
100,1.0,additive,0.92,0.1,1.0,-11,20,80,60,False,0,False,547747430,True,0.001,0.5851,True,0.0,0.0,1.0,,,,49,14.328268766403198,1166.7968745231628
100,1.0,additive,0.92,0.1,1.0,-11,20,80,60,False,0,True,896789233,False,0.6753,0.1085,,,,,,,,0,10.10983395576477,1166.7968745231628
100,1.0,additive,0.92,0.1,1.0,-11,20,80,60,False,0,True,1803553563,False,0.3966,0.1648,,,,,,,,1,15.83078408241272,1166.7968745231628
100,1.0,additive,0.92,0.1,1.0,-11,20,80,60,False,0,True,713894006,False,0.3247,-0.1752,,,,,,,,2,10.137421131134033,1166.7968745231628
100,1.0,additive,0.92,0.1,1.0,-11,20,80,60,False,0,True,278495538,False,0.0659,0.2278,,,,,,,,3,11.09808611869812,1166.7968745231628
100,1.0,additive,0.92,0.1,1.0,-11,20,80,60,False,0,True,1336319629,False,0.3586,0.1697,,,,,,,,4,15.491853713989258,1166.7968745231628
100,1.0,additive,0.92,0.1,1.0,-11,20,80,60,False,0,True,95600311,False,0.9051,-0.0882,,,,,,,,5,11.61690640449524,1166.7968745231628
100,1.0,additive,0.92,0.1,1.0,-11,20,80,60,False,0,True,1153424402,False,0.7502,-0.1047,,,,,,,,6,10.52014684677124,1166.7968745231628
100,1.0,additive,0.92,0.1,1.0,-11,20,80,60,False,0,True,817364821,False,0.3017,0.1343,,,,,,,,7,12.639012098312378,1166.7968745231628
100,1.0,additive,0.92,0.1,1.0,-11,20,80,60,False,0,True,381966353,False,0.3307,0.1472,,,,,,,,8,10.17170786857605,1166.7968745231628
100,1.0,additive,0.92,0.1,1.0,-11,20,80,60,False,0,True,535130707,False,0.8462,-0.0995,,,,,,,,9,10.850023031234741,1166.7968745231628
100,1.0,additive,0.92,0.1,1.0,-11,20,80,60,False,0,True,199071126,True,0.008,0.2755,,,,,,,,10,10.673481464385986,1166.7968745231628
100,1.0,additive,0.92,0.1,1.0,-11,20,80,60,False,0,True,1256895217,False,0.6244,-0.1342,,,,,,,,11,10.204927444458008,1166.7968745231628
100,1.0,additive,0.92,0.1,1.0,-11,20,80,60,False,0,True,920835636,False,0.4515,-0.1445,,,,,,,,12,14.117584228515625,1166.7968745231628
100,1.0,additive,0.92,0.1,1.0,-11,20,80,60,False,0,True,485437168,False,0.8701,-0.0983,,,,,,,,13,10.22147512435913,1166.7968745231628
100,1.0,additive,0.92,0.1,1.0,-11,20,80,60,False,0,True,638601522,False,0.4625,-0.1456,,,,,,,,14,10.255609512329102,1166.7968745231628
100,1.0,additive,0.92,0.1,1.0,-11,20,80,60,False,0,True,302541941,False,0.4156,-0.138,,,,,,,,15,11.487258434295654,1166.7968745231628
100,1.0,additive,0.92,0.1,1.0,-11,20,80,60,False,0,True,1360366032,False,0.954,0.0937,,,,,,,,16,12.472304821014404,1166.7968745231628
100,1.0,additive,0.92,0.1,1.0,-11,20,80,60,False,0,True,1024306451,False,0.2997,0.1545,,,,,,,,17,10.145766496658325,1166.7968745231628
100,1.0,additive,0.92,0.1,1.0,-11,20,80,60,False,0,True,1078131918,False,0.6523,0.1205,,,,,,,,18,10.296873569488525,1166.7968745231628
100,1.0,additive,0.92,0.1,1.0,-11,20,80,60,False,0,True,742072337,False,0.0699,-0.2264,,,,,,,,19,10.456078052520752,1166.7968745231628
100,1.0,additive,0.92,0.1,1.0,-11,20,80,60,False,0,True,406012756,False,0.0789,0.2301,,,,,,,,20,10.275586605072021,1166.7968745231628
100,1.0,additive,0.92,0.1,1.0,-11,20,80,60,False,0,True,1463836847,False,0.2138,-0.1806,,,,,,,,21,11.578258037567139,1166.7968745231628
100,1.0,additive,0.92,0.1,1.0,-11,20,80,60,False,0,True,223117529,False,0.4356,0.1373,,,,,,,,22,12.848316431045532,1166.7968745231628
100,1.0,additive,0.92,0.1,1.0,-11,20,80,60,False,0,True,1181602733,False,0.1708,-0.2063,,,,,,,,23,14.170833587646484,1166.7968745231628
100,1.0,additive,0.92,0.1,1.0,-11,20,80,60,False,0,True,845543152,False,0.2777,0.1693,,,,,,,,24,11.577742099761963,1166.7968745231628
100,1.0,additive,0.92,0.1,1.0,-11,20,80,60,False,0,True,1903367243,False,0.6104,-0.1198,,,,,,,,25,10.357547283172607,1166.7968745231628
100,1.0,additive,0.92,0.1,1.0,-11,20,80,60,False,0,True,662647925,False,0.0699,0.2373,,,,,,,,26,10.19721007347107,1166.7968745231628
100,1.0,additive,0.92,0.1,1.0,-11,20,80,60,False,0,True,326588344,False,0.5005,-0.1388,,,,,,,,27,10.557990312576294,1166.7968745231628
100,1.0,additive,0.92,0.1,1.0,-11,20,80,60,False,0,True,1285073548,False,0.8661,-0.1006,,,,,,,,28,12.260910511016846,1166.7968745231628
100,1.0,additive,0.92,0.1,1.0,-11,20,80,60,False,0,True,949013967,False,0.6384,0.1253,,,,,,,,29,10.109416723251343,1166.7968745231628
100,1.0,additive,0.92,0.1,1.0,-11,20,80,60,False,0,True,1102178321,False,0.3516,-0.137,,,,,,,,30,15.492770433425903,1166.7968745231628
100,1.0,additive,0.92,0.1,1.0,-11,20,80,60,False,0,True,766118740,False,0.8142,-0.1049,,,,,,,,31,10.248499155044556,1166.7968745231628
100,1.0,additive,0.92,0.1,1.0,-11,20,80,60,False,0,True,1823942831,True,0.03,0.2622,,,,,,,,32,11.268672466278076,1166.7968745231628
100,1.0,additive,0.92,0.1,1.0,-11,20,80,60,False,0,True,1388544363,False,0.5455,0.1338,,,,,,,,33,12.972555875778198,1166.7968745231628
100,1.0,additive,0.92,0.1,1.0,-11,20,80,60,False,0,True,1052484782,False,0.9491,0.0971,,,,,,,,34,10.381417751312256,1166.7968745231628
100,1.0,additive,0.92,0.1,1.0,-11,20,80,60,False,0,True,1205649136,False,0.4146,0.1518,,,,,,,,35,12.3607337474823,1166.7968745231628
100,1.0,additive,0.92,0.1,1.0,-11,20,80,60,False,0,True,869589555,False,0.3516,0.1627,,,,,,,,36,11.859090805053711,1166.7968745231628
100,1.0,additive,0.92,0.1,1.0,-11,20,80,60,False,0,True,1927413646,False,0.7862,0.1267,,,,,,,,37,13.468541145324707,1166.7968745231628
100,1.0,additive,0.92,0.1,1.0,-11,20,80,60,False,0,True,1591354065,False,0.3247,-0.1864,,,,,,,,38,10.517693758010864,1166.7968745231628
100,1.0,additive,0.92,0.1,1.0,-11,20,80,60,False,0,True,350634747,False,0.3696,0.1697,,,,,,,,39,15.003281593322754,1166.7968745231628
100,1.0,additive,0.92,0.1,1.0,-11,20,80,60,False,0,True,1309119951,False,0.968,-0.0878,,,,,,,,40,9.964118242263794,1166.7968745231628
100,1.0,additive,0.92,0.1,1.0,-11,20,80,60,False,0,True,973060370,False,0.1798,0.2165,,,,,,,,41,10.223369598388672,1166.7968745231628
100,1.0,additive,0.92,0.1,1.0,-11,20,80,60,False,0,True,2030884461,False,0.9021,0.0995,,,,,,,,42,10.080561876296997,1166.7968745231628
100,1.0,additive,0.92,0.1,1.0,-11,20,80,60,False,0,True,790165143,False,0.9461,-0.0891,,,,,,,,43,15.300983905792236,1166.7968745231628
100,1.0,additive,0.92,0.1,1.0,-11,20,80,60,False,0,True,1748650347,False,0.4266,0.1683,,,,,,,,44,10.141992807388306,1166.7968745231628
100,1.0,additive,0.92,0.1,1.0,-11,20,80,60,False,0,True,1412590766,False,0.9211,-0.0794,,,,,,,,45,10.852214097976685,1166.7968745231628
100,1.0,additive,0.92,0.1,1.0,-11,20,80,60,False,0,True,1076531185,False,0.6633,-0.1123,,,,,,,,46,12.718339681625366,1166.7968745231628
100,1.0,additive,0.92,0.1,1.0,-11,20,80,60,False,0,True,1229695539,False,0.1868,0.1586,,,,,,,,47,13.072999238967896,1166.7968745231628
100,1.0,additive,0.92,0.1,1.0,-11,20,80,60,False,0,True,893635958,False,0.3427,0.1835,,,,,,,,48,14.615600824356079,1166.7968745231628
100,1.0,additive,0.92,0.1,1.0,-11,20,80,60,False,0,True,1852121162,False,0.3457,-0.1519,,,,,,,,49,9.756450653076172,1166.7968745231628
100,1.0,additive,0.94,0.1,1.0,-11,20,80,60,False,0,False,1981123957,True,0.001,0.6707,False,-1.0,20.0,0.7407407407407407,,,,0,10.343519926071167,1139.7030980587006
100,1.0,additive,0.94,0.1,1.0,-11,20,80,60,False,0,False,792125513,True,0.001,0.567,False,-4.0,20.0,0.7142857142857143,,,,1,15.82787036895752,1139.7030980587006
100,1.0,additive,0.94,0.1,1.0,-11,20,80,60,False,0,False,456065932,True,0.001,0.647,False,-2.0,6.0,0.8823529411764706,,,,2,10.454415798187256,1139.7030980587006
100,1.0,additive,0.94,0.1,1.0,-11,20,80,60,False,0,False,120006351,True,0.001,0.712,False,-20.0,20.0,0.6,,,,3,10.48936128616333,1139.7030980587006
100,1.0,additive,0.94,0.1,1.0,-11,20,80,60,False,0,False,273170705,True,0.001,0.6297,False,-3.0,4.0,0.8955223880597015,,,,4,10.158216953277588,1139.7030980587006
100,1.0,additive,0.94,0.1,1.0,-11,20,80,60,False,0,False,2084594772,True,0.001,0.5987,False,-5.0,20.0,0.7058823529411765,,,,5,10.140115737915039,1139.7030980587006
100,1.0,additive,0.94,0.1,1.0,-11,20,80,60,False,0,False,895596328,True,0.001,0.6322,False,-17.0,5.0,0.7317073170731707,,,,6,10.694934844970703,1139.7030980587006
100,1.0,additive,0.94,0.1,1.0,-11,20,80,60,False,0,False,559536747,True,0.001,0.5979,False,-11.0,4.0,0.8,,,,7,16.11328411102295,1139.7030980587006
100,1.0,additive,0.94,0.1,1.0,-11,20,80,60,False,0,False,1565639964,True,0.001,0.6428,False,-20.0,11.0,0.6593406593406593,,,,8,10.226335287094116,1139.7030980587006
100,1.0,additive,0.94,0.1,1.0,-11,20,80,60,False,0,False,376641520,True,0.001,0.6483,False,-5.0,16.0,0.7407407407407407,,,,9,10.89608359336853,1139.7030980587006
100,1.0,additive,0.94,0.1,1.0,-11,20,80,60,False,0,False,40581939,True,0.001,0.622,False,-2.0,16.0,0.7692307692307693,,,,10,10.015334367752075,1139.7030980587006
100,1.0,additive,0.94,0.1,1.0,-11,20,80,60,False,0,False,999067143,True,0.001,0.6643,False,-20.0,15.0,0.631578947368421,,,,11,11.553038120269775,1139.7030980587006
100,1.0,additive,0.94,0.1,1.0,-11,20,80,60,False,0,False,2005170360,True,0.001,0.5957,False,-15.0,19.0,0.6382978723404256,,,,12,10.071327209472656,1139.7030980587006
100,1.0,additive,0.94,0.1,1.0,-11,20,80,60,False,0,False,816171916,True,0.001,0.5471,False,-10.0,2.0,0.8333333333333334,,,,13,10.288018226623535,1139.7030980587006
100,1.0,additive,0.94,0.1,1.0,-11,20,80,60,False,0,False,480112335,True,0.001,0.5911,False,-4.0,0.0,0.9375,,,,14,12.77594518661499,1139.7030980587006
100,1.0,additive,0.94,0.1,1.0,-11,20,80,60,False,0,False,144052754,True,0.001,0.6766,False,-17.0,19.0,0.625,,,,15,11.537795066833496,1139.7030980587006
100,1.0,additive,0.94,0.1,1.0,-11,20,80,60,False,0,False,297217108,True,0.001,0.6074,False,-10.0,2.0,0.8333333333333334,,,,16,13.36164402961731,1139.7030980587006
100,1.0,additive,0.94,0.1,1.0,-11,20,80,60,False,0,False,2108641175,True,0.001,0.614,False,-19.0,18.0,0.6185567010309279,,,,17,10.339801788330078,1139.7030980587006
100,1.0,additive,0.94,0.1,1.0,-11,20,80,60,False,0,False,919642731,True,0.001,0.6302,False,0.0,19.0,0.759493670886076,,,,18,14.488919496536255,1139.7030980587006
100,1.0,additive,0.94,0.1,1.0,-11,20,80,60,False,0,False,583583150,True,0.001,0.6355,False,-12.0,18.0,0.6666666666666666,,,,19,10.369189500808716,1139.7030980587006
100,1.0,additive,0.94,0.1,1.0,-11,20,80,60,False,0,False,736747504,True,0.001,0.6577,False,-15.0,14.0,0.6741573033707865,,,,20,11.782193660736084,1139.7030980587006
100,1.0,additive,0.94,0.1,1.0,-11,20,80,60,False,0,False,400687923,True,0.001,0.5749,False,-13.0,0.0,0.821917808219178,,,,21,10.150928974151611,1139.7030980587006
100,1.0,additive,0.94,0.1,1.0,-11,20,80,60,False,0,False,64628342,True,0.001,0.6471,False,0.0,3.0,0.9523809523809523,,,,22,10.25330376625061,1139.7030980587006
100,1.0,additive,0.94,0.1,1.0,-11,20,80,60,False,0,False,1023113546,True,0.001,0.6412,False,-8.0,11.0,0.759493670886076,,,,23,10.20796537399292,1139.7030980587006
100,1.0,additive,0.94,0.1,1.0,-11,20,80,60,False,0,False,2029216763,True,0.001,0.6123,False,0.0,16.0,0.7894736842105263,,,,24,10.673324346542358,1139.7030980587006
100,1.0,additive,0.94,0.1,1.0,-11,20,80,60,False,0,False,840218319,True,0.001,0.6261,False,0.0,12.0,0.8333333333333334,,,,25,12.884336709976196,1139.7030980587006
100,1.0,additive,0.94,0.1,1.0,-11,20,80,60,False,0,False,504158738,True,0.001,0.615,False,-20.0,2.0,0.7317073170731707,,,,26,10.104190587997437,1139.7030980587006
100,1.0,additive,0.94,0.1,1.0,-11,20,80,60,False,0,False,168099157,True,0.001,0.617,False,-2.0,4.0,0.9090909090909091,,,,27,13.21134328842163,1139.7030980587006
100,1.0,additive,0.94,0.1,1.0,-11,20,80,60,False,0,False,1126584361,True,0.001,0.6309,False,0.0,19.0,0.759493670886076,,,,28,10.151812553405762,1139.7030980587006
100,1.0,additive,0.94,0.1,1.0,-11,20,80,60,False,0,False,2132687578,True,0.001,0.6031,False,-16.0,7.0,0.7228915662650602,,,,29,13.353784322738647,1139.7030980587006
100,1.0,additive,0.94,0.1,1.0,-11,20,80,60,False,0,False,943689134,True,0.001,0.5948,False,-2.0,-1.0,0.9516129032258065,,,,30,10.15787410736084,1139.7030980587006
100,1.0,additive,0.94,0.1,1.0,-11,20,80,60,False,0,False,607629553,True,0.001,0.6546,False,-17.0,20.0,0.6185567010309279,,,,31,10.250425100326538,1139.7030980587006
100,1.0,additive,0.94,0.1,1.0,-11,20,80,60,False,0,False,1566114757,True,0.001,0.5802,False,-19.0,20.0,0.6060606060606061,,,,32,10.20069694519043,1139.7030980587006
100,1.0,additive,0.94,0.1,1.0,-11,20,80,60,False,0,False,424734326,True,0.001,0.5853,False,0.0,1.0,0.9836065573770492,,,,33,10.227817296981812,1139.7030980587006
100,1.0,additive,0.94,0.1,1.0,-11,20,80,60,False,0,False,88674745,True,0.001,0.6509,False,-20.0,18.0,0.6122448979591837,,,,34,10.421544790267944,1139.7030980587006
100,1.0,additive,0.94,0.1,1.0,-11,20,80,60,False,0,False,1047159949,True,0.001,0.5478,False,-12.0,1.0,0.821917808219178,,,,35,10.11313533782959,1139.7030980587006
100,1.0,additive,0.94,0.1,1.0,-11,20,80,60,False,0,False,711100368,True,0.001,0.6249,False,-15.0,0.0,0.8,,,,36,12.844769954681396,1139.7030980587006
100,1.0,additive,0.94,0.1,1.0,-11,20,80,60,False,0,False,864264722,True,0.001,0.6067,False,-3.0,15.0,0.7692307692307693,,,,37,10.98168134689331,1139.7030980587006
100,1.0,additive,0.94,0.1,1.0,-11,20,80,60,False,0,False,528205141,True,0.001,0.6369,False,-17.0,8.0,0.7058823529411765,,,,38,11.36089038848877,1139.7030980587006
100,1.0,additive,0.94,0.1,1.0,-11,20,80,60,False,0,False,1486690345,True,0.001,0.6386,False,-16.0,1.0,0.7792207792207793,,,,39,12.269746780395508,1139.7030980587006
100,1.0,additive,0.94,0.1,1.0,-11,20,80,60,False,0,False,1150630764,True,0.001,0.6415,False,-12.0,0.0,0.8333333333333334,,,,40,16.533403396606445,1139.7030980587006
100,1.0,additive,0.94,0.1,1.0,-11,20,80,60,False,0,False,9250333,True,0.001,0.615,False,-9.0,7.0,0.7894736842105263,,,,41,10.100528717041016,1139.7030980587006
100,1.0,additive,0.94,0.1,1.0,-11,20,80,60,False,0,False,967735537,True,0.001,0.6476,False,-18.0,7.0,0.7058823529411765,,,,42,9.845794439315796,1139.7030980587006
100,1.0,additive,0.94,0.1,1.0,-11,20,80,60,False,0,False,631675956,True,0.001,0.5617,False,-14.0,0.0,0.8108108108108109,,,,43,10.390386581420898,1139.7030980587006
100,1.0,additive,0.94,0.1,1.0,-11,20,80,60,False,0,False,1590161160,True,0.001,0.5437,False,-2.0,4.0,0.9090909090909091,,,,44,10.432061195373535,1139.7030980587006
100,1.0,additive,0.94,0.1,1.0,-11,20,80,60,False,0,False,448780729,True,0.001,0.6444,False,-7.0,0.0,0.8955223880597015,,,,45,14.306634187698364,1139.7030980587006
100,1.0,additive,0.94,0.1,1.0,-11,20,80,60,False,0,False,1407265933,True,0.001,0.5646,False,-20.0,7.0,0.6896551724137931,,,,46,10.546802043914795,1139.7030980587006
100,1.0,additive,0.94,0.1,1.0,-11,20,80,60,False,0,False,1071206352,True,0.001,0.6187,False,0.0,19.0,0.759493670886076,,,,47,10.092109203338623,1139.7030980587006
100,1.0,additive,0.94,0.1,1.0,-11,20,80,60,False,0,False,735146771,True,0.001,0.6133,False,-2.0,8.0,0.8571428571428571,,,,48,10.129345893859863,1139.7030980587006
100,1.0,additive,0.94,0.1,1.0,-11,20,80,60,False,0,False,888311125,True,0.001,0.6015,False,-19.0,-1.0,0.7468354430379747,,,,49,12.477328538894653,1139.7030980587006
100,1.0,additive,0.94,0.1,1.0,-11,20,80,60,False,0,True,1138014041,False,0.3457,-0.1494,,,,,,,,0,11.405034303665161,1139.7030980587006
100,1.0,additive,0.94,0.1,1.0,-11,20,80,60,False,0,True,2096499245,True,0.026,-0.2303,,,,,,,,1,10.441096544265747,1139.7030980587006
100,1.0,additive,0.94,0.1,1.0,-11,20,80,60,False,0,True,1760439664,False,0.2937,0.1607,,,,,,,,2,14.59382677078247,1139.7030980587006
100,1.0,additive,0.94,0.1,1.0,-11,20,80,60,False,0,True,1424380083,False,0.1858,0.1682,,,,,,,,3,10.160168170928955,1139.7030980587006
100,1.0,additive,0.94,0.1,1.0,-11,20,80,60,False,0,True,1577544437,False,0.1369,0.1929,,,,,,,,4,11.835913896560669,1139.7030980587006
100,1.0,additive,0.94,0.1,1.0,-11,20,80,60,False,0,True,1241484856,False,0.2527,-0.1975,,,,,,,,5,11.938117742538452,1139.7030980587006
100,1.0,additive,0.94,0.1,1.0,-11,20,80,60,False,0,True,52486412,False,0.0819,-0.2192,,,,,,,,6,10.367703437805176,1139.7030980587006
100,1.0,additive,0.94,0.1,1.0,-11,20,80,60,False,0,True,1863910479,False,0.7103,-0.1176,,,,,,,,7,12.592755556106567,1139.7030980587006
100,1.0,additive,0.94,0.1,1.0,-11,20,80,60,False,0,True,722530048,False,0.6464,-0.1286,,,,,,,,8,10.103578567504883,1139.7030980587006
100,1.0,additive,0.94,0.1,1.0,-11,20,80,60,False,0,True,1681015252,False,0.9391,-0.0797,,,,,,,,9,10.265472650527954,1139.7030980587006
100,1.0,additive,0.94,0.1,1.0,-11,20,80,60,False,0,True,1344955671,False,0.1978,0.1795,,,,,,,,10,10.048524618148804,1139.7030980587006
100,1.0,additive,0.94,0.1,1.0,-11,20,80,60,False,0,True,155957227,False,0.8791,-0.0881,,,,,,,,11,10.46059513092041,1139.7030980587006
100,1.0,additive,0.94,0.1,1.0,-11,20,80,60,False,0,True,1162060444,False,0.2587,-0.1665,,,,,,,,12,10.022145748138428,1139.7030980587006
100,1.0,additive,0.94,0.1,1.0,-11,20,80,60,False,0,True,2120545648,False,0.3037,-0.1703,,,,,,,,13,10.351644515991211,1139.7030980587006
100,1.0,additive,0.94,0.1,1.0,-11,20,80,60,False,0,True,1784486067,False,0.4735,-0.1559,,,,,,,,14,15.349033832550049,1139.7030980587006
100,1.0,additive,0.94,0.1,1.0,-11,20,80,60,False,0,True,1448426486,False,0.9051,-0.1033,,,,,,,,15,10.075544357299805,1139.7030980587006
100,1.0,additive,0.94,0.1,1.0,-11,20,80,60,False,0,True,1601590840,False,0.5814,-0.1446,,,,,,,,16,10.276889562606812,1139.7030980587006
100,1.0,additive,0.94,0.1,1.0,-11,20,80,60,False,0,True,1265531259,False,0.5495,-0.1467,,,,,,,,17,11.961366176605225,1139.7030980587006
100,1.0,additive,0.94,0.1,1.0,-11,20,80,60,False,0,True,76532815,False,0.5305,-0.147,,,,,,,,18,11.82630181312561,1139.7030980587006
100,1.0,additive,0.94,0.1,1.0,-11,20,80,60,False,0,True,1887956882,True,0.023,0.3027,,,,,,,,19,10.05962347984314,1139.7030980587006
100,1.0,additive,0.94,0.1,1.0,-11,20,80,60,False,0,True,2041121236,False,0.9201,0.0963,,,,,,,,20,12.367493629455566,1139.7030980587006
100,1.0,additive,0.94,0.1,1.0,-11,20,80,60,False,0,True,1705061655,False,0.4825,-0.1321,,,,,,,,21,10.69053840637207,1139.7030980587006
100,1.0,additive,0.94,0.1,1.0,-11,20,80,60,False,0,True,1369002074,False,0.7113,-0.1132,,,,,,,,22,12.840491771697998,1139.7030980587006
100,1.0,additive,0.94,0.1,1.0,-11,20,80,60,False,0,True,180003630,False,0.4595,-0.1286,,,,,,,,23,12.081586122512817,1139.7030980587006
100,1.0,additive,0.94,0.1,1.0,-11,20,80,60,False,0,True,1186106847,False,0.8921,0.0939,,,,,,,,24,15.611926078796387,1139.7030980587006
100,1.0,additive,0.94,0.1,1.0,-11,20,80,60,False,0,True,2144592051,False,0.4655,-0.1609,,,,,,,,25,13.733637571334839,1139.7030980587006
100,1.0,additive,0.94,0.1,1.0,-11,20,80,60,False,0,True,1808532470,False,0.6753,0.1174,,,,,,,,26,10.05107855796814,1139.7030980587006
100,1.0,additive,0.94,0.1,1.0,-11,20,80,60,False,0,True,1472472889,False,0.1069,0.2087,,,,,,,,27,15.243701934814453,1139.7030980587006
100,1.0,additive,0.94,0.1,1.0,-11,20,80,60,False,0,True,283474445,False,0.7133,-0.1211,,,,,,,,28,10.879186630249023,1139.7030980587006
100,1.0,additive,0.94,0.1,1.0,-11,20,80,60,False,0,True,1289577662,False,0.1419,0.1912,,,,,,,,29,10.316185712814331,1139.7030980587006
100,1.0,additive,0.94,0.1,1.0,-11,20,80,60,False,0,True,100579218,False,0.2478,0.1611,,,,,,,,30,10.407784223556519,1139.7030980587006
100,1.0,additive,0.94,0.1,1.0,-11,20,80,60,False,0,True,1912003285,False,0.8102,0.1303,,,,,,,,31,11.67186427116394,1139.7030980587006
100,1.0,additive,0.94,0.1,1.0,-11,20,80,60,False,0,True,723004841,False,0.951,0.0827,,,,,,,,32,10.050631523132324,1139.7030980587006
100,1.0,additive,0.94,0.1,1.0,-11,20,80,60,False,0,True,1729108058,True,0.037,-0.213,,,,,,,,33,11.994276523590088,1139.7030980587006
100,1.0,additive,0.94,0.1,1.0,-11,20,80,60,False,0,True,1393048477,False,0.973,0.0804,,,,,,,,34,12.889533758163452,1139.7030980587006
100,1.0,additive,0.94,0.1,1.0,-11,20,80,60,False,0,True,204050033,False,0.7532,0.1142,,,,,,,,35,10.250104427337646,1139.7030980587006
100,1.0,additive,0.94,0.1,1.0,-11,20,80,60,False,0,True,2015474100,False,0.8292,0.1066,,,,,,,,36,12.901984453201294,1139.7030980587006
100,1.0,additive,0.94,0.1,1.0,-11,20,80,60,False,0,True,21154806,False,0.5504,-0.1355,,,,,,,,37,10.02155351638794,1139.7030980587006
100,1.0,additive,0.94,0.1,1.0,-11,20,80,60,False,0,True,1832578873,False,0.8881,0.1055,,,,,,,,38,10.835784673690796,1139.7030980587006
100,1.0,additive,0.94,0.1,1.0,-11,20,80,60,False,0,True,643580429,False,0.0559,-0.2084,,,,,,,,39,10.539281606674194,1139.7030980587006
100,1.0,additive,0.94,0.1,1.0,-11,20,80,60,False,0,True,307520848,False,0.8362,0.0972,,,,,,,,40,12.607778072357178,1139.7030980587006
100,1.0,additive,0.94,0.1,1.0,-11,20,80,60,False,0,True,1313624065,False,0.2647,-0.1751,,,,,,,,41,12.392080783843994,1139.7030980587006
100,1.0,additive,0.94,0.1,1.0,-11,20,80,60,False,0,True,124625621,False,0.4825,0.1432,,,,,,,,42,11.630753517150879,1139.7030980587006
100,1.0,additive,0.94,0.1,1.0,-11,20,80,60,False,0,True,1936049688,False,0.4795,-0.1396,,,,,,,,43,10.565550088882446,1139.7030980587006
100,1.0,additive,0.94,0.1,1.0,-11,20,80,60,False,0,True,747051244,False,1.0,0.0648,,,,,,,,44,10.107857942581177,1139.7030980587006
100,1.0,additive,0.94,0.1,1.0,-11,20,80,60,False,0,True,1753154461,False,0.8501,0.1038,,,,,,,,45,11.857008457183838,1139.7030980587006
100,1.0,additive,0.94,0.1,1.0,-11,20,80,60,False,0,True,564156017,False,0.2527,0.1611,,,,,,,,46,10.432586431503296,1139.7030980587006
100,1.0,additive,0.94,0.1,1.0,-11,20,80,60,False,0,True,228096436,False,0.8691,-0.0955,,,,,,,,47,12.992982625961304,1139.7030980587006
100,1.0,additive,0.94,0.1,1.0,-11,20,80,60,False,0,True,2039520503,False,0.2687,0.157,,,,,,,,48,9.94330906867981,1139.7030980587006
100,1.0,additive,0.94,0.1,1.0,-11,20,80,60,False,0,True,45201209,False,0.3167,0.1548,,,,,,,,49,10.623185873031616,1139.7030980587006
100,1.0,additive,0.96,0.1,1.0,-11,20,80,60,False,0,False,1749560421,True,0.001,0.6259,False,-3.0,-1.0,0.9365079365079365,,,,0,12.734204292297363,1101.856590270996
100,1.0,additive,0.96,0.1,1.0,-11,20,80,60,False,0,False,560561977,True,0.001,0.62,False,-20.0,1.0,0.7407407407407407,,,,1,10.35404109954834,1101.856590270996
100,1.0,additive,0.96,0.1,1.0,-11,20,80,60,False,0,False,224502396,True,0.001,0.6306,False,0.0,14.0,0.8108108108108109,,,,2,12.17685866355896,1101.856590270996
100,1.0,additive,0.96,0.1,1.0,-11,20,80,60,False,0,False,1282326487,True,0.001,0.6129,False,0.0,17.0,0.7792207792207793,,,,3,10.229673385620117,1101.856590270996
100,1.0,additive,0.96,0.1,1.0,-11,20,80,60,False,0,False,41607169,True,0.001,0.5781,False,-8.0,13.0,0.7407407407407407,,,,4,10.385822534561157,1101.856590270996
100,1.0,additive,0.96,0.1,1.0,-11,20,80,60,False,0,False,1853031236,True,0.001,0.6607,False,-5.0,9.0,0.8108108108108109,,,,5,10.113900184631348,1101.856590270996
100,1.0,additive,0.96,0.1,1.0,-11,20,80,60,False,0,False,664032792,True,0.001,0.5481,False,0.0,13.0,0.821917808219178,,,,6,10.314615249633789,1101.856590270996
100,1.0,additive,0.96,0.1,1.0,-11,20,80,60,False,0,False,327973211,True,0.001,0.6443,True,0.0,0.0,1.0,,,,7,12.576846599578857,1101.856590270996
100,1.0,additive,0.96,0.1,1.0,-11,20,80,60,False,0,False,1385797302,True,0.001,0.6603,False,-9.0,18.0,0.6896551724137931,,,,8,10.067035436630249,1101.856590270996
100,1.0,additive,0.96,0.1,1.0,-11,20,80,60,False,0,False,145077984,True,0.001,0.6641,False,-3.0,20.0,0.7228915662650602,,,,9,15.158285140991211,1101.856590270996
100,1.0,additive,0.96,0.1,1.0,-11,20,80,60,False,0,False,1202902075,True,0.001,0.6745,False,-19.0,13.0,0.6521739130434783,,,,10,10.084489107131958,1101.856590270996
100,1.0,additive,0.96,0.1,1.0,-11,20,80,60,False,0,False,767503607,True,0.001,0.5613,False,-7.0,5.0,0.8333333333333334,,,,11,13.930564641952515,1101.856590270996
100,1.0,additive,0.96,0.1,1.0,-11,20,80,60,False,0,False,431444026,True,0.001,0.6318,False,-19.0,8.0,0.6896551724137931,,,,12,9.94131875038147,1101.856590270996
100,1.0,additive,0.96,0.1,1.0,-11,20,80,60,False,0,False,584608380,True,0.001,0.629,False,-17.0,20.0,0.6185567010309279,,,,13,10.952563524246216,1101.856590270996
100,1.0,additive,0.96,0.1,1.0,-11,20,80,60,False,0,False,248548799,True,0.001,0.6185,False,0.0,17.0,0.7792207792207793,,,,14,11.56761384010315,1101.856590270996
100,1.0,additive,0.96,0.1,1.0,-11,20,80,60,False,0,False,1306372890,True,0.001,0.6234,False,-19.0,2.0,0.7407407407407407,,,,15,13.037800550460815,1101.856590270996
100,1.0,additive,0.96,0.1,1.0,-11,20,80,60,False,0,False,870974422,True,0.001,0.6211,False,0.0,16.0,0.7894736842105263,,,,16,9.63851261138916,1101.856590270996
100,1.0,additive,0.96,0.1,1.0,-11,20,80,60,False,0,False,1024138776,True,0.001,0.6036,False,-20.0,18.0,0.6122448979591837,,,,17,10.807902336120605,1101.856590270996
100,1.0,additive,0.96,0.1,1.0,-11,20,80,60,False,0,False,688079195,True,0.001,0.5811,False,-18.0,10.0,0.6818181818181818,,,,18,12.441967725753784,1101.856590270996
100,1.0,additive,0.96,0.1,1.0,-11,20,80,60,False,0,False,352019614,True,0.001,0.5335,True,0.0,0.0,1.0,,,,19,10.654249668121338,1101.856590270996
100,1.0,additive,0.96,0.1,1.0,-11,20,80,60,False,0,False,1409843705,True,0.001,0.5869,False,0.0,18.0,0.7692307692307693,,,,20,13.048009395599365,1101.856590270996
100,1.0,additive,0.96,0.1,1.0,-11,20,80,60,False,0,False,169124387,True,0.001,0.6424,False,0.0,17.0,0.7792207792207793,,,,21,10.08561110496521,1101.856590270996
100,1.0,additive,0.96,0.1,1.0,-11,20,80,60,False,0,False,1127609591,True,0.001,0.6545,False,-5.0,0.0,0.9230769230769231,,,,22,12.229030847549438,1101.856590270996
100,1.0,additive,0.96,0.1,1.0,-11,20,80,60,False,0,False,791550010,True,0.001,0.5811,False,-19.0,0.0,0.759493670886076,,,,23,12.634136438369751,1101.856590270996
100,1.0,additive,0.96,0.1,1.0,-11,20,80,60,False,0,False,1849374101,True,0.001,0.6249,False,-20.0,19.0,0.6060606060606061,,,,24,10.408876180648804,1101.856590270996
100,1.0,additive,0.96,0.1,1.0,-11,20,80,60,False,0,False,608654783,True,0.001,0.6687,False,-6.0,12.0,0.7692307692307693,,,,25,12.494039297103882,1101.856590270996
100,1.0,additive,0.96,0.1,1.0,-11,20,80,60,False,0,False,272595202,True,0.001,0.6207,False,-4.0,6.0,0.8571428571428571,,,,26,10.278237104415894,1101.856590270996
100,1.0,additive,0.96,0.1,1.0,-11,20,80,60,False,0,False,1231080406,True,0.001,0.5549,False,-13.0,8.0,0.7407407407407407,,,,27,12.26857328414917,1101.856590270996
100,1.0,additive,0.96,0.1,1.0,-11,20,80,60,False,0,False,895020825,True,0.001,0.6179,False,-6.0,8.0,0.8108108108108109,,,,28,10.397380113601685,1101.856590270996
100,1.0,additive,0.96,0.1,1.0,-11,20,80,60,False,0,False,1048185179,True,0.001,0.6122,False,-7.0,10.0,0.7792207792207793,,,,29,13.333512544631958,1101.856590270996
100,1.0,additive,0.96,0.1,1.0,-11,20,80,60,False,0,False,712125598,True,0.001,0.6299,False,1.0,1.0,0.9672131147540983,,,,30,12.808754920959473,1101.856590270996
100,1.0,additive,0.96,0.1,1.0,-11,20,80,60,False,0,False,376066017,True,0.001,0.5941,False,-1.0,0.0,0.9836065573770492,,,,31,11.175048589706421,1101.856590270996
100,1.0,additive,0.96,0.1,1.0,-11,20,80,60,False,0,False,1334551221,True,0.001,0.6221,False,0.0,9.0,0.8695652173913043,,,,32,10.424661636352539,1101.856590270996
100,1.0,additive,0.96,0.1,1.0,-11,20,80,60,False,0,False,998491640,True,0.001,0.5981,False,-17.0,1.0,0.7692307692307693,,,,33,10.20846676826477,1101.856590270996
100,1.0,additive,0.96,0.1,1.0,-11,20,80,60,False,0,False,1151655994,True,0.001,0.6278,False,-6.0,13.0,0.759493670886076,,,,34,10.31826400756836,1101.856590270996
100,1.0,additive,0.96,0.1,1.0,-11,20,80,60,False,0,False,815596413,True,0.001,0.6135,False,-3.0,0.0,0.9523809523809523,,,,35,10.370834589004517,1101.856590270996
100,1.0,additive,0.96,0.1,1.0,-11,20,80,60,False,0,False,1774081617,True,0.001,0.6575,False,0.0,4.0,0.9375,,,,36,10.533987522125244,1101.856590270996
100,1.0,additive,0.96,0.1,1.0,-11,20,80,60,False,0,False,1438022036,True,0.001,0.6512,False,0.0,7.0,0.8955223880597015,,,,37,10.652908563613892,1101.856590270996
100,1.0,additive,0.96,0.1,1.0,-11,20,80,60,False,0,False,296641605,True,0.001,0.5897,False,-20.0,16.0,0.625,,,,38,10.495030403137207,1101.856590270996
100,1.0,additive,0.96,0.1,1.0,-11,20,80,60,False,0,False,1255126809,True,0.001,0.5436,False,-13.0,16.0,0.6741573033707865,,,,39,10.194137573242188,1101.856590270996
100,1.0,additive,0.96,0.1,1.0,-11,20,80,60,False,0,False,919067228,True,0.001,0.5947,False,-9.0,1.0,0.8571428571428571,,,,40,13.752199411392212,1101.856590270996
100,1.0,additive,0.96,0.1,1.0,-11,20,80,60,False,0,False,1877552432,True,0.001,0.6225,False,-18.0,11.0,0.6741573033707865,,,,41,14.559707164764404,1101.856590270996
100,1.0,additive,0.96,0.1,1.0,-11,20,80,60,False,0,False,736172001,True,0.001,0.6156,False,-14.0,19.0,0.6451612903225806,,,,42,10.281826972961426,1101.856590270996
100,1.0,additive,0.96,0.1,1.0,-11,20,80,60,False,0,False,1694657205,True,0.001,0.5729,False,0.0,19.0,0.759493670886076,,,,43,10.713430881500244,1101.856590270996
100,1.0,additive,0.96,0.1,1.0,-11,20,80,60,False,0,False,1358597624,True,0.001,0.6269,False,-20.0,6.0,0.6976744186046512,,,,44,11.850265502929688,1101.856590270996
100,1.0,additive,0.96,0.1,1.0,-11,20,80,60,False,0,False,1022538043,True,0.001,0.6303,False,-14.0,20.0,0.6382978723404256,,,,45,12.965899467468262,1101.856590270996
100,1.0,additive,0.96,0.1,1.0,-11,20,80,60,False,0,False,1175702397,True,0.001,0.5892,False,0.0,8.0,0.8823529411764706,,,,46,14.94126009941101,1101.856590270996
100,1.0,additive,0.96,0.1,1.0,-11,20,80,60,False,0,False,839642816,True,0.001,0.6352,False,-20.0,16.0,0.625,,,,47,16.055662393569946,1101.856590270996
100,1.0,additive,0.96,0.1,1.0,-11,20,80,60,False,0,False,1798128020,True,0.001,0.5789,False,-9.0,3.0,0.8333333333333334,,,,48,10.045913457870483,1101.856590270996
100,1.0,additive,0.96,0.1,1.0,-11,20,80,60,False,0,False,1462068439,True,0.001,0.5875,False,-17.0,1.0,0.7692307692307693,,,,49,12.118895053863525,1101.856590270996
100,1.0,additive,0.96,0.1,1.0,-11,20,80,60,False,0,True,906450505,False,0.4366,-0.1481,,,,,,,,0,10.48949146270752,1101.856590270996
100,1.0,additive,0.96,0.1,1.0,-11,20,80,60,False,0,True,1964274596,False,0.7662,-0.1066,,,,,,,,1,13.147337436676025,1101.856590270996
100,1.0,additive,0.96,0.1,1.0,-11,20,80,60,False,0,True,1628215015,False,0.5744,-0.1314,,,,,,,,2,11.705968141555786,1101.856590270996
100,1.0,additive,0.96,0.1,1.0,-11,20,80,60,False,0,True,439216571,False,0.4765,0.1382,,,,,,,,3,10.468109607696533,1101.856590270996
100,1.0,additive,0.96,0.1,1.0,-11,20,80,60,False,0,True,1345980901,False,0.7992,-0.1022,,,,,,,,4,10.213574647903442,1101.856590270996
100,1.0,additive,0.96,0.1,1.0,-11,20,80,60,False,0,True,1009921320,False,0.8182,0.1105,,,,,,,,5,10.15012526512146,1101.856590270996
100,1.0,additive,0.96,0.1,1.0,-11,20,80,60,False,0,True,2067745411,False,0.1069,-0.1826,,,,,,,,6,11.363035678863525,1101.856590270996
100,1.0,additive,0.96,0.1,1.0,-11,20,80,60,False,0,True,1731685830,False,0.2018,-0.1988,,,,,,,,7,10.083364009857178,1101.856590270996
100,1.0,additive,0.96,0.1,1.0,-11,20,80,60,False,0,True,542687386,False,0.1309,0.2129,,,,,,,,8,11.970322847366333,1101.856590270996
100,1.0,additive,0.96,0.1,1.0,-11,20,80,60,False,0,True,1449451716,False,0.8521,0.0956,,,,,,,,9,10.128028869628906,1101.856590270996
100,1.0,additive,0.96,0.1,1.0,-11,20,80,60,False,0,True,359792159,False,0.9421,-0.0903,,,,,,,,10,10.102981805801392,1101.856590270996
100,1.0,additive,0.96,0.1,1.0,-11,20,80,60,False,0,True,23732578,False,0.1149,0.1943,,,,,,,,11,10.386441707611084,1101.856590270996
100,1.0,additive,0.96,0.1,1.0,-11,20,80,60,False,0,True,1835156645,False,0.983,0.0765,,,,,,,,12,10.215359210968018,1101.856590270996
100,1.0,additive,0.96,0.1,1.0,-11,20,80,60,False,0,True,1988320999,False,0.2527,-0.1888,,,,,,,,13,10.772629022598267,1101.856590270996
100,1.0,additive,0.96,0.1,1.0,-11,20,80,60,False,0,True,1552922531,False,0.9061,0.0815,,,,,,,,14,10.167154550552368,1101.856590270996
100,1.0,additive,0.96,0.1,1.0,-11,20,80,60,False,0,True,463262974,False,0.6723,-0.13,,,,,,,,15,10.6425142288208,1101.856590270996
100,1.0,additive,0.96,0.1,1.0,-11,20,80,60,False,0,True,127203393,False,0.3137,0.1482,,,,,,,,16,10.170511245727539,1101.856590270996
100,1.0,additive,0.96,0.1,1.0,-11,20,80,60,False,0,True,280367747,False,0.1159,-0.2156,,,,,,,,17,10.823535919189453,1101.856590270996
100,1.0,additive,0.96,0.1,1.0,-11,20,80,60,False,0,True,2091791814,False,0.7622,-0.1162,,,,,,,,18,10.393218517303467,1101.856590270996
100,1.0,additive,0.96,0.1,1.0,-11,20,80,60,False,0,True,1656393346,False,0.6094,0.1242,,,,,,,,19,10.622582197189331,1101.856590270996
100,1.0,additive,0.96,0.1,1.0,-11,20,80,60,False,0,True,566733789,False,0.9221,-0.1005,,,,,,,,20,11.061429262161255,1101.856590270996
100,1.0,additive,0.96,0.1,1.0,-11,20,80,60,False,0,True,1473498119,False,0.2907,-0.1497,,,,,,,,21,10.172533750534058,1101.856590270996
100,1.0,additive,0.96,0.1,1.0,-11,20,80,60,False,0,True,383838562,False,0.5205,-0.1368,,,,,,,,22,9.896872520446777,1101.856590270996
100,1.0,additive,0.96,0.1,1.0,-11,20,80,60,False,0,True,47778981,False,0.3546,-0.1502,,,,,,,,23,10.323400735855103,1101.856590270996
100,1.0,additive,0.96,0.1,1.0,-11,20,80,60,False,0,True,1006264185,False,0.5185,0.1342,,,,,,,,24,10.180630445480347,1101.856590270996
100,1.0,additive,0.96,0.1,1.0,-11,20,80,60,False,0,True,1913028515,False,0.1099,0.1962,,,,,,,,25,10.172756671905518,1101.856590270996
100,1.0,additive,0.96,0.1,1.0,-11,20,80,60,False,0,True,1576968934,False,0.2537,0.1832,,,,,,,,26,10.174262046813965,1101.856590270996
100,1.0,additive,0.96,0.1,1.0,-11,20,80,60,False,0,True,487309377,False,0.1818,-0.1785,,,,,,,,27,9.478035688400269,1101.856590270996
100,1.0,additive,0.96,0.1,1.0,-11,20,80,60,False,0,True,151249796,False,0.3936,0.1519,,,,,,,,28,11.549625635147095,1101.856590270996
100,1.0,additive,0.96,0.1,1.0,-11,20,80,60,False,0,True,205075263,False,0.7912,0.0932,,,,,,,,29,10.026537418365479,1101.856590270996
100,1.0,additive,0.96,0.1,1.0,-11,20,80,60,False,0,True,2016499330,False,0.7982,-0.0979,,,,,,,,30,10.102442979812622,1101.856590270996
100,1.0,additive,0.96,0.1,1.0,-11,20,80,60,False,0,True,1680439749,False,0.3646,-0.1597,,,,,,,,31,9.970451593399048,1101.856590270996
100,1.0,additive,0.96,0.1,1.0,-11,20,80,60,False,0,True,590780192,False,0.2148,-0.1847,,,,,,,,32,9.886917352676392,1101.856590270996
100,1.0,additive,0.96,0.1,1.0,-11,20,80,60,False,0,True,254720611,True,0.032,-0.2471,,,,,,,,33,10.621871948242188,1101.856590270996
100,1.0,additive,0.96,0.1,1.0,-11,20,80,60,False,0,True,308546078,False,0.4505,0.14,,,,,,,,34,10.136279821395874,1101.856590270996
100,1.0,additive,0.96,0.1,1.0,-11,20,80,60,False,0,True,2119970145,False,0.3806,0.1787,,,,,,,,35,10.69153380393982,1101.856590270996
100,1.0,additive,0.96,0.1,1.0,-11,20,80,60,False,0,True,1030310588,False,0.1189,0.2144,,,,,,,,36,10.098292827606201,1101.856590270996
100,1.0,additive,0.96,0.1,1.0,-11,20,80,60,False,0,True,694251007,False,0.5275,-0.1551,,,,,,,,37,10.139290571212769,1101.856590270996
100,1.0,additive,0.96,0.1,1.0,-11,20,80,60,False,0,True,1601015337,False,0.1079,0.2178,,,,,,,,38,10.563080072402954,1101.856590270996
100,1.0,additive,0.96,0.1,1.0,-11,20,80,60,False,0,True,412016893,False,0.3756,0.1405,,,,,,,,39,10.09811544418335,1101.856590270996
100,1.0,additive,0.96,0.1,1.0,-11,20,80,60,False,0,True,75957312,False,0.8631,0.1069,,,,,,,,40,11.006989479064941,1101.856590270996
100,1.0,additive,0.96,0.1,1.0,-11,20,80,60,False,0,True,1133781403,False,0.3057,-0.1811,,,,,,,,41,10.272488117218018,1101.856590270996
100,1.0,additive,0.96,0.1,1.0,-11,20,80,60,False,0,True,2040545733,False,0.7892,0.1178,,,,,,,,42,10.161516427993774,1101.856590270996
100,1.0,additive,0.96,0.1,1.0,-11,20,80,60,False,0,True,950886176,False,0.5295,-0.1207,,,,,,,,43,10.54015588760376,1101.856590270996
100,1.0,additive,0.96,0.1,1.0,-11,20,80,60,False,0,True,515487708,False,0.5335,-0.1291,,,,,,,,44,10.161930322647095,1101.856590270996
100,1.0,additive,0.96,0.1,1.0,-11,20,80,60,False,0,True,179428127,False,0.5894,0.1342,,,,,,,,45,10.359520435333252,1101.856590270996
100,1.0,additive,0.96,0.1,1.0,-11,20,80,60,False,0,True,332592481,False,0.8611,0.0921,,,,,,,,46,10.30364465713501,1101.856590270996
100,1.0,additive,0.96,0.1,1.0,-11,20,80,60,False,0,True,2144016548,False,0.8561,-0.1032,,,,,,,,47,10.291273832321167,1101.856590270996
100,1.0,additive,0.96,0.1,1.0,-11,20,80,60,False,0,True,1054356991,False,0.2787,0.1762,,,,,,,,48,10.071512222290039,1101.856590270996
100,1.0,additive,0.96,0.1,1.0,-11,20,80,60,False,0,True,618958523,False,0.4605,-0.1408,,,,,,,,49,10.095937967300415,1101.856590270996
100,1.0,additive,0.98,0.1,1.0,-11,20,80,60,False,0,False,1871272087,True,0.001,0.6249,False,-18.0,10.0,0.6818181818181818,,,,0,9.913651943206787,1052.9679746627808
100,1.0,additive,0.98,0.1,1.0,-11,20,80,60,False,0,False,729891656,True,0.001,0.6675,False,-9.0,8.0,0.7792207792207793,,,,1,10.421786308288574,1052.9679746627808
100,1.0,additive,0.98,0.1,1.0,-11,20,80,60,False,0,False,1688376860,True,0.001,0.5976,False,-4.0,9.0,0.821917808219178,,,,2,9.946516752243042,1052.9679746627808
100,1.0,additive,0.98,0.1,1.0,-11,20,80,60,False,0,False,1352317279,True,0.001,0.6057,False,-2.0,1.0,0.9523809523809523,,,,3,10.404502391815186,1052.9679746627808
100,1.0,additive,0.98,0.1,1.0,-11,20,80,60,False,0,False,163318835,True,0.001,0.657,False,-7.0,20.0,0.6896551724137931,,,,4,10.079811811447144,1052.9679746627808
100,1.0,additive,0.98,0.1,1.0,-11,20,80,60,False,0,False,1169422052,True,0.001,0.5975,False,-12.0,6.0,0.7692307692307693,,,,5,10.213870763778687,1052.9679746627808
100,1.0,additive,0.98,0.1,1.0,-11,20,80,60,False,0,False,2127907256,True,0.001,0.6879,False,-11.0,20.0,0.6593406593406593,,,,6,11.606159925460815,1052.9679746627808
100,1.0,additive,0.98,0.1,1.0,-11,20,80,60,False,0,False,1791847675,True,0.001,0.5944,False,-9.0,1.0,0.8571428571428571,,,,7,10.053520917892456,1052.9679746627808
100,1.0,additive,0.98,0.1,1.0,-11,20,80,60,False,0,False,1455788094,True,0.001,0.6482,False,-19.0,1.0,0.75,,,,8,11.560410022735596,1052.9679746627808
100,1.0,additive,0.98,0.1,1.0,-11,20,80,60,False,0,False,1608952448,True,0.001,0.5842,False,-19.0,0.0,0.759493670886076,,,,9,10.182345628738403,1052.9679746627808
100,1.0,additive,0.98,0.1,1.0,-11,20,80,60,False,0,False,1272892867,True,0.001,0.6344,False,-5.0,0.0,0.9230769230769231,,,,10,12.878289699554443,1052.9679746627808
100,1.0,additive,0.98,0.1,1.0,-11,20,80,60,False,0,False,83894423,True,0.001,0.5958,False,-1.0,19.0,0.75,,,,11,10.1874098777771,1052.9679746627808
100,1.0,additive,0.98,0.1,1.0,-11,20,80,60,False,0,False,1895318490,True,0.001,0.6313,False,-15.0,3.0,0.7692307692307693,,,,12,10.066097259521484,1052.9679746627808
100,1.0,additive,0.98,0.1,1.0,-11,20,80,60,False,0,False,706320046,True,0.001,0.6147,False,-5.0,8.0,0.821917808219178,,,,13,13.03730583190918,1052.9679746627808
100,1.0,additive,0.98,0.1,1.0,-11,20,80,60,False,0,False,1712423263,True,0.001,0.6253,False,-7.0,11.0,0.7692307692307693,,,,14,10.267592906951904,1052.9679746627808
100,1.0,additive,0.98,0.1,1.0,-11,20,80,60,False,0,False,1376363682,True,0.001,0.5892,False,-10.0,16.0,0.6976744186046512,,,,15,12.021303176879883,1052.9679746627808
100,1.0,additive,0.98,0.1,1.0,-11,20,80,60,False,0,False,187365238,True,0.001,0.6351,False,-6.0,0.0,0.9090909090909091,,,,16,10.111872911453247,1052.9679746627808
100,1.0,additive,0.98,0.1,1.0,-11,20,80,60,False,0,False,1998789305,True,0.001,0.6528,False,-11.0,17.0,0.6818181818181818,,,,17,9.849920749664307,1052.9679746627808
100,1.0,additive,0.98,0.1,1.0,-11,20,80,60,False,0,False,4470011,True,0.001,0.6561,False,-14.0,15.0,0.6741573033707865,,,,18,10.10116982460022,1052.9679746627808
100,1.0,additive,0.98,0.1,1.0,-11,20,80,60,False,0,False,1815894078,True,0.001,0.6384,False,-3.0,6.0,0.8695652173913043,,,,19,9.655362606048584,1052.9679746627808
100,1.0,additive,0.98,0.1,1.0,-11,20,80,60,False,0,False,626895634,True,0.001,0.6427,False,-16.0,1.0,0.7792207792207793,,,,20,12.38061237335205,1052.9679746627808
100,1.0,additive,0.98,0.1,1.0,-11,20,80,60,False,0,False,290836053,True,0.001,0.6233,False,-7.0,19.0,0.6976744186046512,,,,21,10.165683269500732,1052.9679746627808
100,1.0,additive,0.98,0.1,1.0,-11,20,80,60,False,0,False,1296939270,True,0.001,0.5364,False,0.0,7.0,0.8955223880597015,,,,22,10.332271814346313,1052.9679746627808
100,1.0,additive,0.98,0.1,1.0,-11,20,80,60,False,0,False,107940826,True,0.001,0.5693,False,0.0,19.0,0.759493670886076,,,,23,10.152947902679443,1052.9679746627808
100,1.0,additive,0.98,0.1,1.0,-11,20,80,60,False,0,False,1919364893,True,0.001,0.628,False,-13.0,1.0,0.8108108108108109,,,,24,10.067497491836548,1052.9679746627808
100,1.0,additive,0.98,0.1,1.0,-11,20,80,60,False,0,False,730366449,True,0.001,0.6021,False,-14.0,5.0,0.759493670886076,,,,25,10.091741561889648,1052.9679746627808
100,1.0,additive,0.98,0.1,1.0,-11,20,80,60,False,0,False,1736469666,True,0.001,0.6241,False,-14.0,1.0,0.8,,,,26,10.23368525505066,1052.9679746627808
100,1.0,additive,0.98,0.1,1.0,-11,20,80,60,False,0,False,1400410085,True,0.001,0.5953,False,-5.0,0.0,0.9230769230769231,,,,27,10.067055463790894,1052.9679746627808
100,1.0,additive,0.98,0.1,1.0,-11,20,80,60,False,0,False,211411641,True,0.001,0.5799,False,-19.0,7.0,0.6976744186046512,,,,28,10.458577632904053,1052.9679746627808
100,1.0,additive,0.98,0.1,1.0,-11,20,80,60,False,0,False,2022835708,True,0.001,0.6241,False,-8.0,14.0,0.7317073170731707,,,,29,9.711215019226074,1052.9679746627808
100,1.0,additive,0.98,0.1,1.0,-11,20,80,60,False,0,False,28516414,True,0.001,0.632,False,-14.0,15.0,0.6741573033707865,,,,30,10.173511505126953,1052.9679746627808
100,1.0,additive,0.98,0.1,1.0,-11,20,80,60,False,0,False,1839940481,True,0.001,0.6418,False,-17.0,20.0,0.6185567010309279,,,,31,14.005398273468018,1052.9679746627808
100,1.0,additive,0.98,0.1,1.0,-11,20,80,60,False,0,False,650942037,True,0.001,0.5892,False,0.0,2.0,0.967741935483871,,,,32,10.619432210922241,1052.9679746627808
100,1.0,additive,0.98,0.1,1.0,-11,20,80,60,False,0,False,314882456,True,0.001,0.5537,False,-16.0,3.0,0.759493670886076,,,,33,10.249042749404907,1052.9679746627808
100,1.0,additive,0.98,0.1,1.0,-11,20,80,60,False,0,False,1320985673,True,0.001,0.6592,False,-13.0,19.0,0.6521739130434783,,,,34,10.17705774307251,1052.9679746627808
100,1.0,additive,0.98,0.1,1.0,-11,20,80,60,False,0,False,131987229,True,0.001,0.6155,False,-6.0,20.0,0.6976744186046512,,,,35,10.465893983840942,1052.9679746627808
100,1.0,additive,0.98,0.1,1.0,-11,20,80,60,False,0,False,1943411296,True,0.001,0.6233,False,-8.0,0.0,0.8823529411764706,,,,36,10.151935815811157,1052.9679746627808
100,1.0,additive,0.98,0.1,1.0,-11,20,80,60,False,0,False,754412852,True,0.001,0.6003,False,-18.0,5.0,0.7228915662650602,,,,37,10.338190793991089,1052.9679746627808
100,1.0,additive,0.98,0.1,1.0,-11,20,80,60,False,0,False,418353271,True,0.001,0.6714,False,-10.0,20.0,0.6666666666666666,,,,38,10.051363468170166,1052.9679746627808
100,1.0,additive,0.98,0.1,1.0,-11,20,80,60,False,0,False,571517625,True,0.001,0.6584,False,-14.0,20.0,0.6382978723404256,,,,39,10.145021200180054,1052.9679746627808
100,1.0,additive,0.98,0.1,1.0,-11,20,80,60,False,0,False,235458044,True,0.001,0.5859,False,-10.0,10.0,0.75,,,,40,10.693788051605225,1052.9679746627808
100,1.0,additive,0.98,0.1,1.0,-11,20,80,60,False,0,False,2046882111,True,0.001,0.6671,False,-11.0,20.0,0.6593406593406593,,,,41,10.133058309555054,1052.9679746627808
100,1.0,additive,0.98,0.1,1.0,-11,20,80,60,False,0,False,857883667,True,0.001,0.5719,False,-10.0,3.0,0.821917808219178,,,,42,10.416796922683716,1052.9679746627808
100,1.0,additive,0.98,0.1,1.0,-11,20,80,60,False,0,False,1863986884,True,0.001,0.5604,False,-5.0,20.0,0.7058823529411765,,,,43,10.586170673370361,1052.9679746627808
100,1.0,additive,0.98,0.1,1.0,-11,20,80,60,False,0,False,674988440,True,0.001,0.6604,False,-1.0,12.0,0.821917808219178,,,,44,10.300668478012085,1052.9679746627808
100,1.0,additive,0.98,0.1,1.0,-11,20,80,60,False,0,False,338928859,True,0.001,0.6539,False,0.0,10.0,0.8571428571428571,,,,45,12.517173528671265,1052.9679746627808
100,1.0,additive,0.98,0.1,1.0,-11,20,80,60,False,0,False,2869278,True,0.001,0.6798,False,-20.0,11.0,0.6593406593406593,,,,46,10.075190782546997,1052.9679746627808
100,1.0,additive,0.98,0.1,1.0,-11,20,80,60,False,0,False,156033632,True,0.001,0.585,False,0.0,1.0,0.9836065573770492,,,,47,10.323994159698486,1052.9679746627808
100,1.0,additive,0.98,0.1,1.0,-11,20,80,60,False,0,False,1967457699,True,0.001,0.5912,False,-14.0,0.0,0.8108108108108109,,,,48,10.103343486785889,1052.9679746627808
100,1.0,additive,0.98,0.1,1.0,-11,20,80,60,False,0,False,778459255,True,0.001,0.6287,False,-6.0,19.0,0.7058823529411765,,,,49,10.134881734848022,1052.9679746627808
100,1.0,additive,0.98,0.1,1.0,-11,20,80,60,False,0,True,1028162171,False,0.3776,0.1543,,,,,,,,0,10.33629822731018,1052.9679746627808
100,1.0,additive,0.98,0.1,1.0,-11,20,80,60,False,0,True,2034265388,True,0.023,-0.2778,,,,,,,,1,10.230581760406494,1052.9679746627808
100,1.0,additive,0.98,0.1,1.0,-11,20,80,60,False,0,True,845266944,False,0.6164,-0.1258,,,,,,,,2,10.361736059188843,1052.9679746627808
100,1.0,additive,0.98,0.1,1.0,-11,20,80,60,False,0,True,509207363,True,0.009,-0.29,,,,,,,,3,10.19088625907898,1052.9679746627808
100,1.0,additive,0.98,0.1,1.0,-11,20,80,60,False,0,True,1467692567,False,0.8551,0.1056,,,,,,,,4,10.240222215652466,1052.9679746627808
100,1.0,additive,0.98,0.1,1.0,-11,20,80,60,False,0,True,326312136,False,0.8661,-0.0923,,,,,,,,5,10.387430429458618,1052.9679746627808
100,1.0,additive,0.98,0.1,1.0,-11,20,80,60,False,0,True,1284797340,False,0.5574,-0.1416,,,,,,,,6,10.172358274459839,1052.9679746627808
100,1.0,additive,0.98,0.1,1.0,-11,20,80,60,False,0,True,948737759,True,0.035,-0.2536,,,,,,,,7,10.368223428726196,1052.9679746627808
100,1.0,additive,0.98,0.1,1.0,-11,20,80,60,False,0,True,612678178,False,0.4875,0.1416,,,,,,,,8,11.207392454147339,1052.9679746627808
100,1.0,additive,0.98,0.1,1.0,-11,20,80,60,False,0,True,765842532,False,0.1508,0.1673,,,,,,,,9,10.087469816207886,1052.9679746627808
100,1.0,additive,0.98,0.1,1.0,-11,20,80,60,False,0,True,429782951,False,0.2947,-0.1618,,,,,,,,10,9.97965407371521,1052.9679746627808
100,1.0,additive,0.98,0.1,1.0,-11,20,80,60,False,0,True,1388268155,False,0.8921,0.0942,,,,,,,,11,10.406418800354004,1052.9679746627808
100,1.0,additive,0.98,0.1,1.0,-11,20,80,60,False,0,True,1052208574,False,0.4545,-0.1432,,,,,,,,12,10.22351360321045,1052.9679746627808
100,1.0,additive,0.98,0.1,1.0,-11,20,80,60,False,0,True,2010693778,False,0.7522,-0.0987,,,,,,,,13,10.151358127593994,1052.9679746627808
100,1.0,additive,0.98,0.1,1.0,-11,20,80,60,False,0,True,869313347,False,0.7423,-0.1139,,,,,,,,14,10.073655366897583,1052.9679746627808
100,1.0,additive,0.98,0.1,1.0,-11,20,80,60,False,0,True,533253766,False,0.5005,0.1469,,,,,,,,15,10.108746767044067,1052.9679746627808
100,1.0,additive,0.98,0.1,1.0,-11,20,80,60,False,0,True,1491738970,False,0.5135,-0.1376,,,,,,,,16,10.86751103401184,1052.9679746627808
100,1.0,additive,0.98,0.1,1.0,-11,20,80,60,False,0,True,1155679389,False,0.1798,-0.2023,,,,,,,,17,10.079993963241577,1052.9679746627808
100,1.0,additive,0.98,0.1,1.0,-11,20,80,60,False,0,True,1308843743,False,0.5255,0.1225,,,,,,,,18,10.310584783554077,1052.9679746627808
100,1.0,additive,0.98,0.1,1.0,-11,20,80,60,False,0,True,972784162,False,0.6444,-0.1054,,,,,,,,19,10.448078632354736,1052.9679746627808
100,1.0,additive,0.98,0.1,1.0,-11,20,80,60,False,0,True,1931269366,False,0.4955,0.1102,,,,,,,,20,10.098036289215088,1052.9679746627808
100,1.0,additive,0.98,0.1,1.0,-11,20,80,60,False,0,True,1595209785,True,0.025,-0.2634,,,,,,,,21,10.800235271453857,1052.9679746627808
100,1.0,additive,0.98,0.1,1.0,-11,20,80,60,False,0,True,453829354,False,0.8132,-0.1151,,,,,,,,22,10.401134729385376,1052.9679746627808
100,1.0,additive,0.98,0.1,1.0,-11,20,80,60,False,0,True,1412314558,False,0.4775,-0.1369,,,,,,,,23,10.330627202987671,1052.9679746627808
100,1.0,additive,0.98,0.1,1.0,-11,20,80,60,False,0,True,1076254977,False,0.7552,-0.1007,,,,,,,,24,12.904813528060913,1052.9679746627808
100,1.0,additive,0.98,0.1,1.0,-11,20,80,60,False,0,True,2034740181,False,0.6973,-0.137,,,,,,,,25,10.240619897842407,1052.9679746627808
100,1.0,additive,0.98,0.1,1.0,-11,20,80,60,False,0,True,893359750,False,0.6084,-0.1231,,,,,,,,26,10.306979179382324,1052.9679746627808
100,1.0,additive,0.98,0.1,1.0,-11,20,80,60,False,0,True,557300169,False,0.3167,0.1605,,,,,,,,27,10.227179050445557,1052.9679746627808
100,1.0,additive,0.98,0.1,1.0,-11,20,80,60,False,0,True,1515785373,False,0.9401,-0.084,,,,,,,,28,10.738274097442627,1052.9679746627808
100,1.0,additive,0.98,0.1,1.0,-11,20,80,60,False,0,True,1179725792,False,0.5584,0.1377,,,,,,,,29,10.421144723892212,1052.9679746627808
100,1.0,additive,0.98,0.1,1.0,-11,20,80,60,False,0,True,1332890146,False,0.8731,-0.0843,,,,,,,,30,10.255909204483032,1052.9679746627808
100,1.0,additive,0.98,0.1,1.0,-11,20,80,60,False,0,True,996830565,False,0.9281,-0.0943,,,,,,,,31,10.132311820983887,1052.9679746627808
100,1.0,additive,0.98,0.1,1.0,-11,20,80,60,False,0,True,1955315769,False,0.0539,0.2087,,,,,,,,32,10.089121580123901,1052.9679746627808
100,1.0,additive,0.98,0.1,1.0,-11,20,80,60,False,0,True,1619256188,False,0.3257,0.1571,,,,,,,,33,10.625168800354004,1052.9679746627808
100,1.0,additive,0.98,0.1,1.0,-11,20,80,60,False,0,True,477875757,False,0.0529,-0.2196,,,,,,,,34,10.281052112579346,1052.9679746627808
100,1.0,additive,0.98,0.1,1.0,-11,20,80,60,False,0,True,1436360961,False,0.0589,-0.2389,,,,,,,,35,11.086677551269531,1052.9679746627808
100,1.0,additive,0.98,0.1,1.0,-11,20,80,60,False,0,True,1100301380,False,0.5794,-0.1251,,,,,,,,36,11.632572889328003,1052.9679746627808
100,1.0,additive,0.98,0.1,1.0,-11,20,80,60,False,0,True,2058786584,False,0.984,0.0813,,,,,,,,37,12.845210075378418,1052.9679746627808
100,1.0,additive,0.98,0.1,1.0,-11,20,80,60,False,0,True,1722727003,False,0.2867,-0.1581,,,,,,,,38,10.888222932815552,1052.9679746627808
100,1.0,additive,0.98,0.1,1.0,-11,20,80,60,False,0,True,1875891357,False,0.5465,-0.1313,,,,,,,,39,10.072059392929077,1052.9679746627808
100,1.0,additive,0.98,0.1,1.0,-11,20,80,60,False,0,True,1539831776,False,0.2587,0.1591,,,,,,,,40,10.36070466041565,1052.9679746627808
100,1.0,additive,0.98,0.1,1.0,-11,20,80,60,False,0,True,1203772195,True,0.013,0.2848,,,,,,,,41,10.25297737121582,1052.9679746627808
100,1.0,additive,0.98,0.1,1.0,-11,20,80,60,False,0,True,14773751,True,0.022,-0.2615,,,,,,,,42,10.126084804534912,1052.9679746627808
100,1.0,additive,0.98,0.1,1.0,-11,20,80,60,False,0,True,1020876968,False,0.0749,-0.2157,,,,,,,,43,10.461413860321045,1052.9679746627808
100,1.0,additive,0.98,0.1,1.0,-11,20,80,60,False,0,True,1979362172,False,0.2368,-0.175,,,,,,,,44,10.486413955688477,1052.9679746627808
100,1.0,additive,0.98,0.1,1.0,-11,20,80,60,False,0,True,1643302591,False,0.8801,-0.0887,,,,,,,,45,10.558340549468994,1052.9679746627808
100,1.0,additive,0.98,0.1,1.0,-11,20,80,60,False,0,True,1307243010,False,0.7952,-0.0995,,,,,,,,46,10.174619913101196,1052.9679746627808
100,1.0,additive,0.98,0.1,1.0,-11,20,80,60,False,0,True,1460407364,False,0.6763,0.1158,,,,,,,,47,10.835429668426514,1052.9679746627808
100,1.0,additive,0.98,0.1,1.0,-11,20,80,60,False,0,True,1124347783,False,0.8901,0.0956,,,,,,,,48,10.657756090164185,1052.9679746627808
100,1.0,additive,0.98,0.1,1.0,-11,20,80,60,False,0,True,2082832987,False,0.6503,-0.111,,,,,,,,49,10.123435020446777,1052.9679746627808
100,1.0,additive,1.0,0.1,1.0,-11,20,80,60,False,0,False,849471671,True,0.001,0.6476,False,-20.0,18.0,0.6122448979591837,,,,0,12.099258184432983,1051.3067498207092
100,1.0,additive,1.0,0.1,1.0,-11,20,80,60,False,0,False,513412090,True,0.001,0.6546,False,-13.0,1.0,0.8108108108108109,,,,1,10.10267972946167,1051.3067498207092
100,1.0,additive,1.0,0.1,1.0,-11,20,80,60,False,0,False,666576444,True,0.001,0.63,False,-8.0,9.0,0.7792207792207793,,,,2,11.443702220916748,1051.3067498207092
100,1.0,additive,1.0,0.1,1.0,-11,20,80,60,False,0,False,330516863,True,0.001,0.6352,False,-13.0,11.0,0.7142857142857143,,,,3,10.237992286682129,1051.3067498207092
100,1.0,additive,1.0,0.1,1.0,-11,20,80,60,False,0,False,2141940930,True,0.001,0.657,False,-4.0,1.0,0.9230769230769231,,,,4,10.165664672851562,1051.3067498207092
100,1.0,additive,1.0,0.1,1.0,-11,20,80,60,False,0,False,952942486,True,0.001,0.646,False,-19.0,17.0,0.625,,,,5,10.861340761184692,1051.3067498207092
100,1.0,additive,1.0,0.1,1.0,-11,20,80,60,False,0,False,616882905,True,0.001,0.5563,False,-11.0,3.0,0.8108108108108109,,,,6,10.457924842834473,1051.3067498207092
100,1.0,additive,1.0,0.1,1.0,-11,20,80,60,False,0,False,770047259,True,0.001,0.5868,False,-16.0,19.0,0.631578947368421,,,,7,11.713135004043579,1051.3067498207092
100,1.0,additive,1.0,0.1,1.0,-11,20,80,60,False,0,False,433987678,True,0.001,0.6258,False,-8.0,13.0,0.7407407407407407,,,,8,10.57360291481018,1051.3067498207092
100,1.0,additive,1.0,0.1,1.0,-11,20,80,60,False,0,False,1392472882,True,0.001,0.5951,False,0.0,19.0,0.759493670886076,,,,9,10.181472539901733,1051.3067498207092
100,1.0,additive,1.0,0.1,1.0,-11,20,80,60,False,0,False,1056413301,True,0.001,0.6173,False,-20.0,10.0,0.6666666666666666,,,,10,10.369710922241211,1051.3067498207092
100,1.0,additive,1.0,0.1,1.0,-11,20,80,60,False,0,False,1963177631,True,0.001,0.6153,False,-18.0,8.0,0.6976744186046512,,,,11,10.5065758228302,1051.3067498207092
100,1.0,additive,1.0,0.1,1.0,-11,20,80,60,False,0,False,873518074,True,0.001,0.6138,False,-1.0,3.0,0.9375,,,,12,10.332445859909058,1051.3067498207092
100,1.0,additive,1.0,0.1,1.0,-11,20,80,60,False,0,False,537458493,True,0.001,0.6004,False,-6.0,9.0,0.8,,,,13,10.840259790420532,1051.3067498207092
100,1.0,additive,1.0,0.1,1.0,-11,20,80,60,False,0,False,1495943697,True,0.001,0.6529,False,-7.0,19.0,0.6976744186046512,,,,14,10.374771356582642,1051.3067498207092
100,1.0,additive,1.0,0.1,1.0,-11,20,80,60,False,0,False,255224379,True,0.001,0.6113,False,-6.0,3.0,0.8695652173913043,,,,15,10.233288049697876,1051.3067498207092
100,1.0,additive,1.0,0.1,1.0,-11,20,80,60,False,0,False,1313048470,True,0.001,0.6371,False,-20.0,0.0,0.75,,,,16,10.016080617904663,1051.3067498207092
100,1.0,additive,1.0,0.1,1.0,-11,20,80,60,False,0,False,976988889,True,0.001,0.6341,False,-11.0,16.0,0.6896551724137931,,,,17,10.622329950332642,1051.3067498207092
100,1.0,additive,1.0,0.1,1.0,-11,20,80,60,False,0,False,640929308,True,0.001,0.6134,False,-14.0,16.0,0.6666666666666666,,,,18,10.369357109069824,1051.3067498207092
100,1.0,additive,1.0,0.1,1.0,-11,20,80,60,False,0,False,794093662,True,0.001,0.6811,False,-8.0,20.0,0.6818181818181818,,,,19,10.180383205413818,1051.3067498207092
100,1.0,additive,1.0,0.1,1.0,-11,20,80,60,False,0,False,358695194,True,0.001,0.5542,False,0.0,19.0,0.759493670886076,,,,20,10.348749160766602,1051.3067498207092
100,1.0,additive,1.0,0.1,1.0,-11,20,80,60,False,0,False,1416519285,True,0.001,0.6854,False,-6.0,6.0,0.8333333333333334,,,,21,10.189780712127686,1051.3067498207092
100,1.0,additive,1.0,0.1,1.0,-11,20,80,60,False,0,False,1080459704,True,0.001,0.6286,False,-2.0,20.0,0.7317073170731707,,,,22,10.103016138076782,1051.3067498207092
100,1.0,additive,1.0,0.1,1.0,-11,20,80,60,False,0,False,1987224034,True,0.001,0.5953,False,-4.0,4.0,0.8823529411764706,,,,23,10.5452561378479,1051.3067498207092
100,1.0,additive,1.0,0.1,1.0,-11,20,80,60,False,0,False,897564477,True,0.001,0.5497,False,-17.0,6.0,0.7228915662650602,,,,24,10.137784481048584,1051.3067498207092
100,1.0,additive,1.0,0.1,1.0,-11,20,80,60,False,0,False,462166009,True,0.001,0.644,False,-18.0,10.0,0.6818181818181818,,,,25,10.541130065917969,1051.3067498207092
100,1.0,additive,1.0,0.1,1.0,-11,20,80,60,False,0,False,1519990100,True,0.001,0.6047,False,-6.0,1.0,0.8955223880597015,,,,26,10.238572835922241,1051.3067498207092
100,1.0,additive,1.0,0.1,1.0,-11,20,80,60,False,0,False,279270782,True,0.001,0.616,False,-16.0,0.0,0.7894736842105263,,,,27,10.217947244644165,1051.3067498207092
100,1.0,additive,1.0,0.1,1.0,-11,20,80,60,False,0,False,1337094873,True,0.001,0.5871,False,-12.0,10.0,0.7317073170731707,,,,28,10.967616558074951,1051.3067498207092
100,1.0,additive,1.0,0.1,1.0,-11,20,80,60,False,0,False,1001035292,True,0.001,0.6393,False,-6.0,20.0,0.6976744186046512,,,,29,10.175011157989502,1051.3067498207092
100,1.0,additive,1.0,0.1,1.0,-11,20,80,60,False,0,False,565636824,True,0.001,0.6025,False,0.0,20.0,0.75,,,,30,10.689982652664185,1051.3067498207092
100,1.0,additive,1.0,0.1,1.0,-11,20,80,60,False,0,False,1623460915,True,0.001,0.6242,False,0.0,19.0,0.759493670886076,,,,31,10.297014474868774,1051.3067498207092
100,1.0,additive,1.0,0.1,1.0,-11,20,80,60,False,0,False,382741597,True,0.001,0.6093,False,-6.0,14.0,0.75,,,,32,10.09127688407898,1051.3067498207092
100,1.0,additive,1.0,0.1,1.0,-11,20,80,60,False,0,False,1440565688,True,0.001,0.6545,False,-2.0,2.0,0.9375,,,,33,10.784799098968506,1051.3067498207092
100,1.0,additive,1.0,0.1,1.0,-11,20,80,60,False,0,False,1104506107,True,0.001,0.6368,False,-20.0,20.0,0.6,,,,34,10.096497297286987,1051.3067498207092
100,1.0,additive,1.0,0.1,1.0,-11,20,80,60,False,0,False,2062991311,True,0.001,0.59,False,-15.0,9.0,0.7142857142857143,,,,35,10.409123659133911,1051.3067498207092
100,1.0,additive,1.0,0.1,1.0,-11,20,80,60,False,0,False,822271993,True,0.001,0.5972,False,0.0,2.0,0.967741935483871,,,,36,10.412808895111084,1051.3067498207092
100,1.0,additive,1.0,0.1,1.0,-11,20,80,60,False,0,False,486212412,True,0.001,0.6151,False,-3.0,0.0,0.9523809523809523,,,,37,10.044157028198242,1051.3067498207092
100,1.0,additive,1.0,0.1,1.0,-11,20,80,60,False,0,False,1544036503,True,0.001,0.6332,False,-3.0,5.0,0.8823529411764706,,,,38,10.438586235046387,1051.3067498207092
100,1.0,additive,1.0,0.1,1.0,-11,20,80,60,False,0,False,1207976922,True,0.001,0.6276,False,-1.0,6.0,0.8955223880597015,,,,39,10.094914674758911,1051.3067498207092
100,1.0,additive,1.0,0.1,1.0,-11,20,80,60,False,0,False,1261802389,True,0.001,0.6532,False,-14.0,4.0,0.7692307692307693,,,,40,10.103015899658203,1051.3067498207092
100,1.0,additive,1.0,0.1,1.0,-11,20,80,60,False,0,False,925742808,True,0.001,0.6561,False,-19.0,14.0,0.6451612903225806,,,,41,10.347545385360718,1051.3067498207092
100,1.0,additive,1.0,0.1,1.0,-11,20,80,60,False,0,False,1983566899,True,0.001,0.595,False,-2.0,12.0,0.8108108108108109,,,,42,10.39045238494873,1051.3067498207092
100,1.0,additive,1.0,0.1,1.0,-11,20,80,60,False,0,False,1647507318,True,0.001,0.6038,False,-2.0,5.0,0.8955223880597015,,,,43,10.26072883605957,1051.3067498207092
100,1.0,additive,1.0,0.1,1.0,-11,20,80,60,False,0,False,406788000,True,0.001,0.5812,False,-15.0,4.0,0.759493670886076,,,,44,10.112695693969727,1051.3067498207092
100,1.0,additive,1.0,0.1,1.0,-11,20,80,60,False,0,False,1464612091,True,0.001,0.6202,False,-14.0,19.0,0.6451612903225806,,,,45,14.633508205413818,1051.3067498207092
100,1.0,additive,1.0,0.1,1.0,-11,20,80,60,False,0,False,1029213623,True,0.001,0.6212,False,-3.0,7.0,0.8571428571428571,,,,46,10.12933897972107,1051.3067498207092
100,1.0,additive,1.0,0.1,1.0,-11,20,80,60,False,0,False,2087037714,True,0.001,0.6779,False,-20.0,1.0,0.7407407407407407,,,,47,10.261961221694946,1051.3067498207092
100,1.0,additive,1.0,0.1,1.0,-11,20,80,60,False,0,False,846318396,True,0.001,0.6277,False,-2.0,20.0,0.7317073170731707,,,,48,12.924597024917603,1051.3067498207092
100,1.0,additive,1.0,0.1,1.0,-11,20,80,60,False,0,False,510258815,True,0.001,0.6246,False,-17.0,1.0,0.7692307692307693,,,,49,10.104888677597046,1051.3067498207092
100,1.0,additive,1.0,0.1,1.0,-11,20,80,60,False,0,True,6361755,False,0.7043,-0.115,,,,,,,,0,10.570371866226196,1051.3067498207092
100,1.0,additive,1.0,0.1,1.0,-11,20,80,60,False,0,True,1817785822,False,0.7612,0.106,,,,,,,,1,9.487844944000244,1051.3067498207092
100,1.0,additive,1.0,0.1,1.0,-11,20,80,60,False,0,True,1970950176,False,0.4096,-0.1352,,,,,,,,2,10.078468084335327,1051.3067498207092
100,1.0,additive,1.0,0.1,1.0,-11,20,80,60,False,0,True,1634890595,True,0.013,0.2427,,,,,,,,3,10.368933200836182,1051.3067498207092
100,1.0,additive,1.0,0.1,1.0,-11,20,80,60,False,0,True,1298831014,False,0.9001,0.1176,,,,,,,,4,10.107851266860962,1051.3067498207092
100,1.0,additive,1.0,0.1,1.0,-11,20,80,60,False,0,True,109832570,True,0.004,0.2997,,,,,,,,5,10.38943338394165,1051.3067498207092
100,1.0,additive,1.0,0.1,1.0,-11,20,80,60,False,0,True,1921256637,False,0.9161,-0.0973,,,,,,,,6,10.46965742111206,1051.3067498207092
100,1.0,additive,1.0,0.1,1.0,-11,20,80,60,False,0,True,2074420991,False,0.7682,-0.1149,,,,,,,,7,10.512686729431152,1051.3067498207092
100,1.0,additive,1.0,0.1,1.0,-11,20,80,60,False,0,True,1738361410,False,0.4306,-0.1347,,,,,,,,8,10.612957239151001,1051.3067498207092
100,1.0,additive,1.0,0.1,1.0,-11,20,80,60,False,0,True,549362966,False,0.8871,-0.0936,,,,,,,,9,10.193372011184692,1051.3067498207092
100,1.0,additive,1.0,0.1,1.0,-11,20,80,60,False,0,True,213303385,False,0.2777,-0.1696,,,,,,,,10,12.455543518066406,1051.3067498207092
100,1.0,additive,1.0,0.1,1.0,-11,20,80,60,False,0,True,1219406602,False,0.7592,0.0944,,,,,,,,11,10.127734899520874,1051.3067498207092
100,1.0,additive,1.0,0.1,1.0,-11,20,80,60,False,0,True,30408158,False,0.2577,0.1547,,,,,,,,12,10.212814807891846,1051.3067498207092
100,1.0,additive,1.0,0.1,1.0,-11,20,80,60,False,0,True,1841832225,False,0.7363,-0.1125,,,,,,,,13,10.356842041015625,1051.3067498207092
100,1.0,additive,1.0,0.1,1.0,-11,20,80,60,False,0,True,652833781,False,0.4795,-0.1395,,,,,,,,14,10.355296850204468,1051.3067498207092
100,1.0,additive,1.0,0.1,1.0,-11,20,80,60,False,0,True,1658936998,True,0.036,0.2782,,,,,,,,15,10.376380205154419,1051.3067498207092
100,1.0,additive,1.0,0.1,1.0,-11,20,80,60,False,0,True,469938554,False,0.8631,0.1064,,,,,,,,16,9.809637308120728,1051.3067498207092
100,1.0,additive,1.0,0.1,1.0,-11,20,80,60,False,0,True,133878973,False,0.1099,0.1988,,,,,,,,17,10.697073221206665,1051.3067498207092
100,1.0,additive,1.0,0.1,1.0,-11,20,80,60,False,0,True,1945303040,True,0.007,0.2989,,,,,,,,18,9.935031652450562,1051.3067498207092
100,1.0,additive,1.0,0.1,1.0,-11,20,80,60,False,0,True,2098467394,False,0.1319,0.2172,,,,,,,,19,10.128493547439575,1051.3067498207092
100,1.0,additive,1.0,0.1,1.0,-11,20,80,60,False,0,True,1762407813,False,0.7353,0.1219,,,,,,,,20,10.22654414176941,1051.3067498207092
100,1.0,additive,1.0,0.1,1.0,-11,20,80,60,False,0,True,573409369,False,0.1548,-0.179,,,,,,,,21,10.167778253555298,1051.3067498207092
100,1.0,additive,1.0,0.1,1.0,-11,20,80,60,False,0,True,237349788,False,0.5584,-0.126,,,,,,,,22,10.58644413948059,1051.3067498207092
100,1.0,additive,1.0,0.1,1.0,-11,20,80,60,False,0,True,1144114118,False,0.9071,0.1062,,,,,,,,23,10.45278525352478,1051.3067498207092
100,1.0,additive,1.0,0.1,1.0,-11,20,80,60,False,0,True,54454561,False,0.8501,0.0903,,,,,,,,24,10.62230634689331,1051.3067498207092
100,1.0,additive,1.0,0.1,1.0,-11,20,80,60,False,0,True,1865878628,False,0.4416,-0.1507,,,,,,,,25,10.292164087295532,1051.3067498207092
100,1.0,additive,1.0,0.1,1.0,-11,20,80,60,False,0,True,676880184,False,0.8841,0.1005,,,,,,,,26,10.165113687515259,1051.3067498207092
100,1.0,additive,1.0,0.1,1.0,-11,20,80,60,False,0,True,1682983401,False,0.2318,0.1683,,,,,,,,27,10.371700525283813,1051.3067498207092
100,1.0,additive,1.0,0.1,1.0,-11,20,80,60,False,0,True,493984957,False,0.0979,0.1944,,,,,,,,28,10.506142616271973,1051.3067498207092
100,1.0,additive,1.0,0.1,1.0,-11,20,80,60,False,0,True,157925376,False,0.2807,0.1547,,,,,,,,29,10.40623927116394,1051.3067498207092
100,1.0,additive,1.0,0.1,1.0,-11,20,80,60,False,0,True,1969349443,False,0.9201,-0.0899,,,,,,,,30,10.347758293151855,1051.3067498207092
100,1.0,additive,1.0,0.1,1.0,-11,20,80,60,False,0,True,780350999,False,0.3846,0.1687,,,,,,,,31,10.347785472869873,1051.3067498207092
100,1.0,additive,1.0,0.1,1.0,-11,20,80,60,False,0,True,1786454216,False,0.8462,-0.1051,,,,,,,,32,10.205273151397705,1051.3067498207092
100,1.0,additive,1.0,0.1,1.0,-11,20,80,60,False,0,True,597455772,False,0.6873,0.1055,,,,,,,,33,10.395934581756592,1051.3067498207092
100,1.0,additive,1.0,0.1,1.0,-11,20,80,60,False,0,True,261396191,False,0.2627,-0.1901,,,,,,,,34,10.164735794067383,1051.3067498207092
100,1.0,additive,1.0,0.1,1.0,-11,20,80,60,False,0,True,1219881395,False,0.4565,-0.1409,,,,,,,,35,10.30048942565918,1051.3067498207092
100,1.0,additive,1.0,0.1,1.0,-11,20,80,60,False,0,True,78500964,False,0.7662,-0.0946,,,,,,,,36,10.203941345214844,1051.3067498207092
100,1.0,additive,1.0,0.1,1.0,-11,20,80,60,False,0,True,1889925031,False,0.5934,-0.1227,,,,,,,,37,10.043261051177979,1051.3067498207092
100,1.0,additive,1.0,0.1,1.0,-11,20,80,60,False,0,True,700926587,False,0.1339,-0.1938,,,,,,,,38,11.8603994846344,1051.3067498207092
100,1.0,additive,1.0,0.1,1.0,-11,20,80,60,False,0,True,364867006,False,0.4316,0.1515,,,,,,,,39,10.164143562316895,1051.3067498207092
100,1.0,additive,1.0,0.1,1.0,-11,20,80,60,False,0,True,518031360,False,0.1359,0.2167,,,,,,,,40,10.521077156066895,1051.3067498207092
100,1.0,additive,1.0,0.1,1.0,-11,20,80,60,False,0,True,181971779,False,0.5445,-0.1302,,,,,,,,41,10.498315811157227,1051.3067498207092
100,1.0,additive,1.0,0.1,1.0,-11,20,80,60,False,0,True,1140456983,False,0.5125,0.1292,,,,,,,,42,10.070491790771484,1051.3067498207092
100,1.0,additive,1.0,0.1,1.0,-11,20,80,60,False,0,True,804397402,False,0.6434,0.1145,,,,,,,,43,10.50808310508728,1051.3067498207092
100,1.0,additive,1.0,0.1,1.0,-11,20,80,60,False,0,True,1711161732,False,0.951,-0.0859,,,,,,,,44,10.11901068687439,1051.3067498207092
100,1.0,additive,1.0,0.1,1.0,-11,20,80,60,False,0,True,621502175,False,0.4116,0.1662,,,,,,,,45,11.840684175491333,1051.3067498207092
100,1.0,additive,1.0,0.1,1.0,-11,20,80,60,False,0,True,285442594,False,0.4016,-0.1403,,,,,,,,46,10.232715845108032,1051.3067498207092
100,1.0,additive,1.0,0.1,1.0,-11,20,80,60,False,0,True,1243927798,False,0.8751,0.1051,,,,,,,,47,10.405630350112915,1051.3067498207092
100,1.0,additive,1.0,0.1,1.0,-11,20,80,60,False,0,True,3208480,False,0.6983,-0.1259,,,,,,,,48,13.555259704589844,1051.3067498207092
100,1.0,additive,1.0,0.1,1.0,-11,20,80,60,False,0,True,1814632547,False,0.7283,-0.1074,,,,,,,,49,10.304350137710571,1051.3067498207092
