n,alpha,method,effect_size,noise_sd,sigma_y,window_start,window_end,window_length,is_global,delay_yz,is_control,seed,detected,p_value,lla_score,localization_correct,start_error,end_error,window_overlap,delay_correct,detected_delay,delay_error,replicate,computation_time,batch_time_seconds
100,1.0,additive,0.8,0.1,1.0,20,80,60,False,0,False,1208358044,True,0.001,0.5319,False,-5.0,0.0,0.9230769230769231,,,,0,14.830570220947266,1052.7830653190613
100,1.0,additive,0.8,0.1,1.0,20,80,60,False,0,False,2115122374,True,0.001,0.6703,False,-15.0,20.0,0.631578947368421,,,,1,12.205344915390015,1052.7830653190613
100,1.0,additive,0.8,0.1,1.0,20,80,60,False,0,False,1779062793,True,0.001,0.5736,False,-6.0,6.0,0.8333333333333334,,,,2,12.657642841339111,1052.7830653190613
100,1.0,additive,0.8,0.1,1.0,20,80,60,False,0,False,689403236,True,0.001,0.6476,False,-13.0,5.0,0.7692307692307693,,,,3,12.023751735687256,1052.7830653190613
100,1.0,additive,0.8,0.1,1.0,20,80,60,False,0,False,353343655,True,0.001,0.6271,False,-13.0,2.0,0.8,,,,4,12.271226644515991,1052.7830653190613
100,1.0,additive,0.8,0.1,1.0,20,80,60,False,0,False,506508009,True,0.001,0.5523,False,-1.0,5.0,0.9090909090909091,,,,5,10.939956426620483,1052.7830653190613
100,1.0,additive,0.8,0.1,1.0,20,80,60,False,0,False,71109541,True,0.001,0.6451,False,-11.0,0.0,0.8450704225352113,,,,6,11.19681715965271,1052.7830653190613
100,1.0,additive,0.8,0.1,1.0,20,80,60,False,0,False,1882533608,True,0.001,0.6521,False,-1.0,20.0,0.7407407407407407,,,,7,11.420321941375732,1052.7830653190613
100,1.0,additive,0.8,0.1,1.0,20,80,60,False,0,False,792874051,True,0.001,0.657,False,-17.0,16.0,0.6451612903225806,,,,8,10.439271926879883,1052.7830653190613
100,1.0,additive,0.8,0.1,1.0,20,80,60,False,0,False,1699638381,True,0.001,0.5747,False,0.0,20.0,0.75,,,,9,10.413047790527344,1052.7830653190613
100,1.0,additive,0.8,0.1,1.0,20,80,60,False,0,False,609978824,True,0.001,0.6726,False,-20.0,1.0,0.7407407407407407,,,,10,11.120126247406006,1052.7830653190613
100,1.0,additive,0.8,0.1,1.0,20,80,60,False,0,False,273919243,True,0.001,0.6108,False,-18.0,0.0,0.7692307692307693,,,,11,11.867844343185425,1052.7830653190613
100,1.0,additive,0.8,0.1,1.0,20,80,60,False,0,False,1232404447,True,0.001,0.6605,False,-20.0,20.0,0.6,,,,12,10.626214027404785,1052.7830653190613
100,1.0,additive,0.8,0.1,1.0,20,80,60,False,0,False,896344866,True,0.001,0.6375,False,-19.0,20.0,0.6060606060606061,,,,13,11.209702730178833,1052.7830653190613
100,1.0,additive,0.8,0.1,1.0,20,80,60,False,0,False,1803109196,True,0.001,0.6384,False,-15.0,16.0,0.6593406593406593,,,,14,10.034666061401367,1052.7830653190613
100,1.0,additive,0.8,0.1,1.0,20,80,60,False,0,False,713449639,True,0.001,0.6947,False,-18.0,17.0,0.631578947368421,,,,15,10.059924602508545,1052.7830653190613
100,1.0,additive,0.8,0.1,1.0,20,80,60,False,0,False,377390058,True,0.001,0.6109,False,-1.0,0.0,0.9836065573770492,,,,16,10.736640214920044,1052.7830653190613
100,1.0,additive,0.8,0.1,1.0,20,80,60,False,0,False,1335875262,True,0.001,0.6065,False,-1.0,12.0,0.821917808219178,,,,17,10.19495677947998,1052.7830653190613
100,1.0,additive,0.8,0.1,1.0,20,80,60,False,0,False,95155944,True,0.001,0.5711,False,-9.0,-1.0,0.855072463768116,,,,18,10.069639444351196,1052.7830653190613
100,1.0,additive,0.8,0.1,1.0,20,80,60,False,0,False,1152980035,True,0.001,0.6574,False,-14.0,8.0,0.7317073170731707,,,,19,10.81102204322815,1052.7830653190613
100,1.0,additive,0.8,0.1,1.0,20,80,60,False,0,False,816920454,True,0.001,0.6273,False,0.0,16.0,0.7894736842105263,,,,20,10.041194438934326,1052.7830653190613
100,1.0,additive,0.8,0.1,1.0,20,80,60,False,0,False,480860873,True,0.001,0.6361,False,-20.0,12.0,0.6521739130434783,,,,21,10.221233367919922,1052.7830653190613
100,1.0,additive,0.8,0.1,1.0,20,80,60,False,0,False,534686340,True,0.001,0.6151,False,-2.0,20.0,0.7317073170731707,,,,22,12.46340560913086,1052.7830653190613
100,1.0,additive,0.8,0.1,1.0,20,80,60,False,0,False,198626759,True,0.001,0.6484,False,2.0,0.0,0.9666666666666667,,,,23,10.333441734313965,1052.7830653190613
100,1.0,additive,0.8,0.1,1.0,20,80,60,False,0,False,1256450850,True,0.001,0.6629,False,-17.0,5.0,0.7317073170731707,,,,24,10.28993010520935,1052.7830653190613
100,1.0,additive,0.8,0.1,1.0,20,80,60,False,0,False,920391269,True,0.001,0.5286,False,0.0,15.0,0.8,,,,25,10.93829607963562,1052.7830653190613
100,1.0,additive,0.8,0.1,1.0,20,80,60,False,0,False,1073555623,True,0.001,0.6757,False,-19.0,17.0,0.625,,,,26,10.199960947036743,1052.7830653190613
100,1.0,additive,0.8,0.1,1.0,20,80,60,False,0,False,638157155,True,0.001,0.6654,False,-16.0,17.0,0.6451612903225806,,,,27,11.507741689682007,1052.7830653190613
100,1.0,additive,0.8,0.1,1.0,20,80,60,False,0,False,302097574,True,0.001,0.6359,False,-2.0,13.0,0.8,,,,28,10.471237421035767,1052.7830653190613
100,1.0,additive,0.8,0.1,1.0,20,80,60,False,0,False,1359921665,True,0.001,0.6185,False,-4.0,3.0,0.8955223880597015,,,,29,9.894532203674316,1052.7830653190613
100,1.0,additive,0.8,0.1,1.0,20,80,60,False,0,False,119202347,True,0.001,0.5721,False,-15.0,0.0,0.8,,,,30,10.887625694274902,1052.7830653190613
100,1.0,additive,0.8,0.1,1.0,20,80,60,False,0,False,1177026438,True,0.001,0.5688,False,-1.0,3.0,0.9375,,,,31,10.451794862747192,1052.7830653190613
100,1.0,additive,0.8,0.1,1.0,20,80,60,False,0,False,741627970,True,0.001,0.5976,False,-20.0,0.0,0.75,,,,32,10.09842324256897,1052.7830653190613
100,1.0,additive,0.8,0.1,1.0,20,80,60,False,0,False,405568389,True,0.001,0.6615,False,0.0,18.0,0.7692307692307693,,,,33,10.70409607887268,1052.7830653190613
100,1.0,additive,0.8,0.1,1.0,20,80,60,False,0,False,1463392480,True,0.001,0.5482,False,-5.0,0.0,0.9230769230769231,,,,34,10.409498453140259,1052.7830653190613
100,1.0,additive,0.8,0.1,1.0,20,80,60,False,0,False,222673162,True,0.001,0.5792,False,-1.0,20.0,0.7407407407407407,,,,35,10.213243007659912,1052.7830653190613
100,1.0,additive,0.8,0.1,1.0,20,80,60,False,0,False,1280497253,True,0.001,0.5959,False,-20.0,0.0,0.75,,,,36,10.859450340270996,1052.7830653190613
100,1.0,additive,0.8,0.1,1.0,20,80,60,False,0,False,845098785,True,0.001,0.5917,False,-7.0,1.0,0.8823529411764706,,,,37,9.818090915679932,1052.7830653190613
100,1.0,additive,0.8,0.1,1.0,20,80,60,False,0,False,1902922876,True,0.001,0.6328,False,-5.0,18.0,0.7228915662650602,,,,38,9.842696189880371,1052.7830653190613
100,1.0,additive,0.8,0.1,1.0,20,80,60,False,0,False,662203558,True,0.001,0.6023,False,0.0,4.0,0.9375,,,,39,10.906912326812744,1052.7830653190613
100,1.0,additive,0.8,0.1,1.0,20,80,60,False,0,False,326143977,True,0.001,0.6348,False,0.0,15.0,0.8,,,,40,10.009598970413208,1052.7830653190613
100,1.0,additive,0.8,0.1,1.0,20,80,60,False,0,False,1383968068,True,0.001,0.6829,False,-16.0,14.0,0.6666666666666666,,,,41,9.98391056060791,1052.7830653190613
100,1.0,additive,0.8,0.1,1.0,20,80,60,False,0,False,948569600,True,0.001,0.5803,False,-6.0,0.0,0.9090909090909091,,,,42,11.116361618041992,1052.7830653190613
100,1.0,additive,0.8,0.1,1.0,20,80,60,False,0,False,1101733954,True,0.001,0.6426,False,-1.0,20.0,0.7407407407407407,,,,43,9.877814769744873,1052.7830653190613
100,1.0,additive,0.8,0.1,1.0,20,80,60,False,0,False,765674373,True,0.001,0.6305,False,-5.0,9.0,0.8108108108108109,,,,44,10.089226961135864,1052.7830653190613
100,1.0,additive,0.8,0.1,1.0,20,80,60,False,0,False,1823498464,True,0.001,0.6833,False,-18.0,19.0,0.6185567010309279,,,,45,10.576555013656616,1052.7830653190613
100,1.0,additive,0.8,0.1,1.0,20,80,60,False,0,False,1487438883,True,0.001,0.627,False,-11.0,1.0,0.8333333333333334,,,,46,10.081876516342163,1052.7830653190613
100,1.0,additive,0.8,0.1,1.0,20,80,60,False,0,False,246719565,True,0.001,0.6128,False,-15.0,20.0,0.631578947368421,,,,47,9.918317079544067,1052.7830653190613
100,1.0,additive,0.8,0.1,1.0,20,80,60,False,0,False,1205204769,True,0.001,0.6054,True,0.0,0.0,1.0,,,,48,10.745291471481323,1052.7830653190613
100,1.0,additive,0.8,0.1,1.0,20,80,60,False,0,False,869145188,True,0.001,0.581,False,-1.0,1.0,0.967741935483871,,,,49,9.61782956123352,1052.7830653190613
100,1.0,additive,0.8,0.1,1.0,20,80,60,False,0,True,879789471,False,0.1908,0.1747,,,,,,,,0,9.814786195755005,1052.7830653190613
100,1.0,additive,0.8,0.1,1.0,20,80,60,False,0,True,1885892688,False,0.2128,0.1675,,,,,,,,1,10.692436456680298,1052.7830653190613
100,1.0,additive,0.8,0.1,1.0,20,80,60,False,0,True,1549833107,True,0.034,0.2623,,,,,,,,2,10.033977031707764,1052.7830653190613
100,1.0,additive,0.8,0.1,1.0,20,80,60,False,0,True,360834663,False,0.9401,-0.0927,,,,,,,,3,10.05846095085144,1052.7830653190613
100,1.0,additive,0.8,0.1,1.0,20,80,60,False,0,True,24775082,False,0.4136,0.143,,,,,,,,4,11.43434739112854,1052.7830653190613
100,1.0,additive,0.8,0.1,1.0,20,80,60,False,0,True,177939436,False,0.4346,0.1665,,,,,,,,5,9.834635734558105,1052.7830653190613
100,1.0,additive,0.8,0.1,1.0,20,80,60,False,0,True,1989363503,False,0.7423,-0.1197,,,,,,,,6,10.3970787525177,1052.7830653190613
100,1.0,additive,0.8,0.1,1.0,20,80,60,False,0,True,1653303922,False,0.1928,-0.1823,,,,,,,,7,10.75853180885315,1052.7830653190613
100,1.0,additive,0.8,0.1,1.0,20,80,60,False,0,True,464305478,False,0.3107,0.1511,,,,,,,,8,10.04741358757019,1052.7830653190613
100,1.0,additive,0.8,0.1,1.0,20,80,60,False,0,True,1470408695,False,0.4915,0.1246,,,,,,,,9,9.807925939559937,1052.7830653190613
100,1.0,additive,0.8,0.1,1.0,20,80,60,False,0,True,281410251,False,0.6164,-0.1467,,,,,,,,10,10.902922868728638,1052.7830653190613
100,1.0,additive,0.8,0.1,1.0,20,80,60,False,0,True,2092834318,False,0.5574,0.1309,,,,,,,,11,9.84908413887024,1052.7830653190613
100,1.0,additive,0.8,0.1,1.0,20,80,60,False,0,True,903835874,False,0.0729,-0.187,,,,,,,,12,9.834552764892578,1052.7830653190613
100,1.0,additive,0.8,0.1,1.0,20,80,60,False,0,True,567776293,False,0.7083,0.0977,,,,,,,,13,10.750959873199463,1052.7830653190613
100,1.0,additive,0.8,0.1,1.0,20,80,60,False,0,True,1573879510,False,0.2098,-0.1792,,,,,,,,14,10.010133981704712,1052.7830653190613
100,1.0,additive,0.8,0.1,1.0,20,80,60,False,0,True,384881066,False,0.1199,0.2007,,,,,,,,15,9.706453084945679,1052.7830653190613
100,1.0,additive,0.8,0.1,1.0,20,80,60,False,0,True,48821485,False,0.5634,-0.1347,,,,,,,,16,11.3397216796875,1052.7830653190613
100,1.0,additive,0.8,0.1,1.0,20,80,60,False,0,True,1007306689,False,0.1099,-0.2052,,,,,,,,17,10.513351917266846,1052.7830653190613
100,1.0,additive,0.8,0.1,1.0,20,80,60,False,0,True,2013409906,False,0.8901,-0.1014,,,,,,,,18,10.465315818786621,1052.7830653190613
100,1.0,additive,0.8,0.1,1.0,20,80,60,False,0,True,824411462,False,0.7003,-0.1199,,,,,,,,19,10.599017143249512,1052.7830653190613
100,1.0,additive,0.8,0.1,1.0,20,80,60,False,0,True,488351881,False,0.95,0.081,,,,,,,,20,10.377326488494873,1052.7830653190613
100,1.0,additive,0.8,0.1,1.0,20,80,60,False,0,True,152292300,False,0.7393,0.1297,,,,,,,,21,10.140246152877808,1052.7830653190613
100,1.0,additive,0.8,0.1,1.0,20,80,60,False,0,True,305456654,False,0.7632,0.1048,,,,,,,,22,10.969972133636475,1052.7830653190613
100,1.0,additive,0.8,0.1,1.0,20,80,60,False,0,True,2116880721,False,0.6164,-0.1231,,,,,,,,23,9.789469957351685,1052.7830653190613
100,1.0,additive,0.8,0.1,1.0,20,80,60,False,0,True,927882277,False,0.6893,0.1078,,,,,,,,24,9.718067169189453,1052.7830653190613
100,1.0,additive,0.8,0.1,1.0,20,80,60,False,0,True,591822696,False,0.7762,-0.1107,,,,,,,,25,10.716867685317993,1052.7830653190613
100,1.0,additive,0.8,0.1,1.0,20,80,60,False,0,True,744987050,False,0.2008,0.1942,,,,,,,,26,10.014271020889282,1052.7830653190613
100,1.0,additive,0.8,0.1,1.0,20,80,60,False,0,True,408927469,False,0.5185,-0.1205,,,,,,,,27,9.806602716445923,1052.7830653190613
100,1.0,additive,0.8,0.1,1.0,20,80,60,False,0,True,72867888,False,0.2637,-0.1697,,,,,,,,28,10.955897331237793,1052.7830653190613
100,1.0,additive,0.8,0.1,1.0,20,80,60,False,0,True,1031353092,False,0.7183,-0.0957,,,,,,,,29,9.969793319702148,1052.7830653190613
100,1.0,additive,0.8,0.1,1.0,20,80,60,False,0,True,2037456309,False,0.4036,0.1425,,,,,,,,30,10.591284990310669,1052.7830653190613
100,1.0,additive,0.8,0.1,1.0,20,80,60,False,0,True,848457865,False,0.994,-0.0597,,,,,,,,31,11.506134748458862,1052.7830653190613
100,1.0,additive,0.8,0.1,1.0,20,80,60,False,0,True,512398284,False,0.3117,0.158,,,,,,,,32,9.994213581085205,1052.7830653190613
100,1.0,additive,0.8,0.1,1.0,20,80,60,False,0,True,176338703,False,0.8312,-0.1045,,,,,,,,33,9.882700443267822,1052.7830653190613
100,1.0,additive,0.8,0.1,1.0,20,80,60,False,0,True,1134823907,False,0.5175,0.1241,,,,,,,,34,10.89147138595581,1052.7830653190613
100,1.0,additive,0.8,0.1,1.0,20,80,60,False,0,True,2140927124,False,0.2957,0.1552,,,,,,,,35,9.987621545791626,1052.7830653190613
100,1.0,additive,0.8,0.1,1.0,20,80,60,False,0,True,951928680,False,0.0529,-0.2266,,,,,,,,36,9.746150016784668,1052.7830653190613
100,1.0,additive,0.8,0.1,1.0,20,80,60,False,0,True,615869099,False,0.4366,0.1386,,,,,,,,37,10.956395387649536,1052.7830653190613
100,1.0,additive,0.8,0.1,1.0,20,80,60,False,0,True,1574354303,False,0.3986,0.1327,,,,,,,,38,9.821770906448364,1052.7830653190613
100,1.0,additive,0.8,0.1,1.0,20,80,60,False,0,True,432973872,False,0.7243,-0.1148,,,,,,,,39,9.669708251953125,1052.7830653190613
100,1.0,additive,0.8,0.1,1.0,20,80,60,False,0,True,96914291,False,0.6933,-0.1281,,,,,,,,40,11.113045692443848,1052.7830653190613
100,1.0,additive,0.8,0.1,1.0,20,80,60,False,0,True,1055399495,False,0.3596,0.1671,,,,,,,,41,10.70559048652649,1052.7830653190613
100,1.0,additive,0.8,0.1,1.0,20,80,60,False,0,True,719339914,False,0.8432,-0.09,,,,,,,,42,9.745069026947021,1052.7830653190613
100,1.0,additive,0.8,0.1,1.0,20,80,60,False,0,True,872504268,False,0.983,0.0735,,,,,,,,43,11.138558626174927,1052.7830653190613
100,1.0,additive,0.8,0.1,1.0,20,80,60,False,0,True,536444687,False,0.7622,0.0902,,,,,,,,44,9.790235757827759,1052.7830653190613
100,1.0,additive,0.8,0.1,1.0,20,80,60,False,0,True,1494929891,False,0.2008,-0.1817,,,,,,,,45,9.67540717124939,1052.7830653190613
100,1.0,additive,0.8,0.1,1.0,20,80,60,False,0,True,1158870310,True,0.002,0.3047,,,,,,,,46,9.910764217376709,1052.7830653190613
100,1.0,additive,0.8,0.1,1.0,20,80,60,False,0,True,17489879,False,0.6284,-0.1344,,,,,,,,47,10.67294192314148,1052.7830653190613
100,1.0,additive,0.8,0.1,1.0,20,80,60,False,0,True,975975083,False,0.1289,0.1739,,,,,,,,48,9.641282081604004,1052.7830653190613
100,1.0,additive,0.8,0.1,1.0,20,80,60,False,0,True,639915502,False,0.8641,0.0931,,,,,,,,49,10.077361583709717,1052.7830653190613
100,1.0,additive,0.82,0.1,1.0,20,80,60,False,0,False,1531995987,True,0.001,0.5587,False,-18.0,3.0,0.7407407407407407,,,,0,11.02723479270935,1031.8634297847748
100,1.0,additive,0.82,0.1,1.0,20,80,60,False,0,False,1195936406,True,0.001,0.6265,False,-20.0,5.0,0.7058823529411765,,,,1,10.003897666931152,1031.8634297847748
100,1.0,additive,0.82,0.1,1.0,20,80,60,False,0,False,6937962,True,0.001,0.6727,False,0.0,20.0,0.75,,,,2,9.879899263381958,1031.8634297847748
100,1.0,additive,0.82,0.1,1.0,20,80,60,False,0,False,1013041179,True,0.001,0.5623,False,-14.0,16.0,0.6666666666666666,,,,3,11.116640567779541,1031.8634297847748
100,1.0,additive,0.82,0.1,1.0,20,80,60,False,0,False,1971526383,True,0.001,0.6435,False,-4.0,4.0,0.8823529411764706,,,,4,9.85704255104065,1031.8634297847748
100,1.0,additive,0.82,0.1,1.0,20,80,60,False,0,False,1635466802,True,0.001,0.6288,False,-1.0,11.0,0.8333333333333334,,,,5,10.048613786697388,1031.8634297847748
100,1.0,additive,0.82,0.1,1.0,20,80,60,False,0,False,446468358,True,0.001,0.6527,False,-2.0,3.0,0.9230769230769231,,,,6,11.011626958847046,1031.8634297847748
100,1.0,additive,0.82,0.1,1.0,20,80,60,False,0,False,1452571575,True,0.001,0.585,False,-3.0,9.0,0.8333333333333334,,,,7,9.89666223526001,1031.8634297847748
100,1.0,additive,0.82,0.1,1.0,20,80,60,False,0,False,1116511994,True,0.001,0.6418,False,-4.0,16.0,0.75,,,,8,9.73192310333252,1031.8634297847748
100,1.0,additive,0.82,0.1,1.0,20,80,60,False,0,False,2074997198,True,0.001,0.6135,False,-2.0,6.0,0.8823529411764706,,,,9,10.2191002368927,1031.8634297847748
100,1.0,additive,0.82,0.1,1.0,20,80,60,False,0,False,1738937617,True,0.001,0.5081,False,-18.0,12.0,0.6666666666666666,,,,10,9.928905487060547,1031.8634297847748
100,1.0,additive,0.82,0.1,1.0,20,80,60,False,0,False,1892101971,True,0.001,0.646,False,-13.0,20.0,0.6451612903225806,,,,11,10.192261219024658,1031.8634297847748
100,1.0,additive,0.82,0.1,1.0,20,80,60,False,0,False,1556042390,True,0.001,0.6336,False,-10.0,11.0,0.7407407407407407,,,,12,11.244599103927612,1031.8634297847748
100,1.0,additive,0.82,0.1,1.0,20,80,60,False,0,False,367043946,True,0.001,0.5991,False,0.0,16.0,0.7894736842105263,,,,13,9.756116390228271,1031.8634297847748
100,1.0,additive,0.82,0.1,1.0,20,80,60,False,0,False,30984365,True,0.001,0.5581,False,-20.0,19.0,0.6060606060606061,,,,14,9.900027751922607,1031.8634297847748
100,1.0,additive,0.82,0.1,1.0,20,80,60,False,0,False,1037087582,True,0.001,0.654,False,-20.0,14.0,0.6382978723404256,,,,15,11.103074312210083,1031.8634297847748
100,1.0,additive,0.82,0.1,1.0,20,80,60,False,0,False,1995572786,True,0.001,0.5573,False,-3.0,1.0,0.9375,,,,16,9.681375741958618,1031.8634297847748
100,1.0,additive,0.82,0.1,1.0,20,80,60,False,0,False,1659513205,True,0.001,0.5792,False,-1.0,11.0,0.8333333333333334,,,,17,9.998677968978882,1031.8634297847748
100,1.0,additive,0.82,0.1,1.0,20,80,60,False,0,False,470514761,True,0.001,0.6352,False,-20.0,3.0,0.7228915662650602,,,,18,10.594072103500366,1031.8634297847748
100,1.0,additive,0.82,0.1,1.0,20,80,60,False,0,False,134455180,True,0.001,0.5912,False,-14.0,1.0,0.8,,,,19,9.632978677749634,1031.8634297847748
100,1.0,additive,0.82,0.1,1.0,20,80,60,False,0,False,287619534,True,0.001,0.6162,False,-20.0,18.0,0.6122448979591837,,,,20,9.71814227104187,1031.8634297847748
100,1.0,additive,0.82,0.1,1.0,20,80,60,False,0,False,2099043601,True,0.001,0.6083,False,-12.0,6.0,0.7692307692307693,,,,21,11.953510999679565,1031.8634297847748
100,1.0,additive,0.82,0.1,1.0,20,80,60,False,0,False,1762984020,True,0.001,0.5922,False,-9.0,7.0,0.7894736842105263,,,,22,11.555399417877197,1031.8634297847748
100,1.0,additive,0.82,0.1,1.0,20,80,60,False,0,False,573985576,True,0.001,0.6854,False,-9.0,18.0,0.6896551724137931,,,,23,10.789245367050171,1031.8634297847748
100,1.0,additive,0.82,0.1,1.0,20,80,60,False,0,False,1580088793,True,0.001,0.4981,False,-4.0,0.0,0.9375,,,,24,9.819455862045288,1031.8634297847748
100,1.0,additive,0.82,0.1,1.0,20,80,60,False,0,False,391090349,True,0.001,0.5989,False,-20.0,12.0,0.6521739130434783,,,,25,9.761943340301514,1031.8634297847748
100,1.0,additive,0.82,0.1,1.0,20,80,60,False,0,False,55030768,True,0.001,0.6418,False,-5.0,2.0,0.8955223880597015,,,,26,11.034797191619873,1031.8634297847748
100,1.0,additive,0.82,0.1,1.0,20,80,60,False,0,False,1866454835,True,0.001,0.6103,False,-12.0,8.0,0.75,,,,27,10.398834228515625,1031.8634297847748
100,1.0,additive,0.82,0.1,1.0,20,80,60,False,0,False,2019619189,True,0.001,0.6004,False,-19.0,13.0,0.6521739130434783,,,,28,10.13501238822937,1031.8634297847748
100,1.0,additive,0.82,0.1,1.0,20,80,60,False,0,False,1683559608,True,0.001,0.5905,False,-1.0,16.0,0.7792207792207793,,,,29,10.050966024398804,1031.8634297847748
100,1.0,additive,0.82,0.1,1.0,20,80,60,False,0,False,494561164,True,0.001,0.6263,False,-12.0,8.0,0.75,,,,30,10.809175968170166,1031.8634297847748
100,1.0,additive,0.82,0.1,1.0,20,80,60,False,0,False,158501583,True,0.001,0.6037,False,-20.0,9.0,0.6741573033707865,,,,31,9.961695909500122,1031.8634297847748
100,1.0,additive,0.82,0.1,1.0,20,80,60,False,0,False,311665937,True,0.001,0.6259,False,-19.0,0.0,0.759493670886076,,,,32,9.829685688018799,1031.8634297847748
100,1.0,additive,0.82,0.1,1.0,20,80,60,False,0,False,2123090004,True,0.001,0.6068,False,-20.0,13.0,0.6451612903225806,,,,33,11.007918119430542,1031.8634297847748
100,1.0,additive,0.82,0.1,1.0,20,80,60,False,0,False,1787030423,True,0.001,0.6317,False,0.0,7.0,0.8955223880597015,,,,34,10.13315725326538,1031.8634297847748
100,1.0,additive,0.82,0.1,1.0,20,80,60,False,0,False,598031979,True,0.001,0.6646,False,-20.0,15.0,0.631578947368421,,,,35,10.013123273849487,1031.8634297847748
100,1.0,additive,0.82,0.1,1.0,20,80,60,False,0,False,1604135196,True,0.001,0.618,False,-10.0,20.0,0.6666666666666666,,,,36,10.853980541229248,1031.8634297847748
100,1.0,additive,0.82,0.1,1.0,20,80,60,False,0,False,415136752,True,0.001,0.6439,False,-10.0,14.0,0.7142857142857143,,,,37,9.902778148651123,1031.8634297847748
100,1.0,additive,0.82,0.1,1.0,20,80,60,False,0,False,79077171,True,0.001,0.6338,False,-11.0,12.0,0.7228915662650602,,,,38,9.858693599700928,1031.8634297847748
100,1.0,additive,0.82,0.1,1.0,20,80,60,False,0,False,1037562375,True,0.001,0.6379,False,-14.0,13.0,0.6896551724137931,,,,39,10.981748580932617,1031.8634297847748
100,1.0,additive,0.82,0.1,1.0,20,80,60,False,0,False,2043665592,True,0.001,0.6495,False,-20.0,2.0,0.7317073170731707,,,,40,9.882445096969604,1031.8634297847748
100,1.0,additive,0.82,0.1,1.0,20,80,60,False,0,False,1707606011,True,0.001,0.6136,False,-12.0,11.0,0.7228915662650602,,,,41,9.801545143127441,1031.8634297847748
100,1.0,additive,0.82,0.1,1.0,20,80,60,False,0,False,518607567,True,0.001,0.5339,False,-1.0,-2.0,0.9508196721311475,,,,42,10.63774847984314,1031.8634297847748
100,1.0,additive,0.82,0.1,1.0,20,80,60,False,0,False,182547986,True,0.001,0.636,False,-13.0,0.0,0.821917808219178,,,,43,9.789137125015259,1031.8634297847748
100,1.0,additive,0.82,0.1,1.0,20,80,60,False,0,False,1141033190,True,0.001,0.652,False,0.0,8.0,0.8823529411764706,,,,44,9.983999729156494,1031.8634297847748
100,1.0,additive,0.82,0.1,1.0,20,80,60,False,0,False,2147136407,True,0.001,0.5997,True,0.0,0.0,1.0,,,,45,10.956858158111572,1031.8634297847748
100,1.0,additive,0.82,0.1,1.0,20,80,60,False,0,False,1811076826,True,0.001,0.6107,False,-1.0,17.0,0.7692307692307693,,,,46,10.697821855545044,1031.8634297847748
100,1.0,additive,0.82,0.1,1.0,20,80,60,False,0,False,622078382,True,0.001,0.612,False,0.0,19.0,0.759493670886076,,,,47,10.03341817855835,1031.8634297847748
100,1.0,additive,0.82,0.1,1.0,20,80,60,False,0,False,286018801,True,0.001,0.5686,False,-2.0,1.0,0.9523809523809523,,,,48,10.941612720489502,1031.8634297847748
100,1.0,additive,0.82,0.1,1.0,20,80,60,False,0,False,439183155,True,0.001,0.6412,False,-2.0,15.0,0.7792207792207793,,,,49,10.020633459091187,1031.8634297847748
100,1.0,additive,0.82,0.1,1.0,20,80,60,False,0,True,1302766301,False,0.8961,0.0984,,,,,,,,0,9.856972932815552,1031.8634297847748
100,1.0,additive,0.82,0.1,1.0,20,80,60,False,0,True,966706720,False,0.6853,-0.1344,,,,,,,,1,12.3418447971344,1031.8634297847748
100,1.0,additive,0.82,0.1,1.0,20,80,60,False,0,True,1925191924,False,0.4456,0.1544,,,,,,,,2,10.99471378326416,1031.8634297847748
100,1.0,additive,0.82,0.1,1.0,20,80,60,False,0,True,684472606,False,0.6234,0.1036,,,,,,,,3,11.310697078704834,1031.8634297847748
100,1.0,additive,0.82,0.1,1.0,20,80,60,False,0,True,1742296697,False,0.1049,0.215,,,,,,,,4,9.674436807632446,1031.8634297847748
100,1.0,additive,0.82,0.1,1.0,20,80,60,False,0,True,1406237116,False,0.6254,-0.1296,,,,,,,,5,9.695820569992065,1031.8634297847748
100,1.0,additive,0.82,0.1,1.0,20,80,60,False,0,True,217238672,False,0.5165,-0.1506,,,,,,,,6,10.912657976150513,1031.8634297847748
100,1.0,additive,0.82,0.1,1.0,20,80,60,False,0,True,1124003002,False,0.6274,0.1327,,,,,,,,7,10.84921145439148,1031.8634297847748
100,1.0,additive,0.82,0.1,1.0,20,80,60,False,0,True,787943421,False,0.7752,-0.1034,,,,,,,,8,10.581947088241577,1031.8634297847748
100,1.0,additive,0.82,0.1,1.0,20,80,60,False,0,True,1845767512,False,0.3427,-0.1577,,,,,,,,9,11.21855354309082,1031.8634297847748
100,1.0,additive,0.82,0.1,1.0,20,80,60,False,0,True,1509707931,False,0.1718,0.1759,,,,,,,,10,9.763338327407837,1031.8634297847748
100,1.0,additive,0.82,0.1,1.0,20,80,60,False,0,True,1662872285,False,0.6633,0.1145,,,,,,,,11,9.718337535858154,1031.8634297847748
100,1.0,additive,0.82,0.1,1.0,20,80,60,False,0,True,1227473817,False,0.994,-0.0698,,,,,,,,12,10.69672703742981,1031.8634297847748
100,1.0,additive,0.82,0.1,1.0,20,80,60,False,0,True,137814260,False,0.5185,0.1272,,,,,,,,13,9.944791078567505,1031.8634297847748
100,1.0,additive,0.82,0.1,1.0,20,80,60,False,0,True,1949238327,False,0.8771,0.0922,,,,,,,,14,9.807588577270508,1031.8634297847748
100,1.0,additive,0.82,0.1,1.0,20,80,60,False,0,True,708519009,False,0.978,-0.0721,,,,,,,,15,10.212661743164062,1031.8634297847748
100,1.0,additive,0.82,0.1,1.0,20,80,60,False,0,True,1766343100,False,0.1029,-0.2166,,,,,,,,16,7.336100101470947,1031.8634297847748
100,1.0,additive,0.82,0.1,1.0,20,80,60,False,0,True,1330944632,False,0.5005,0.137,,,,,,,,17,10.282393217086792,1031.8634297847748
100,1.0,additive,0.82,0.1,1.0,20,80,60,False,0,True,241285075,False,0.2098,0.167,,,,,,,,18,13.803207874298096,1031.8634297847748
100,1.0,additive,0.82,0.1,1.0,20,80,60,False,0,True,2052709142,False,0.7373,-0.1164,,,,,,,,19,11.187251091003418,1031.8634297847748
100,1.0,additive,0.82,0.1,1.0,20,80,60,False,0,True,58389848,False,0.4186,-0.1359,,,,,,,,20,10.980008602142334,1031.8634297847748
100,1.0,additive,0.82,0.1,1.0,20,80,60,False,0,True,1869813915,False,0.3287,-0.1651,,,,,,,,21,9.573786735534668,1031.8634297847748
100,1.0,additive,0.82,0.1,1.0,20,80,60,False,0,True,1434415447,False,0.6464,-0.1177,,,,,,,,22,9.521031379699707,1031.8634297847748
100,1.0,additive,0.82,0.1,1.0,20,80,60,False,0,True,344755890,False,0.8641,-0.1022,,,,,,,,23,10.444632053375244,1031.8634297847748
100,1.0,additive,0.82,0.1,1.0,20,80,60,False,0,True,1251520220,False,0.7952,0.1055,,,,,,,,24,12.047068357467651,1031.8634297847748
100,1.0,additive,0.82,0.1,1.0,20,80,60,False,0,True,161860663,False,0.3586,-0.1422,,,,,,,,25,10.281433343887329,1031.8634297847748
100,1.0,additive,0.82,0.1,1.0,20,80,60,False,0,True,1973284730,False,0.8322,-0.1037,,,,,,,,26,9.914060115814209,1031.8634297847748
100,1.0,additive,0.82,0.1,1.0,20,80,60,False,0,True,1537886262,False,0.6054,-0.1288,,,,,,,,27,10.631042718887329,1031.8634297847748
100,1.0,additive,0.82,0.1,1.0,20,80,60,False,0,True,1691050616,False,0.6244,0.1312,,,,,,,,28,9.719641923904419,1031.8634297847748
100,1.0,additive,0.82,0.1,1.0,20,80,60,False,0,True,1354991035,False,0.0739,-0.2296,,,,,,,,29,9.94857668876648,1031.8634297847748
100,1.0,additive,0.82,0.1,1.0,20,80,60,False,0,True,265331478,False,0.5415,0.1437,,,,,,,,30,10.889856338500977,1031.8634297847748
100,1.0,additive,0.82,0.1,1.0,20,80,60,False,0,True,2076755545,False,0.6853,-0.1242,,,,,,,,31,10.201895952224731,1031.8634297847748
100,1.0,additive,0.82,0.1,1.0,20,80,60,False,0,True,2130581012,False,0.7992,-0.1088,,,,,,,,32,9.689849615097046,1031.8634297847748
100,1.0,additive,0.82,0.1,1.0,20,80,60,False,0,True,1794521431,False,0.2767,0.1645,,,,,,,,33,10.969633340835571,1031.8634297847748
100,1.0,additive,0.82,0.1,1.0,20,80,60,False,0,True,1458461850,False,0.2777,-0.1693,,,,,,,,34,9.815809965133667,1031.8634297847748
100,1.0,additive,0.82,0.1,1.0,20,80,60,False,0,True,368802293,False,0.7672,0.0982,,,,,,,,35,9.45830225944519,1031.8634297847748
100,1.0,additive,0.82,0.1,1.0,20,80,60,False,0,True,1275566623,False,0.4635,0.174,,,,,,,,36,10.656501770019531,1031.8634297847748
100,1.0,additive,0.82,0.1,1.0,20,80,60,False,0,True,86568179,False,0.4456,-0.1632,,,,,,,,37,10.232078552246094,1031.8634297847748
100,1.0,additive,0.82,0.1,1.0,20,80,60,False,0,True,1897992246,False,0.96,-0.0757,,,,,,,,38,9.852357864379883,1031.8634297847748
100,1.0,additive,0.82,0.1,1.0,20,80,60,False,0,True,808332689,True,0.033,-0.2576,,,,,,,,39,10.41006875038147,1031.8634297847748
100,1.0,additive,0.82,0.1,1.0,20,80,60,False,0,True,1715097019,False,0.2078,0.151,,,,,,,,40,9.711347579956055,1031.8634297847748
100,1.0,additive,0.82,0.1,1.0,20,80,60,False,0,True,1379037438,False,0.4286,-0.1524,,,,,,,,41,9.634052991867065,1031.8634297847748
100,1.0,additive,0.82,0.1,1.0,20,80,60,False,0,True,190038994,False,0.4975,0.1321,,,,,,,,42,10.774963140487671,1031.8634297847748
100,1.0,additive,0.82,0.1,1.0,20,80,60,False,0,True,2001463061,False,0.4386,-0.1389,,,,,,,,43,10.027124643325806,1031.8634297847748
100,1.0,additive,0.82,0.1,1.0,20,80,60,False,0,True,911803504,False,0.8052,-0.0978,,,,,,,,44,9.468283414840698,1031.8634297847748
100,1.0,additive,0.82,0.1,1.0,20,80,60,False,0,True,1818567834,False,0.97,-0.0722,,,,,,,,45,10.587992906570435,1031.8634297847748
100,1.0,additive,0.82,0.1,1.0,20,80,60,False,0,True,1482508253,False,0.6434,-0.1318,,,,,,,,46,9.669617414474487,1031.8634297847748
100,1.0,additive,0.82,0.1,1.0,20,80,60,False,0,True,293509809,False,0.985,-0.0683,,,,,,,,47,9.672096967697144,1031.8634297847748
100,1.0,additive,0.82,0.1,1.0,20,80,60,False,0,True,2104933876,False,0.9371,-0.0922,,,,,,,,48,10.632394790649414,1031.8634297847748
100,1.0,additive,0.82,0.1,1.0,20,80,60,False,0,True,110614582,False,0.1518,-0.1693,,,,,,,,49,9.875094175338745,1031.8634297847748
100,1.0,additive,0.84,0.1,1.0,20,80,60,False,0,False,650357831,True,0.001,0.6359,False,0.0,4.0,0.9375,,,,0,9.810027122497559,1043.030365228653
100,1.0,additive,0.84,0.1,1.0,20,80,60,False,0,False,1708181922,True,0.001,0.6336,False,-4.0,19.0,0.7228915662650602,,,,1,10.689780950546265,1043.030365228653
100,1.0,additive,0.84,0.1,1.0,20,80,60,False,0,False,467462604,True,0.001,0.5809,False,-15.0,17.0,0.6521739130434783,,,,2,9.65515661239624,1043.030365228653
100,1.0,additive,0.84,0.1,1.0,20,80,60,False,0,False,1425947808,True,0.001,0.6089,False,-19.0,0.0,0.759493670886076,,,,3,9.568763256072998,1043.030365228653
100,1.0,additive,0.84,0.1,1.0,20,80,60,False,0,False,1089888227,True,0.001,0.5838,False,-20.0,1.0,0.7407407407407407,,,,4,10.172112464904785,1043.030365228653
100,1.0,additive,0.84,0.1,1.0,20,80,60,False,0,False,228670,True,0.001,0.6594,False,-3.0,1.0,0.9375,,,,5,10.3807852268219,1043.030365228653
100,1.0,additive,0.84,0.1,1.0,20,80,60,False,0,False,906993000,True,0.001,0.6269,False,-20.0,1.0,0.7407407407407407,,,,6,9.52513074874878,1043.030365228653
100,1.0,additive,0.84,0.1,1.0,20,80,60,False,0,False,570933419,True,0.001,0.6311,False,-4.0,1.0,0.9230769230769231,,,,7,9.674331426620483,1043.030365228653
100,1.0,additive,0.84,0.1,1.0,20,80,60,False,0,False,1529418623,True,0.001,0.6069,False,-10.0,17.0,0.6896551724137931,,,,8,10.337519645690918,1043.030365228653
100,1.0,additive,0.84,0.1,1.0,20,80,60,False,0,False,1193359042,True,0.001,0.6279,False,-2.0,20.0,0.7317073170731707,,,,9,9.664520502090454,1043.030365228653
100,1.0,additive,0.84,0.1,1.0,20,80,60,False,0,False,103699485,True,0.001,0.6333,False,-17.0,3.0,0.75,,,,10,9.903893232345581,1043.030365228653
100,1.0,additive,0.84,0.1,1.0,20,80,60,False,0,False,1010463815,True,0.001,0.5714,False,-13.0,10.0,0.7228915662650602,,,,11,10.746111154556274,1043.030365228653
100,1.0,additive,0.84,0.1,1.0,20,80,60,False,0,False,2068287906,True,0.001,0.6233,False,0.0,4.0,0.9375,,,,12,10.265460014343262,1043.030365228653
100,1.0,additive,0.84,0.1,1.0,20,80,60,False,0,False,1632889438,True,0.001,0.6211,False,-5.0,17.0,0.7317073170731707,,,,13,9.686070442199707,1043.030365228653
100,1.0,additive,0.84,0.1,1.0,20,80,60,False,0,False,1296829857,True,0.001,0.6355,False,-11.0,20.0,0.6593406593406593,,,,14,9.766082763671875,1043.030365228653
100,1.0,additive,0.84,0.1,1.0,20,80,60,False,0,False,1449994211,True,0.001,0.5942,False,0.0,19.0,0.759493670886076,,,,15,9.63563847541809,1043.030365228653
100,1.0,additive,0.84,0.1,1.0,20,80,60,False,0,False,1113934630,True,0.001,0.5844,False,-11.0,20.0,0.6593406593406593,,,,16,9.812087535858154,1043.030365228653
100,1.0,additive,0.84,0.1,1.0,20,80,60,False,0,False,24275073,True,0.001,0.6383,False,-2.0,0.0,0.967741935483871,,,,17,10.604082107543945,1043.030365228653
100,1.0,additive,0.84,0.1,1.0,20,80,60,False,0,False,1736360253,True,0.001,0.5927,False,0.0,1.0,0.9836065573770492,,,,18,9.76560640335083,1043.030365228653
100,1.0,additive,0.84,0.1,1.0,20,80,60,False,0,False,594979822,True,0.001,0.6187,False,-20.0,0.0,0.75,,,,19,10.003610372543335,1043.030365228653
100,1.0,additive,0.84,0.1,1.0,20,80,60,False,0,False,1553465026,True,0.001,0.6775,False,-20.0,3.0,0.7228915662650602,,,,20,10.996782779693604,1043.030365228653
100,1.0,additive,0.84,0.1,1.0,20,80,60,False,0,False,1217405445,True,0.001,0.7067,False,-17.0,5.0,0.7317073170731707,,,,21,9.53982663154602,1043.030365228653
100,1.0,additive,0.84,0.1,1.0,20,80,60,False,0,False,127745888,True,0.001,0.6661,False,-17.0,20.0,0.6185567010309279,,,,22,9.941962718963623,1043.030365228653
100,1.0,additive,0.84,0.1,1.0,20,80,60,False,0,False,1034510218,True,0.001,0.5601,False,-12.0,0.0,0.8333333333333334,,,,23,11.00651478767395,1043.030365228653
100,1.0,additive,0.84,0.1,1.0,20,80,60,False,0,False,1992995422,True,0.001,0.6027,False,0.0,7.0,0.8955223880597015,,,,24,9.594005584716797,1043.030365228653
100,1.0,additive,0.84,0.1,1.0,20,80,60,False,0,False,1656935841,True,0.001,0.5944,False,-2.0,8.0,0.8571428571428571,,,,25,9.748193502426147,1043.030365228653
100,1.0,additive,0.84,0.1,1.0,20,80,60,False,0,False,1320876260,True,0.001,0.6301,False,0.0,16.0,0.7894736842105263,,,,26,10.89969801902771,1043.030365228653
100,1.0,additive,0.84,0.1,1.0,20,80,60,False,0,False,1474040614,True,0.001,0.583,False,0.0,6.0,0.9090909090909091,,,,27,9.7008376121521,1043.030365228653
100,1.0,additive,0.84,0.1,1.0,20,80,60,False,0,False,1137981033,True,0.001,0.6339,False,-19.0,13.0,0.6521739130434783,,,,28,9.743376970291138,1043.030365228653
100,1.0,additive,0.84,0.1,1.0,20,80,60,False,0,False,2096466237,True,0.001,0.6478,False,-1.0,9.0,0.8571428571428571,,,,29,10.84511685371399,1043.030365228653
100,1.0,additive,0.84,0.1,1.0,20,80,60,False,0,False,1760406656,True,0.001,0.5928,False,0.0,20.0,0.75,,,,30,9.650397777557373,1043.030365228653
100,1.0,additive,0.84,0.1,1.0,20,80,60,False,0,False,1913571010,True,0.001,0.548,False,-3.0,12.0,0.8,,,,31,9.831274509429932,1043.030365228653
100,1.0,additive,0.84,0.1,1.0,20,80,60,False,0,False,1577511429,True,0.001,0.6243,False,-1.0,6.0,0.8955223880597015,,,,32,10.503206491470337,1043.030365228653
100,1.0,additive,0.84,0.1,1.0,20,80,60,False,0,False,1241451848,True,0.001,0.6297,False,-2.0,20.0,0.7317073170731707,,,,33,9.592226266860962,1043.030365228653
100,1.0,additive,0.84,0.1,1.0,20,80,60,False,0,False,52453404,True,0.001,0.5885,False,-10.0,7.0,0.7792207792207793,,,,34,9.464365005493164,1043.030365228653
100,1.0,additive,0.84,0.1,1.0,20,80,60,False,0,False,1863877471,True,0.001,0.6798,False,-13.0,20.0,0.6451612903225806,,,,35,10.592979192733765,1043.030365228653
100,1.0,additive,0.84,0.1,1.0,20,80,60,False,0,False,2017041825,True,0.001,0.6323,False,-8.0,0.0,0.8823529411764706,,,,36,9.517286777496338,1043.030365228653
100,1.0,additive,0.84,0.1,1.0,20,80,60,False,0,False,1680982244,True,0.001,0.6387,False,-11.0,13.0,0.7142857142857143,,,,37,9.711997509002686,1043.030365228653
100,1.0,additive,0.84,0.1,1.0,20,80,60,False,0,False,1344922663,True,0.001,0.684,False,-19.0,19.0,0.6122448979591837,,,,38,10.026993751525879,1043.030365228653
100,1.0,additive,0.84,0.1,1.0,20,80,60,False,0,False,155924219,True,0.001,0.6236,False,-20.0,10.0,0.6666666666666666,,,,39,9.660332918167114,1043.030365228653
100,1.0,additive,0.84,0.1,1.0,20,80,60,False,0,False,1162027436,True,0.001,0.6448,False,-3.0,14.0,0.7792207792207793,,,,40,9.762036323547363,1043.030365228653
100,1.0,additive,0.84,0.1,1.0,20,80,60,False,0,False,2120512640,True,0.001,0.5932,False,0.0,19.0,0.759493670886076,,,,41,11.336344242095947,1043.030365228653
100,1.0,additive,0.84,0.1,1.0,20,80,60,False,0,False,1784453059,True,0.001,0.6799,False,-12.0,17.0,0.6741573033707865,,,,42,9.716608047485352,1043.030365228653
100,1.0,additive,0.84,0.1,1.0,20,80,60,False,0,False,694793502,True,0.001,0.6158,False,-13.0,18.0,0.6593406593406593,,,,43,10.426008701324463,1043.030365228653
100,1.0,additive,0.84,0.1,1.0,20,80,60,False,0,False,1601557832,True,0.001,0.6361,False,0.0,14.0,0.8108108108108109,,,,44,10.580453872680664,1043.030365228653
100,1.0,additive,0.84,0.1,1.0,20,80,60,False,0,False,1265498251,True,0.001,0.6022,False,-14.0,12.0,0.6976744186046512,,,,45,9.676948547363281,1043.030365228653
100,1.0,additive,0.84,0.1,1.0,20,80,60,False,0,False,76499807,True,0.001,0.6284,False,-20.0,13.0,0.6451612903225806,,,,46,9.747093677520752,1043.030365228653
100,1.0,additive,0.84,0.1,1.0,20,80,60,False,0,False,1887923874,True,0.001,0.6761,False,-20.0,7.0,0.6896551724137931,,,,47,10.91898775100708,1043.030365228653
100,1.0,additive,0.84,0.1,1.0,20,80,60,False,0,False,2041088228,True,0.001,0.5928,False,-1.0,0.0,0.9836065573770492,,,,48,9.700896263122559,1043.030365228653
100,1.0,additive,0.84,0.1,1.0,20,80,60,False,0,False,1705028647,True,0.001,0.6302,False,-10.0,9.0,0.759493670886076,,,,49,9.74477744102478,1043.030365228653
100,1.0,additive,0.84,0.1,1.0,20,80,60,False,0,True,421128145,False,0.7083,-0.1135,,,,,,,,0,10.054118633270264,1043.030365228653
100,1.0,additive,0.84,0.1,1.0,20,80,60,False,0,True,1379613349,False,0.0629,-0.2287,,,,,,,,1,10.160414457321167,1043.030365228653
100,1.0,additive,0.84,0.1,1.0,20,80,60,False,0,True,238232918,False,0.5215,0.1548,,,,,,,,2,10.052645683288574,1043.030365228653
100,1.0,additive,0.84,0.1,1.0,20,80,60,False,0,True,1196718122,False,0.2937,0.1621,,,,,,,,3,10.920063257217407,1043.030365228653
100,1.0,additive,0.84,0.1,1.0,20,80,60,False,0,True,860658541,False,0.1219,0.1818,,,,,,,,4,9.723280191421509,1043.030365228653
100,1.0,additive,0.84,0.1,1.0,20,80,60,False,0,True,1819143745,False,0.1948,-0.1751,,,,,,,,5,9.743013143539429,1043.030365228653
100,1.0,additive,0.84,0.1,1.0,20,80,60,False,0,True,677763314,True,0.025,0.2598,,,,,,,,6,9.795846462249756,1043.030365228653
100,1.0,additive,0.84,0.1,1.0,20,80,60,False,0,True,341703733,False,0.4306,-0.1579,,,,,,,,7,10.652437448501587,1043.030365228653
100,1.0,additive,0.84,0.1,1.0,20,80,60,False,0,True,1300188937,True,0.016,0.2735,,,,,,,,8,9.648518562316895,1043.030365228653
100,1.0,additive,0.84,0.1,1.0,20,80,60,False,0,True,964129356,False,0.0589,-0.2222,,,,,,,,9,9.743675947189331,1043.030365228653
100,1.0,additive,0.84,0.1,1.0,20,80,60,False,0,True,1922614560,False,0.9011,-0.0924,,,,,,,,10,10.412540197372437,1043.030365228653
100,1.0,additive,0.84,0.1,1.0,20,80,60,False,0,True,781234129,False,0.2258,-0.1997,,,,,,,,11,9.773417949676514,1043.030365228653
100,1.0,additive,0.84,0.1,1.0,20,80,60,False,0,True,1739719333,False,0.2797,-0.1702,,,,,,,,12,9.524314880371094,1043.030365228653
100,1.0,additive,0.84,0.1,1.0,20,80,60,False,0,True,1403659752,False,0.5504,0.1433,,,,,,,,13,10.351362943649292,1043.030365228653
100,1.0,additive,0.84,0.1,1.0,20,80,60,False,0,True,1067600171,False,0.1079,-0.1923,,,,,,,,14,9.842469692230225,1043.030365228653
100,1.0,additive,0.84,0.1,1.0,20,80,60,False,0,True,1220764525,False,0.8911,-0.0815,,,,,,,,15,9.889267444610596,1043.030365228653
100,1.0,additive,0.84,0.1,1.0,20,80,60,False,0,True,884704944,False,0.6204,0.1109,,,,,,,,16,10.526538610458374,1043.030365228653
100,1.0,additive,0.84,0.1,1.0,20,80,60,False,0,True,1843190148,False,0.5015,-0.1191,,,,,,,,17,9.761133193969727,1043.030365228653
100,1.0,additive,0.84,0.1,1.0,20,80,60,False,0,True,1507130567,False,0.2787,-0.1622,,,,,,,,18,9.811006546020508,1043.030365228653
100,1.0,additive,0.84,0.1,1.0,20,80,60,False,0,True,365750136,False,0.1638,0.1839,,,,,,,,19,10.75524640083313,1043.030365228653
100,1.0,additive,0.84,0.1,1.0,20,80,60,False,0,True,1324235340,False,0.7223,0.1207,,,,,,,,20,9.88633918762207,1043.030365228653
100,1.0,additive,0.84,0.1,1.0,20,80,60,False,0,True,988175759,False,0.8771,-0.0937,,,,,,,,21,9.932644844055176,1043.030365228653
100,1.0,additive,0.84,0.1,1.0,20,80,60,False,0,True,1946660963,False,0.1738,-0.1923,,,,,,,,22,10.879220008850098,1043.030365228653
100,1.0,additive,0.84,0.1,1.0,20,80,60,False,0,True,805280532,False,0.8232,-0.1041,,,,,,,,23,9.777395248413086,1043.030365228653
100,1.0,additive,0.84,0.1,1.0,20,80,60,False,0,True,1763765736,False,0.8871,-0.0889,,,,,,,,24,9.765949249267578,1043.030365228653
100,1.0,additive,0.84,0.1,1.0,20,80,60,False,0,True,1427706155,False,0.4655,-0.1305,,,,,,,,25,10.655759811401367,1043.030365228653
100,1.0,additive,0.84,0.1,1.0,20,80,60,False,0,True,1091646574,False,0.1499,0.1834,,,,,,,,26,9.962444543838501,1043.030365228653
100,1.0,additive,0.84,0.1,1.0,20,80,60,False,0,True,1244810928,False,0.2308,-0.179,,,,,,,,27,10.067818880081177,1043.030365228653
100,1.0,additive,0.84,0.1,1.0,20,80,60,False,0,True,908751347,False,0.5604,-0.1229,,,,,,,,28,10.520394802093506,1043.030365228653
100,1.0,additive,0.84,0.1,1.0,20,80,60,False,0,True,1867236551,True,0.036,0.2515,,,,,,,,29,9.760969400405884,1043.030365228653
100,1.0,additive,0.84,0.1,1.0,20,80,60,False,0,True,1531176970,False,0.5485,0.1211,,,,,,,,30,9.662218809127808,1043.030365228653
100,1.0,additive,0.84,0.1,1.0,20,80,60,False,0,True,1684341324,False,0.3866,0.1602,,,,,,,,31,10.65602445602417,1043.030365228653
100,1.0,additive,0.84,0.1,1.0,20,80,60,False,0,True,1348281743,False,0.1968,0.1714,,,,,,,,32,11.636434316635132,1043.030365228653
100,1.0,additive,0.84,0.1,1.0,20,80,60,False,0,True,1012222162,False,0.3107,0.1594,,,,,,,,33,12.462611198425293,1043.030365228653
100,1.0,additive,0.84,0.1,1.0,20,80,60,False,0,True,1970707366,False,0.7742,0.1043,,,,,,,,34,11.417078495025635,1043.030365228653
100,1.0,additive,0.84,0.1,1.0,20,80,60,False,0,True,1634647785,False,0.7153,0.1203,,,,,,,,35,10.399600982666016,1043.030365228653
100,1.0,additive,0.84,0.1,1.0,20,80,60,False,0,True,1787812139,False,0.4256,-0.1512,,,,,,,,36,12.602822542190552,1043.030365228653
100,1.0,additive,0.84,0.1,1.0,20,80,60,False,0,True,1451752558,False,0.3167,-0.156,,,,,,,,37,11.870299577713013,1043.030365228653
100,1.0,additive,0.84,0.1,1.0,20,80,60,False,0,True,1115692977,False,0.4036,0.1371,,,,,,,,38,12.649291038513184,1043.030365228653
100,1.0,additive,0.84,0.1,1.0,20,80,60,False,0,True,2074178181,False,0.0529,-0.2445,,,,,,,,39,12.266422033309937,1043.030365228653
100,1.0,additive,0.84,0.1,1.0,20,80,60,False,0,True,932797750,False,0.6314,0.1139,,,,,,,,40,11.647040128707886,1043.030365228653
100,1.0,additive,0.84,0.1,1.0,20,80,60,False,0,True,1891282954,False,0.8002,0.1158,,,,,,,,41,12.662275552749634,1043.030365228653
100,1.0,additive,0.84,0.1,1.0,20,80,60,False,0,True,1555223373,False,0.7273,0.1096,,,,,,,,42,12.275956153869629,1043.030365228653
100,1.0,additive,0.84,0.1,1.0,20,80,60,False,0,True,366224929,False,0.7992,-0.1061,,,,,,,,43,12.150871276855469,1043.030365228653
100,1.0,additive,0.84,0.1,1.0,20,80,60,False,0,True,1372328146,False,0.7832,-0.1016,,,,,,,,44,12.603858709335327,1043.030365228653
100,1.0,additive,0.84,0.1,1.0,20,80,60,False,0,True,1036268565,False,0.3077,0.1727,,,,,,,,45,12.307133197784424,1043.030365228653
100,1.0,additive,0.84,0.1,1.0,20,80,60,False,0,True,1994753769,False,0.8082,-0.0927,,,,,,,,46,12.316465854644775,1043.030365228653
100,1.0,additive,0.84,0.1,1.0,20,80,60,False,0,True,1658694188,False,0.7912,0.1014,,,,,,,,47,12.220942974090576,1043.030365228653
100,1.0,additive,0.84,0.1,1.0,20,80,60,False,0,True,1811858542,False,0.95,0.0792,,,,,,,,48,12.120230913162231,1043.030365228653
100,1.0,additive,0.84,0.1,1.0,20,80,60,False,0,True,1475798961,False,0.6973,0.1106,,,,,,,,49,12.64528489112854,1043.030365228653
100,1.0,additive,0.86,0.1,1.0,20,80,60,False,0,False,337528848,True,0.001,0.5838,False,-9.0,6.0,0.8,,,,0,11.418334245681763,944.3948616981506
100,1.0,additive,0.86,0.1,1.0,20,80,60,False,0,False,1469267,True,0.001,0.5879,False,-11.0,1.0,0.8333333333333334,,,,1,12.045819997787476,944.3948616981506
100,1.0,additive,0.86,0.1,1.0,20,80,60,False,0,False,1059293358,True,0.001,0.6108,False,-20.0,2.0,0.7317073170731707,,,,2,12.167736530303955,944.3948616981506
100,1.0,additive,0.86,0.1,1.0,20,80,60,False,0,False,723233777,True,0.001,0.5634,False,-11.0,14.0,0.7058823529411765,,,,3,11.460112810134888,944.3948616981506
100,1.0,additive,0.86,0.1,1.0,20,80,60,False,0,False,777059244,True,0.001,0.5912,False,-18.0,4.0,0.7317073170731707,,,,4,13.288377046585083,944.3948616981506
100,1.0,additive,0.86,0.1,1.0,20,80,60,False,0,False,440999663,True,0.001,0.6095,False,-11.0,17.0,0.6818181818181818,,,,5,12.893696308135986,944.3948616981506
100,1.0,additive,0.86,0.1,1.0,20,80,60,False,0,False,1498823754,True,0.001,0.6336,False,-19.0,18.0,0.6185567010309279,,,,6,12.484866380691528,944.3948616981506
100,1.0,additive,0.86,0.1,1.0,20,80,60,False,0,False,1162764173,True,0.001,0.5535,False,-1.0,4.0,0.9230769230769231,,,,7,11.974650621414185,944.3948616981506
100,1.0,additive,0.86,0.1,1.0,20,80,60,False,0,False,2069528503,True,0.001,0.6767,False,-20.0,20.0,0.6,,,,8,12.109867095947266,944.3948616981506
100,1.0,additive,0.86,0.1,1.0,20,80,60,False,0,False,880530059,True,0.001,0.5938,False,0.0,20.0,0.75,,,,9,12.58786916732788,944.3948616981506
100,1.0,additive,0.86,0.1,1.0,20,80,60,False,0,False,544470478,True,0.001,0.5874,False,-1.0,7.0,0.8823529411764706,,,,10,11.49752163887024,944.3948616981506
100,1.0,additive,0.86,0.1,1.0,20,80,60,False,0,False,1602294569,True,0.001,0.5852,True,0.0,0.0,1.0,,,,11,13.209388732910156,944.3948616981506
100,1.0,additive,0.86,0.1,1.0,20,80,60,False,0,False,361575251,True,0.001,0.6315,False,-8.0,0.0,0.8823529411764706,,,,12,12.490910053253174,944.3948616981506
100,1.0,additive,0.86,0.1,1.0,20,80,60,False,0,False,1419399342,True,0.001,0.612,False,-6.0,10.0,0.7894736842105263,,,,13,11.7977294921875,944.3948616981506
100,1.0,additive,0.86,0.1,1.0,20,80,60,False,0,False,1083339761,True,0.001,0.6075,False,-9.0,6.0,0.8,,,,14,11.84097671508789,944.3948616981506
100,1.0,additive,0.86,0.1,1.0,20,80,60,False,0,False,647941293,True,0.001,0.6282,False,-2.0,20.0,0.7317073170731707,,,,15,10.107181787490845,944.3948616981506
100,1.0,additive,0.86,0.1,1.0,20,80,60,False,0,False,1705765384,True,0.001,0.6117,False,-2.0,3.0,0.9230769230769231,,,,16,9.918153285980225,944.3948616981506
100,1.0,additive,0.86,0.1,1.0,20,80,60,False,0,False,465046066,True,0.001,0.5268,False,0.0,3.0,0.9523809523809523,,,,17,10.631401062011719,944.3948616981506
100,1.0,additive,0.86,0.1,1.0,20,80,60,False,0,False,1522870157,True,0.001,0.6238,False,-1.0,20.0,0.7407407407407407,,,,18,10.700409650802612,944.3948616981506
100,1.0,additive,0.86,0.1,1.0,20,80,60,False,0,False,1186810576,True,0.001,0.5699,False,-16.0,1.0,0.7792207792207793,,,,19,10.965143918991089,944.3948616981506
100,1.0,additive,0.86,0.1,1.0,20,80,60,False,0,False,751412108,True,0.001,0.5781,False,-16.0,18.0,0.6382978723404256,,,,20,12.348591327667236,944.3948616981506
100,1.0,additive,0.86,0.1,1.0,20,80,60,False,0,False,904576462,True,0.001,0.6579,False,-5.0,1.0,0.9090909090909091,,,,21,11.609424829483032,944.3948616981506
100,1.0,additive,0.86,0.1,1.0,20,80,60,False,0,False,568516881,True,0.001,0.5724,False,-3.0,16.0,0.759493670886076,,,,22,11.369823932647705,944.3948616981506
100,1.0,additive,0.86,0.1,1.0,20,80,60,False,0,False,1626340972,True,0.001,0.5849,False,-13.0,20.0,0.6451612903225806,,,,23,11.296278238296509,944.3948616981506
100,1.0,additive,0.86,0.1,1.0,20,80,60,False,0,False,1290281391,True,0.001,0.5833,False,-16.0,0.0,0.7894736842105263,,,,24,11.337980031967163,944.3948616981506
100,1.0,additive,0.86,0.1,1.0,20,80,60,False,0,False,1344106858,True,0.001,0.5867,False,-3.0,1.0,0.9375,,,,25,12.03530478477478,944.3948616981506
100,1.0,additive,0.86,0.1,1.0,20,80,60,False,0,False,1008047277,True,0.001,0.5699,False,-2.0,0.0,0.967741935483871,,,,26,10.45554780960083,944.3948616981506
100,1.0,additive,0.86,0.1,1.0,20,80,60,False,0,False,671987696,True,0.001,0.6103,False,-1.0,12.0,0.821917808219178,,,,27,9.99787187576294,944.3948616981506
100,1.0,additive,0.86,0.1,1.0,20,80,60,False,0,False,1729811787,True,0.001,0.6296,False,-19.0,6.0,0.7058823529411765,,,,28,11.287550449371338,944.3948616981506
100,1.0,additive,0.86,0.1,1.0,20,80,60,False,0,False,489092469,True,0.001,0.5667,False,-14.0,12.0,0.6976744186046512,,,,29,10.135509252548218,944.3948616981506
100,1.0,additive,0.86,0.1,1.0,20,80,60,False,0,False,1447577673,True,0.001,0.6136,False,-18.0,4.0,0.7317073170731707,,,,30,9.76082968711853,944.3948616981506
100,1.0,additive,0.86,0.1,1.0,20,80,60,False,0,False,1111518092,True,0.001,0.6464,False,-9.0,10.0,0.759493670886076,,,,31,13.08983302116394,944.3948616981506
100,1.0,additive,0.86,0.1,1.0,20,80,60,False,0,False,21858535,True,0.001,0.5834,False,-17.0,1.0,0.7692307692307693,,,,32,13.72738003730774,944.3948616981506
100,1.0,additive,0.86,0.1,1.0,20,80,60,False,0,False,928622865,True,0.001,0.5819,False,0.0,12.0,0.8333333333333334,,,,33,14.124938011169434,944.3948616981506
100,1.0,additive,0.86,0.1,1.0,20,80,60,False,0,False,592563284,True,0.001,0.6297,False,-19.0,20.0,0.6060606060606061,,,,34,11.746126651763916,944.3948616981506
100,1.0,additive,0.86,0.1,1.0,20,80,60,False,0,False,1551048488,True,0.001,0.6085,False,-17.0,20.0,0.6185567010309279,,,,35,13.319034099578857,944.3948616981506
100,1.0,additive,0.86,0.1,1.0,20,80,60,False,0,False,1214988907,True,0.001,0.67,False,0.0,7.0,0.8955223880597015,,,,36,12.13699197769165,944.3948616981506
100,1.0,additive,0.86,0.1,1.0,20,80,60,False,0,False,1368153261,True,0.001,0.5563,False,-20.0,7.0,0.6896551724137931,,,,37,13.114110946655273,944.3948616981506
100,1.0,additive,0.86,0.1,1.0,20,80,60,False,0,False,1032093680,True,0.001,0.5977,False,-20.0,1.0,0.7407407407407407,,,,38,12.522972583770752,944.3948616981506
100,1.0,additive,0.86,0.1,1.0,20,80,60,False,0,False,2089917771,True,0.001,0.6487,False,-11.0,9.0,0.75,,,,39,11.335028886795044,944.3948616981506
100,1.0,additive,0.86,0.1,1.0,20,80,60,False,0,False,1654519303,True,0.001,0.6687,False,-15.0,1.0,0.7894736842105263,,,,40,12.337566137313843,944.3948616981506
100,1.0,additive,0.86,0.1,1.0,20,80,60,False,0,False,1318459722,True,0.001,0.6451,False,-18.0,11.0,0.6741573033707865,,,,41,12.053789615631104,944.3948616981506
100,1.0,additive,0.86,0.1,1.0,20,80,60,False,0,False,1471624076,True,0.001,0.621,False,-16.0,9.0,0.7058823529411765,,,,42,11.620036602020264,944.3948616981506
100,1.0,additive,0.86,0.1,1.0,20,80,60,False,0,False,1135564495,True,0.001,0.6883,False,-18.0,7.0,0.7058823529411765,,,,43,11.955711364746094,944.3948616981506
100,1.0,additive,0.86,0.1,1.0,20,80,60,False,0,False,45904938,True,0.001,0.5344,False,0.0,3.0,0.9523809523809523,,,,44,12.102820873260498,944.3948616981506
100,1.0,additive,0.86,0.1,1.0,20,80,60,False,0,False,1757990118,True,0.001,0.6355,True,0.0,0.0,1.0,,,,45,10.816792488098145,944.3948616981506
100,1.0,additive,0.86,0.1,1.0,20,80,60,False,0,False,616609687,True,0.001,0.6114,False,-4.0,20.0,0.7142857142857143,,,,46,11.359757423400879,944.3948616981506
100,1.0,additive,0.86,0.1,1.0,20,80,60,False,0,False,1575094891,True,0.001,0.6124,False,-1.0,0.0,0.9836065573770492,,,,47,9.309054136276245,944.3948616981506
100,1.0,additive,0.86,0.1,1.0,20,80,60,False,0,False,1239035310,True,0.001,0.6393,False,-11.0,10.0,0.7407407407407407,,,,48,7.116560459136963,944.3948616981506
100,1.0,additive,0.86,0.1,1.0,20,80,60,False,0,False,149375753,True,0.001,0.5936,False,-9.0,0.0,0.8695652173913043,,,,49,7.159895896911621,944.3948616981506
100,1.0,additive,0.86,0.1,1.0,20,80,60,False,0,True,108299162,False,0.7483,-0.1143,,,,,,,,0,7.159141540527344,944.3948616981506
100,1.0,additive,0.86,0.1,1.0,20,80,60,False,0,True,1919723229,False,0.955,0.1038,,,,,,,,1,6.267199516296387,944.3948616981506
100,1.0,additive,0.86,0.1,1.0,20,80,60,False,0,True,730724785,False,0.5994,0.1199,,,,,,,,2,6.291747331619263,944.3948616981506
100,1.0,additive,0.86,0.1,1.0,20,80,60,False,0,True,394665204,False,0.6723,0.1228,,,,,,,,3,6.58184027671814,944.3948616981506
100,1.0,additive,0.86,0.1,1.0,20,80,60,False,0,True,547829558,False,0.2068,-0.189,,,,,,,,4,7.146880388259888,944.3948616981506
100,1.0,additive,0.86,0.1,1.0,20,80,60,False,0,True,211769977,False,0.6174,-0.1349,,,,,,,,5,7.376749038696289,944.3948616981506
100,1.0,additive,0.86,0.1,1.0,20,80,60,False,0,True,1170255181,False,0.8921,0.089,,,,,,,,6,7.049217224121094,944.3948616981506
100,1.0,additive,0.86,0.1,1.0,20,80,60,False,0,True,834195600,False,0.1588,-0.1619,,,,,,,,7,7.225342512130737,944.3948616981506
100,1.0,additive,0.86,0.1,1.0,20,80,60,False,0,True,1840298817,False,0.4755,0.1489,,,,,,,,8,7.545766592025757,944.3948616981506
100,1.0,additive,0.86,0.1,1.0,20,80,60,False,0,True,651300373,False,0.6633,0.1157,,,,,,,,9,7.011002779006958,944.3948616981506
100,1.0,additive,0.86,0.1,1.0,20,80,60,False,0,True,315240792,False,0.4416,0.1485,,,,,,,,10,7.102034330368042,944.3948616981506
100,1.0,additive,0.86,0.1,1.0,20,80,60,False,0,True,1273725996,False,0.8402,0.1019,,,,,,,,11,7.224690675735474,944.3948616981506
100,1.0,additive,0.86,0.1,1.0,20,80,60,False,0,True,132345565,False,0.8462,0.106,,,,,,,,12,7.167382717132568,944.3948616981506
100,1.0,additive,0.86,0.1,1.0,20,80,60,False,0,True,1090830769,False,0.6713,-0.1327,,,,,,,,13,6.555642604827881,944.3948616981506
100,1.0,additive,0.86,0.1,1.0,20,80,60,False,0,True,754771188,False,0.3497,0.1566,,,,,,,,14,7.186477422714233,944.3948616981506
100,1.0,additive,0.86,0.1,1.0,20,80,60,False,0,True,418711607,False,0.4346,-0.1226,,,,,,,,15,6.934000492095947,944.3948616981506
100,1.0,additive,0.86,0.1,1.0,20,80,60,False,0,True,1377196811,False,0.8002,0.1248,,,,,,,,16,7.15383505821228,944.3948616981506
100,1.0,additive,0.86,0.1,1.0,20,80,60,False,0,True,235816380,False,0.0799,-0.2265,,,,,,,,17,7.116257667541504,944.3948616981506
100,1.0,additive,0.86,0.1,1.0,20,80,60,False,0,True,1194301584,False,0.8442,-0.103,,,,,,,,18,6.7677903175354,944.3948616981506
100,1.0,additive,0.86,0.1,1.0,20,80,60,False,0,True,858242003,False,0.1019,-0.2307,,,,,,,,19,6.394221782684326,944.3948616981506
100,1.0,additive,0.86,0.1,1.0,20,80,60,False,0,True,522182422,False,0.1858,-0.1859,,,,,,,,20,6.314792156219482,944.3948616981506
100,1.0,additive,0.86,0.1,1.0,20,80,60,False,0,True,675346776,False,0.9261,0.0907,,,,,,,,21,6.900768995285034,944.3948616981506
100,1.0,additive,0.86,0.1,1.0,20,80,60,False,0,True,339287195,False,0.4286,-0.1317,,,,,,,,22,6.6609015464782715,944.3948616981506
100,1.0,additive,0.86,0.1,1.0,20,80,60,False,0,True,1297772399,False,0.7383,0.1134,,,,,,,,23,7.132686376571655,944.3948616981506
100,1.0,additive,0.86,0.1,1.0,20,80,60,False,0,True,961712818,True,0.018,-0.2611,,,,,,,,24,6.830135822296143,944.3948616981506
100,1.0,additive,0.86,0.1,1.0,20,80,60,False,0,True,1114877172,False,0.7163,-0.1184,,,,,,,,25,7.585654258728027,944.3948616981506
100,1.0,additive,0.86,0.1,1.0,20,80,60,False,0,True,778817591,False,0.9251,-0.0864,,,,,,,,26,7.250139474868774,944.3948616981506
100,1.0,additive,0.86,0.1,1.0,20,80,60,False,0,True,442758010,False,0.5025,-0.1423,,,,,,,,27,7.533332824707031,944.3948616981506
100,1.0,additive,0.86,0.1,1.0,20,80,60,False,0,True,1401243214,False,0.3417,-0.1324,,,,,,,,28,8.450193643569946,944.3948616981506
100,1.0,additive,0.86,0.1,1.0,20,80,60,False,0,True,259862783,False,0.999,0.0552,,,,,,,,29,7.96400785446167,944.3948616981506
100,1.0,additive,0.86,0.1,1.0,20,80,60,False,0,True,1218347987,False,0.6923,-0.1095,,,,,,,,30,8.403064966201782,944.3948616981506
100,1.0,additive,0.86,0.1,1.0,20,80,60,False,0,True,882288406,False,0.4416,0.1382,,,,,,,,31,7.651163816452026,944.3948616981506
100,1.0,additive,0.86,0.1,1.0,20,80,60,False,0,True,1840773610,False,0.0589,0.2553,,,,,,,,32,7.645037412643433,944.3948616981506
100,1.0,additive,0.86,0.1,1.0,20,80,60,False,0,True,699393179,True,0.029,0.2345,,,,,,,,33,7.774400472640991,944.3948616981506
100,1.0,additive,0.86,0.1,1.0,20,80,60,False,0,True,363333598,False,0.3347,0.1636,,,,,,,,34,7.764616250991821,944.3948616981506
100,1.0,additive,0.86,0.1,1.0,20,80,60,False,0,True,1321818802,True,0.021,-0.2363,,,,,,,,35,6.955833435058594,944.3948616981506
100,1.0,additive,0.86,0.1,1.0,20,80,60,False,0,True,985759221,False,0.7892,-0.1082,,,,,,,,36,6.896154880523682,944.3948616981506
100,1.0,additive,0.86,0.1,1.0,20,80,60,False,0,True,1138923575,False,0.951,-0.0848,,,,,,,,37,7.738305568695068,944.3948616981506
100,1.0,additive,0.86,0.1,1.0,20,80,60,False,0,True,802863994,False,0.5604,-0.1149,,,,,,,,38,7.5032782554626465,944.3948616981506
100,1.0,additive,0.86,0.1,1.0,20,80,60,False,0,True,1761349198,True,0.046,0.2015,,,,,,,,39,8.219325304031372,944.3948616981506
100,1.0,additive,0.86,0.1,1.0,20,80,60,False,0,True,1425289617,False,0.3047,-0.1574,,,,,,,,40,7.867969512939453,944.3948616981506
100,1.0,additive,0.86,0.1,1.0,20,80,60,False,0,True,1089230036,False,0.6563,0.135,,,,,,,,41,8.074241161346436,944.3948616981506
100,1.0,additive,0.86,0.1,1.0,20,80,60,False,0,True,1242394390,False,0.8092,-0.095,,,,,,,,42,7.8024585247039795,944.3948616981506
100,1.0,additive,0.86,0.1,1.0,20,80,60,False,0,True,906334809,False,0.4496,0.1448,,,,,,,,43,7.590814113616943,944.3948616981506
100,1.0,additive,0.86,0.1,1.0,20,80,60,False,0,True,1864820013,False,0.955,-0.0904,,,,,,,,44,7.264203310012817,944.3948616981506
100,1.0,additive,0.86,0.1,1.0,20,80,60,False,0,True,1528760432,False,0.1039,-0.2295,,,,,,,,45,7.880799055099487,944.3948616981506
100,1.0,additive,0.86,0.1,1.0,20,80,60,False,0,True,387380001,False,0.1179,-0.1814,,,,,,,,46,7.1949849128723145,944.3948616981506
100,1.0,additive,0.86,0.1,1.0,20,80,60,False,0,True,1345865205,False,0.8741,0.1,,,,,,,,47,7.675140142440796,944.3948616981506
100,1.0,additive,0.86,0.1,1.0,20,80,60,False,0,True,1009805624,False,0.6683,-0.1174,,,,,,,,48,8.316354990005493,944.3948616981506
100,1.0,additive,0.86,0.1,1.0,20,80,60,False,0,True,1968290828,False,0.2527,0.1594,,,,,,,,49,7.832702398300171,944.3948616981506
100,1.0,additive,0.88,0.1,1.0,20,80,60,False,0,False,475425624,True,0.001,0.6582,False,-1.0,12.0,0.821917808219178,,,,0,7.539572238922119,844.1035370826721
100,1.0,additive,0.88,0.1,1.0,20,80,60,False,0,False,139366043,True,0.001,0.6062,False,-20.0,18.0,0.6122448979591837,,,,1,7.64261531829834,844.1035370826721
100,1.0,additive,0.88,0.1,1.0,20,80,60,False,0,False,292530397,True,0.001,0.6281,False,-8.0,5.0,0.821917808219178,,,,2,8.783003807067871,844.1035370826721
100,1.0,additive,0.88,0.1,1.0,20,80,60,False,0,False,2103954464,True,0.001,0.6337,False,-1.0,10.0,0.8450704225352113,,,,3,8.395254373550415,844.1035370826721
100,1.0,additive,0.88,0.1,1.0,20,80,60,False,0,False,914956020,True,0.001,0.5692,False,-5.0,3.0,0.8823529411764706,,,,4,8.018224239349365,844.1035370826721
100,1.0,additive,0.88,0.1,1.0,20,80,60,False,0,False,578896439,True,0.001,0.6161,False,-7.0,4.0,0.8450704225352113,,,,5,7.932928085327148,844.1035370826721
100,1.0,additive,0.88,0.1,1.0,20,80,60,False,0,False,242836858,True,0.001,0.6297,False,-15.0,17.0,0.6521739130434783,,,,6,8.929988622665405,844.1035370826721
100,1.0,additive,0.88,0.1,1.0,20,80,60,False,0,False,396001212,True,0.001,0.5564,False,-3.0,2.0,0.9230769230769231,,,,7,8.687040328979492,844.1035370826721
100,1.0,additive,0.88,0.1,1.0,20,80,60,False,0,False,59941631,True,0.001,0.6452,False,-17.0,19.0,0.625,,,,8,7.934740304946899,844.1035370826721
100,1.0,additive,0.88,0.1,1.0,20,80,60,False,0,False,1018426835,True,0.001,0.603,False,-19.0,1.0,0.75,,,,9,7.813490390777588,844.1035370826721
100,1.0,additive,0.88,0.1,1.0,20,80,60,False,0,False,682367254,True,0.001,0.5556,False,0.0,4.0,0.9375,,,,10,8.754923343658447,844.1035370826721
100,1.0,additive,0.88,0.1,1.0,20,80,60,False,0,False,835531608,True,0.001,0.6144,False,-1.0,20.0,0.7407407407407407,,,,11,9.31063461303711,844.1035370826721
100,1.0,additive,0.88,0.1,1.0,20,80,60,False,0,False,499472027,True,0.001,0.6382,False,0.0,1.0,0.9836065573770492,,,,12,9.40707802772522,844.1035370826721
100,1.0,additive,0.88,0.1,1.0,20,80,60,False,0,False,163412446,True,0.001,0.588,False,0.0,7.0,0.8955223880597015,,,,13,9.959797382354736,844.1035370826721
100,1.0,additive,0.88,0.1,1.0,20,80,60,False,0,False,1121897650,True,0.001,0.6028,False,-20.0,16.0,0.625,,,,14,9.387548446655273,844.1035370826721
100,1.0,additive,0.88,0.1,1.0,20,80,60,False,0,False,2128000867,True,0.001,0.6015,False,-7.0,20.0,0.6896551724137931,,,,15,9.135167598724365,844.1035370826721
100,1.0,additive,0.88,0.1,1.0,20,80,60,False,0,False,939002423,True,0.001,0.5852,False,-1.0,7.0,0.8823529411764706,,,,16,8.421035528182983,844.1035370826721
100,1.0,additive,0.88,0.1,1.0,20,80,60,False,0,False,602942842,True,0.001,0.6535,False,-2.0,14.0,0.7894736842105263,,,,17,10.192241668701172,844.1035370826721
100,1.0,additive,0.88,0.1,1.0,20,80,60,False,0,False,1561428046,True,0.001,0.5641,False,-2.0,4.0,0.9090909090909091,,,,18,8.870360374450684,844.1035370826721
100,1.0,additive,0.88,0.1,1.0,20,80,60,False,0,False,420047615,True,0.001,0.6656,False,-9.0,10.0,0.759493670886076,,,,19,10.057833909988403,844.1035370826721
100,1.0,additive,0.88,0.1,1.0,20,80,60,False,0,False,83988034,True,0.001,0.668,False,-11.0,17.0,0.6818181818181818,,,,20,9.732552766799927,844.1035370826721
100,1.0,additive,0.88,0.1,1.0,20,80,60,False,0,False,1042473238,True,0.001,0.6286,False,-18.0,0.0,0.7692307692307693,,,,21,8.808377504348755,844.1035370826721
100,1.0,additive,0.88,0.1,1.0,20,80,60,False,0,False,706413657,True,0.001,0.5872,False,-7.0,10.0,0.7792207792207793,,,,22,8.039981603622437,844.1035370826721
100,1.0,additive,0.88,0.1,1.0,20,80,60,False,0,False,859578011,True,0.001,0.5981,False,1.0,7.0,0.8805970149253731,,,,23,8.806440830230713,844.1035370826721
100,1.0,additive,0.88,0.1,1.0,20,80,60,False,0,False,523518430,True,0.001,0.7029,False,-20.0,20.0,0.6,,,,24,8.70095419883728,844.1035370826721
100,1.0,additive,0.88,0.1,1.0,20,80,60,False,0,False,187458849,True,0.001,0.5972,False,-2.0,3.0,0.9230769230769231,,,,25,8.537466764450073,844.1035370826721
100,1.0,additive,0.88,0.1,1.0,20,80,60,False,0,False,1145944053,True,0.001,0.6119,False,-17.0,3.0,0.75,,,,26,8.948608636856079,844.1035370826721
100,1.0,additive,0.88,0.1,1.0,20,80,60,False,0,False,4563622,True,0.001,0.6066,False,-13.0,2.0,0.8,,,,27,8.994842290878296,844.1035370826721
100,1.0,additive,0.88,0.1,1.0,20,80,60,False,0,False,963048826,True,0.001,0.6554,False,-20.0,2.0,0.7317073170731707,,,,28,7.521883726119995,844.1035370826721
100,1.0,additive,0.88,0.1,1.0,20,80,60,False,0,False,626989245,True,0.001,0.5736,False,-10.0,3.0,0.821917808219178,,,,29,8.49389386177063,844.1035370826721
100,1.0,additive,0.88,0.1,1.0,20,80,60,False,0,False,1585474449,True,0.001,0.624,False,-9.0,3.0,0.8333333333333334,,,,30,8.405736207962036,844.1035370826721
100,1.0,additive,0.88,0.1,1.0,20,80,60,False,0,False,1249414868,True,0.001,0.6135,False,-5.0,9.0,0.8108108108108109,,,,31,7.938939332962036,844.1035370826721
100,1.0,additive,0.88,0.1,1.0,20,80,60,False,0,False,108034437,True,0.001,0.6543,False,-3.0,18.0,0.7407407407407407,,,,32,8.488852977752686,844.1035370826721
100,1.0,additive,0.88,0.1,1.0,20,80,60,False,0,False,1066519641,True,0.001,0.6309,False,-12.0,5.0,0.7792207792207793,,,,33,8.766502618789673,844.1035370826721
100,1.0,additive,0.88,0.1,1.0,20,80,60,False,0,False,730460060,True,0.001,0.6771,False,-16.0,16.0,0.6521739130434783,,,,34,9.831432819366455,844.1035370826721
100,1.0,additive,0.88,0.1,1.0,20,80,60,False,0,False,1688945264,True,0.001,0.6092,False,-19.0,2.0,0.7407407407407407,,,,35,8.992180585861206,844.1035370826721
100,1.0,additive,0.88,0.1,1.0,20,80,60,False,0,False,547564833,True,0.001,0.5771,False,-1.0,0.0,0.9836065573770492,,,,36,10.154316186904907,844.1035370826721
100,1.0,additive,0.88,0.1,1.0,20,80,60,False,0,False,1506050037,True,0.001,0.5869,False,0.0,4.0,0.9375,,,,37,10.185940265655518,844.1035370826721
100,1.0,additive,0.88,0.1,1.0,20,80,60,False,0,False,1169990456,True,0.001,0.6452,False,-14.0,20.0,0.6382978723404256,,,,38,9.061886310577393,844.1035370826721
100,1.0,additive,0.88,0.1,1.0,20,80,60,False,0,False,833930875,True,0.001,0.613,False,-13.0,15.0,0.6818181818181818,,,,39,8.028066396713257,844.1035370826721
100,1.0,additive,0.88,0.1,1.0,20,80,60,False,0,False,987095229,True,0.001,0.5915,False,-20.0,1.0,0.7407407407407407,,,,40,7.664285659790039,844.1035370826721
100,1.0,additive,0.88,0.1,1.0,20,80,60,False,0,False,651035648,True,0.001,0.6097,False,-10.0,0.0,0.8571428571428571,,,,41,7.261171340942383,844.1035370826721
100,1.0,additive,0.88,0.1,1.0,20,80,60,False,0,False,1609520852,True,0.001,0.5995,False,-4.0,16.0,0.75,,,,42,7.380433559417725,844.1035370826721
100,1.0,additive,0.88,0.1,1.0,20,80,60,False,0,False,1273461271,True,0.001,0.6159,False,-20.0,0.0,0.75,,,,43,7.447610378265381,844.1035370826721
100,1.0,additive,0.88,0.1,1.0,20,80,60,False,0,False,1426625625,True,0.001,0.5952,False,-18.0,4.0,0.7317073170731707,,,,44,7.745562791824341,844.1035370826721
100,1.0,additive,0.88,0.1,1.0,20,80,60,False,0,False,1090566044,True,0.001,0.6208,False,-20.0,16.0,0.625,,,,45,7.758852481842041,844.1035370826721
100,1.0,additive,0.88,0.1,1.0,20,80,60,False,0,False,754506463,True,0.001,0.6395,False,-10.0,13.0,0.7228915662650602,,,,46,7.350854396820068,844.1035370826721
100,1.0,additive,0.88,0.1,1.0,20,80,60,False,0,False,1712991667,True,0.001,0.6063,False,-18.0,7.0,0.7058823529411765,,,,47,7.490279912948608,844.1035370826721
100,1.0,additive,0.88,0.1,1.0,20,80,60,False,0,False,571611236,True,0.001,0.6348,False,-15.0,9.0,0.7142857142857143,,,,48,7.807127475738525,844.1035370826721
100,1.0,additive,0.88,0.1,1.0,20,80,60,False,0,False,1530096440,True,0.001,0.5277,False,-17.0,2.0,0.759493670886076,,,,49,7.833403825759888,844.1035370826721
100,1.0,additive,0.88,0.1,1.0,20,80,60,False,0,True,246195938,False,0.3107,0.1822,,,,,,,,0,10.326197385787964,844.1035370826721
100,1.0,additive,0.88,0.1,1.0,20,80,60,False,0,True,2057620005,False,0.2567,-0.1527,,,,,,,,1,8.251907587051392,844.1035370826721
100,1.0,additive,0.88,0.1,1.0,20,80,60,False,0,True,63300711,False,0.997,0.0627,,,,,,,,2,8.621903896331787,844.1035370826721
100,1.0,additive,0.88,0.1,1.0,20,80,60,False,0,True,1874724778,True,0.023,-0.2229,,,,,,,,3,11.409679651260376,844.1035370826721
100,1.0,additive,0.88,0.1,1.0,20,80,60,False,0,True,685726334,False,0.4076,0.1416,,,,,,,,4,11.291983366012573,844.1035370826721
100,1.0,additive,0.88,0.1,1.0,20,80,60,False,0,True,349666753,False,0.3487,0.1425,,,,,,,,5,10.827929258346558,844.1035370826721
100,1.0,additive,0.88,0.1,1.0,20,80,60,False,0,True,13607172,False,0.9101,-0.0891,,,,,,,,6,11.339118719100952,844.1035370826721
100,1.0,additive,0.88,0.1,1.0,20,80,60,False,0,True,166771526,False,0.3417,-0.1557,,,,,,,,7,10.335062026977539,844.1035370826721
100,1.0,additive,0.88,0.1,1.0,20,80,60,False,0,True,1978195593,False,0.984,0.0721,,,,,,,,8,7.834526777267456,844.1035370826721
100,1.0,additive,0.88,0.1,1.0,20,80,60,False,0,True,789197149,False,0.4965,-0.1226,,,,,,,,9,8.65248990058899,844.1035370826721
100,1.0,additive,0.88,0.1,1.0,20,80,60,False,0,True,453137568,False,0.6633,0.1172,,,,,,,,10,8.781569242477417,844.1035370826721
100,1.0,additive,0.88,0.1,1.0,20,80,60,False,0,True,606301922,False,0.4256,-0.1304,,,,,,,,11,8.767504215240479,844.1035370826721
100,1.0,additive,0.88,0.1,1.0,20,80,60,False,0,True,270242341,False,0.1558,-0.1944,,,,,,,,12,7.5152342319488525,844.1035370826721
100,1.0,additive,0.88,0.1,1.0,20,80,60,False,0,True,2081666408,False,0.7522,0.1145,,,,,,,,13,7.843831539154053,844.1035370826721
100,1.0,additive,0.88,0.1,1.0,20,80,60,False,0,True,892667964,False,0.2018,0.1678,,,,,,,,14,7.7037787437438965,844.1035370826721
100,1.0,additive,0.88,0.1,1.0,20,80,60,False,0,True,1898771181,False,0.3137,-0.1571,,,,,,,,15,8.290306329727173,844.1035370826721
100,1.0,additive,0.88,0.1,1.0,20,80,60,False,0,True,709772737,False,0.2408,-0.142,,,,,,,,16,7.796078443527222,844.1035370826721
100,1.0,additive,0.88,0.1,1.0,20,80,60,False,0,True,373713156,False,0.6753,0.1134,,,,,,,,17,8.363692045211792,844.1035370826721
100,1.0,additive,0.88,0.1,1.0,20,80,60,False,0,True,1332198360,True,0.026,-0.2592,,,,,,,,18,9.525559425354004,844.1035370826721
100,1.0,additive,0.88,0.1,1.0,20,80,60,False,0,True,190817929,False,0.2028,-0.181,,,,,,,,19,7.7417707443237305,844.1035370826721
100,1.0,additive,0.88,0.1,1.0,20,80,60,False,0,True,2002241996,False,0.8412,0.1127,,,,,,,,20,7.815516471862793,844.1035370826721
100,1.0,additive,0.88,0.1,1.0,20,80,60,False,0,True,813243552,False,0.8142,-0.1176,,,,,,,,21,8.16443657875061,844.1035370826721
100,1.0,additive,0.88,0.1,1.0,20,80,60,False,0,True,477183971,False,0.2887,0.1798,,,,,,,,22,9.425723314285278,844.1035370826721
100,1.0,additive,0.88,0.1,1.0,20,80,60,False,0,True,630348325,False,0.98,-0.0713,,,,,,,,23,9.496590375900269,844.1035370826721
100,1.0,additive,0.88,0.1,1.0,20,80,60,False,0,True,294288744,True,0.027,-0.2313,,,,,,,,24,8.428411722183228,844.1035370826721
100,1.0,additive,0.88,0.1,1.0,20,80,60,False,0,True,2105712811,False,0.1359,0.2021,,,,,,,,25,7.839405298233032,844.1035370826721
100,1.0,additive,0.88,0.1,1.0,20,80,60,False,0,True,916714367,False,0.962,0.0924,,,,,,,,26,7.529778957366943,844.1035370826721
100,1.0,additive,0.88,0.1,1.0,20,80,60,False,0,True,1823478697,False,0.5365,0.1364,,,,,,,,27,7.095477342605591,844.1035370826721
100,1.0,additive,0.88,0.1,1.0,20,80,60,False,0,True,733819140,False,0.4006,0.1275,,,,,,,,28,7.053630828857422,844.1035370826721
100,1.0,additive,0.88,0.1,1.0,20,80,60,False,0,True,397759559,False,0.6863,-0.1206,,,,,,,,29,6.7738707065582275,844.1035370826721
100,1.0,additive,0.88,0.1,1.0,20,80,60,False,0,True,1356244763,False,0.959,0.0814,,,,,,,,30,7.332740068435669,844.1035370826721
100,1.0,additive,0.88,0.1,1.0,20,80,60,False,0,True,1020185182,False,0.9391,0.0844,,,,,,,,31,7.825806617736816,844.1035370826721
100,1.0,additive,0.88,0.1,1.0,20,80,60,False,0,True,1926949512,False,0.3497,0.1652,,,,,,,,32,7.620936870574951,844.1035370826721
100,1.0,additive,0.88,0.1,1.0,20,80,60,False,0,True,837289955,False,0.6953,-0.1162,,,,,,,,33,7.439443111419678,844.1035370826721
100,1.0,additive,0.88,0.1,1.0,20,80,60,False,0,True,501230374,False,0.1069,0.196,,,,,,,,34,7.883264064788818,844.1035370826721
100,1.0,additive,0.88,0.1,1.0,20,80,60,False,0,True,1459715578,False,0.6444,-0.1274,,,,,,,,35,7.139770269393921,844.1035370826721
100,1.0,additive,0.88,0.1,1.0,20,80,60,False,0,True,318335147,False,0.7493,-0.104,,,,,,,,36,7.519622325897217,844.1035370826721
100,1.0,additive,0.88,0.1,1.0,20,80,60,False,0,True,1276820351,False,0.2637,-0.1557,,,,,,,,37,7.321758508682251,844.1035370826721
100,1.0,additive,0.88,0.1,1.0,20,80,60,False,0,True,940760770,False,0.5994,-0.1067,,,,,,,,38,8.04014277458191,844.1035370826721
100,1.0,additive,0.88,0.1,1.0,20,80,60,False,0,True,604701189,False,0.1159,-0.1972,,,,,,,,39,8.269997835159302,844.1035370826721
100,1.0,additive,0.88,0.1,1.0,20,80,60,False,0,True,757865543,False,0.1738,0.1609,,,,,,,,40,7.849487781524658,844.1035370826721
100,1.0,additive,0.88,0.1,1.0,20,80,60,False,0,True,421805962,False,0.1039,-0.2033,,,,,,,,41,7.656498908996582,844.1035370826721
100,1.0,additive,0.88,0.1,1.0,20,80,60,False,0,True,1380291166,False,0.1339,0.1907,,,,,,,,42,7.796464204788208,844.1035370826721
100,1.0,additive,0.88,0.1,1.0,20,80,60,False,0,True,1044231585,False,0.0619,-0.2338,,,,,,,,43,7.4491472244262695,844.1035370826721
100,1.0,additive,0.88,0.1,1.0,20,80,60,False,0,True,1197395939,False,0.8961,-0.0972,,,,,,,,44,8.130388498306274,844.1035370826721
100,1.0,additive,0.88,0.1,1.0,20,80,60,False,0,True,861336358,False,0.7133,0.1267,,,,,,,,45,7.847753047943115,844.1035370826721
100,1.0,additive,0.88,0.1,1.0,20,80,60,False,0,True,525276777,False,0.6304,-0.115,,,,,,,,46,8.484141826629639,844.1035370826721
100,1.0,additive,0.88,0.1,1.0,20,80,60,False,0,True,1483761981,False,0.1708,0.1853,,,,,,,,47,7.847843408584595,844.1035370826721
100,1.0,additive,0.88,0.1,1.0,20,80,60,False,0,True,243042663,False,0.6294,-0.1509,,,,,,,,48,8.049024820327759,844.1035370826721
100,1.0,additive,0.88,0.1,1.0,20,80,60,False,0,True,1300866754,False,0.1169,0.1856,,,,,,,,49,8.246260643005371,844.1035370826721
100,1.0,additive,0.9,0.1,1.0,20,80,60,False,0,False,1890660477,True,0.001,0.6496,False,-1.0,15.0,0.7894736842105263,,,,0,7.758789777755737,758.0393433570862
100,1.0,additive,0.9,0.1,1.0,20,80,60,False,0,False,1554600896,True,0.001,0.6497,False,-14.0,15.0,0.6741573033707865,,,,1,7.438281297683716,758.0393433570862
100,1.0,additive,0.9,0.1,1.0,20,80,60,False,0,False,365602452,True,0.001,0.5923,False,-1.0,5.0,0.9090909090909091,,,,2,7.0686633586883545,758.0393433570862
100,1.0,additive,0.9,0.1,1.0,20,80,60,False,0,False,1371705669,True,0.001,0.6065,False,-17.0,12.0,0.6741573033707865,,,,3,8.199526071548462,758.0393433570862
100,1.0,additive,0.9,0.1,1.0,20,80,60,False,0,False,1035646088,True,0.001,0.6503,False,-9.0,8.0,0.7792207792207793,,,,4,8.115784883499146,758.0393433570862
100,1.0,additive,0.9,0.1,1.0,20,80,60,False,0,False,1994131292,True,0.001,0.6746,False,-14.0,5.0,0.759493670886076,,,,5,7.824524164199829,758.0393433570862
100,1.0,additive,0.9,0.1,1.0,20,80,60,False,0,False,1658071711,True,0.001,0.7075,False,-20.0,20.0,0.6,,,,6,7.3456878662109375,758.0393433570862
100,1.0,additive,0.9,0.1,1.0,20,80,60,False,0,False,1811236065,True,0.001,0.5048,False,0.0,2.0,0.967741935483871,,,,7,7.618966341018677,758.0393433570862
100,1.0,additive,0.9,0.1,1.0,20,80,60,False,0,False,1475176484,True,0.001,0.6101,False,-20.0,20.0,0.6,,,,8,6.862733840942383,758.0393433570862
100,1.0,additive,0.9,0.1,1.0,20,80,60,False,0,False,286178040,True,0.001,0.5926,False,-5.0,8.0,0.821917808219178,,,,9,6.628066062927246,758.0393433570862
100,1.0,additive,0.9,0.1,1.0,20,80,60,False,0,False,2097602107,True,0.001,0.6643,False,-15.0,0.0,0.8,,,,10,7.947210311889648,758.0393433570862
100,1.0,additive,0.9,0.1,1.0,20,80,60,False,0,False,856882789,True,0.001,0.6311,False,-18.0,16.0,0.6382978723404256,,,,11,8.107144117355347,758.0393433570862
100,1.0,additive,0.9,0.1,1.0,20,80,60,False,0,False,1914706880,True,0.001,0.6443,False,-14.0,20.0,0.6382978723404256,,,,12,7.812044382095337,758.0393433570862
100,1.0,additive,0.9,0.1,1.0,20,80,60,False,0,False,1578647299,True,0.001,0.6387,False,-17.0,3.0,0.75,,,,13,7.72557806968689,758.0393433570862
100,1.0,additive,0.9,0.1,1.0,20,80,60,False,0,False,389648855,True,0.001,0.6614,False,-14.0,19.0,0.6451612903225806,,,,14,8.163248777389526,758.0393433570862
100,1.0,additive,0.9,0.1,1.0,20,80,60,False,0,False,1296413185,True,0.001,0.6206,False,-9.0,5.0,0.8108108108108109,,,,15,8.214214563369751,758.0393433570862
100,1.0,additive,0.9,0.1,1.0,20,80,60,False,0,False,206753628,True,0.001,0.6664,False,-6.0,20.0,0.6976744186046512,,,,16,7.191893577575684,758.0393433570862
100,1.0,additive,0.9,0.1,1.0,20,80,60,False,0,False,2018177695,True,0.001,0.5561,False,0.0,5.0,0.9230769230769231,,,,17,8.36725926399231,758.0393433570862
100,1.0,additive,0.9,0.1,1.0,20,80,60,False,0,False,1682118114,True,0.001,0.6051,False,-15.0,3.0,0.7692307692307693,,,,18,8.12480092048645,758.0393433570862
100,1.0,additive,0.9,0.1,1.0,20,80,60,False,0,False,1835282468,True,0.001,0.6339,False,-19.0,4.0,0.7228915662650602,,,,19,8.31604290008545,758.0393433570862
100,1.0,additive,0.9,0.1,1.0,20,80,60,False,0,False,1399884000,True,0.001,0.6011,False,0.0,1.0,0.9836065573770492,,,,20,7.652550220489502,758.0393433570862
100,1.0,additive,0.9,0.1,1.0,20,80,60,False,0,False,310224443,True,0.001,0.6117,False,-9.0,2.0,0.8450704225352113,,,,21,7.037363529205322,758.0393433570862
100,1.0,additive,0.9,0.1,1.0,20,80,60,False,0,False,2121648510,True,0.001,0.6701,False,0.0,8.0,0.8823529411764706,,,,22,6.7603724002838135,758.0393433570862
100,1.0,additive,0.9,0.1,1.0,20,80,60,False,0,False,880929192,True,0.001,0.6233,False,-1.0,10.0,0.8450704225352113,,,,23,7.1238791942596436,758.0393433570862
100,1.0,additive,0.9,0.1,1.0,20,80,60,False,0,False,1938753283,True,0.001,0.6656,False,-3.0,0.0,0.9523809523809523,,,,24,7.014274835586548,758.0393433570862
100,1.0,additive,0.9,0.1,1.0,20,80,60,False,0,False,1503354815,True,0.001,0.6583,False,-17.0,9.0,0.6976744186046512,,,,25,7.420559644699097,758.0393433570862
100,1.0,additive,0.9,0.1,1.0,20,80,60,False,0,False,413695258,True,0.001,0.6382,False,-20.0,9.0,0.6741573033707865,,,,26,7.9377477169036865,758.0393433570862
100,1.0,additive,0.9,0.1,1.0,20,80,60,False,0,False,77635677,True,0.001,0.7082,False,-2.0,20.0,0.7317073170731707,,,,27,8.361251592636108,758.0393433570862
100,1.0,additive,0.9,0.1,1.0,20,80,60,False,0,False,230800031,True,0.001,0.6209,False,-13.0,17.0,0.6666666666666666,,,,28,8.61966347694397,758.0393433570862
100,1.0,additive,0.9,0.1,1.0,20,80,60,False,0,False,2042224098,True,0.001,0.609,False,-11.0,0.0,0.8450704225352113,,,,29,7.8589699268341064,758.0393433570862
100,1.0,additive,0.9,0.1,1.0,20,80,60,False,0,False,1606825630,True,0.001,0.5969,False,-20.0,20.0,0.6,,,,30,8.01015043258667,758.0393433570862
100,1.0,additive,0.9,0.1,1.0,20,80,60,False,0,False,517166073,True,0.001,0.6408,False,-17.0,20.0,0.6185567010309279,,,,31,8.375120401382446,758.0393433570862
100,1.0,additive,0.9,0.1,1.0,20,80,60,False,0,False,1423930403,True,0.001,0.6049,False,-20.0,20.0,0.6,,,,32,7.784406661987305,758.0393433570862
100,1.0,additive,0.9,0.1,1.0,20,80,60,False,0,False,334270846,True,0.001,0.6514,False,-15.0,13.0,0.6818181818181818,,,,33,8.201743364334106,758.0393433570862
100,1.0,additive,0.9,0.1,1.0,20,80,60,False,0,False,2145694913,True,0.001,0.5978,False,0.0,20.0,0.75,,,,34,8.004971504211426,758.0393433570862
100,1.0,additive,0.9,0.1,1.0,20,80,60,False,0,False,956696469,True,0.001,0.6457,False,-4.0,14.0,0.7692307692307693,,,,35,8.359079837799072,758.0393433570862
100,1.0,additive,0.9,0.1,1.0,20,80,60,False,0,False,1863460799,True,0.001,0.6619,False,-20.0,11.0,0.6593406593406593,,,,36,7.803900957107544,758.0393433570862
100,1.0,additive,0.9,0.1,1.0,20,80,60,False,0,False,1527401218,True,0.001,0.6263,False,-4.0,13.0,0.7792207792207793,,,,37,7.682231426239014,758.0393433570862
100,1.0,additive,0.9,0.1,1.0,20,80,60,False,0,False,437741661,True,0.001,0.5785,False,-17.0,0.0,0.7792207792207793,,,,38,7.763788461685181,758.0393433570862
100,1.0,additive,0.9,0.1,1.0,20,80,60,False,0,False,101682080,True,0.001,0.6711,False,-13.0,7.0,0.75,,,,39,8.071266174316406,758.0393433570862
100,1.0,additive,0.9,0.1,1.0,20,80,60,False,0,False,155507547,True,0.001,0.6297,False,-1.0,18.0,0.759493670886076,,,,40,7.754765033721924,758.0393433570862
100,1.0,additive,0.9,0.1,1.0,20,80,60,False,0,False,1966931614,True,0.001,0.5615,False,-16.0,18.0,0.6382978723404256,,,,41,7.472989320755005,758.0393433570862
100,1.0,additive,0.9,0.1,1.0,20,80,60,False,0,False,877272057,True,0.001,0.6186,False,-14.0,0.0,0.8108108108108109,,,,42,7.430380344390869,758.0393433570862
100,1.0,additive,0.9,0.1,1.0,20,80,60,False,0,False,541212476,True,0.001,0.583,False,-19.0,14.0,0.6451612903225806,,,,43,7.366808891296387,758.0393433570862
100,1.0,additive,0.9,0.1,1.0,20,80,60,False,0,False,1447976806,True,0.001,0.5347,False,-18.0,19.0,0.6185567010309279,,,,44,7.177867889404297,758.0393433570862
100,1.0,additive,0.9,0.1,1.0,20,80,60,False,0,False,258978362,True,0.001,0.5789,False,-6.0,1.0,0.8955223880597015,,,,45,7.030303001403809,758.0393433570862
100,1.0,additive,0.9,0.1,1.0,20,80,60,False,0,False,2070402429,True,0.001,0.627,False,-19.0,19.0,0.6122448979591837,,,,46,6.954890966415405,758.0393433570862
100,1.0,additive,0.9,0.1,1.0,20,80,60,False,0,False,980742872,True,0.001,0.6399,False,-2.0,9.0,0.8450704225352113,,,,47,6.761154651641846,758.0393433570862
100,1.0,additive,0.9,0.1,1.0,20,80,60,False,0,False,644683291,True,0.001,0.6083,False,-6.0,3.0,0.8695652173913043,,,,48,6.733076572418213,758.0393433570862
100,1.0,additive,0.9,0.1,1.0,20,80,60,False,0,False,1551447621,True,0.001,0.5959,False,-20.0,0.0,0.75,,,,49,7.351311922073364,758.0393433570862
100,1.0,additive,0.9,0.1,1.0,20,80,60,False,0,True,1562091904,False,0.6583,-0.1027,,,,,,,,0,7.870038986206055,758.0393433570862
100,1.0,additive,0.9,0.1,1.0,20,80,60,False,0,True,1226032323,False,0.7772,-0.0981,,,,,,,,1,8.459379434585571,758.0393433570862
100,1.0,additive,0.9,0.1,1.0,20,80,60,False,0,True,37033879,False,0.1908,-0.1758,,,,,,,,2,8.265913009643555,758.0393433570862
100,1.0,additive,0.9,0.1,1.0,20,80,60,False,0,True,1043137096,False,0.6753,-0.1227,,,,,,,,3,7.824289560317993,758.0393433570862
100,1.0,additive,0.9,0.1,1.0,20,80,60,False,0,True,707077515,False,0.7862,0.1015,,,,,,,,4,8.052984476089478,758.0393433570862
100,1.0,additive,0.9,0.1,1.0,20,80,60,False,0,True,1665562719,False,0.6833,0.1287,,,,,,,,5,7.501936912536621,758.0393433570862
100,1.0,additive,0.9,0.1,1.0,20,80,60,False,0,True,1329503138,False,0.2468,-0.1599,,,,,,,,6,7.8353002071380615,758.0393433570862
100,1.0,additive,0.9,0.1,1.0,20,80,60,False,0,True,1482667492,False,0.6963,0.0923,,,,,,,,7,8.160542964935303,758.0393433570862
100,1.0,additive,0.9,0.1,1.0,20,80,60,False,0,True,1146607911,False,0.5694,-0.1189,,,,,,,,8,8.28469204902649,758.0393433570862
100,1.0,additive,0.9,0.1,1.0,20,80,60,False,0,True,2105093115,False,0.1239,-0.1957,,,,,,,,9,7.860284090042114,758.0393433570862
100,1.0,additive,0.9,0.1,1.0,20,80,60,False,0,True,1769033534,False,0.0549,-0.2203,,,,,,,,10,8.190048694610596,758.0393433570862
100,1.0,additive,0.9,0.1,1.0,20,80,60,False,0,True,627653103,True,0.039,-0.2293,,,,,,,,11,7.665853977203369,758.0393433570862
100,1.0,additive,0.9,0.1,1.0,20,80,60,False,0,True,1586138307,False,0.6903,-0.1276,,,,,,,,12,7.8225178718566895,758.0393433570862
100,1.0,additive,0.9,0.1,1.0,20,80,60,False,0,True,1250078726,False,0.1399,0.2004,,,,,,,,13,7.251131057739258,758.0393433570862
100,1.0,additive,0.9,0.1,1.0,20,80,60,False,0,True,61080282,False,0.3307,0.1702,,,,,,,,14,7.9851155281066895,758.0393433570862
100,1.0,additive,0.9,0.1,1.0,20,80,60,False,0,True,1067183499,False,0.2308,-0.1922,,,,,,,,15,6.818196535110474,758.0393433570862
100,1.0,additive,0.9,0.1,1.0,20,80,60,False,0,True,2025668703,False,0.6693,0.1252,,,,,,,,16,7.452305316925049,758.0393433570862
100,1.0,additive,0.9,0.1,1.0,20,80,60,False,0,True,1689609122,False,0.975,0.0781,,,,,,,,17,7.66001296043396,758.0393433570862
100,1.0,additive,0.9,0.1,1.0,20,80,60,False,0,True,1353549541,False,0.1638,-0.2107,,,,,,,,18,7.5489184856414795,758.0393433570862
100,1.0,additive,0.9,0.1,1.0,20,80,60,False,0,True,1506713895,False,0.5065,0.1229,,,,,,,,19,7.7794482707977295,758.0393433570862
100,1.0,additive,0.9,0.1,1.0,20,80,60,False,0,True,1170654314,False,0.0579,0.2121,,,,,,,,20,7.419324636459351,758.0393433570862
100,1.0,additive,0.9,0.1,1.0,20,80,60,False,0,True,2129139518,False,0.5335,0.1269,,,,,,,,21,7.631372451782227,758.0393433570862
100,1.0,additive,0.9,0.1,1.0,20,80,60,False,0,True,1793079937,False,0.4575,-0.1395,,,,,,,,22,6.990495204925537,758.0393433570862
100,1.0,additive,0.9,0.1,1.0,20,80,60,False,0,True,651699506,False,0.4925,0.135,,,,,,,,23,7.29609489440918,758.0393433570862
100,1.0,additive,0.9,0.1,1.0,20,80,60,False,0,True,1610184710,False,0.8551,-0.0944,,,,,,,,24,7.621556520462036,758.0393433570862
100,1.0,additive,0.9,0.1,1.0,20,80,60,False,0,True,1274125129,False,0.5884,0.1529,,,,,,,,25,8.085991144180298,758.0393433570862
100,1.0,additive,0.9,0.1,1.0,20,80,60,False,0,True,85126685,False,0.7982,-0.1188,,,,,,,,26,7.492000102996826,758.0393433570862
100,1.0,additive,0.9,0.1,1.0,20,80,60,False,0,True,1896550752,False,0.9281,-0.0957,,,,,,,,27,7.704115867614746,758.0393433570862
100,1.0,additive,0.9,0.1,1.0,20,80,60,False,0,True,2049715106,False,0.7592,-0.1205,,,,,,,,28,7.927124261856079,758.0393433570862
100,1.0,additive,0.9,0.1,1.0,20,80,60,False,0,True,1713655525,False,0.0709,0.2182,,,,,,,,29,7.657617807388306,758.0393433570862
100,1.0,additive,0.9,0.1,1.0,20,80,60,False,0,True,1377595944,False,0.1189,-0.2143,,,,,,,,30,7.556537389755249,758.0393433570862
100,1.0,additive,0.9,0.1,1.0,20,80,60,False,0,True,188597500,False,0.1469,-0.1847,,,,,,,,31,7.1499810218811035,758.0393433570862
100,1.0,additive,0.9,0.1,1.0,20,80,60,False,0,True,1194700717,False,0.972,0.0789,,,,,,,,32,7.016116142272949,758.0393433570862
100,1.0,additive,0.9,0.1,1.0,20,80,60,False,0,True,5702273,False,0.956,-0.0751,,,,,,,,33,7.013599395751953,758.0393433570862
100,1.0,additive,0.9,0.1,1.0,20,80,60,False,0,True,1817126340,False,0.9091,0.0954,,,,,,,,34,7.237055063247681,758.0393433570862
100,1.0,additive,0.9,0.1,1.0,20,80,60,False,0,True,628127896,False,0.2947,0.1568,,,,,,,,35,6.98790979385376,758.0393433570862
100,1.0,additive,0.9,0.1,1.0,20,80,60,False,0,True,1634231113,False,0.0689,0.234,,,,,,,,36,6.922272682189941,758.0393433570862
100,1.0,additive,0.9,0.1,1.0,20,80,60,False,0,True,1298171532,False,0.7682,-0.0944,,,,,,,,37,6.677706003189087,758.0393433570862
100,1.0,additive,0.9,0.1,1.0,20,80,60,False,0,True,109173088,False,0.8681,-0.0884,,,,,,,,38,6.7177793979644775,758.0393433570862
100,1.0,additive,0.9,0.1,1.0,20,80,60,False,0,True,1920597155,False,0.7393,0.1067,,,,,,,,39,6.958877801895142,758.0393433570862
100,1.0,additive,0.9,0.1,1.0,20,80,60,False,0,True,2073761509,False,0.1189,-0.1866,,,,,,,,40,6.781540870666504,758.0393433570862
100,1.0,additive,0.9,0.1,1.0,20,80,60,False,0,True,1737701928,False,0.975,0.0795,,,,,,,,41,7.483544588088989,758.0393433570862
100,1.0,additive,0.9,0.1,1.0,20,80,60,False,0,True,548703484,False,0.7532,-0.1091,,,,,,,,42,7.1700029373168945,758.0393433570862
100,1.0,additive,0.9,0.1,1.0,20,80,60,False,0,True,212643903,False,0.6204,0.1119,,,,,,,,43,7.094046115875244,758.0393433570862
100,1.0,additive,0.9,0.1,1.0,20,80,60,False,0,True,1218747120,True,0.039,0.2194,,,,,,,,44,7.474987268447876,758.0393433570862
100,1.0,additive,0.9,0.1,1.0,20,80,60,False,0,True,29748676,False,0.4865,0.153,,,,,,,,45,7.555635690689087,758.0393433570862
100,1.0,additive,0.9,0.1,1.0,20,80,60,False,0,True,1841172743,False,0.5315,-0.1216,,,,,,,,46,7.140295743942261,758.0393433570862
100,1.0,additive,0.9,0.1,1.0,20,80,60,False,0,True,652174299,False,0.2677,0.1618,,,,,,,,47,7.381067991256714,758.0393433570862
100,1.0,additive,0.9,0.1,1.0,20,80,60,False,0,True,316114718,False,0.4505,-0.1207,,,,,,,,48,7.234784126281738,758.0393433570862
100,1.0,additive,0.9,0.1,1.0,20,80,60,False,0,True,1322217935,False,0.6753,-0.1223,,,,,,,,49,7.527569532394409,758.0393433570862
100,1.0,additive,0.92,0.1,1.0,20,80,60,False,0,False,334266941,True,0.001,0.6344,False,-11.0,9.0,0.75,,,,0,7.25252890586853,719.9798648357391
100,1.0,additive,0.92,0.1,1.0,20,80,60,False,0,False,1340370158,True,0.001,0.6522,False,-4.0,20.0,0.7142857142857143,,,,1,7.654064416885376,719.9798648357391
100,1.0,additive,0.92,0.1,1.0,20,80,60,False,0,False,151371714,True,0.001,0.6628,False,-20.0,15.0,0.631578947368421,,,,2,7.390918254852295,719.9798648357391
100,1.0,additive,0.92,0.1,1.0,20,80,60,False,0,False,1962795781,True,0.001,0.5801,False,0.0,19.0,0.759493670886076,,,,3,7.350235462188721,719.9798648357391
100,1.0,additive,0.92,0.1,1.0,20,80,60,False,0,False,773797337,True,0.001,0.6596,False,-15.0,19.0,0.6382978723404256,,,,4,7.000650405883789,719.9798648357391
100,1.0,additive,0.92,0.1,1.0,20,80,60,False,0,False,1779900554,True,0.001,0.632,False,0.0,20.0,0.75,,,,5,7.166950225830078,719.9798648357391
100,1.0,additive,0.92,0.1,1.0,20,80,60,False,0,False,590902110,True,0.001,0.596,False,-1.0,19.0,0.75,,,,6,7.473263263702393,719.9798648357391
100,1.0,additive,0.92,0.1,1.0,20,80,60,False,0,False,254842529,True,0.001,0.5635,True,0.0,0.0,1.0,,,,7,7.48261570930481,719.9798648357391
100,1.0,additive,0.92,0.1,1.0,20,80,60,False,0,False,2066266596,True,0.001,0.5295,True,0.0,0.0,1.0,,,,8,7.500660181045532,719.9798648357391
100,1.0,additive,0.92,0.1,1.0,20,80,60,False,0,False,71947302,True,0.001,0.6542,False,-2.0,14.0,0.7894736842105263,,,,9,7.436600923538208,719.9798648357391
100,1.0,additive,0.92,0.1,1.0,20,80,60,False,0,False,1883371369,True,0.001,0.646,False,-7.0,2.0,0.8695652173913043,,,,10,7.922066926956177,719.9798648357391
100,1.0,additive,0.92,0.1,1.0,20,80,60,False,0,False,694372925,True,0.001,0.5941,False,-5.0,6.0,0.8450704225352113,,,,11,8.005190372467041,719.9798648357391
100,1.0,additive,0.92,0.1,1.0,20,80,60,False,0,False,358313344,True,0.001,0.5917,False,0.0,11.0,0.8450704225352113,,,,12,7.9808127880096436,719.9798648357391
100,1.0,additive,0.92,0.1,1.0,20,80,60,False,0,False,22253763,True,0.001,0.5853,False,0.0,6.0,0.9090909090909091,,,,13,7.753403186798096,719.9798648357391
100,1.0,additive,0.92,0.1,1.0,20,80,60,False,0,False,175418117,True,0.001,0.6444,False,-7.0,19.0,0.6976744186046512,,,,14,8.72786021232605,719.9798648357391
100,1.0,additive,0.92,0.1,1.0,20,80,60,False,0,False,1986842184,True,0.001,0.6157,False,-15.0,5.0,0.75,,,,15,9.605638980865479,719.9798648357391
100,1.0,additive,0.92,0.1,1.0,20,80,60,False,0,False,797843740,True,0.001,0.5541,False,-17.0,10.0,0.6896551724137931,,,,16,8.96802282333374,719.9798648357391
100,1.0,additive,0.92,0.1,1.0,20,80,60,False,0,False,461784159,True,0.001,0.6253,False,-17.0,13.0,0.6666666666666666,,,,17,8.533549070358276,719.9798648357391
100,1.0,additive,0.92,0.1,1.0,20,80,60,False,0,False,614948513,True,0.001,0.6147,False,-10.0,4.0,0.8108108108108109,,,,18,8.764886617660522,719.9798648357391
100,1.0,additive,0.92,0.1,1.0,20,80,60,False,0,False,278888932,True,0.001,0.5983,False,-19.0,9.0,0.6818181818181818,,,,19,8.278493404388428,719.9798648357391
100,1.0,additive,0.92,0.1,1.0,20,80,60,False,0,False,2090312999,True,0.001,0.6117,False,-2.0,3.0,0.9230769230769231,,,,20,8.203988075256348,719.9798648357391
100,1.0,additive,0.92,0.1,1.0,20,80,60,False,0,False,901314555,True,0.001,0.636,False,0.0,4.0,0.9375,,,,21,7.947772741317749,719.9798648357391
100,1.0,additive,0.92,0.1,1.0,20,80,60,False,0,False,1907417772,True,0.001,0.6736,False,-17.0,20.0,0.6185567010309279,,,,22,7.933972597122192,719.9798648357391
100,1.0,additive,0.92,0.1,1.0,20,80,60,False,0,False,718419328,True,0.001,0.6702,False,-20.0,14.0,0.6382978723404256,,,,23,7.7993552684783936,719.9798648357391
100,1.0,additive,0.92,0.1,1.0,20,80,60,False,0,False,382359747,True,0.001,0.6663,False,-10.0,4.0,0.8108108108108109,,,,24,7.948300123214722,719.9798648357391
100,1.0,additive,0.92,0.1,1.0,20,80,60,False,0,False,1340844951,True,0.001,0.5737,False,0.0,18.0,0.7692307692307693,,,,25,6.856709241867065,719.9798648357391
100,1.0,additive,0.92,0.1,1.0,20,80,60,False,0,False,199464520,True,0.001,0.6569,False,-11.0,10.0,0.7407407407407407,,,,26,7.583494186401367,719.9798648357391
100,1.0,additive,0.92,0.1,1.0,20,80,60,False,0,False,2010888587,True,0.001,0.6564,False,1.0,0.0,0.9833333333333333,,,,27,7.638489484786987,719.9798648357391
100,1.0,additive,0.92,0.1,1.0,20,80,60,False,0,False,821890143,True,0.001,0.6066,False,-3.0,20.0,0.7228915662650602,,,,28,7.571012020111084,719.9798648357391
100,1.0,additive,0.92,0.1,1.0,20,80,60,False,0,False,485830562,True,0.001,0.6099,False,-3.0,12.0,0.8,,,,29,7.265695333480835,719.9798648357391
100,1.0,additive,0.92,0.1,1.0,20,80,60,False,0,False,638994916,True,0.001,0.6185,False,-17.0,0.0,0.7792207792207793,,,,30,5.574306964874268,719.9798648357391
100,1.0,additive,0.92,0.1,1.0,20,80,60,False,0,False,302935335,True,0.001,0.6337,False,-20.0,0.0,0.75,,,,31,6.949697494506836,719.9798648357391
100,1.0,additive,0.92,0.1,1.0,20,80,60,False,0,False,1261420539,True,0.001,0.6755,False,-18.0,20.0,0.6122448979591837,,,,32,7.136834383010864,719.9798648357391
100,1.0,additive,0.92,0.1,1.0,20,80,60,False,0,False,925360958,True,0.001,0.5905,False,-20.0,1.0,0.7407407407407407,,,,33,7.159991979598999,719.9798648357391
100,1.0,additive,0.92,0.1,1.0,20,80,60,False,0,False,589301377,True,0.001,0.6115,False,-2.0,0.0,0.967741935483871,,,,34,8.85823917388916,719.9798648357391
100,1.0,additive,0.92,0.1,1.0,20,80,60,False,0,False,742465731,True,0.001,0.6123,False,-20.0,10.0,0.6666666666666666,,,,35,6.800000429153442,719.9798648357391
100,1.0,additive,0.92,0.1,1.0,20,80,60,False,0,False,406406150,True,0.001,0.6016,False,-20.0,3.0,0.7228915662650602,,,,36,6.545164346694946,719.9798648357391
100,1.0,additive,0.92,0.1,1.0,20,80,60,False,0,False,1364891354,True,0.001,0.6216,False,-4.0,20.0,0.7142857142857143,,,,37,6.632355213165283,719.9798648357391
100,1.0,additive,0.92,0.1,1.0,20,80,60,False,0,False,1028831773,True,0.001,0.5944,False,-8.0,2.0,0.8571428571428571,,,,38,7.4065101146698,719.9798648357391
100,1.0,additive,0.92,0.1,1.0,20,80,60,False,0,False,2034934990,True,0.001,0.6284,False,-5.0,12.0,0.7792207792207793,,,,39,6.764859437942505,719.9798648357391
100,1.0,additive,0.92,0.1,1.0,20,80,60,False,0,False,845936546,True,0.001,0.5967,False,-8.0,20.0,0.6818181818181818,,,,40,6.994000196456909,719.9798648357391
100,1.0,additive,0.92,0.1,1.0,20,80,60,False,0,False,509876965,True,0.001,0.6364,False,-7.0,0.0,0.8955223880597015,,,,41,6.723706960678101,719.9798648357391
100,1.0,additive,0.92,0.1,1.0,20,80,60,False,0,False,1468362169,True,0.001,0.6633,False,1.0,6.0,0.8939393939393939,,,,42,6.583383321762085,719.9798648357391
100,1.0,additive,0.92,0.1,1.0,20,80,60,False,0,False,326981738,True,0.001,0.654,False,-2.0,14.0,0.7894736842105263,,,,43,6.613544225692749,719.9798648357391
100,1.0,additive,0.92,0.1,1.0,20,80,60,False,0,False,1285466942,True,0.001,0.6931,False,-6.0,16.0,0.7317073170731707,,,,44,6.483088970184326,719.9798648357391
100,1.0,additive,0.92,0.1,1.0,20,80,60,False,0,False,949407361,True,0.001,0.6461,False,-1.0,20.0,0.7407407407407407,,,,45,6.623016357421875,719.9798648357391
100,1.0,additive,0.92,0.1,1.0,20,80,60,False,0,False,613347780,True,0.001,0.6322,False,-3.0,20.0,0.7228915662650602,,,,46,6.415122032165527,719.9798648357391
100,1.0,additive,0.92,0.1,1.0,20,80,60,False,0,False,766512134,True,0.001,0.6156,False,-20.0,15.0,0.631578947368421,,,,47,7.024374723434448,719.9798648357391
100,1.0,additive,0.92,0.1,1.0,20,80,60,False,0,False,430452553,True,0.001,0.6159,False,-18.0,15.0,0.6451612903225806,,,,48,7.086187362670898,719.9798648357391
100,1.0,additive,0.92,0.1,1.0,20,80,60,False,0,False,1388937757,True,0.001,0.6245,False,-12.0,11.0,0.7228915662650602,,,,49,7.007339954376221,719.9798648357391
100,1.0,additive,0.92,0.1,1.0,20,80,60,False,0,True,5698368,False,0.7702,-0.1172,,,,,,,,0,6.589637994766235,719.9798648357391
100,1.0,additive,0.92,0.1,1.0,20,80,60,False,0,True,1011801585,False,0.1748,0.1976,,,,,,,,1,6.5773537158966064,719.9798648357391
100,1.0,additive,0.92,0.1,1.0,20,80,60,False,0,True,1970286789,False,0.1439,0.1789,,,,,,,,2,6.875154256820679,719.9798648357391
100,1.0,additive,0.92,0.1,1.0,20,80,60,False,0,True,1634227208,False,0.8891,-0.0893,,,,,,,,3,6.600736141204834,719.9798648357391
100,1.0,additive,0.92,0.1,1.0,20,80,60,False,0,True,544567651,False,0.5095,0.1507,,,,,,,,4,6.510406494140625,719.9798648357391
100,1.0,additive,0.92,0.1,1.0,20,80,60,False,0,True,1451331981,False,0.2288,-0.1614,,,,,,,,5,6.737673759460449,719.9798648357391
100,1.0,additive,0.92,0.1,1.0,20,80,60,False,0,True,262333537,False,0.2468,0.1795,,,,,,,,6,7.225926160812378,719.9798648357391
100,1.0,additive,0.92,0.1,1.0,20,80,60,False,0,True,2073757604,False,0.4605,-0.1303,,,,,,,,7,7.132143497467041,719.9798648357391
100,1.0,additive,0.92,0.1,1.0,20,80,60,False,0,True,1737698023,False,0.8282,0.1056,,,,,,,,8,6.97323751449585,719.9798648357391
100,1.0,additive,0.92,0.1,1.0,20,80,60,False,0,True,1890862377,False,0.6474,-0.1111,,,,,,,,9,7.0822906494140625,719.9798648357391
100,1.0,additive,0.92,0.1,1.0,20,80,60,False,0,True,1554802796,False,0.1928,0.1966,,,,,,,,10,6.678111553192139,719.9798648357391
100,1.0,additive,0.92,0.1,1.0,20,80,60,False,0,True,365804352,False,0.6194,-0.1294,,,,,,,,11,6.749517440795898,719.9798648357391
100,1.0,additive,0.92,0.1,1.0,20,80,60,False,0,True,29744771,True,0.04,-0.216,,,,,,,,12,6.627397060394287,719.9798648357391
100,1.0,additive,0.92,0.1,1.0,20,80,60,False,0,True,1841168838,False,0.1968,-0.1765,,,,,,,,13,6.509422302246094,719.9798648357391
100,1.0,additive,0.92,0.1,1.0,20,80,60,False,0,True,1994333192,False,0.7892,-0.1088,,,,,,,,14,6.726129770278931,719.9798648357391
100,1.0,additive,0.92,0.1,1.0,20,80,60,False,0,True,1658273611,True,0.033,-0.2432,,,,,,,,15,7.4151294231414795,719.9798648357391
100,1.0,additive,0.92,0.1,1.0,20,80,60,False,0,True,469275167,False,0.7862,0.107,,,,,,,,16,7.096153974533081,719.9798648357391
100,1.0,additive,0.92,0.1,1.0,20,80,60,False,0,True,133215586,False,0.2907,0.1509,,,,,,,,17,7.052659749984741,719.9798648357391
100,1.0,additive,0.92,0.1,1.0,20,80,60,False,0,True,286379940,False,0.9261,-0.0964,,,,,,,,18,6.743654012680054,719.9798648357391
100,1.0,additive,0.92,0.1,1.0,20,80,60,False,0,True,2097804007,False,0.7273,0.1085,,,,,,,,19,7.18809700012207,719.9798648357391
100,1.0,additive,0.92,0.1,1.0,20,80,60,False,0,True,1761744426,False,0.957,-0.0791,,,,,,,,20,7.482412338256836,719.9798648357391
100,1.0,additive,0.92,0.1,1.0,20,80,60,False,0,True,572745982,False,0.2098,-0.1838,,,,,,,,21,6.957708120346069,719.9798648357391
100,1.0,additive,0.92,0.1,1.0,20,80,60,False,0,True,1578849199,False,0.6813,-0.1051,,,,,,,,22,7.425202369689941,719.9798648357391
100,1.0,additive,0.92,0.1,1.0,20,80,60,False,0,True,389850755,False,0.6533,-0.0969,,,,,,,,23,7.483671188354492,719.9798648357391
100,1.0,additive,0.92,0.1,1.0,20,80,60,False,0,True,53791174,False,0.7283,0.1194,,,,,,,,24,7.5444700717926025,719.9798648357391
100,1.0,additive,0.92,0.1,1.0,20,80,60,False,0,True,1111615265,False,0.8312,-0.1086,,,,,,,,25,7.248211145401001,719.9798648357391
100,1.0,additive,0.92,0.1,1.0,20,80,60,False,0,True,2018379595,False,0.7243,-0.1001,,,,,,,,26,7.067255973815918,719.9798648357391
100,1.0,additive,0.92,0.1,1.0,20,80,60,False,0,True,1682320014,False,0.3027,0.1653,,,,,,,,27,7.087774276733398,719.9798648357391
100,1.0,additive,0.92,0.1,1.0,20,80,60,False,0,True,493321570,False,0.1988,-0.1985,,,,,,,,28,7.204219102859497,719.9798648357391
100,1.0,additive,0.92,0.1,1.0,20,80,60,False,0,True,157261989,False,0.3966,-0.158,,,,,,,,29,6.61226487159729,719.9798648357391
100,1.0,additive,0.92,0.1,1.0,20,80,60,False,0,True,310426343,False,0.6014,-0.1189,,,,,,,,30,6.511137008666992,719.9798648357391
100,1.0,additive,0.92,0.1,1.0,20,80,60,False,0,True,2121850410,False,0.4885,-0.1279,,,,,,,,31,6.662249803543091,719.9798648357391
100,1.0,additive,0.92,0.1,1.0,20,80,60,False,0,True,932851966,False,0.4376,0.1492,,,,,,,,32,7.459035396575928,719.9798648357391
100,1.0,additive,0.92,0.1,1.0,20,80,60,False,0,True,596792385,False,0.1469,-0.2062,,,,,,,,33,6.89443564414978,719.9798648357391
100,1.0,additive,0.92,0.1,1.0,20,80,60,False,0,True,260732804,False,0.3257,-0.1595,,,,,,,,34,6.878243446350098,719.9798648357391
100,1.0,additive,0.92,0.1,1.0,20,80,60,False,0,True,413897158,False,0.5265,0.1165,,,,,,,,35,7.054825782775879,719.9798648357391
100,1.0,additive,0.92,0.1,1.0,20,80,60,False,0,True,77837577,False,0.4026,-0.1593,,,,,,,,36,7.171191930770874,719.9798648357391
100,1.0,additive,0.92,0.1,1.0,20,80,60,False,0,True,1036322781,False,0.979,-0.0718,,,,,,,,37,6.753745794296265,719.9798648357391
100,1.0,additive,0.92,0.1,1.0,20,80,60,False,0,True,700263200,False,0.8741,-0.0949,,,,,,,,38,6.616056680679321,719.9798648357391
100,1.0,additive,0.92,0.1,1.0,20,80,60,False,0,True,1706366417,False,0.0899,-0.1888,,,,,,,,39,6.712949514389038,719.9798648357391
100,1.0,additive,0.92,0.1,1.0,20,80,60,False,0,True,517367973,False,0.6783,-0.1174,,,,,,,,40,7.021490097045898,719.9798648357391
100,1.0,additive,0.92,0.1,1.0,20,80,60,False,0,True,181308392,False,0.967,-0.0649,,,,,,,,41,7.552232265472412,719.9798648357391
100,1.0,additive,0.92,0.1,1.0,20,80,60,False,0,True,1139793596,False,0.4286,-0.1486,,,,,,,,42,7.000938415527344,719.9798648357391
100,1.0,additive,0.92,0.1,1.0,20,80,60,False,0,True,2145896813,False,0.3836,-0.1476,,,,,,,,43,7.144381761550903,719.9798648357391
100,1.0,additive,0.92,0.1,1.0,20,80,60,False,0,True,956898369,False,0.7532,-0.1043,,,,,,,,44,6.517989158630371,719.9798648357391
100,1.0,additive,0.92,0.1,1.0,20,80,60,False,0,True,620838788,False,0.7003,0.114,,,,,,,,45,6.944223403930664,719.9798648357391
100,1.0,additive,0.92,0.1,1.0,20,80,60,False,0,True,284779207,False,0.2527,0.1844,,,,,,,,46,6.715250015258789,719.9798648357391
100,1.0,additive,0.92,0.1,1.0,20,80,60,False,0,True,437943561,False,0.6274,0.1312,,,,,,,,47,6.627537250518799,719.9798648357391
100,1.0,additive,0.92,0.1,1.0,20,80,60,False,0,True,101883980,False,0.8032,-0.1092,,,,,,,,48,6.971991539001465,719.9798648357391
100,1.0,additive,0.92,0.1,1.0,20,80,60,False,0,True,1060369184,False,0.6923,-0.113,,,,,,,,49,7.051927328109741,719.9798648357391
100,1.0,additive,0.94,0.1,1.0,20,80,60,False,0,False,575491749,True,0.001,0.5819,False,-2.0,15.0,0.7792207792207793,,,,0,7.033250331878662,720.4992477893829
100,1.0,additive,0.94,0.1,1.0,20,80,60,False,0,False,1633315840,True,0.001,0.627,False,-1.0,5.0,0.9090909090909091,,,,1,7.140633583068848,720.4992477893829
100,1.0,additive,0.94,0.1,1.0,20,80,60,False,0,False,1297256259,True,0.001,0.6594,False,-1.0,4.0,0.9230769230769231,,,,2,7.200527906417847,720.4992477893829
100,1.0,additive,0.94,0.1,1.0,20,80,60,False,0,False,861857791,True,0.001,0.6124,False,0.0,18.0,0.7692307692307693,,,,3,6.773776054382324,720.4992477893829
100,1.0,additive,0.94,0.1,1.0,20,80,60,False,0,False,1015022145,True,0.001,0.5477,False,-19.0,16.0,0.631578947368421,,,,4,6.769843816757202,720.4992477893829
100,1.0,additive,0.94,0.1,1.0,20,80,60,False,0,False,678962564,True,0.001,0.6615,False,-2.0,17.0,0.759493670886076,,,,5,6.792462587356567,720.4992477893829
100,1.0,additive,0.94,0.1,1.0,20,80,60,False,0,False,1736786655,True,0.001,0.6756,False,-18.0,13.0,0.6593406593406593,,,,6,6.629000425338745,720.4992477893829
100,1.0,additive,0.94,0.1,1.0,20,80,60,False,0,False,1400727074,True,0.001,0.6285,False,-1.0,0.0,0.9836065573770492,,,,7,7.092040538787842,720.4992477893829
100,1.0,additive,0.94,0.1,1.0,20,80,60,False,0,False,160007756,True,0.001,0.6147,False,-17.0,14.0,0.6593406593406593,,,,8,7.180399417877197,720.4992477893829
100,1.0,additive,0.94,0.1,1.0,20,80,60,False,0,False,1118492960,True,0.001,0.5736,False,-20.0,20.0,0.6,,,,9,6.775637865066528,720.4992477893829
100,1.0,additive,0.94,0.1,1.0,20,80,60,False,0,False,782433379,True,0.001,0.6332,False,-11.0,1.0,0.8333333333333334,,,,10,7.433234930038452,720.4992477893829
100,1.0,additive,0.94,0.1,1.0,20,80,60,False,0,False,1840257470,True,0.001,0.5844,True,0.0,0.0,1.0,,,,11,6.904047250747681,720.4992477893829
100,1.0,additive,0.94,0.1,1.0,20,80,60,False,0,False,599538152,True,0.001,0.5743,False,-13.0,1.0,0.8108108108108109,,,,12,6.2370686531066895,720.4992477893829
100,1.0,additive,0.94,0.1,1.0,20,80,60,False,0,False,1558023356,True,0.001,0.6866,False,-16.0,12.0,0.6818181818181818,,,,13,6.342003583908081,720.4992477893829
100,1.0,additive,0.94,0.1,1.0,20,80,60,False,0,False,1221963775,True,0.001,0.6704,False,-7.0,13.0,0.75,,,,14,6.415564775466919,720.4992477893829
100,1.0,additive,0.94,0.1,1.0,20,80,60,False,0,False,885904194,True,0.001,0.6131,False,-20.0,0.0,0.75,,,,15,6.381269454956055,720.4992477893829
100,1.0,additive,0.94,0.1,1.0,20,80,60,False,0,False,1039068548,True,0.001,0.6181,False,-19.0,0.0,0.759493670886076,,,,16,7.124263048171997,720.4992477893829
100,1.0,additive,0.94,0.1,1.0,20,80,60,False,0,False,703008967,True,0.001,0.5588,False,-10.0,19.0,0.6741573033707865,,,,17,6.990704774856567,720.4992477893829
100,1.0,additive,0.94,0.1,1.0,20,80,60,False,0,False,1661494171,True,0.001,0.5777,False,-14.0,3.0,0.7792207792207793,,,,18,6.9032135009765625,720.4992477893829
100,1.0,additive,0.94,0.1,1.0,20,80,60,False,0,False,1325434590,True,0.001,0.5641,False,-4.0,6.0,0.8571428571428571,,,,19,7.472897291183472,720.4992477893829
100,1.0,additive,0.94,0.1,1.0,20,80,60,False,0,False,1478598944,True,0.001,0.5686,False,-5.0,18.0,0.7228915662650602,,,,20,7.172349452972412,720.4992477893829
100,1.0,additive,0.94,0.1,1.0,20,80,60,False,0,False,1142539363,True,0.001,0.6367,False,-17.0,20.0,0.6185567010309279,,,,21,7.580660343170166,720.4992477893829
100,1.0,additive,0.94,0.1,1.0,20,80,60,False,0,False,806479782,True,0.001,0.6215,False,-18.0,8.0,0.6976744186046512,,,,22,6.707411527633667,720.4992477893829
100,1.0,additive,0.94,0.1,1.0,20,80,60,False,0,False,1764964986,True,0.001,0.6561,False,-12.0,1.0,0.821917808219178,,,,23,6.624659299850464,720.4992477893829
100,1.0,additive,0.94,0.1,1.0,20,80,60,False,0,False,623584555,True,0.001,0.6793,False,-3.0,8.0,0.8450704225352113,,,,24,6.545883893966675,720.4992477893829
100,1.0,additive,0.94,0.1,1.0,20,80,60,False,0,False,1582069759,True,0.001,0.6204,False,-4.0,15.0,0.759493670886076,,,,25,6.815990209579468,720.4992477893829
100,1.0,additive,0.94,0.1,1.0,20,80,60,False,0,False,1246010178,True,0.001,0.6177,False,0.0,19.0,0.759493670886076,,,,26,6.970484256744385,720.4992477893829
100,1.0,additive,0.94,0.1,1.0,20,80,60,False,0,False,909950597,True,0.001,0.5299,False,-13.0,8.0,0.7407407407407407,,,,27,6.826090097427368,720.4992477893829
100,1.0,additive,0.94,0.1,1.0,20,80,60,False,0,False,1868435801,True,0.001,0.6791,False,-20.0,7.0,0.6896551724137931,,,,28,7.264324903488159,720.4992477893829
100,1.0,additive,0.94,0.1,1.0,20,80,60,False,0,False,727055370,True,0.001,0.6825,False,-20.0,10.0,0.6666666666666666,,,,29,7.133352279663086,720.4992477893829
100,1.0,additive,0.94,0.1,1.0,20,80,60,False,0,False,1685540574,True,0.001,0.6247,False,-19.0,4.0,0.7228915662650602,,,,30,7.555984973907471,720.4992477893829
100,1.0,additive,0.94,0.1,1.0,20,80,60,False,0,False,1349480993,True,0.001,0.6456,False,-3.0,13.0,0.7894736842105263,,,,31,7.387718677520752,720.4992477893829
100,1.0,additive,0.94,0.1,1.0,20,80,60,False,0,False,259821436,True,0.001,0.6074,False,-13.0,5.0,0.7692307692307693,,,,32,6.88596248626709,720.4992477893829
100,1.0,additive,0.94,0.1,1.0,20,80,60,False,0,False,1166585766,True,0.001,0.6581,False,-18.0,12.0,0.6666666666666666,,,,33,7.170517206192017,720.4992477893829
100,1.0,additive,0.94,0.1,1.0,20,80,60,False,0,False,830526185,True,0.001,0.5801,False,-8.0,20.0,0.6818181818181818,,,,34,7.442502975463867,720.4992477893829
100,1.0,additive,0.94,0.1,1.0,20,80,60,False,0,False,1789011389,True,0.001,0.6028,False,-17.0,18.0,0.631578947368421,,,,35,7.225590229034424,720.4992477893829
100,1.0,additive,0.94,0.1,1.0,20,80,60,False,0,False,1452951808,True,0.001,0.5894,False,-4.0,4.0,0.8823529411764706,,,,36,6.688510179519653,720.4992477893829
100,1.0,additive,0.94,0.1,1.0,20,80,60,False,0,False,1606116162,True,0.001,0.5616,False,-2.0,-1.0,0.9516129032258065,,,,37,6.889866590499878,720.4992477893829
100,1.0,additive,0.94,0.1,1.0,20,80,60,False,0,False,1270056581,True,0.001,0.6299,False,-20.0,19.0,0.6060606060606061,,,,38,6.511074781417847,720.4992477893829
100,1.0,additive,0.94,0.1,1.0,20,80,60,False,0,False,81058137,True,0.001,0.5666,False,-20.0,9.0,0.6741573033707865,,,,39,6.842369556427002,720.4992477893829
100,1.0,additive,0.94,0.1,1.0,20,80,60,False,0,False,1892482204,True,0.001,0.6923,False,-14.0,20.0,0.6382978723404256,,,,40,6.687116384506226,720.4992477893829
100,1.0,additive,0.94,0.1,1.0,20,80,60,False,0,False,751101773,True,0.001,0.6282,False,-6.0,2.0,0.8823529411764706,,,,41,7.104227542877197,720.4992477893829
100,1.0,additive,0.94,0.1,1.0,20,80,60,False,0,False,1709586977,True,0.001,0.5837,False,-1.0,2.0,0.9523809523809523,,,,42,7.616501331329346,720.4992477893829
100,1.0,additive,0.94,0.1,1.0,20,80,60,False,0,False,1373527396,True,0.001,0.6345,False,-8.0,20.0,0.6818181818181818,,,,43,8.524559259414673,720.4992477893829
100,1.0,additive,0.94,0.1,1.0,20,80,60,False,0,False,184528952,True,0.001,0.5992,False,-7.0,16.0,0.7228915662650602,,,,44,7.917476654052734,720.4992477893829
100,1.0,additive,0.94,0.1,1.0,20,80,60,False,0,False,1190632169,True,0.001,0.6638,False,-20.0,9.0,0.6741573033707865,,,,45,8.229875326156616,720.4992477893829
100,1.0,additive,0.94,0.1,1.0,20,80,60,False,0,False,1633725,True,0.001,0.6456,False,-9.0,18.0,0.6896551724137931,,,,46,8.050495147705078,720.4992477893829
100,1.0,additive,0.94,0.1,1.0,20,80,60,False,0,False,1813057792,True,0.001,0.6706,False,-20.0,10.0,0.6666666666666666,,,,47,7.502202272415161,720.4992477893829
100,1.0,additive,0.94,0.1,1.0,20,80,60,False,0,False,1476998211,True,0.001,0.6263,False,-15.0,13.0,0.6818181818181818,,,,48,7.226185321807861,720.4992477893829
100,1.0,additive,0.94,0.1,1.0,20,80,60,False,0,False,1630162565,True,0.001,0.5575,False,-2.0,5.0,0.8955223880597015,,,,49,7.596704959869385,720.4992477893829
100,1.0,additive,0.94,0.1,1.0,20,80,60,False,0,True,346262063,False,0.7642,-0.1197,,,,,,,,0,6.939232349395752,720.4992477893829
100,1.0,additive,0.94,0.1,1.0,20,80,60,False,0,True,1304747267,False,0.985,0.08,,,,,,,,1,6.862452745437622,720.4992477893829
100,1.0,additive,0.94,0.1,1.0,20,80,60,False,0,True,968687686,False,0.8961,0.0915,,,,,,,,2,6.95897650718689,720.4992477893829
100,1.0,additive,0.94,0.1,1.0,20,80,60,False,0,True,632628105,False,0.9351,-0.0885,,,,,,,,3,6.795356512069702,720.4992477893829
100,1.0,additive,0.94,0.1,1.0,20,80,60,False,0,True,785792459,False,0.3177,-0.1601,,,,,,,,4,6.395169496536255,720.4992477893829
100,1.0,additive,0.94,0.1,1.0,20,80,60,False,0,True,449732878,False,0.3666,0.1513,,,,,,,,5,6.699545621871948,720.4992477893829
100,1.0,additive,0.94,0.1,1.0,20,80,60,False,0,True,1408218082,False,0.6793,-0.1274,,,,,,,,6,6.772960186004639,720.4992477893829
100,1.0,additive,0.94,0.1,1.0,20,80,60,False,0,True,1072158501,True,0.03,0.2562,,,,,,,,7,6.432149648666382,720.4992477893829
100,1.0,additive,0.94,0.1,1.0,20,80,60,False,0,True,2078261718,False,0.6553,-0.1341,,,,,,,,8,6.768354654312134,720.4992477893829
100,1.0,additive,0.94,0.1,1.0,20,80,60,False,0,True,889263274,False,0.8152,-0.0911,,,,,,,,9,6.844344139099121,720.4992477893829
100,1.0,additive,0.94,0.1,1.0,20,80,60,False,0,True,553203693,False,0.2148,0.1769,,,,,,,,10,7.396832466125488,720.4992477893829
100,1.0,additive,0.94,0.1,1.0,20,80,60,False,0,True,1511688897,False,0.5425,0.1399,,,,,,,,11,7.37275505065918,720.4992477893829
100,1.0,additive,0.94,0.1,1.0,20,80,60,False,0,True,370308466,False,0.6204,-0.1398,,,,,,,,12,7.044072389602661,720.4992477893829
100,1.0,additive,0.94,0.1,1.0,20,80,60,False,0,True,1328793670,False,0.6254,0.1212,,,,,,,,13,6.5202765464782715,720.4992477893829
100,1.0,additive,0.94,0.1,1.0,20,80,60,False,0,True,992734089,False,0.971,0.0876,,,,,,,,14,6.630231142044067,720.4992477893829
100,1.0,additive,0.94,0.1,1.0,20,80,60,False,0,True,656674508,False,0.962,-0.0709,,,,,,,,15,6.684720993041992,720.4992477893829
100,1.0,additive,0.94,0.1,1.0,20,80,60,False,0,True,809838862,False,0.6434,-0.1188,,,,,,,,16,6.789715766906738,720.4992477893829
100,1.0,additive,0.94,0.1,1.0,20,80,60,False,0,True,473779281,False,0.982,-0.0749,,,,,,,,17,7.137819051742554,720.4992477893829
100,1.0,additive,0.94,0.1,1.0,20,80,60,False,0,True,1432264485,False,0.8511,-0.0994,,,,,,,,18,9.304633140563965,720.4992477893829
100,1.0,additive,0.94,0.1,1.0,20,80,60,False,0,True,1096204904,False,0.1628,0.1999,,,,,,,,19,10.000147104263306,720.4992477893829
100,1.0,additive,0.94,0.1,1.0,20,80,60,False,0,True,1249369258,False,0.3946,-0.1398,,,,,,,,20,8.938914060592651,720.4992477893829
100,1.0,additive,0.94,0.1,1.0,20,80,60,False,0,True,913309677,False,0.5864,0.1324,,,,,,,,21,10.042323112487793,720.4992477893829
100,1.0,additive,0.94,0.1,1.0,20,80,60,False,0,True,577250096,False,0.961,-0.0816,,,,,,,,22,7.96582293510437,720.4992477893829
100,1.0,additive,0.94,0.1,1.0,20,80,60,False,0,True,1535735300,False,0.2238,-0.1532,,,,,,,,23,7.530925750732422,720.4992477893829
100,1.0,additive,0.94,0.1,1.0,20,80,60,False,0,True,394354869,False,0.5315,0.1348,,,,,,,,24,8.22737431526184,720.4992477893829
100,1.0,additive,0.94,0.1,1.0,20,80,60,False,0,True,1352840073,False,0.0669,-0.2121,,,,,,,,25,8.416704654693604,720.4992477893829
100,1.0,additive,0.94,0.1,1.0,20,80,60,False,0,True,1016780492,False,0.7712,-0.1111,,,,,,,,26,7.909830808639526,720.4992477893829
100,1.0,additive,0.94,0.1,1.0,20,80,60,False,0,True,680720911,False,0.1588,-0.1779,,,,,,,,27,7.536703109741211,720.4992477893829
100,1.0,additive,0.94,0.1,1.0,20,80,60,False,0,True,1639206115,False,0.5245,-0.155,,,,,,,,28,7.127017259597778,720.4992477893829
100,1.0,additive,0.94,0.1,1.0,20,80,60,False,0,True,497825684,False,0.4805,-0.1658,,,,,,,,29,7.026676893234253,720.4992477893829
100,1.0,additive,0.94,0.1,1.0,20,80,60,False,0,True,1456310888,False,0.7033,-0.1052,,,,,,,,30,6.860527992248535,720.4992477893829
100,1.0,additive,0.94,0.1,1.0,20,80,60,False,0,True,1120251307,False,0.8911,0.1065,,,,,,,,31,6.928208112716675,720.4992477893829
100,1.0,additive,0.94,0.1,1.0,20,80,60,False,0,True,2078736511,False,0.6224,-0.1076,,,,,,,,32,7.330256700515747,720.4992477893829
100,1.0,additive,0.94,0.1,1.0,20,80,60,False,0,True,937356080,True,0.043,0.2451,,,,,,,,33,7.340169191360474,720.4992477893829
100,1.0,additive,0.94,0.1,1.0,20,80,60,False,0,True,601296499,False,0.2567,0.1586,,,,,,,,34,7.273281097412109,720.4992477893829
100,1.0,additive,0.94,0.1,1.0,20,80,60,False,0,True,1559781703,False,0.0969,-0.2036,,,,,,,,35,7.475027322769165,720.4992477893829
100,1.0,additive,0.94,0.1,1.0,20,80,60,False,0,True,1223722122,False,0.8102,-0.1046,,,,,,,,36,7.398918151855469,720.4992477893829
100,1.0,additive,0.94,0.1,1.0,20,80,60,False,0,True,1376886476,False,0.9321,-0.0856,,,,,,,,37,7.8709282875061035,720.4992477893829
100,1.0,additive,0.94,0.1,1.0,20,80,60,False,0,True,1040826895,False,0.7003,-0.1254,,,,,,,,38,7.534420967102051,720.4992477893829
100,1.0,additive,0.94,0.1,1.0,20,80,60,False,0,True,1999312099,False,0.8601,-0.109,,,,,,,,39,7.210742473602295,720.4992477893829
100,1.0,additive,0.94,0.1,1.0,20,80,60,False,0,True,1663252518,False,0.5714,-0.1446,,,,,,,,40,7.316400766372681,720.4992477893829
100,1.0,additive,0.94,0.1,1.0,20,80,60,False,0,True,521872087,False,0.8442,0.1034,,,,,,,,41,7.155567169189453,720.4992477893829
100,1.0,additive,0.94,0.1,1.0,20,80,60,False,0,True,1480357291,False,0.5754,-0.1098,,,,,,,,42,7.181262493133545,720.4992477893829
100,1.0,additive,0.94,0.1,1.0,20,80,60,False,0,True,1144297710,False,0.1029,0.191,,,,,,,,43,6.997602224349976,720.4992477893829
100,1.0,additive,0.94,0.1,1.0,20,80,60,False,0,True,2102782914,False,0.4985,-0.1442,,,,,,,,44,6.79424262046814,720.4992477893829
100,1.0,additive,0.94,0.1,1.0,20,80,60,False,0,True,961402483,False,0.9431,-0.0864,,,,,,,,45,6.980701208114624,720.4992477893829
100,1.0,additive,0.94,0.1,1.0,20,80,60,False,0,True,1919887687,False,0.2318,0.1701,,,,,,,,46,6.498362302780151,720.4992477893829
100,1.0,additive,0.94,0.1,1.0,20,80,60,False,0,True,1583828106,False,0.971,0.0785,,,,,,,,47,6.625462532043457,720.4992477893829
100,1.0,additive,0.94,0.1,1.0,20,80,60,False,0,True,1247768525,False,0.9461,0.0811,,,,,,,,48,7.070937395095825,720.4992477893829
100,1.0,additive,0.94,0.1,1.0,20,80,60,False,0,True,1400932879,False,0.8891,-0.0924,,,,,,,,49,7.162708282470703,720.4992477893829
100,1.0,additive,0.96,0.1,1.0,20,80,60,False,0,False,443267100,True,0.001,0.6284,True,0.0,0.0,1.0,,,,0,7.297349691390991,782.0126836299896
100,1.0,additive,0.96,0.1,1.0,20,80,60,False,0,False,1401752304,True,0.001,0.6225,False,-17.0,13.0,0.6666666666666666,,,,1,7.065741062164307,782.0126836299896
100,1.0,additive,0.96,0.1,1.0,20,80,60,False,0,False,1065692723,True,0.001,0.5796,False,0.0,13.0,0.821917808219178,,,,2,6.735263109207153,782.0126836299896
100,1.0,additive,0.96,0.1,1.0,20,80,60,False,0,False,2024177927,True,0.001,0.5956,False,-1.0,1.0,0.967741935483871,,,,3,6.532150030136108,782.0126836299896
100,1.0,additive,0.96,0.1,1.0,20,80,60,False,0,False,882797496,True,0.001,0.6333,False,-15.0,13.0,0.6818181818181818,,,,4,6.762135982513428,782.0126836299896
100,1.0,additive,0.96,0.1,1.0,20,80,60,False,0,False,546737915,True,0.001,0.5883,False,-12.0,3.0,0.8,,,,5,6.576313734054565,782.0126836299896
100,1.0,additive,0.96,0.1,1.0,20,80,60,False,0,False,1505223119,True,0.001,0.6082,False,-9.0,15.0,0.7142857142857143,,,,6,6.679591178894043,782.0126836299896
100,1.0,additive,0.96,0.1,1.0,20,80,60,False,0,False,1169163538,True,0.001,0.5859,False,-20.0,2.0,0.7317073170731707,,,,7,6.831279277801514,782.0126836299896
100,1.0,additive,0.96,0.1,1.0,20,80,60,False,0,False,2127648742,True,0.001,0.6215,False,-11.0,11.0,0.7317073170731707,,,,8,7.021051406860352,782.0126836299896
100,1.0,additive,0.96,0.1,1.0,20,80,60,False,0,False,986268311,True,0.001,0.6216,False,0.0,15.0,0.8,,,,9,7.954986572265625,782.0126836299896
100,1.0,additive,0.96,0.1,1.0,20,80,60,False,0,False,1944753515,True,0.001,0.6335,False,-9.0,20.0,0.6741573033707865,,,,10,6.973402976989746,782.0126836299896
100,1.0,additive,0.96,0.1,1.0,20,80,60,False,0,False,1608693934,True,0.001,0.6259,False,-1.0,1.0,0.967741935483871,,,,11,7.686443567276001,782.0126836299896
100,1.0,additive,0.96,0.1,1.0,20,80,60,False,0,False,1272634353,True,0.001,0.6113,False,-5.0,0.0,0.9230769230769231,,,,12,7.300761461257935,782.0126836299896
100,1.0,additive,0.96,0.1,1.0,20,80,60,False,0,False,1425798707,True,0.001,0.6081,False,-2.0,2.0,0.9375,,,,13,7.91461968421936,782.0126836299896
100,1.0,additive,0.96,0.1,1.0,20,80,60,False,0,False,1089739126,True,0.001,0.5986,False,-4.0,9.0,0.821917808219178,,,,14,7.324044227600098,782.0126836299896
100,1.0,additive,0.96,0.1,1.0,20,80,60,False,0,False,2048224330,True,0.001,0.6057,False,0.0,4.0,0.9375,,,,15,8.081290483474731,782.0126836299896
100,1.0,additive,0.96,0.1,1.0,20,80,60,False,0,False,1712164749,True,0.001,0.6072,False,-20.0,5.0,0.7058823529411765,,,,16,7.827629566192627,782.0126836299896
100,1.0,additive,0.96,0.1,1.0,20,80,60,False,0,False,1865329103,True,0.001,0.6318,False,-10.0,18.0,0.6818181818181818,,,,17,8.061410188674927,782.0126836299896
100,1.0,additive,0.96,0.1,1.0,20,80,60,False,0,False,1529269522,True,0.001,0.6668,False,-13.0,13.0,0.6976744186046512,,,,18,8.24944257736206,782.0126836299896
100,1.0,additive,0.96,0.1,1.0,20,80,60,False,0,False,1193209941,True,0.001,0.6378,False,-20.0,10.0,0.6666666666666666,,,,19,9.445479393005371,782.0126836299896
100,1.0,additive,0.96,0.1,1.0,20,80,60,False,0,False,4211497,True,0.001,0.6317,False,-12.0,8.0,0.75,,,,20,9.53390121459961,782.0126836299896
100,1.0,additive,0.96,0.1,1.0,20,80,60,False,0,False,1010314714,True,0.001,0.6392,False,-7.0,0.0,0.8955223880597015,,,,21,9.195753574371338,782.0126836299896
100,1.0,additive,0.96,0.1,1.0,20,80,60,False,0,False,1968799918,True,0.001,0.6184,False,-18.0,1.0,0.759493670886076,,,,22,9.338610887527466,782.0126836299896
100,1.0,additive,0.96,0.1,1.0,20,80,60,False,0,False,1632740337,True,0.001,0.6086,False,-6.0,0.0,0.9090909090909091,,,,23,9.831712484359741,782.0126836299896
100,1.0,additive,0.96,0.1,1.0,20,80,60,False,0,False,443741893,True,0.001,0.5573,False,-2.0,1.0,0.9523809523809523,,,,24,9.464210033416748,782.0126836299896
100,1.0,additive,0.96,0.1,1.0,20,80,60,False,0,False,1449845110,True,0.001,0.5911,False,-15.0,10.0,0.7058823529411765,,,,25,9.734423875808716,782.0126836299896
100,1.0,additive,0.96,0.1,1.0,20,80,60,False,0,False,1113785529,True,0.001,0.6349,False,-18.0,11.0,0.6741573033707865,,,,26,9.227792501449585,782.0126836299896
100,1.0,additive,0.96,0.1,1.0,20,80,60,False,0,False,2072270733,True,0.001,0.6025,False,-7.0,1.0,0.8823529411764706,,,,27,9.29249358177185,782.0126836299896
100,1.0,additive,0.96,0.1,1.0,20,80,60,False,0,False,1736211152,True,0.001,0.6183,False,-18.0,11.0,0.6741573033707865,,,,28,9.732783079147339,782.0126836299896
100,1.0,additive,0.96,0.1,1.0,20,80,60,False,0,False,1889375506,True,0.001,0.5647,False,-14.0,0.0,0.8108108108108109,,,,29,9.33403205871582,782.0126836299896
100,1.0,additive,0.96,0.1,1.0,20,80,60,False,0,False,1553315925,True,0.001,0.6468,False,-19.0,17.0,0.625,,,,30,9.09113097190857,782.0126836299896
100,1.0,additive,0.96,0.1,1.0,20,80,60,False,0,False,1217256344,True,0.001,0.6452,False,-18.0,20.0,0.6122448979591837,,,,31,8.070079326629639,782.0126836299896
100,1.0,additive,0.96,0.1,1.0,20,80,60,False,0,False,28257900,True,0.001,0.6389,False,-20.0,0.0,0.75,,,,32,7.597933053970337,782.0126836299896
100,1.0,additive,0.96,0.1,1.0,20,80,60,False,0,False,1839681967,True,0.001,0.5818,False,-20.0,10.0,0.6666666666666666,,,,33,7.8987791538238525,782.0126836299896
100,1.0,additive,0.96,0.1,1.0,20,80,60,False,0,False,1992846321,True,0.001,0.5903,False,-3.0,1.0,0.9375,,,,34,7.783628225326538,782.0126836299896
100,1.0,additive,0.96,0.1,1.0,20,80,60,False,0,False,1656786740,True,0.001,0.6365,False,-4.0,4.0,0.8823529411764706,,,,35,7.764639377593994,782.0126836299896
100,1.0,additive,0.96,0.1,1.0,20,80,60,False,0,False,467788296,True,0.001,0.6349,False,0.0,14.0,0.8108108108108109,,,,36,8.324710845947266,782.0126836299896
100,1.0,additive,0.96,0.1,1.0,20,80,60,False,0,False,131728715,True,0.001,0.6211,False,-7.0,20.0,0.6896551724137931,,,,37,8.184898853302002,782.0126836299896
100,1.0,additive,0.96,0.1,1.0,20,80,60,False,0,False,1137831932,True,0.001,0.6022,False,-12.0,19.0,0.6593406593406593,,,,38,8.29315447807312,782.0126836299896
100,1.0,additive,0.96,0.1,1.0,20,80,60,False,0,False,2096317136,True,0.001,0.5943,False,-20.0,5.0,0.7058823529411765,,,,39,7.635541200637817,782.0126836299896
100,1.0,additive,0.96,0.1,1.0,20,80,60,False,0,False,1760257555,True,0.001,0.6379,False,-20.0,2.0,0.7317073170731707,,,,40,7.385379076004028,782.0126836299896
100,1.0,additive,0.96,0.1,1.0,20,80,60,False,0,False,571259111,True,0.001,0.6081,True,0.0,0.0,1.0,,,,41,7.6538684368133545,782.0126836299896
100,1.0,additive,0.96,0.1,1.0,20,80,60,False,0,False,1577362328,True,0.001,0.6474,False,-9.0,7.0,0.7894736842105263,,,,42,7.750357627868652,782.0126836299896
100,1.0,additive,0.96,0.1,1.0,20,80,60,False,0,False,388363884,True,0.001,0.6664,False,-18.0,5.0,0.7228915662650602,,,,43,7.818520545959473,782.0126836299896
100,1.0,additive,0.96,0.1,1.0,20,80,60,False,0,False,52304303,True,0.001,0.6507,False,-19.0,17.0,0.625,,,,44,8.247821569442749,782.0126836299896
100,1.0,additive,0.96,0.1,1.0,20,80,60,False,0,False,1863728370,True,0.001,0.6469,False,-2.0,19.0,0.7407407407407407,,,,45,10.239765405654907,782.0126836299896
100,1.0,additive,0.96,0.1,1.0,20,80,60,False,0,False,2016892724,True,0.001,0.6192,False,-5.0,5.0,0.8571428571428571,,,,46,9.625549554824829,782.0126836299896
100,1.0,additive,0.96,0.1,1.0,20,80,60,False,0,False,1680833143,True,0.001,0.5916,False,-20.0,19.0,0.6060606060606061,,,,47,9.510233402252197,782.0126836299896
100,1.0,additive,0.96,0.1,1.0,20,80,60,False,0,False,491834699,True,0.001,0.5812,False,1.0,14.0,0.7972972972972973,,,,48,9.716726541519165,782.0126836299896
100,1.0,additive,0.96,0.1,1.0,20,80,60,False,0,False,155775118,True,0.001,0.6076,False,-20.0,0.0,0.75,,,,49,9.442243814468384,782.0126836299896
100,1.0,additive,0.96,0.1,1.0,20,80,60,False,0,True,114698527,False,0.993,-0.0637,,,,,,,,0,9.9636971950531,782.0126836299896
100,1.0,additive,0.96,0.1,1.0,20,80,60,False,0,True,1073183731,False,0.9431,0.0881,,,,,,,,1,9.923586368560791,782.0126836299896
100,1.0,additive,0.96,0.1,1.0,20,80,60,False,0,True,737124150,True,0.03,-0.2092,,,,,,,,2,9.081570148468018,782.0126836299896
100,1.0,additive,0.96,0.1,1.0,20,80,60,False,0,True,1794948241,True,0.021,0.2378,,,,,,,,3,8.036028146743774,782.0126836299896
100,1.0,additive,0.96,0.1,1.0,20,80,60,False,0,True,554228923,False,0.4795,-0.1524,,,,,,,,4,7.666397571563721,782.0126836299896
100,1.0,additive,0.96,0.1,1.0,20,80,60,False,0,True,218169342,False,0.6424,0.1306,,,,,,,,5,7.4344322681427,782.0126836299896
100,1.0,additive,0.96,0.1,1.0,20,80,60,False,0,True,1176654546,False,0.9181,-0.0839,,,,,,,,6,6.976148843765259,782.0126836299896
100,1.0,additive,0.96,0.1,1.0,20,80,60,False,0,True,840594965,False,0.7982,0.1173,,,,,,,,7,7.388071537017822,782.0126836299896
100,1.0,additive,0.96,0.1,1.0,20,80,60,False,0,True,1898419056,False,0.2987,0.1675,,,,,,,,8,8.028151988983154,782.0126836299896
100,1.0,additive,0.96,0.1,1.0,20,80,60,False,0,True,657699738,False,0.5954,0.1325,,,,,,,,9,7.774980545043945,782.0126836299896
100,1.0,additive,0.96,0.1,1.0,20,80,60,False,0,True,1715523829,False,0.6823,0.1125,,,,,,,,10,8.176342010498047,782.0126836299896
100,1.0,additive,0.96,0.1,1.0,20,80,60,False,0,True,1280125361,False,0.995,0.062,,,,,,,,11,7.576371669769287,782.0126836299896
100,1.0,additive,0.96,0.1,1.0,20,80,60,False,0,True,944065780,False,0.7692,0.1191,,,,,,,,12,7.238417148590088,782.0126836299896
100,1.0,additive,0.96,0.1,1.0,20,80,60,False,0,True,1097230134,False,0.0899,-0.1921,,,,,,,,13,7.671237468719482,782.0126836299896
100,1.0,additive,0.96,0.1,1.0,20,80,60,False,0,True,761170553,False,0.5924,-0.1259,,,,,,,,14,7.81334114074707,782.0126836299896
100,1.0,additive,0.96,0.1,1.0,20,80,60,False,0,True,1818994644,False,0.1129,-0.1842,,,,,,,,15,7.5599000453948975,782.0126836299896
100,1.0,additive,0.96,0.1,1.0,20,80,60,False,0,True,1383596176,False,0.1029,0.2085,,,,,,,,16,8.426978588104248,782.0126836299896
100,1.0,additive,0.96,0.1,1.0,20,80,60,False,0,True,1536760530,False,0.7223,-0.1034,,,,,,,,17,8.35877513885498,782.0126836299896
100,1.0,additive,0.96,0.1,1.0,20,80,60,False,0,True,1200700949,False,0.7013,-0.1251,,,,,,,,18,7.8499672412872314,782.0126836299896
100,1.0,additive,0.96,0.1,1.0,20,80,60,False,0,True,864641368,False,0.3237,-0.1926,,,,,,,,19,8.039530277252197,782.0126836299896
100,1.0,additive,0.96,0.1,1.0,20,80,60,False,0,True,1922465459,False,0.4785,-0.1387,,,,,,,,20,8.488434791564941,782.0126836299896
100,1.0,additive,0.96,0.1,1.0,20,80,60,False,0,True,681746141,False,0.957,-0.0689,,,,,,,,21,8.099169492721558,782.0126836299896
100,1.0,additive,0.96,0.1,1.0,20,80,60,False,0,True,1640231345,False,0.0569,-0.2457,,,,,,,,22,7.683138608932495,782.0126836299896
100,1.0,additive,0.96,0.1,1.0,20,80,60,False,0,True,1304171764,False,0.4955,0.1337,,,,,,,,23,7.287748336791992,782.0126836299896
100,1.0,additive,0.96,0.1,1.0,20,80,60,False,0,True,214512207,False,0.5954,0.1276,,,,,,,,24,6.961494445800781,782.0126836299896
100,1.0,additive,0.96,0.1,1.0,20,80,60,False,0,True,1121276537,False,0.3427,-0.1445,,,,,,,,25,7.062790870666504,782.0126836299896
100,1.0,additive,0.96,0.1,1.0,20,80,60,False,0,True,785216956,False,0.4196,0.1236,,,,,,,,26,6.749481678009033,782.0126836299896
100,1.0,additive,0.96,0.1,1.0,20,80,60,False,0,True,1743702160,False,0.1528,-0.196,,,,,,,,27,6.484115362167358,782.0126836299896
100,1.0,additive,0.96,0.1,1.0,20,80,60,False,0,True,1407642579,False,0.4246,-0.1384,,,,,,,,28,6.957813024520874,782.0126836299896
100,1.0,additive,0.96,0.1,1.0,20,80,60,False,0,True,1560806933,False,0.4296,-0.1556,,,,,,,,29,6.794504642486572,782.0126836299896
100,1.0,additive,0.96,0.1,1.0,20,80,60,False,0,True,1224747352,False,0.3337,0.1616,,,,,,,,30,6.51050329208374,782.0126836299896
100,1.0,additive,0.96,0.1,1.0,20,80,60,False,0,True,888687771,False,0.5764,0.1469,,,,,,,,31,7.063827037811279,782.0126836299896
100,1.0,additive,0.96,0.1,1.0,20,80,60,False,0,True,1847172975,False,0.7053,-0.1072,,,,,,,,32,6.98905348777771,782.0126836299896
100,1.0,additive,0.96,0.1,1.0,20,80,60,False,0,True,1511113394,False,0.9101,-0.0989,,,,,,,,33,7.0589916706085205,782.0126836299896
100,1.0,additive,0.96,0.1,1.0,20,80,60,False,0,True,1664277748,False,0.2078,-0.185,,,,,,,,34,6.9638588428497314,782.0126836299896
100,1.0,additive,0.96,0.1,1.0,20,80,60,False,0,True,1328218167,False,0.6354,0.1306,,,,,,,,35,6.6440110206604,782.0126836299896
100,1.0,additive,0.96,0.1,1.0,20,80,60,False,0,True,139219723,False,0.3057,0.1892,,,,,,,,36,6.622859716415405,782.0126836299896
100,1.0,additive,0.96,0.1,1.0,20,80,60,False,0,True,1950643790,False,0.6494,0.1074,,,,,,,,37,6.660265207290649,782.0126836299896
100,1.0,additive,0.96,0.1,1.0,20,80,60,False,0,True,809263359,True,0.034,0.2618,,,,,,,,38,6.700770378112793,782.0126836299896
100,1.0,additive,0.96,0.1,1.0,20,80,60,False,0,True,1767748563,False,0.959,0.0734,,,,,,,,39,6.82605767250061,782.0126836299896
100,1.0,additive,0.96,0.1,1.0,20,80,60,False,0,True,1431688982,False,0.5445,-0.152,,,,,,,,40,7.204558849334717,782.0126836299896
100,1.0,additive,0.96,0.1,1.0,20,80,60,False,0,True,342029425,False,0.5195,0.1557,,,,,,,,41,6.993042230606079,782.0126836299896
100,1.0,additive,0.96,0.1,1.0,20,80,60,False,0,True,1248793755,False,0.1568,-0.2102,,,,,,,,42,6.785004615783691,782.0126836299896
100,1.0,additive,0.96,0.1,1.0,20,80,60,False,0,True,59795311,False,0.1918,-0.177,,,,,,,,43,7.047781944274902,782.0126836299896
100,1.0,additive,0.96,0.1,1.0,20,80,60,False,0,True,1871219378,False,0.2368,0.1689,,,,,,,,44,6.402873277664185,782.0126836299896
100,1.0,additive,0.96,0.1,1.0,20,80,60,False,0,True,1535159797,False,0.957,-0.094,,,,,,,,45,6.739580869674683,782.0126836299896
100,1.0,additive,0.96,0.1,1.0,20,80,60,False,0,True,1688324151,False,0.5884,-0.1247,,,,,,,,46,6.9151740074157715,782.0126836299896
100,1.0,additive,0.96,0.1,1.0,20,80,60,False,0,True,1352264570,False,0.6144,-0.1116,,,,,,,,47,6.563643455505371,782.0126836299896
100,1.0,additive,0.96,0.1,1.0,20,80,60,False,0,True,163266126,False,0.992,0.072,,,,,,,,48,7.163060188293457,782.0126836299896
100,1.0,additive,0.96,0.1,1.0,20,80,60,False,0,True,1974690193,False,0.8062,0.1088,,,,,,,,49,7.4178478717803955,782.0126836299896
100,1.0,additive,0.98,0.1,1.0,20,80,60,False,0,False,564978766,True,0.001,0.6246,True,0.0,0.0,1.0,,,,0,7.25070333480835,731.3536591529846
100,1.0,additive,0.98,0.1,1.0,20,80,60,False,0,False,1471743096,True,0.001,0.6314,False,0.0,17.0,0.7792207792207793,,,,1,7.4230897426605225,731.3536591529846
100,1.0,additive,0.98,0.1,1.0,20,80,60,False,0,False,282744652,True,0.001,0.614,False,-6.0,15.0,0.7407407407407407,,,,2,6.975157022476196,731.3536591529846
100,1.0,additive,0.98,0.1,1.0,20,80,60,False,0,False,2094168719,True,0.001,0.5768,False,0.0,3.0,0.9523809523809523,,,,3,7.078166723251343,731.3536591529846
100,1.0,additive,0.98,0.1,1.0,20,80,60,False,0,False,1004509162,True,0.001,0.6038,False,0.0,20.0,0.75,,,,4,7.467414140701294,731.3536591529846
100,1.0,additive,0.98,0.1,1.0,20,80,60,False,0,False,1911273492,True,0.001,0.6184,False,0.0,5.0,0.9230769230769231,,,,5,6.524025201797485,731.3536591529846
100,1.0,additive,0.98,0.1,1.0,20,80,60,False,0,False,722275048,True,0.001,0.6464,False,-19.0,14.0,0.6451612903225806,,,,6,6.939134836196899,731.3536591529846
100,1.0,additive,0.98,0.1,1.0,20,80,60,False,0,False,386215467,True,0.001,0.614,False,-4.0,1.0,0.9230769230769231,,,,7,7.727610111236572,731.3536591529846
100,1.0,additive,0.98,0.1,1.0,20,80,60,False,0,False,50155886,True,0.001,0.5699,False,-17.0,18.0,0.631578947368421,,,,8,7.882010221481323,731.3536591529846
100,1.0,additive,0.98,0.1,1.0,20,80,60,False,0,False,203320240,True,0.001,0.6612,False,-5.0,13.0,0.7692307692307693,,,,9,7.735746383666992,731.3536591529846
100,1.0,additive,0.98,0.1,1.0,20,80,60,False,0,False,2014744307,True,0.001,0.5798,False,-3.0,4.0,0.8955223880597015,,,,10,8.293647766113281,731.3536591529846
100,1.0,additive,0.98,0.1,1.0,20,80,60,False,0,False,825745863,True,0.001,0.6314,False,-5.0,15.0,0.75,,,,11,8.144567728042603,731.3536591529846
100,1.0,additive,0.98,0.1,1.0,20,80,60,False,0,False,489686282,True,0.001,0.659,False,0.0,5.0,0.9230769230769231,,,,12,7.72536301612854,731.3536591529846
100,1.0,additive,0.98,0.1,1.0,20,80,60,False,0,False,1547510373,True,0.001,0.5852,False,-3.0,20.0,0.7228915662650602,,,,13,7.817219495773315,731.3536591529846
100,1.0,additive,0.98,0.1,1.0,20,80,60,False,0,False,306791055,True,0.001,0.5953,False,-13.0,1.0,0.8108108108108109,,,,14,7.750889301300049,731.3536591529846
100,1.0,additive,0.98,0.1,1.0,20,80,60,False,0,False,2118215122,True,0.001,0.6347,False,-4.0,7.0,0.8450704225352113,,,,15,7.35622239112854,731.3536591529846
100,1.0,additive,0.98,0.1,1.0,20,80,60,False,0,False,929216678,True,0.001,0.6111,False,-11.0,18.0,0.6741573033707865,,,,16,7.444913148880005,731.3536591529846
100,1.0,additive,0.98,0.1,1.0,20,80,60,False,0,False,593157097,True,0.001,0.6768,False,-17.0,13.0,0.6666666666666666,,,,17,7.5623228549957275,731.3536591529846
100,1.0,additive,0.98,0.1,1.0,20,80,60,False,0,False,746321451,True,0.001,0.5958,False,0.0,13.0,0.821917808219178,,,,18,6.8013434410095215,731.3536591529846
100,1.0,additive,0.98,0.1,1.0,20,80,60,False,0,False,410261870,True,0.001,0.6261,False,-5.0,5.0,0.8571428571428571,,,,19,6.681910753250122,731.3536591529846
100,1.0,additive,0.98,0.1,1.0,20,80,60,False,0,False,1468085961,True,0.001,0.5541,False,-7.0,15.0,0.7317073170731707,,,,20,7.198388338088989,731.3536591529846
100,1.0,additive,0.98,0.1,1.0,20,80,60,False,0,False,1032687493,True,0.001,0.6284,False,-13.0,0.0,0.821917808219178,,,,21,6.990411758422852,731.3536591529846
100,1.0,additive,0.98,0.1,1.0,20,80,60,False,0,False,2038790710,True,0.001,0.6388,False,-5.0,14.0,0.759493670886076,,,,22,6.975621461868286,731.3536591529846
100,1.0,additive,0.98,0.1,1.0,20,80,60,False,0,False,849792266,True,0.001,0.6654,False,0.0,16.0,0.7894736842105263,,,,23,7.320101737976074,731.3536591529846
100,1.0,additive,0.98,0.1,1.0,20,80,60,False,0,False,513732685,True,0.001,0.6154,False,-9.0,0.0,0.8695652173913043,,,,24,7.174365043640137,731.3536591529846
100,1.0,additive,0.98,0.1,1.0,20,80,60,False,0,False,1571556776,True,0.001,0.6474,False,0.0,16.0,0.7894736842105263,,,,25,7.315028429031372,731.3536591529846
100,1.0,additive,0.98,0.1,1.0,20,80,60,False,0,False,330837458,True,0.001,0.6424,False,-2.0,2.0,0.9375,,,,26,7.150271892547607,731.3536591529846
100,1.0,additive,0.98,0.1,1.0,20,80,60,False,0,False,2142261525,True,0.001,0.6014,False,-4.0,1.0,0.9230769230769231,,,,27,6.980423450469971,731.3536591529846
100,1.0,additive,0.98,0.1,1.0,20,80,60,False,0,False,953263081,True,0.001,0.6495,False,-19.0,13.0,0.6521739130434783,,,,28,6.967415809631348,731.3536591529846
100,1.0,additive,0.98,0.1,1.0,20,80,60,False,0,False,617203500,True,0.001,0.6529,False,-2.0,19.0,0.7407407407407407,,,,29,6.860379934310913,731.3536591529846
100,1.0,additive,0.98,0.1,1.0,20,80,60,False,0,False,770367854,True,0.001,0.5939,False,-12.0,13.0,0.7058823529411765,,,,30,6.82252049446106,731.3536591529846
100,1.0,additive,0.98,0.1,1.0,20,80,60,False,0,False,434308273,True,0.001,0.6022,False,-9.0,14.0,0.7228915662650602,,,,31,7.136136054992676,731.3536591529846
100,1.0,additive,0.98,0.1,1.0,20,80,60,False,0,False,1392793477,True,0.001,0.6444,False,-5.0,17.0,0.7317073170731707,,,,32,7.146307945251465,731.3536591529846
100,1.0,additive,0.98,0.1,1.0,20,80,60,False,0,False,1056733896,True,0.001,0.6082,False,-2.0,9.0,0.8450704225352113,,,,33,7.391810894012451,731.3536591529846
100,1.0,additive,0.98,0.1,1.0,20,80,60,False,0,False,2062837113,True,0.001,0.6582,False,-20.0,17.0,0.6185567010309279,,,,34,7.618602752685547,731.3536591529846
100,1.0,additive,0.98,0.1,1.0,20,80,60,False,0,False,873838669,True,0.001,0.6206,False,-20.0,15.0,0.631578947368421,,,,35,6.951956748962402,731.3536591529846
100,1.0,additive,0.98,0.1,1.0,20,80,60,False,0,False,537779088,True,0.001,0.6161,False,0.0,18.0,0.7692307692307693,,,,36,7.297303676605225,731.3536591529846
100,1.0,additive,0.98,0.1,1.0,20,80,60,False,0,False,1496264292,True,0.001,0.5899,False,-20.0,2.0,0.7317073170731707,,,,37,7.4597344398498535,731.3536591529846
100,1.0,additive,0.98,0.1,1.0,20,80,60,False,0,False,1160204711,True,0.001,0.6534,False,-18.0,7.0,0.7058823529411765,,,,38,7.614733457565308,731.3536591529846
100,1.0,additive,0.98,0.1,1.0,20,80,60,False,0,False,1313369065,True,0.001,0.6025,False,-18.0,16.0,0.6382978723404256,,,,39,7.692580461502075,731.3536591529846
100,1.0,additive,0.98,0.1,1.0,20,80,60,False,0,False,977309484,True,0.001,0.6089,False,-20.0,0.0,0.75,,,,40,7.472689628601074,731.3536591529846
100,1.0,additive,0.98,0.1,1.0,20,80,60,False,0,False,641249903,True,0.001,0.6117,False,-2.0,15.0,0.7792207792207793,,,,41,7.923255205154419,731.3536591529846
100,1.0,additive,0.98,0.1,1.0,20,80,60,False,0,False,1599735107,True,0.001,0.6488,False,-20.0,7.0,0.6896551724137931,,,,42,7.561225414276123,731.3536591529846
100,1.0,additive,0.98,0.1,1.0,20,80,60,False,0,False,458354676,True,0.001,0.604,False,-10.0,0.0,0.8571428571428571,,,,43,6.793309450149536,731.3536591529846
100,1.0,additive,0.98,0.1,1.0,20,80,60,False,0,False,1416839880,True,0.001,0.6585,False,-19.0,18.0,0.6185567010309279,,,,44,7.698873281478882,731.3536591529846
100,1.0,additive,0.98,0.1,1.0,20,80,60,False,0,False,1080780299,True,0.001,0.6179,False,-2.0,9.0,0.8450704225352113,,,,45,7.937392711639404,731.3536591529846
100,1.0,additive,0.98,0.1,1.0,20,80,60,False,0,False,744720718,True,0.001,0.6044,False,0.0,1.0,0.9836065573770492,,,,46,8.182998418807983,731.3536591529846
100,1.0,additive,0.98,0.1,1.0,20,80,60,False,0,False,897885072,True,0.001,0.6199,False,-13.0,1.0,0.8108108108108109,,,,47,8.16248106956482,731.3536591529846
100,1.0,additive,0.98,0.1,1.0,20,80,60,False,0,False,561825491,True,0.001,0.5333,False,-1.0,0.0,0.9836065573770492,,,,48,7.960674285888672,731.3536591529846
100,1.0,additive,0.98,0.1,1.0,20,80,60,False,0,False,1520310695,True,0.001,0.6568,False,-13.0,17.0,0.6666666666666666,,,,49,8.180834293365479,731.3536591529846
100,1.0,additive,0.98,0.1,1.0,20,80,60,False,0,True,236410193,False,0.2507,-0.1537,,,,,,,,0,8.04176115989685,731.3536591529846
100,1.0,additive,0.98,0.1,1.0,20,80,60,False,0,True,1242513410,False,0.9301,-0.0837,,,,,,,,1,7.720672607421875,731.3536591529846
100,1.0,additive,0.98,0.1,1.0,20,80,60,False,0,True,53514966,False,0.2138,-0.1933,,,,,,,,2,6.952152729034424,731.3536591529846
100,1.0,additive,0.98,0.1,1.0,20,80,60,False,0,True,1864939033,False,0.7712,0.111,,,,,,,,3,7.053896903991699,731.3536591529846
100,1.0,additive,0.98,0.1,1.0,20,80,60,False,0,True,675940589,False,0.2937,-0.1495,,,,,,,,4,6.746342182159424,731.3536591529846
100,1.0,additive,0.98,0.1,1.0,20,80,60,False,0,True,1682043806,False,0.2667,0.1692,,,,,,,,5,7.166506767272949,731.3536591529846
100,1.0,additive,0.98,0.1,1.0,20,80,60,False,0,True,493045362,False,0.5524,-0.135,,,,,,,,6,6.925404071807861,731.3536591529846
100,1.0,additive,0.98,0.1,1.0,20,80,60,False,0,True,156985781,False,0.1029,0.2054,,,,,,,,7,7.385251522064209,731.3536591529846
100,1.0,additive,0.98,0.1,1.0,20,80,60,False,0,True,1968409848,True,0.037,0.2017,,,,,,,,8,7.288095474243164,731.3536591529846
100,1.0,additive,0.98,0.1,1.0,20,80,60,False,0,True,2121574202,False,0.3277,-0.1539,,,,,,,,9,6.911644458770752,731.3536591529846
100,1.0,additive,0.98,0.1,1.0,20,80,60,False,0,True,1785514621,False,0.8761,0.0872,,,,,,,,10,6.79416298866272,731.3536591529846
100,1.0,additive,0.98,0.1,1.0,20,80,60,False,0,True,596516177,False,0.0689,-0.2331,,,,,,,,11,6.791954278945923,731.3536591529846
100,1.0,additive,0.98,0.1,1.0,20,80,60,False,0,True,260456596,False,0.2288,-0.1844,,,,,,,,12,6.652191877365112,731.3536591529846
100,1.0,additive,0.98,0.1,1.0,20,80,60,False,0,True,1218941800,False,0.7453,0.1095,,,,,,,,13,6.750663995742798,731.3536591529846
100,1.0,additive,0.98,0.1,1.0,20,80,60,False,0,True,77561369,False,0.8621,-0.1067,,,,,,,,14,6.855804681777954,731.3536591529846
100,1.0,additive,0.98,0.1,1.0,20,80,60,False,0,True,1888985436,False,0.8651,-0.0983,,,,,,,,15,7.3704400062561035,731.3536591529846
100,1.0,additive,0.98,0.1,1.0,20,80,60,False,0,True,699986992,False,0.4705,-0.1244,,,,,,,,16,7.300391674041748,731.3536591529846
100,1.0,additive,0.98,0.1,1.0,20,80,60,False,0,True,363927411,False,0.3806,0.136,,,,,,,,17,7.24140191078186,731.3536591529846
100,1.0,additive,0.98,0.1,1.0,20,80,60,False,0,True,517091765,False,0.0729,-0.1932,,,,,,,,18,6.401373863220215,731.3536591529846
100,1.0,additive,0.98,0.1,1.0,20,80,60,False,0,True,181032184,False,0.3367,-0.1575,,,,,,,,19,6.697771072387695,731.3536591529846
100,1.0,additive,0.98,0.1,1.0,20,80,60,False,0,True,1139517388,False,0.5614,-0.1178,,,,,,,,20,6.890247344970703,731.3536591529846
100,1.0,additive,0.98,0.1,1.0,20,80,60,False,0,True,803457807,False,0.7662,-0.123,,,,,,,,21,6.665712833404541,731.3536591529846
100,1.0,additive,0.98,0.1,1.0,20,80,60,False,0,True,1809561024,False,0.7732,0.0859,,,,,,,,22,7.86654806137085,731.3536591529846
100,1.0,additive,0.98,0.1,1.0,20,80,60,False,0,True,620562580,False,0.9141,-0.0908,,,,,,,,23,8.055752992630005,731.3536591529846
100,1.0,additive,0.98,0.1,1.0,20,80,60,False,0,True,284502999,False,0.0749,-0.2139,,,,,,,,24,7.854863405227661,731.3536591529846
100,1.0,additive,0.98,0.1,1.0,20,80,60,False,0,True,1242988203,False,0.8392,0.1044,,,,,,,,25,7.7207887172698975,731.3536591529846
100,1.0,additive,0.98,0.1,1.0,20,80,60,False,0,True,101607772,False,0.8132,-0.1063,,,,,,,,26,7.487965822219849,731.3536591529846
100,1.0,additive,0.98,0.1,1.0,20,80,60,False,0,True,1913031839,False,0.2857,0.1591,,,,,,,,27,6.434514760971069,731.3536591529846
100,1.0,additive,0.98,0.1,1.0,20,80,60,False,0,True,724033395,False,0.1499,0.2009,,,,,,,,28,7.179780960083008,731.3536591529846
100,1.0,additive,0.98,0.1,1.0,20,80,60,False,0,True,387973814,False,0.984,-0.0704,,,,,,,,29,7.558705568313599,731.3536591529846
100,1.0,additive,0.98,0.1,1.0,20,80,60,False,0,True,541138168,False,0.2188,-0.19,,,,,,,,30,8.120533466339111,731.3536591529846
100,1.0,additive,0.98,0.1,1.0,20,80,60,False,0,True,205078587,False,0.7303,-0.1287,,,,,,,,31,7.941305637359619,731.3536591529846
100,1.0,additive,0.98,0.1,1.0,20,80,60,False,0,True,1163563791,False,0.8412,0.1028,,,,,,,,32,7.717484474182129,731.3536591529846
100,1.0,additive,0.98,0.1,1.0,20,80,60,False,0,True,827504210,False,0.7313,0.1177,,,,,,,,33,7.856902837753296,731.3536591529846
100,1.0,additive,0.98,0.1,1.0,20,80,60,False,0,True,1833607427,True,0.015,0.2501,,,,,,,,34,7.455228805541992,731.3536591529846
100,1.0,additive,0.98,0.1,1.0,20,80,60,False,0,True,644608983,False,0.4016,-0.1449,,,,,,,,35,7.380665302276611,731.3536591529846
100,1.0,additive,0.98,0.1,1.0,20,80,60,False,0,True,308549402,True,0.019,0.2541,,,,,,,,36,7.0715320110321045,731.3536591529846
100,1.0,additive,0.98,0.1,1.0,20,80,60,False,0,True,1267034606,False,0.6543,0.1297,,,,,,,,37,6.871922492980957,731.3536591529846
100,1.0,additive,0.98,0.1,1.0,20,80,60,False,0,True,930975025,False,0.7253,-0.1005,,,,,,,,38,6.750218391418457,731.3536591529846
100,1.0,additive,0.98,0.1,1.0,20,80,60,False,0,True,1084139379,False,0.5245,-0.1347,,,,,,,,39,6.751889228820801,731.3536591529846
100,1.0,additive,0.98,0.1,1.0,20,80,60,False,0,True,748079798,True,0.027,-0.2773,,,,,,,,40,6.970981121063232,731.3536591529846
100,1.0,additive,0.98,0.1,1.0,20,80,60,False,0,True,412020217,False,0.0619,0.2009,,,,,,,,41,7.251595497131348,731.3536591529846
100,1.0,additive,0.98,0.1,1.0,20,80,60,False,0,True,1370505421,False,0.5165,-0.1322,,,,,,,,42,7.06872820854187,731.3536591529846
100,1.0,additive,0.98,0.1,1.0,20,80,60,False,0,True,229124990,False,0.997,0.0557,,,,,,,,43,7.228656768798828,731.3536591529846
100,1.0,additive,0.98,0.1,1.0,20,80,60,False,0,True,1187610194,False,0.7463,-0.1112,,,,,,,,44,7.435173511505127,731.3536591529846
100,1.0,additive,0.98,0.1,1.0,20,80,60,False,0,True,851550613,False,0.4585,-0.1283,,,,,,,,45,6.6936633586883545,731.3536591529846
100,1.0,additive,0.98,0.1,1.0,20,80,60,False,0,True,515491032,False,0.8921,-0.0951,,,,,,,,46,6.90915584564209,731.3536591529846
100,1.0,additive,0.98,0.1,1.0,20,80,60,False,0,True,668655386,False,0.2937,0.138,,,,,,,,47,7.168894052505493,731.3536591529846
100,1.0,additive,0.98,0.1,1.0,20,80,60,False,0,True,332595805,False,0.1299,0.1876,,,,,,,,48,7.9229185581207275,731.3536591529846
100,1.0,additive,0.98,0.1,1.0,20,80,60,False,0,True,1291081009,False,0.3506,0.1497,,,,,,,,49,7.37207293510437,731.3536591529846
100,1.0,additive,1.0,0.1,1.0,20,80,60,False,0,False,1591323111,True,0.001,0.669,False,-13.0,12.0,0.7058823529411765,,,,0,7.9035727977752686,757.5868420600891
100,1.0,additive,1.0,0.1,1.0,20,80,60,False,0,False,1255263530,True,0.001,0.6436,False,-1.0,15.0,0.7894736842105263,,,,1,7.588330984115601,757.5868420600891
100,1.0,additive,1.0,0.1,1.0,20,80,60,False,0,False,1408427884,True,0.001,0.6633,False,-19.0,1.0,0.75,,,,2,7.4788219928741455,757.5868420600891
100,1.0,additive,1.0,0.1,1.0,20,80,60,False,0,False,1072368303,True,0.001,0.6344,False,-12.0,2.0,0.8108108108108109,,,,3,7.481706619262695,757.5868420600891
100,1.0,additive,1.0,0.1,1.0,20,80,60,False,0,False,736308722,True,0.001,0.6471,False,-16.0,12.0,0.6818181818181818,,,,4,7.152884483337402,757.5868420600891
100,1.0,additive,1.0,0.1,1.0,20,80,60,False,0,False,1694793926,True,0.001,0.6476,False,-13.0,17.0,0.6666666666666666,,,,5,7.833248138427734,757.5868420600891
100,1.0,additive,1.0,0.1,1.0,20,80,60,False,0,False,1358734345,True,0.001,0.6476,False,-19.0,19.0,0.6122448979591837,,,,6,7.562488317489624,757.5868420600891
100,1.0,additive,1.0,0.1,1.0,20,80,60,False,0,False,1511898699,True,0.001,0.5455,False,0.0,10.0,0.8571428571428571,,,,7,7.970534563064575,757.5868420600891
100,1.0,additive,1.0,0.1,1.0,20,80,60,False,0,False,1175839118,True,0.001,0.6396,False,-19.0,18.0,0.6185567010309279,,,,8,7.490366697311401,757.5868420600891
100,1.0,additive,1.0,0.1,1.0,20,80,60,False,0,False,2134324322,True,0.001,0.6046,False,0.0,9.0,0.8695652173913043,,,,9,7.4982383251190186,757.5868420600891
100,1.0,additive,1.0,0.1,1.0,20,80,60,False,0,False,1798264741,True,0.001,0.5714,False,-15.0,8.0,0.7228915662650602,,,,10,7.2363646030426025,757.5868420600891
100,1.0,additive,1.0,0.1,1.0,20,80,60,False,0,False,656884310,True,0.001,0.6128,False,-19.0,14.0,0.6451612903225806,,,,11,7.325116395950317,757.5868420600891
100,1.0,additive,1.0,0.1,1.0,20,80,60,False,0,False,1615369514,True,0.001,0.5964,False,-15.0,15.0,0.6666666666666666,,,,12,7.382520437240601,757.5868420600891
100,1.0,additive,1.0,0.1,1.0,20,80,60,False,0,False,1279309933,True,0.001,0.6496,False,-3.0,16.0,0.759493670886076,,,,13,7.500713586807251,757.5868420600891
100,1.0,additive,1.0,0.1,1.0,20,80,60,False,0,False,90311489,True,0.001,0.6236,False,0.0,6.0,0.9090909090909091,,,,14,7.2179436683654785,757.5868420600891
100,1.0,additive,1.0,0.1,1.0,20,80,60,False,0,False,1096414706,True,0.001,0.6775,False,-1.0,4.0,0.9230769230769231,,,,15,7.6147301197052,757.5868420600891
100,1.0,additive,1.0,0.1,1.0,20,80,60,False,0,False,2054899910,True,0.001,0.6233,False,-18.0,10.0,0.6818181818181818,,,,16,7.34195351600647,757.5868420600891
100,1.0,additive,1.0,0.1,1.0,20,80,60,False,0,False,1718840329,True,0.001,0.6206,False,-1.0,14.0,0.8,,,,17,7.095701217651367,757.5868420600891
100,1.0,additive,1.0,0.1,1.0,20,80,60,False,0,False,1382780748,True,0.001,0.6127,False,-1.0,20.0,0.7407407407407407,,,,18,7.106939315795898,757.5868420600891
100,1.0,additive,1.0,0.1,1.0,20,80,60,False,0,False,1535945102,True,0.001,0.6472,False,-12.0,15.0,0.6896551724137931,,,,19,7.4102630615234375,757.5868420600891
100,1.0,additive,1.0,0.1,1.0,20,80,60,False,0,False,1199885521,True,0.001,0.5915,False,-8.0,16.0,0.7142857142857143,,,,20,6.722794055938721,757.5868420600891
100,1.0,additive,1.0,0.1,1.0,20,80,60,False,0,False,10887077,True,0.001,0.6018,False,-2.0,11.0,0.821917808219178,,,,21,7.577725887298584,757.5868420600891
100,1.0,additive,1.0,0.1,1.0,20,80,60,False,0,False,1822311144,True,0.001,0.6391,False,-13.0,14.0,0.6896551724137931,,,,22,7.586584568023682,757.5868420600891
100,1.0,additive,1.0,0.1,1.0,20,80,60,False,0,False,680930713,True,0.001,0.6089,False,-1.0,19.0,0.75,,,,23,7.5793538093566895,757.5868420600891
100,1.0,additive,1.0,0.1,1.0,20,80,60,False,0,False,1639415917,True,0.001,0.5968,False,-5.0,9.0,0.8108108108108109,,,,24,7.291524171829224,757.5868420600891
100,1.0,additive,1.0,0.1,1.0,20,80,60,False,0,False,1303356336,True,0.001,0.6047,False,-19.0,2.0,0.7407407407407407,,,,25,7.38088321685791,757.5868420600891
100,1.0,additive,1.0,0.1,1.0,20,80,60,False,0,False,114357892,True,0.001,0.6922,False,-4.0,10.0,0.8108108108108109,,,,26,6.831382751464844,757.5868420600891
100,1.0,additive,1.0,0.1,1.0,20,80,60,False,0,False,1120461109,True,0.001,0.6182,False,-6.0,15.0,0.7407407407407407,,,,27,6.681291818618774,757.5868420600891
100,1.0,additive,1.0,0.1,1.0,20,80,60,False,0,False,2078946313,True,0.001,0.6009,False,-11.0,1.0,0.8333333333333334,,,,28,6.772768497467041,757.5868420600891
100,1.0,additive,1.0,0.1,1.0,20,80,60,False,0,False,1742886732,True,0.001,0.6885,False,-18.0,15.0,0.6451612903225806,,,,29,6.814696788787842,757.5868420600891
100,1.0,additive,1.0,0.1,1.0,20,80,60,False,0,False,1406827151,True,0.001,0.6097,False,0.0,2.0,0.967741935483871,,,,30,6.781386613845825,757.5868420600891
100,1.0,additive,1.0,0.1,1.0,20,80,60,False,0,False,217828707,True,0.001,0.6487,False,-7.0,13.0,0.75,,,,31,6.675656318664551,757.5868420600891
100,1.0,additive,1.0,0.1,1.0,20,80,60,False,0,False,1223931924,True,0.001,0.632,False,0.0,7.0,0.8955223880597015,,,,32,7.063884019851685,757.5868420600891
100,1.0,additive,1.0,0.1,1.0,20,80,60,False,0,False,34933480,True,0.001,0.5367,False,-4.0,0.0,0.9375,,,,33,7.2503509521484375,757.5868420600891
100,1.0,additive,1.0,0.1,1.0,20,80,60,False,0,False,1846357547,True,0.001,0.6667,False,-4.0,8.0,0.8333333333333334,,,,34,6.927452087402344,757.5868420600891
100,1.0,additive,1.0,0.1,1.0,20,80,60,False,0,False,657359103,True,0.001,0.5965,False,-16.0,2.0,0.7692307692307693,,,,35,7.387688159942627,757.5868420600891
100,1.0,additive,1.0,0.1,1.0,20,80,60,False,0,False,1663462320,True,0.001,0.5698,False,-10.0,10.0,0.75,,,,36,7.331052541732788,757.5868420600891
100,1.0,additive,1.0,0.1,1.0,20,80,60,False,0,False,1327402739,True,0.001,0.6078,False,-7.0,2.0,0.8695652173913043,,,,37,7.490541219711304,757.5868420600891
100,1.0,additive,1.0,0.1,1.0,20,80,60,False,0,False,138404295,True,0.001,0.6169,False,0.0,6.0,0.9090909090909091,,,,38,7.378522634506226,757.5868420600891
100,1.0,additive,1.0,0.1,1.0,20,80,60,False,0,False,1949828362,True,0.001,0.6618,False,-7.0,14.0,0.7407407407407407,,,,39,7.3350608348846436,757.5868420600891
100,1.0,additive,1.0,0.1,1.0,20,80,60,False,0,False,2102992716,True,0.001,0.6133,False,-16.0,17.0,0.6451612903225806,,,,40,7.545607089996338,757.5868420600891
100,1.0,additive,1.0,0.1,1.0,20,80,60,False,0,False,1766933135,True,0.001,0.6034,False,-2.0,3.0,0.9230769230769231,,,,41,7.427165985107422,757.5868420600891
100,1.0,additive,1.0,0.1,1.0,20,80,60,False,0,False,577934691,True,0.001,0.6516,False,-1.0,20.0,0.7407407407407407,,,,42,7.310719013214111,757.5868420600891
100,1.0,additive,1.0,0.1,1.0,20,80,60,False,0,False,241875110,True,0.001,0.6089,False,-2.0,3.0,0.9230769230769231,,,,43,7.9703497886657715,757.5868420600891
100,1.0,additive,1.0,0.1,1.0,20,80,60,False,0,False,1247978327,True,0.001,0.5546,False,-1.0,18.0,0.759493670886076,,,,44,8.806221723556519,757.5868420600891
100,1.0,additive,1.0,0.1,1.0,20,80,60,False,0,False,58979883,True,0.001,0.5835,False,-6.0,6.0,0.8333333333333334,,,,45,8.32391357421875,757.5868420600891
100,1.0,additive,1.0,0.1,1.0,20,80,60,False,0,False,1870403950,True,0.001,0.5613,False,-3.0,0.0,0.9523809523809523,,,,46,8.753636121749878,757.5868420600891
100,1.0,additive,1.0,0.1,1.0,20,80,60,False,0,False,681405506,True,0.001,0.6219,False,-18.0,17.0,0.631578947368421,,,,47,9.393458843231201,757.5868420600891
100,1.0,additive,1.0,0.1,1.0,20,80,60,False,0,False,1687508723,True,0.001,0.6402,False,-12.0,8.0,0.75,,,,48,8.85071873664856,757.5868420600891
100,1.0,additive,1.0,0.1,1.0,20,80,60,False,0,False,1351449142,True,0.001,0.6047,False,-20.0,19.0,0.6060606060606061,,,,49,7.91647481918335,757.5868420600891
100,1.0,additive,1.0,0.1,1.0,20,80,60,False,0,True,1362093425,False,0.2727,-0.1662,,,,,,,,0,7.452606201171875,757.5868420600891
100,1.0,additive,1.0,0.1,1.0,20,80,60,False,0,True,1026033844,False,0.7752,0.1006,,,,,,,,1,8.356902599334717,757.5868420600891
100,1.0,additive,1.0,0.1,1.0,20,80,60,False,0,True,1179198198,False,0.3756,0.1489,,,,,,,,2,7.316190958023071,757.5868420600891
100,1.0,additive,1.0,0.1,1.0,20,80,60,False,0,True,843138617,False,0.9161,0.0865,,,,,,,,3,7.452462673187256,757.5868420600891
100,1.0,additive,1.0,0.1,1.0,20,80,60,False,0,True,507079036,False,0.3177,-0.1901,,,,,,,,4,7.803331613540649,757.5868420600891
100,1.0,additive,1.0,0.1,1.0,20,80,60,False,0,True,1465564240,False,0.7862,-0.105,,,,,,,,5,8.553919792175293,757.5868420600891
100,1.0,additive,1.0,0.1,1.0,20,80,60,False,0,True,1129504659,False,0.5325,0.1473,,,,,,,,6,7.710533142089844,757.5868420600891
100,1.0,additive,1.0,0.1,1.0,20,80,60,False,0,True,1282669013,False,0.2807,0.1642,,,,,,,,7,7.598276138305664,757.5868420600891
100,1.0,additive,1.0,0.1,1.0,20,80,60,False,0,True,946609432,False,0.6753,-0.1256,,,,,,,,8,8.19062352180481,757.5868420600891
100,1.0,additive,1.0,0.1,1.0,20,80,60,False,0,True,1905094636,False,0.6204,-0.1144,,,,,,,,9,8.041486263275146,757.5868420600891
100,1.0,additive,1.0,0.1,1.0,20,80,60,False,0,True,1569035055,False,0.5245,-0.1348,,,,,,,,10,8.180672407150269,757.5868420600891
100,1.0,additive,1.0,0.1,1.0,20,80,60,False,0,True,328315737,False,0.3546,0.1513,,,,,,,,11,7.997891426086426,757.5868420600891
100,1.0,additive,1.0,0.1,1.0,20,80,60,False,0,True,1386139828,False,0.7562,0.1177,,,,,,,,12,7.545428037643433,757.5868420600891
100,1.0,additive,1.0,0.1,1.0,20,80,60,False,0,True,1050080247,False,0.5924,0.1239,,,,,,,,13,8.361966133117676,757.5868420600891
100,1.0,additive,1.0,0.1,1.0,20,80,60,False,0,True,2008565451,False,0.4066,0.136,,,,,,,,14,7.885430097579956,757.5868420600891
100,1.0,additive,1.0,0.1,1.0,20,80,60,False,0,True,767846133,False,0.7403,-0.1066,,,,,,,,15,7.250908851623535,757.5868420600891
100,1.0,additive,1.0,0.1,1.0,20,80,60,False,0,True,1825670224,False,0.0679,-0.2355,,,,,,,,16,6.856785297393799,757.5868420600891
100,1.0,additive,1.0,0.1,1.0,20,80,60,False,0,True,1489610643,False,0.1489,-0.1909,,,,,,,,17,7.194101333618164,757.5868420600891
100,1.0,additive,1.0,0.1,1.0,20,80,60,False,0,True,1153551062,False,0.2947,0.168,,,,,,,,18,7.747446537017822,757.5868420600891
100,1.0,additive,1.0,0.1,1.0,20,80,60,False,0,True,1306715416,False,0.5734,-0.1271,,,,,,,,19,7.361774921417236,757.5868420600891
100,1.0,additive,1.0,0.1,1.0,20,80,60,False,0,True,871316948,False,0.3796,-0.1413,,,,,,,,20,7.69517970085144,757.5868420600891
100,1.0,additive,1.0,0.1,1.0,20,80,60,False,0,True,1929141039,False,0.3966,0.1522,,,,,,,,21,8.097821474075317,757.5868420600891
100,1.0,additive,1.0,0.1,1.0,20,80,60,False,0,True,1593081458,False,0.8721,0.1026,,,,,,,,22,7.32442307472229,757.5868420600891
100,1.0,additive,1.0,0.1,1.0,20,80,60,False,0,True,352362140,False,0.5634,0.1332,,,,,,,,23,6.976129055023193,757.5868420600891
100,1.0,additive,1.0,0.1,1.0,20,80,60,False,0,True,1410186231,False,0.4955,-0.1293,,,,,,,,24,6.992504835128784,757.5868420600891
100,1.0,additive,1.0,0.1,1.0,20,80,60,False,0,True,1074126650,False,0.1858,0.1728,,,,,,,,25,7.020867586135864,757.5868420600891
100,1.0,additive,1.0,0.1,1.0,20,80,60,False,0,True,2032611854,False,0.05,-0.2558,,,,,,,,26,7.586238145828247,757.5868420600891
100,1.0,additive,1.0,0.1,1.0,20,80,60,False,0,True,791892536,False,0.2318,-0.1535,,,,,,,,27,7.377819538116455,757.5868420600891
100,1.0,additive,1.0,0.1,1.0,20,80,60,False,0,True,1849716627,False,0.1598,-0.1716,,,,,,,,28,7.722455739974976,757.5868420600891
100,1.0,additive,1.0,0.1,1.0,20,80,60,False,0,True,1513657046,False,0.8781,-0.0834,,,,,,,,29,8.261654615402222,757.5868420600891
100,1.0,additive,1.0,0.1,1.0,20,80,60,False,0,True,1177597465,False,0.5215,-0.1354,,,,,,,,30,7.938994407653809,757.5868420600891
100,1.0,additive,1.0,0.1,1.0,20,80,60,False,0,True,2136082669,False,0.7353,0.1139,,,,,,,,31,8.337729215621948,757.5868420600891
100,1.0,additive,1.0,0.1,1.0,20,80,60,False,0,True,895363351,False,0.0579,-0.2333,,,,,,,,32,8.05870509147644,757.5868420600891
100,1.0,additive,1.0,0.1,1.0,20,80,60,False,0,True,1953187442,False,0.4535,-0.1541,,,,,,,,33,7.557398319244385,757.5868420600891
100,1.0,additive,1.0,0.1,1.0,20,80,60,False,0,True,1617127861,False,0.0729,0.2511,,,,,,,,34,7.977696418762207,757.5868420600891
100,1.0,additive,1.0,0.1,1.0,20,80,60,False,0,True,428129417,False,0.4136,0.1604,,,,,,,,35,7.342302083969116,757.5868420600891
100,1.0,additive,1.0,0.1,1.0,20,80,60,False,0,True,1334893747,False,0.3047,0.1708,,,,,,,,36,7.345190763473511,757.5868420600891
100,1.0,additive,1.0,0.1,1.0,20,80,60,False,0,True,998834166,False,0.5874,0.1378,,,,,,,,37,7.1293044090271,757.5868420600891
100,1.0,additive,1.0,0.1,1.0,20,80,60,False,0,True,2056658257,False,0.5405,0.1148,,,,,,,,38,7.105990171432495,757.5868420600891
100,1.0,additive,1.0,0.1,1.0,20,80,60,False,0,True,1720598676,False,0.4885,0.1375,,,,,,,,39,7.138477087020874,757.5868420600891
100,1.0,additive,1.0,0.1,1.0,20,80,60,False,0,True,1873763030,False,0.8551,-0.1065,,,,,,,,40,7.1671061515808105,757.5868420600891
100,1.0,additive,1.0,0.1,1.0,20,80,60,False,0,True,1438364562,False,0.4296,0.1325,,,,,,,,41,7.826969861984253,757.5868420600891
100,1.0,additive,1.0,0.1,1.0,20,80,60,False,0,True,348705005,False,0.1369,0.1766,,,,,,,,42,8.269573211669922,757.5868420600891
100,1.0,additive,1.0,0.1,1.0,20,80,60,False,0,True,12645424,False,0.2627,0.1698,,,,,,,,43,7.8931427001953125,757.5868420600891
100,1.0,additive,1.0,0.1,1.0,20,80,60,False,0,True,919409754,False,0.4645,0.1266,,,,,,,,44,8.127017974853516,757.5868420600891
100,1.0,additive,1.0,0.1,1.0,20,80,60,False,0,True,1977233845,False,0.2208,0.1522,,,,,,,,45,8.142075300216675,757.5868420600891
100,1.0,additive,1.0,0.1,1.0,20,80,60,False,0,True,1541835377,False,0.0519,-0.2469,,,,,,,,46,7.109235048294067,757.5868420600891
100,1.0,additive,1.0,0.1,1.0,20,80,60,False,0,True,452175820,False,0.0769,-0.2147,,,,,,,,47,7.2895002365112305,757.5868420600891
100,1.0,additive,1.0,0.1,1.0,20,80,60,False,0,True,1358940150,False,0.6484,-0.1235,,,,,,,,48,7.9263060092926025,757.5868420600891
100,1.0,additive,1.0,0.1,1.0,20,80,60,False,0,True,1022880569,False,0.1059,-0.2211,,,,,,,,49,7.494664192199707,757.5868420600891
