arisa_frag,2000/8/17,2000/9/18,2000/10/9,2000/12/8,2001/1/16,2001/2/5,2001/3/19,2001/4/2,2001/5/9,2001/6/23,2001/6/29,2001/6/30,2001/7/27,2001/8/24,2001/9/28,2001/10/29,2001/11/19,2001/12/17,2002/1/14,2002/2/20,2002/3/15,2002/4/22,2002/5/20,2002/6/19,2002/7/11,2002/8/20,2002/9/11,2002/12/9,2003/1/15,2003/3/12,2003/5/5,2003/5/21,2003/6/17,2003/7/2,2003/8/14,2003/9/18,2003/10/22,2003/11/12,2003/12/16,2004/2/19,2004/3/17,2004/4/22,2004/5/19,2004/6/17,2004/7/14,2004/8/25,2004/9/22,2004/10/14,2004/11/17,2004/12/15,2005/3/16,2005/4/20,2005/5/4,2005/5/11,2005/6/14,2005/9/15,2005/10/20,2005/11/17,2006/1/18,2006/2/22,2006/3/29,2006/4/19,2006/6/20,2006/7/25,2006/8/24,2006/9/13,2006/10/15,2007/2/14,2007/4/4,2007/5/21,2007/6/15,2007/8/15,2007/9/20,2007/11/14,2007/12/17,2008/3/19,2008/4/22,2008/5/14,2008/6/18,2008/7/9,2008/8/20,2008/9/22,2008/10/20,2008/11/20,2008/12/11,2009/2/18,2009/4/23,2009/5/13,2009/6/18,2009/7/9,2009/7/10,2009/8/19,2009/9/24,2009/12/23,2010/1/28,2010/2/11,2010/3/24,2010/4/27,2010/5/17,2010/6/29,2010/7/21,
ARISA_1002.2,0,0,0,0,0,0,0,0,0,0,0,0,0,0,0,0,0,0,0,0,0,0,0,0,0,0,0,0,0,0,0,0,0,0,0,0,0,0,0,0,0,0,0,0,0,0,0,0,0,0,0,0,0,0,0,0,0,0,0,0,0,0,0,0,0,0,0,0,0,0,0,0,0,0,0,0,0,0,0,0,0,0,0,0,0,0,0,0,0,0,0,0,0,0,0,0,0,0.000586016,0,0,0,5.80214E-06
ARISA_1007.2,0,0,0,0,0,0.000746031,0,0.003062116,0.000574021,0,0,0,0.00149207,0,0,0,0,0,0,0,0,0,0,0,0,0,0,0,0,0,0.001694044,0,0,0,0,0,0,0,0,0,0,0,0,0,0,0,0,0,0,0,0,0,0,0,0,0,0,0,0,0,0,0,0,0,0,0,0,0,0,0,0,0,0,0,0,0,0,0,0,0,0,0,0,0,0,0,0,0,0,0,0,0,0,0,0,0,0,0,0,0,0,7.49335E-05
ARISA_1008.1,0,0,0,0,0,0,0,0,0,0,0,0,0,0,0,0,0,0,0,0,0,0,0,0,0,0,0,0,0,0,0,0,0,0,0,0,0,0,0,0,0,0,0,0,0,0,0,0,0,0,0,0,0,0.000578363,0,0,0,0,0,0,0,0,0,0,0,0,0,0,0.000591556,0,0,0,0,0,0,0.00101904,0.001102043,0,0,0,0,0,0,0,0,0,0,0,0,0,0,0,0,0,0,0,0,0,0,0,0,3.25842E-05
ARISA_1011.5,0,0,0,0,0,0,0,0,0,0,0,0,0,0,0,0,0,0,0,0,0,0,0,0,0,0,0,0,0,0,0,0,0,0,0,0,0,0,0,0,0,0,0,0,0,0,0,0,0,0,0,0,0,0.000555349,0,0,0,0,0,0,0.000675034,0.004270998,0,0,0,0,0,0,0.000587552,0,0,0,0.004258192,0,0,0,0,0.001770076,0,0,0,0,0,0,0,0,0,0,0,0,0,0,0,0,0,0,0,0,0,0,0,0.000119972
ARISA_1012,0,0,0,0,0,0,0,0,0,0,0,0,0,0,0,0,0,0,0,0,0,0,0,0,0,0,0,0,0,0,0,0,0,0,0,0,0,0,0,0,0,0,0,0,0,0,0,0,0,0,0,0,0,0,0,0,0,0,0,0,0,0,0,0,0,0,0,0,0.0005315,0,0,0,0,0,0,0,0,0,0,0,0,0,0,0,0,0,0,0,0,0,0,0,0,0,0,0,0,0.000655018,0,0,0,1.17477E-05
ARISA_1014.9,0,0,0,0,0,0,0,0,0,0,0.001472072,0,0,0,0,0,0,0,0,0,0,0,0,0,0,0,0,0,0,0,0,0,0,0,0,0,0,0,0,0,0,0,0,0,0,0,0,0,0,0,0,0,0,0,0,0,0,0,0,0,0.000581029,0.001111781,0,0,0,0,0,0,0,0,0,0,0,0,0,0,0,0,0,0,0,0,0,0,0,0,0,0,0,0,0,0,0,0,0,0,0,0,0,0,0,3.13355E-05
ARISA_1017.8,0,0,0,0,0,0,0,0,0,0,0,0,0,0,0,0,0,0,0,0,0,0,0,0,0,0,0,0,0,0,0,0,0,0,0,0,0,0,0,0,0,0,0,0,0,0,0,0,0,0,0,0,0,0,0,0,0,0,0.009826364,0,0,0,0,0,0,0,0,0,0,0,0,0,0,0,0,0,0,0,0,0,0,0,0,0,0,0,0,0,0,0,0,0,0,0,0,0,0,0,0,0,0,9.72907E-05
ARISA_1020.8,0,0,0,0,0,0,0,0,0,0,0,0,0,0,0,0,0,0,0,0,0,0,0,0,0,0,0,0,0,0,0,0,0,0,0,0,0,0,0,0,0,0,0,0,0,0,0,0,0,0,0,0,0,0,0,0,0,0,0.00404815,0,0,0,0,0,0,0.00028501,0.000763036,0,0,0,0,0,0,0,0,0,0,0,0,0,0,0,0,0,0,0,0,0,0,0,0,0,0,0,0,0,0,0,0,0,0,5.04574E-05
ARISA_1023.2,0,0,0,0,0,0,0,0,0,0,0,0,0,0,0,0,0,0,0,0,0,0,0,0,0,0,0,0,0,0,0,0,0,0,0,0,0,0,0,0,0,0,0,0,0,0,0,0,0,0,0,0,0,0,0,0,0,0,0.011318419,0,0,0.000943663,0,0,0,0,0.000583027,0,0,0,0,0,0,0,0,0,0,0,0,0,0,0,0,0,0,0,0,0,0,0,0,0,0,0,0,0,0,0,0,0,0,0.000127179
ARISA_1025,0,0,0,0,0,0,0,0,0,0,0,0,0,0,0,0,0,0,0,0,0,0,0,0,0,0,0,0,0,0,0,0,0,0,0,0,0,0,0,0,0,0,0,0,0,0,0,0,0,0,0,0,0,0,0,0,0,0,0.007276269,0,0,0,0,0.000530025,0,0,0,0,0,0,0,0,0,0,0,0,0,0,0,0,0,0,0,0,0,0,0,0,0,0,0,0,0,0,0,0,0,0,0,0,0,7.729E-05
ARISA_1026.9,0,0,0,0,0,0,0,0,0,0,0,0,0,0,0,0,0,0,0,0,0,0,0,0,0,0,0,0,0,0,0,0,0,0,0,0,0,0,0,0,0,0,0,0,0,0,0,0,0,0,0,0,0,0,0,0,0,0,0,0,0,0.000590415,0,0.000537025,0,0,0,0,0,0,0,0,0,0,0,0,0,0,0,0,0,0,0,0,0,0,0,0,0,0,0,0,0,0,0,0,0,0,0,0,0,1.11628E-05
ARISA_1030.5,0,0,0,0,0,0.002548105,0,0.001398053,0,0,0,0,0,0,0,0,0,0,0.000640029,0,0,0.001415044,0,0,0,0,0,0,0,0,0,0,0,0,0,0,0,0,0,0,0,0,0,0,0,0,0,0,0,0,0,0,0,0,0,0,0,0,0,0,0,0,0,0,0,0,0,0,0,0,0,0,0,0,0,0,0,0,0,0,0,0,0,0,0,0,0,0,0,0,0,0,0,0,0,0,0,0,0,0,0,5.94181E-05
ARISA_1035.2,0,0,0,0,0,0,0,0.000864033,0,0,0,0,0,0,0,0,0,0,0,0,0,0.005322165,0.00055602,0,0.00054402,0.002678107,0,0,0,0,0,0,0.000652022,0,0,0,0,0,0,0.001060053,0,0,0,0,0,0,0,0,0,0,0,0,0,0,0,0.001872103,0,0,0,0,0.001078054,0,0,0,0,0,0,0,0,0,0,0,0,0,0,0,0.002706106,0,0,0,0,0,0,0,0,0,0,0,0,0,0,0,0,0,0,0,0,0,0,0,0,0.000171611
ARISA_1037.7,0,0,0,0,0,0,0,0,0,0,0,0,0,0,0,0,0,0,0,0,0,0.000853026,0,0,0,0.000850034,0,0,0,0,0,0,0,0,0,0,0,0,0,0.000767038,0,0,0,0,0,0,0,0,0,0,0,0,0.000752021,0,0.000883034,0.001781098,0,0,0,0,0.00160408,0.001005706,0,0,0,0,0,0,0.000912858,0,0.000584032,0,0,0,0,0,0.003089121,0,0,0,0,0,0,0,0,0,0,0,0,0,0,0,0,0,0,0,0,0,0,0,0,0.000129525
ARISA_1040,0,0,0,0,0,0,0,0,0,0,0,0,0,0,0,0,0,0,0,0,0,0.003105096,0,0,0,0,0,0,0,0,0,0,0,0,0,0,0,0,0,0,0,0,0,0,0,0,0,0,0,0,0.000996452,0.00113585,0.000615017,0,0,0,0,0,0,0,0.002539127,0,0,0,0,0,0,0,0.000597562,0,0.00145508,0,0,0,0,0.000963038,0.006078237,0,0,0,0,0,0,0,0,0,0,0,0,0,0,0,0,0,0,0,0,0,0,0,0,0.000173123
ARISA_1043.1,0,0,0,0,0,0,0,0,0,0.001679067,0,0,0,0,0.000642027,0,0,0,0,0,0,0,0,0,0,0,0,0,0,0,0,0,0,0,0,0,0,0,0,0,0,0,0,0,0,0,0,0,0,0,0.000793156,0.004626461,0,0,0,0,0,0,0,0,0.001220061,0,0,0,0,0,0,0,0,0,0,0,0,0,0,0.002000078,0.001508059,0,0,0,0,0,0,0,0,0,0,0,0,0,0,0,0,0,0,0,0,0,0,0,0,0.000123455
ARISA_1048.2,0,0,0.001027042,0,0.006978293,0.007240297,0.005465219,0,0,0.003273131,0,0.001440068,0,0,0.002677112,0.000592024,0.002891133,0,0.000700032,0,0,0.004028125,0,0,0.000592022,0,0,0,0,0,0,0,0,0,0,0.000588016,0,0.002013087,0,0,0,0,0,0,0.001393057,0,0,0,0,0,0.0006179,0.002225665,0,0,0,0.003123172,0,0,0,0,0.000626031,0,0,0,0,0,0,0,0,0,0,0,0,0,0,0.000627025,0,0,0,0,0,0,0,0,0,0,0,0,0,0,0,0,0,0,0,0,0,0,0,0,0,0.00047642
ARISA_1053.2,0.004708198,0.019893716,0.008130333,0.009090373,0.005856246,0.005256216,0.006878275,0.000590022,0,0.005454218,0,0.001252059,0,0,0.002694113,0.001110044,0.003767173,0,0.000996045,0.00074603,0,0.015570483,0,0,0.004197155,0.011710468,0,0,0,0.000720027,0,0,0.005707188,0.013573434,0,0.002241061,0,0.006992301,0.00935543,0,0,0,0.008966413,0,0.004358179,0.000623022,0,0,0,0.000749033,0,0.001799346,0,0,0.00307112,0.004554251,0.009575402,0,0,0.001216065,0,0,0,0.004741223,0.004793192,0.009471841,0.000618029,0,0,0,0.008871488,0.03815245,0,0.013841595,0,0,0,0,0,0,0,0,0,0,0.003763113,0.000670024,0,0,0,0,0,0,0,0,0,0,0,0,0,0,0.000708037,0.002643905
ARISA_1056.1,0,0.005032181,0,0,0,0,0.001688068,0,0,0,0,0,0,0,0,0,0,0,0,0,0,0,0,0,0,0.000788032,0,0,0,0.000681026,0,0,0.001233041,0,0,0.001239034,0,0,0,0,0,0,0.001103051,0,0.000751031,0,0,0,0,0,0,0,0,0,0.000900035,0.000775043,0.002974125,0,0,0.001209064,0,0,0,0.002869135,0.002525101,0.005319692,0,0,0.001358277,0,0.003074169,0,0,0.002110091,0,0,0,0,0,0,0,0,0,0,0.00501215,0,0,0,0,0,0,0,0,0.000647027,0,0,0,0,0,0,0,0.000408806
ARISA_1056.8,0,0,0,0,0,0,0,0,0,0,0,0.00063503,0,0,0,0,0,0,0,0,0,0.000839026,0,0,0,0,0,0,0,0,0,0,0,0,0,0,0,0,0,0,0,0,0,0,0,0,0,0,0,0,0,0,0,0,0,0,0,0,0,0,0,0,0,0,0.000532021,0,0,0,0,0,0.000873048,0.001726066,0,0,0,0,0,0,0,0,0,0,0,0,0,0,0,0,0,0,0,0,0,0,0,0,0,0,0,0,0,4.5596E-05
ARISA_1061.5,0,0,0,0,0,0,0,0,0,0,0,0,0,0,0,0,0,0,0,0,0,0,0,0,0,0,0,0,0,0,0,0,0,0.001727055,0,0,0,0,0,0,0,0,0,0,0,0,0,0,0,0,0,0,0,0,0,0,0.005096214,0,0,0,0,0,0,0.002580121,0.000796032,0.000579521,0,0,0,0,0.003522194,0.014383547,0.000587026,0.004763205,0,0,0,0,0,0,0,0,0,0,0,0,0,0,0,0,0,0,0,0,0,0,0,0,0,0,0,0.000336979
ARISA_1064.1,0,0,0,0,0,0,0,0,0,0,0,0,0,0,0,0,0,0,0,0,0,0,0,0,0,0,0,0,0,0,0,0,0,0,0,0,0,0,0,0,0,0,0,0,0,0,0,0,0,0,0,0,0,0,0.000867034,0,0.001860078,0,0,0,0,0,0,0,0,0,0,0,0,0,0.000592033,0,0,0.00115705,0,0,0,0,0,0,0,0,0,0,0,0,0,0,0,0,0,0,0,0,0,0,0,0,0,0,0,4.43188E-05
ARISA_1067.4,0,0,0,0,0,0,0,0,0,0,0,0,0,0,0,0,0,0,0,0,0,0,0,0,0,0,0,0,0,0,0,0,0,0,0,0,0,0,0,0,0,0,0,0,0,0,0,0,0,0,0,0,0,0,0,0,0,0,0,0,0,0,0,0,0,0,0,0,0,0,0,0.003138119,0,0,0,0,0,0,0,0,0,0,0,0,0,0,0,0,0,0,0,0,0,0,0,0,0,0,0,0,0,3.10705E-05
ARISA_1083.3,0,0,0.000551023,0,0,0,0,0,0,0,0,0,0,0,0,0,0,0,0,0,0,0,0,0,0,0,0,0,0,0,0,0,0,0,0,0,0,0,0,0,0,0,0,0,0,0,0,0,0,0,0,0,0,0,0,0,0,0,0,0,0,0,0,0,0,0,0,0,0,0,0,0,0,0,0,0,0,0,0,0,0,0,0,0,0,0,0,0,0,0,0,0,0,0,0,0,0,0,0,0,0,5.45567E-06
ARISA_1090.8,0,0,0,0,0,0,0,0,0,0,0,0,0,0,0,0,0,0,0,0,0,0,0,0.000890037,0,0,0,0,0,0,0,0,0,0,0,0,0,0,0,0,0,0,0,0,0,0,0,0,0,0,0,0,0,0,0,0,0,0,0,0,0,0,0,0,0,0,0,0,0,0,0,0,0,0,0,0,0,0,0,0,0,0,0,0,0,0,0,0,0,0,0,0,0,0,0,0,0,0.000634018,0,0,0,1.50897E-05
ARISA_1095.8,0,0,0,0,0,0,0,0,0,0,0,0,0,0,0,0,0,0,0,0,0,0,0,0,0,0,0,0,0,0,0,0,0,0,0,0,0,0,0.001065049,0,0,0,0,0,0,0,0,0,0,0,0,0,0,0,0,0,0,0,0,0,0,0,0,0,0,0,0,0,0,0,0,0,0,0,0,0,0,0,0,0,0,0,0,0,0,0,0,0,0,0,0,0,0,0,0,0,0,0,0,0,0,1.0545E-05
ARISA_1110.6,0,0,0,0,0,0,0,0,0,0,0,0,0,0,0,0,0,0,0,0,0,0,0,0,0,0,0,0,0,0,0,0,0,0,0.000702015,0,0,0,0,0,0,0,0,0,0,0,0,0,0,0,0,0,0,0,0,0,0,0,0,0,0,0,0,0,0,0,0,0,0,0,0,0,0,0,0,0,0,0,0,0,0,0,0,0,0,0,0,0,0,0,0,0,0,0,0,0,0,0,0,0,0,6.95064E-06
ARISA_1114.6,0,0,0,0,0,0,0,0,0,0,0,0,0,0,0,0,0,0,0,0,0,0,0,0.000744031,0,0,0,0,0,0,0,0,0,0,0,0,0,0,0,0,0,0,0,0,0,0,0,0,0,0,0,0,0,0,0,0,0,0,0,0,0,0,0,0,0,0,0,0,0,0,0,0,0,0,0,0,0,0,0,0,0,0,0,0,0,0,0,0,0,0,0,0,0,0,0,0,0,0,0,0,0,7.36664E-06
ARISA_1118.6,0,0,0,0,0,0,0,0,0,0,0,0,0,0,0,0,0,0,0,0,0,0,0,0,0,0,0,0,0,0,0,0,0,0,0,0,0,0,0,0,0,0,0,0,0,0,0,0,0,0,0,0,0,0,0,0,0,0,0,0,0,0,0,0,0,0,0,0,0,0,0,0,0,0,0,0,0,0,0,0,0,0,0,0,0,0,0,0,0,0,0,0,0,0,0,0,0,0,0,0.000593014,0,5.87143E-06
ARISA_1123.6,0,0,0,0,0,0,0,0.004574174,0,0,0,0,0,0,0,0,0,0,0,0,0,0,0,0,0,0,0,0,0,0,0,0,0,0,0,0,0,0,0,0,0,0,0,0,0,0,0,0,0,0,0,0,0,0,0,0,0,0,0,0,0,0,0,0,0,0,0,0,0,0,0,0,0,0,0,0,0,0,0,0,0,0,0,0,0,0,0,0,0,0,0,0,0,0,0,0,0,0,0,0,0.000674035,5.19625E-05
ARISA_1127.2,0,0,0,0,0,0,0,0.001383053,0,0,0,0,0,0,0,0,0,0,0,0,0,0,0,0,0,0,0,0,0,0.001090041,0,0,0,0,0,0,0,0,0,0.00140807,0,0,0,0,0,0,0,0,0,0,0,0,0,0,0,0.00127807,0,0,0,0,0,0,0,0,0,0,0,0,0,0,0,0,0,0,0,0,0.001299051,0,0,0,0,0,0,0,0,0,0,0,0,0,0,0,0,0,0,0,0,0,0,0,0,6.39434E-05
ARISA_1130.1,0,0,0,0,0,0,0,0.001514058,0,0,0,0,0,0,0,0,0,0,0,0,0,0,0,0,0,0,0,0,0,0,0,0,0,0,0,0,0,0,0.000801037,0.002068103,0,0,0,0,0,0,0,0,0,0,0.002788062,0.007456578,0,0.000555349,0,0.000776043,0,0,0,0,0.008530427,0.023697636,0,0,0,0,0,0,0,0,0,0.000541021,0.000677031,0,0,0,0,0,0,0,0,0,0,0,0,0,0,0,0,0,0,0,0,0,0,0,0,0,0,0,0,0.000489162
ARISA_1134.1,0,0,0,0,0,0,0,0,0,0,0,0,0,0,0,0,0,0,0,0,0,0,0,0,0,0,0,0,0,0.001069041,0,0,0,0,0,0,0,0,0,0.002359118,0,0,0,0,0,0,0,0,0,0,0.003161607,0.006426807,0.000830023,0.001967235,0,0.000640035,0,0,0,0,0.001296065,0,0,0,0,0,0,0,0.003683463,0,0,0,0,0,0,0,0,0,0,0,0,0,0,0,0,0,0,0,0,0,0,0,0,0,0,0,0,0,0,0,0,0.000212212
ARISA_1137.1,0,0,0,0,0,0,0,0,0,0,0,0,0,0,0,0,0,0,0,0,0,0,0,0,0,0,0,0,0,0,0,0,0,0,0,0,0,0,0,0,0,0,0,0,0,0,0,0,0,0,0.001819651,0.00094871,0,0,0,0,0,0,0,0,0,0,0,0,0,0,0,0,0,0,0,0,0.000530024,0,0,0,0,0,0,0,0,0,0,0,0,0,0,0,0,0,0,0,0,0,0,0,0,0,0,0,0,3.26573E-05
ARISA_1138,0,0,0,0,0,0,0,0,0,0,0,0,0,0,0,0,0,0,0,0,0,0,0,0,0,0,0,0,0,0,0,0,0,0,0,0,0,0,0,0,0,0,0,0,0,0,0,0,0,0,0,0.00185839,0,0,0,0,0,0,0,0,0.002262113,0.002359657,0,0,0,0,0,0,0,0,0,0,0,0,0,0,0,0,0,0,0,0,0,0,0,0,0,0,0,0,0,0,0,0,0,0,0,0,0.000639017,0,0,7.04869E-05
ARISA_1140.6,0,0,0,0,0,0,0,0,0,0,0,0,0,0,0,0,0,0,0,0,0,0,0,0,0,0,0,0,0,0,0,0,0,0,0,0,0,0,0,0,0,0,0,0,0,0,0,0,0,0,0,0.000851637,0,0.000671422,0,0,0,0,0,0,0,0.001489045,0,0,0,0,0,0,0,0,0,0,0,0,0,0,0,0,0,0,0,0,0,0,0,0,0,0,0,0,0,0,0,0,0,0,0,0,0,0,0,2.98228E-05
ARISA_1145.6,0,0,0,0,0,0,0,0,0,0,0,0,0,0,0,0,0,0,0,0,0,0,0,0,0,0,0,0,0,0,0,0,0,0,0,0,0,0,0,0,0,0,0,0,0,0,0,0,0,0,0,0.001232922,0,0,0,0,0,0,0,0,0,0,0,0,0,0,0,0,0,0,0,0,0,0,0,0,0,0,0,0,0,0,0,0,0,0,0,0,0,0,0,0,0,0,0,0,0,0,0,0,0,1.22071E-05
ARISA_1149.3,0,0,0,0,0,0,0,0,0,0,0,0,0,0,0,0,0,0,0,0,0,0,0,0,0,0,0,0,0,0,0,0,0,0,0,0,0,0,0,0,0,0,0,0,0,0,0,0,0,0,0,0,0,0,0,0,0,0,0,0,0,0,0,0,0,0,0,0,0,0,0,0,0,0,0,0,0,0,0,0,0,0,0,0,0,0,0,0,0,0,0,0,0,0,0,0,0,0.001287036,0,0,0,1.27429E-05
ARISA_1158.6,0,0,0,0,0,0,0,0,0,0,0,0,0,0,0,0,0,0,0,0,0,0,0,0.000545022,0,0,0,0,0,0,0,0,0,0,0,0,0,0,0,0,0,0,0,0,0,0,0,0,0,0,0,0,0,0,0,0,0,0,0,0,0,0,0,0,0,0,0,0,0,0,0,0,0,0,0,0,0,0,0,0,0,0,0,0,0,0,0,0,0,0,0,0,0,0,0,0,0,0,0,0,0,5.39626E-06
ARISA_1159.7,0,0,0,0,0,0,0,0,0,0,0.00163608,0,0,0,0,0,0,0,0,0,0,0,0,0,0,0,0,0,0,0,0,0,0,0,0,0,0,0,0,0,0,0,0,0,0,0,0,0,0,0,0,0,0,0,0,0,0,0,0,0,0,0,0,0,0,0,0,0,0,0,0,0,0,0,0,0,0,0,0,0,0,0,0,0,0,0,0,0,0,0,0,0,0,0,0,0,0,0,0,0,0,1.61988E-05
ARISA_1163.6,0,0,0,0,0,0,0,0,0,0,0,0,0,0,0,0,0,0,0,0,0,0,0.000549019,0,0,0,0,0,0,0,0,0,0,0,0,0,0,0,0,0,0,0,0,0,0,0,0,0,0,0,0,0,0,0,0,0,0,0,0,0,0,0,0,0,0,0,0,0,0,0,0,0,0,0,0,0,0,0,0,0,0,0,0,0,0,0,0,0,0,0,0,0,0,0,0,0,0,0,0,0,0,5.43583E-06
ARISA_1171.4,0,0,0,0,0,0,0,0,0,0,0,0,0,0,0,0,0,0,0,0,0,0,0,0,0,0,0,0,0,0,0,0,0,0,0,0,0,0,0,0,0,0,0,0,0.000710029,0,0,0,0,0,0,0,0,0,0,0,0,0,0,0,0,0,0,0,0,0,0,0,0,0,0,0,0,0,0,0,0,0,0,0,0,0,0,0,0,0,0,0,0,0,0,0,0,0,0,0,0,0,0,0,0,7.02999E-06
ARISA_1176.4,0,0,0,0,0,0,0,0,0,0,0,0,0,0,0,0,0,0,0,0,0,0,0,0,0,0,0,0,0,0,0,0,0,0,0,0,0,0,0.000841039,0,0,0,0,0,0.002816116,0,0,0,0,0,0,0,0,0,0,0,0,0,0,0,0,0,0,0,0,0,0,0,0,0,0,0,0,0,0,0.000606024,0,0,0,0,0,0,0,0,0,0,0,0,0,0,0,0,0,0,0,0,0.000610021,0,0,0,0,4.82495E-05
ARISA_1181.1,0,0,0,0,0,0.006174253,0.000596024,0.024235921,0.016010576,0,0.00060103,0,0.002311109,0,0,0,0,0.002854094,0.00133806,0,0,0,0,0,0,0,0,0,0,0,0,0,0,0,0,0,0,0,0,0.00140107,0,0.002704108,0,0.003072163,0,0,0,0.000689031,0,0,0,0,0,0,0,0,0,0,0,0,0,0.000684481,0,0,0,0,0,0,0,0,0,0,0,0,0,0,0,0,0,0,0,0,0,0,0,0,0,0,0,0,0,0,0,0,0,0,0,0,0,0,0.001471077,0.000635079
ARISA_1181.7,0,0,0,0,0,0,0,0,0,0,0,0,0,0,0,0,0,0,0,0,0,0,0,0,0,0,0,0,0,0,0.000665017,0,0,0,0,0,0,0,0,0.00360318,0,0,0,0,0.005634231,0,0,0.000768035,0,0,0,0,0,0,0,0,0,0,0,0,0,0,0,0,0,0,0,0,0,0,0,0,0,0,0,0,0,0,0,0,0,0,0,0,0,0,0,0,0,0,0,0,0,0,0,0,0,0,0,0,0,0.000105648
ARISA_1185.8,0,0,0,0,0,0.004241174,0,0.005908225,0.0083403,0,0,0,0.002230105,0.001873075,0,0,0,0.000526017,0.000685031,0,0,0.000598019,0,0,0,0,0.001442046,0,0,0.065964507,0.002188057,0,0,0,0,0,0,0,0.032778508,0.003840192,0,0.017533701,0,0.004317229,0.001836075,0,0,0.003402153,0,0,0.004109988,0,0,0,0,0.004344239,0,0,0,0.001411075,0.024551228,0,0,0,0,0,0,0,0.01210638,0,0,0,0.003420154,0,0,0.002452096,0.128669018,0.000557024,0,0,0,0,0,0.005929243,0,0,0,0,0,0,0,0,0,0,0.001923083,0.001568069,0,0,0,0,0.000891046,0.003461753
ARISA_1186.7,0,0,0,0,0,0,0,0.000947036,0.000636023,0,0,0,0.00064503,0,0,0,0,0,0,0,0,0,0,0,0,0,0,0,0,0.005211198,0.001086028,0,0,0,0,0,0,0,0,0.002417121,0,0,0,0.00094605,0,0,0,0,0,0,0,0,0,0,0,0,0,0,0,0,0,0.019727849,0,0,0,0,0,0,0,0,0,0,0,0,0,0,0.0897535,0,0,0,0,0,0,0,0,0,0,0,0,0,0,0,0,0,0,0,0,0,0,0,0,0.001201682
ARISA_1187.7,0,0,0,0,0,0,0,0,0,0,0,0,0,0,0,0,0,0.001257042,0,0,0,0,0,0,0,0,0,0,0,0,0,0,0,0,0,0,0,0,0,0.000706035,0,0,0,0,0,0,0,0,0,0,0.007711235,0.017128812,0,0.007094455,0,0.001905105,0,0,0,0,0.019772989,0,0,0,0,0,0,0,0.007726263,0,0,0,0.003511158,0,0,0,0,0,0,0,0,0,0,0,0,0,0,0,0,0,0,0,0,0,0.005330229,0.001618071,0,0,0,0,0,0.000730311
ARISA_1191,0,0,0,0,0,0,0,0,0.000596022,0,0,0,0,0.001226049,0,0,0,0,0,0,0,0,0,0,0,0,0,0,0,0,0.000620016,0,0,0,0,0,0,0,0,0.002111106,0,0.004047162,0,0,0,0,0,0,0,0,0.004767947,0.008394279,0.001099031,0.006508087,0,0.003613199,0,0,0,0.001295069,0,0.009881937,0,0,0,0,0,0,0.001270194,0,0,0,0.003924177,0,0,0.001691066,0,0.000618027,0.00065803,0,0,0,0,0.003552146,0,0,0,0,0,0,0,0,0.000835037,0,0.006031259,0.005596246,0,0,0,0,0,0.000676595
ARISA_1192.4,0,0,0,0,0,0,0,0,0,0,0.000659032,0,0,0,0,0,0,0,0,0,0,0,0,0,0,0,0,0,0,0,0,0,0,0,0,0,0,0,0,0,0,0,0,0,0,0,0,0,0,0,0,0.001556164,0,0,0,0.000747041,0,0,0,0,0.005524276,0.002224562,0,0,0,0,0,0,0,0,0,0,0,0,0,0,0,0.000603026,0,0,0,0,0,0.002253092,0,0,0,0,0,0,0,0,0,0,0.005057218,0.000734032,0,0,0,0,0,0.000191668
ARISA_1194.3,0,0,0,0,0,0,0,0,0,0,0,0,0,0,0,0,0,0,0,0,0,0,0,0,0,0,0,0,0,0,0,0,0,0,0,0,0,0,0,0,0,0,0,0,0,0,0,0,0,0,0,0,0,0.000829521,0,0,0,0,0,0,0.005872294,0.003484446,0,0,0,0,0,0,0.003714492,0,0,0,0.001596072,0,0,0,0,0.000567024,0,0,0,0,0,0.002084085,0,0,0,0,0,0,0,0,0,0,0.001364059,0,0,0,0,0,0,0.000193188
ARISA_1195.5,0,0,0,0,0,0,0,0,0,0,0,0,0,0,0,0,0,0,0,0,0,0,0,0,0,0,0,0,0,0,0,0,0,0,0,0,0,0,0,0,0,0,0,0,0,0,0,0,0,0,0.003272768,0,0,0.000701441,0,0,0,0,0,0,0,0,0,0,0,0,0,0,0.001770664,0,0,0,0,0,0,0,0,0,0,0,0,0,0,0,0,0,0,0,0,0,0,0,0,0,0,0,0,0,0,0,0,5.68799E-05
ARISA_1197.4,0,0,0,0,0,0,0,0,0,0,0.001110054,0,0,0,0,0,0,0,0,0,0,0,0,0,0,0,0,0,0,0,0,0,0,0,0,0,0,0,0,0,0,0,0,0,0,0,0,0,0,0,0.000817191,0.00359669,0,0.000679427,0,0.001709094,0,0,0,0,0,0.003714608,0,0,0,0,0,0,0,0,0,0,0.001204054,0,0,0,0,0,0,0,0,0,0,0,0,0,0,0,0,0,0,0,0,0,0,0,0,0,0,0,0,0.000127041
ARISA_1199.7,0,0,0,0,0,0,0,0,0,0,0,0,0,0,0,0,0,0,0,0,0,0,0,0,0,0,0,0,0,0,0,0,0,0,0,0,0,0,0,0,0,0,0,0,0,0,0,0,0,0,0,0.005383027,0,0.002922836,0,0,0,0,0,0,0,0,0,0,0,0,0,0,0.002026905,0,0,0,0.000560025,0,0,0,0,0,0,0,0,0,0,0,0,0,0,0,0,0,0,0,0,0,0,0,0,0,0,0,0.001183062,0.000119563
ARISA_391.9,0,0,0,0,0,0,0,0,0,0,0,0,0,0,0,0,0,0,0,0,0,0,0,0,0,0,0,0,0,0,0,0,0,0,0,0,0,0.000543023,0,0,0,0,0,0,0,0,0,0,0,0,0,0,0,0,0,0,0.003353141,0,0,0,0,0,0,0,0,0,0,0,0,0,0,0,0,0,0,0,0,0,0,0,0.003357118,0,0,0,0,0,0,0,0,0,0,0,0,0,0,0,0,0,0,0,0,7.18147E-05
ARISA_392.9,0,0,0,0,0,0,0,0,0,0.000544022,0,0,0,0,0,0,0,0,0,0,0,0,0,0,0,0,0,0,0,0,0,0,0,0,0,0,0,0,0,0,0,0,0,0,0,0,0,0,0,0,0,0,0,0,0,0,0,0.001885057,0,0,0,0,0,0,0,0,0,0,0,0,0,0.001944074,0,0,0,0,0,0,0,0,0.000715025,0,0,0,0,0,0,0,0,0,0,0,0,0,0,0,0,0,0,0,0,0.000050378
ARISA_393.9,0,0,0,0,0,0,0,0,0,0,0,0,0.000863041,0,0,0,0,0,0,0,0,0,0,0,0,0,0,0,0,0,0,0,0,0,0,0,0,0,0,0,0,0,0,0,0,0,0,0,0,0,0,0,0,0,0,0,0,0,0,0,0,0,0,0,0,0,0,0,0,0,0,0,0,0,0,0,0,0,0,0,0,0,0,0,0,0,0,0,0,0,0,0,0,0,0,0,0,0,0,0,0,8.54496E-06
ARISA_395,0,0,0,0,0,0,0,0,0,0,0,0,0.000912043,0,0,0,0,0,0,0,0,0,0,0,0,0,0,0,0,0,0,0,0,0,0,0,0,0,0,0,0,0,0,0,0,0,0,0,0,0,0,0,0,0,0,0,0,0,0,0,0,0,0,0,0,0,0,0,0,0,0,0,0,0,0,0,0,0,0,0,0,0,0,0,0,0,0,0,0,0,0,0,0,0,0,0,0,0,0,0,0,9.03013E-06
ARISA_396,0,0,0,0,0,0,0,0,0,0,0,0,0.005279248,0,0,0,0,0,0,0,0,0,0,0,0,0,0,0,0,0,0,0,0,0,0,0,0,0,0,0,0,0,0,0,0,0,0,0,0,0,0,0,0,0,0,0,0,0,0,0,0,0,0,0,0,0,0,0,0,0,0,0,0,0,0,0,0,0,0,0,0,0,0,0,0,0,0,0,0,0,0,0,0,0,0,0,0,0,0,0,0,5.22698E-05
ARISA_397,0,0,0,0,0,0,0,0,0,0.001360054,0,0,0.001714081,0,0,0,0,0,0,0,0,0,0,0,0,0,0,0,0,0,0,0,0,0,0,0,0,0,0,0,0,0,0,0,0,0,0,0,0,0,0,0,0,0,0,0,0,0,0,0,0,0,0,0,0,0,0,0,0,0,0,0,0,0,0,0,0,0,0,0,0,0,0,0,0,0,0,0,0,0,0,0,0,0,0,0,0,0,0,0,0,3.0437E-05
ARISA_399.1,0,0,0,0,0,0,0,0,0,0,0,0,0,0,0,0,0,0,0,0,0,0,0,0,0,0,0,0,0,0,0,0,0,0,0,0,0,0,0,0,0,0,0,0,0,0,0,0,0,0,0,0,0,0,0,0,0.023655994,0,0,0,0,0,0,0,0,0,0,0,0,0,0,0,0,0,0,0,0,0,0,0,0,0,0,0,0,0,0,0,0,0,0,0,0,0.000589025,0,0,0,0,0,0,0,0.00024005
ARISA_400.2,0,0,0,0,0,0,0,0,0,0,0.000908045,0,0.001811085,0,0,0,0,0,0,0,0,0,0,0,0,0,0,0,0.00054203,0,0,0,0,0,0,0.00072302,0,0,0,0,0,0.000542022,0,0,0.000915038,0,0,0,0,0,0,0,0,0,0,0,0.017205723,0,0.001582059,0,0,0,0,0,0,0,0,0,0,0,0,0.000565022,0,0,0.000595027,0,0,0,0,0,0,0,0,0,0,0,0,0,0,0,0,0.002359052,0,0,0,0,0,0.001950055,0.002909076,0.002714065,0.000614032,0.000355796
ARISA_400.5,0,0,0,0,0,0,0,0,0,0,0.000992049,0.001890089,0,0,0,0,0,0,0,0,0,0,0,0,0,0.000784031,0,0,0,0,0,0,0,0,0,0,0,0,0,0,0,0,0,0,0,0,0,0,0,0,0,0,0,0,0,0,0,0,0,0,0,0,0,0,0,0,0,0,0,0,0,0,0,0,0,0,0,0,0,0,0,0,0,0.001975081,0,0,0,0,0,0,0,0,0,0,0,0,0,0.002014056,0,0,0.000905047,8.4756E-05
ARISA_401.5,0.013895584,0,0,0,0.009480398,0.018438756,0.006727269,0,0.000940034,0,0.003410167,0,0.002363111,0,0,0,0,0,0.015029676,0.01150246,0.011221393,0.008583266,0.008180286,0.005523227,0.01001037,0.025517021,0.031607011,0.023604039,0,0.001921073,0.000546014,0,0.00667522,0.019704631,0.052501103,0,0.018295586,0,0.016398754,0.002780139,0.008538333,0.006548262,0.009888455,0.019548036,0.014893611,0,0,0,0,0,0.00153023,0,0,0,0,0.017826981,0.036766544,0,0,0,0,0,0,0,0,0,0,0,0,0.007421267,0.057940187,0,0.000846038,0.029371263,0.024399122,0.030796201,0.001320052,0.010669459,0.005614253,0.051005887,0.090891181,0,0,0.007653314,0,0.007835282,0,0,0,0.031473353,0,0,0.001672074,0,0,0.010030441,0.005585196,0.007927222,0.011956311,0.073904774,0.010666555,0.009102737
ARISA_402.4,0.025073053,0.054626967,0.046235896,0.031520292,0.006999294,0,0.006181247,0.000685026,0.000847031,0.025804032,0.000881043,0.005983281,0.001986093,0.032548302,0.028509197,0.02450798,0.026154203,0.017681584,0.015663705,0.006430257,0.008684304,0,0,0.004789196,0,0,0.052316674,0,0.030093655,0.006551249,0,0,0,0,0,0.074471011,0.023944766,0.09605113,0.015579717,0.001300065,0.007709301,0,0,0,0,0.0750077,0.110494309,0.032424459,0.055553111,0.036623611,0.00700721,0,0,0,0,0.026010431,0,0.108949269,0,0.040216132,0,0,0,0.109954168,0.051372055,0.061033697,0.023288095,0.01340751,0.000802755,0.009952358,0,0.327030427,0.000768035,0.007785335,0.008110373,0,0,0,0.001757079,0,0,0,0.053418603,0.011093455,0.028848866,0.004816173,0,0,0.089910776,0.004619199,0,0.062105366,0.003114137,0.037524576,0.022005946,0.007536332,0.006325221,0.009724272,0.005041131,0.001368033,0.004342226,0.021179723
ARISA_403.1,0,0,0,0,0.001474062,0,0.000798032,0,0,0,0,0.004170196,0,0,0,0,0,0,0,0,0.000941033,0,0,0.000538022,0,0,0,0,0,0,0,0,0,0,0,0,0,0,0,0,0,0.002555102,0,0,0.004537186,0,0,0,0,0,0,0,0,0,0,0,0,0,0,0,0,0,0,0,0,0,0,0,0,0.00056202,0,0,0.001452065,0,0.00108205,0,0,0,0,0,0,0,0,0,0,0.002036073,0,0,0,0,0,0,0.001251055,0,0.001240053,0,0.000585021,0,0,0,0.000725038,0.000237099
ARISA_403.8,0,0,0,0,0.000732031,0,0,0,0,0,0,0.002193103,0,0,0,0,0,0,0.000794036,0,0,0,0,0.000593024,0,0,0,0,0,0,0,0,0,0,0,0,0,0,0,0,0,0,0,0,0,0,0,0,0,0,0,0,0,0,0,0,0,0,0,0,0,0,0,0,0,0,0.000707033,0.010639404,0,0,0,0,0,0,0,0,0,0,0,0,0.00513418,0,0,0,0,0,0,0,0,0,0,0,0,0.002430102,0.000675029,0,0,0.000579016,0,0,0,0.000242346
ARISA_404.8,0,0,0,0,0,0,0,0,0,0,0,0,0,0,0,0,0,0,0,0,0,0,0,0,0,0,0,0,0.000569031,0,0,0,0,0,0,0,0,0.001049045,0,0,0,0,0,0,0,0,0,0,0,0,0,0,0,0,0,0,0.002936123,0,0,0,0,0,0,0,0,0,0.001110052,0,0,0,0,0,0,0,0,0,0,0,0,0,0,0,0,0,0,0,0,0,0,0,0,0.000664015,0,0.004663196,0,0,0,0,0,0,0,0.000108826
ARISA_405.6,0,0,0,0,0,0,0,0,0,0.000838034,0.000641031,0,0,0,0,0,0,0,0,0,0,0,0,0,0,0,0,0,0.000770042,0,0,0,0,0,0,0,0,0.001303056,0,0,0,0,0,0,0,0,0,0,0,0,0,0,0,0,0,0,0.002236094,0.000581017,0,0.000655035,0,0,0,0,0.000932037,0,0,0,0,0,0.000766042,0,0,0,0,0,0,0,0,0,0,0,0,0,0,0,0,0,0,0,0,0.000772017,0,0.001798076,0,0,0,0.001171033,0,0,0,0.000123401
ARISA_406.7,0.001980083,0.00055102,0,0.001200049,0.000550023,0,0,0,0,0,0,0,0,0,0,0,0,0,0,0,0,0,0,0,0,0,0,0,0.000702039,0,0,0,0,0,0,0.00073602,0.000654021,0.003435148,0,0,0,0,0,0,0,0,0,0,0,0,0,0,0,0,0,0,0.005403227,0.00534016,0,0,0,0,0,0,0.00124105,0.001254045,0,0,0,0,0,0,0,0,0,0,0,0,0,0,0.002536089,0,0,0,0,0,0,0,0,0,0,0.005542122,0,0,0,0,0,0.000657018,0,0,0,0.000314674
ARISA_407.7,0,0,0,0,0,0,0,0,0,0.000571023,0,0,0,0,0,0,0,0,0,0,0,0,0,0,0,0,0,0,0,0,0,0,0,0,0,0,0,0.001789077,0,0,0,0,0,0,0,0,0,0,0,0,0,0,0,0,0,0,0.001078045,0.000973029,0,0,0,0,0,0.000674032,0.001643066,0.001219544,0,0,0,0,0,0,0,0,0,0,0,0,0,0,0.005696199,0,0,0,0,0,0,0,0,0,0,0.000656014,0,0,0,0,0,0,0,0,0,0.000141584
ARISA_408.8,0,0,0,0,0,0,0,0,0,0,0,0,0,0,0,0,0,0,0,0,0,0,0,0,0,0,0,0,0,0,0,0,0,0,0,0,0,0.00069703,0,0,0,0,0,0,0,0,0,0,0,0,0,0,0,0,0,0,0,0.001354041,0,0,0,0,0,0,0.00124705,0.001153042,0,0,0,0,0,0,0,0,0,0,0,0,0,0,0.011835414,0.000675031,0,0,0,0,0,0,0,0,0,0,0,0,0,0,0,0,0,0,0,0.000167937
ARISA_409.4,0,0,0,0,0,0,0,0,0,0,0,0,0,0,0,0,0,0,0,0,0,0,0,0,0,0,0,0,0,0,0,0,0,0,0,0,0,0,0,0,0,0,0,0,0,0,0,0,0,0,0,0,0,0,0,0,0,0.001909057,0,0,0,0,0,0,0.000661026,0.000634023,0,0,0,0,0,0,0,0,0,0,0,0,0,0,0,0.000666031,0,0,0,0,0,0,0,0,0,0,0,0,0,0,0,0,0,0,0,3.83182E-05
ARISA_409.8,0,0,0,0,0,0,0,0,0,0,0,0,0,0,0,0,0,0,0,0,0,0,0,0,0,0,0,0,0,0,0,0,0,0,0,0,0,0,0.002322107,0,0,0,0,0,0,0,0,0,0,0,0,0,0,0,0,0,0,0,0,0,0,0,0,0,0,0,0,0,0,0,0,0,0,0,0,0,0,0,0,0,0,0,0,0,0,0,0,0,0,0,0,0,0,0,0,0,0,0,0,0,0,2.29912E-05
ARISA_410.1,0,0,0,0,0,0,0,0,0,0,0,0,0,0,0,0,0,0,0,0,0,0,0,0,0,0,0,0,0,0,0,0,0,0,0,0,0,0,0,0,0,0,0,0,0,0,0,0,0,0,0,0,0,0,0,0,0.000585025,0,0,0,0,0,0,0,0,0,0,0,0,0,0,0,0,0,0,0,0,0,0,0,0,0,0,0,0,0,0,0,0,0,0,0,0,0,0,0,0,0,0,0,0,5.79233E-06
ARISA_411.1,0,0,0,0,0,0,0,0,0,0,0,0,0,0,0,0,0,0,0,0,0,0,0,0,0,0,0,0,0,0,0,0,0,0,0,0,0,0,0,0,0,0,0,0,0,0,0,0,0,0,0,0,0,0,0,0,0,0,0,0,0,0,0,0,0,0,0,0,0,0,0,0,0,0,0,0,0,0,0,0,0.00114204,0,0,0,0,0,0,0,0,0,0,0,0,0,0,0,0,0,0,0,0,1.13073E-05
ARISA_411.3,0,0,0,0,0,0,0,0,0,0,0,0,0,0,0,0,0,0,0,0,0,0,0,0,0,0,0,0,0,0,0,0,0,0,0,0,0,0,0,0,0,0,0,0,0,0,0,0,0,0,0,0,0,0,0,0,0,0,0,0,0,0,0,0,0,0,0,0,0,0,0,0,0,0,0,0,0,0,0,0,0,0.001316061,0,0,0,0,0,0,0,0,0,0,0,0,0,0,0,0,0,0,0,1.30303E-05
ARISA_411.7,0,0,0,0,0,0,0,0,0,0,0,0,0,0,0,0,0,0,0,0,0,0,0,0,0,0,0,0,0,0,0,0,0,0,0,0,0,0,0,0,0,0,0,0,0,0,0,0,0,0,0,0,0,0,0,0,0,0,0,0,0,0,0,0,0.000735029,0,0,0,0,0,0,0,0,0,0,0,0,0,0,0,0,0,0,0,0,0,0,0,0,0,0,0,0,0,0,0,0,0,0,0,0,7.27751E-06
ARISA_412.7,0,0,0,0,0,0,0,0,0,0.000675027,0,0,0,0,0,0,0,0,0,0,0,0,0,0,0,0,0,0,0,0,0,0,0,0,0,0,0,0,0,0,0,0,0,0,0,0,0,0,0,0,0,0,0,0,0,0,0,0,0,0,0,0,0,0,0,0,0,0.001413054,0,0,0,0,0,0,0,0,0,0,0,0,0,0,0,0,0,0,0,0,0,0,0,0,0,0,0,0,0,0,0,0,0,2.06741E-05
ARISA_413.3,0,0,0,0,0,0,0,0,0,0.000666027,0,0,0,0,0,0,0,0,0,0,0,0,0,0,0,0,0,0,0,0,0,0,0,0,0,0,0,0,0,0,0,0,0,0,0,0,0,0,0,0,0,0,0,0,0,0,0,0,0,0,0,0,0,0,0.000868035,0.000653024,0,0,0,0,0,0,0,0,0,0,0,0,0,0,0,0,0,0,0,0,0,0,0,0,0,0,0,0,0,0,0,0,0,0,0,2.16543E-05
ARISA_414.2,0,0.000610022,0,0,0,0,0,0,0,0,0,0,0,0,0,0,0,0,0,0,0,0,0,0,0,0,0,0,0,0,0,0,0,0,0,0,0,0,0,0,0,0,0,0,0,0,0,0,0,0,0,0,0,0,0,0.001183065,0,0,0,0,0,0,0,0,0.000789032,0.00194457,0,0,0,0,0,0,0,0,0,0,0,0,0,0,0,0.00413919,0,0,0,0,0,0,0,0,0,0,0,0,0,0,0,0,0,0,0,8.58008E-05
ARISA_415.1,0,0,0,0,0,0,0,0,0,0,0,0,0,0,0,0,0,0,0,0,0,0,0,0,0,0,0,0,0,0,0,0,0,0,0,0,0,0,0,0,0,0,0,0,0,0,0,0,0,0,0,0,0,0,0,0,0,0,0,0,0,0,0,0,0.00100904,0.001627059,0,0,0,0,0,0,0,0,0,0,0,0,0,0,0,0,0,0,0,0,0,0,0,0,0,0.001253028,0,0,0,0,0,0,0,0,0,3.85062E-05
ARISA_416.4,0,0,0,0.000696029,0,0,0,0,0,0,0,0,0,0,0,0,0,0,0,0,0,0,0,0,0,0,0,0,0,0,0,0,0,0,0,0.002028055,0.001961063,0.002654114,0,0,0,0,0,0,0,0,0,0,0,0,0,0,0,0,0,0,0,0.004045121,0,0,0,0,0,0,0.002513101,0.002967607,0,0,0,0,0,0,0,0,0,0,0,0,0,0,0,0,0,0,0,0,0,0,0,0,0,0,0,0,0,0,0.002749096,0.003250091,0,0.000714017,0,0.000233448
ARISA_417,0.000673028,0,0,0,0,0,0,0,0,0,0,0,0,0,0,0,0,0,0,0,0,0,0,0,0,0,0,0,0.00399622,0,0,0,0,0,0,0,0,0,0,0,0,0,0,0,0,0,0,0,0,0,0,0,0.003827107,0,0,0,0,0,0,0,0,0,0,0,0,0,0,0,0,0,0,0,0,0.000748032,0,0,0,0,0,0,0,0,0,0,0,0,0,0,0,0,0,0,0,0,0,0,0,0,0.000745019,0,0,9.8905E-05
ARISA_417.6,0,0,0,0,0,0,0,0,0,0,0,0,0,0,0,0,0,0,0,0,0,0,0,0,0,0,0,0,0,0,0,0,0,0,0,0,0,0,0,0,0,0,0,0,0,0,0,0,0,0,0,0,0,0,0,0,0.041779755,0,0,0,0,0,0,0,0,0,0,0,0,0,0,0,0,0,0,0,0,0,0,0,0,0,0,0,0,0,0,0,0,0,0,0,0,0,0,0,0,0,0.005736149,0,0.000625033,0.000476643
ARISA_418.5,0.007292306,0.037852363,0,0.008481348,0,0,0.005367215,0,0,0.026188048,0,0.026876263,0.000613029,0.022363895,0.023014967,0.040577623,0.030835418,0,0.03065638,0.029286171,0.025637897,0.008037249,0.00056502,0.002904119,0.001258047,0.000806032,0.001753056,0.009884435,0.024815365,0.007425282,0.000580015,0,0,0,0.000530011,0.012312332,0,0,0.003747172,0.001707085,0,0.001287052,0.000800037,0.001429076,0.001529063,0.014607526,0.010418406,0.003541159,0.028104068,0.022406986,0,0,0.001392039,0.000584367,0,0,0.008978377,0,0.002563095,0,0,0,0,0,0,0,0,0,0,0.004615166,0.008516468,0,0,0,0,0,0,0.000609026,0,0,0.027636967,0,0,0,0,0.001356049,0,0,0,0,0,0,0,0,0,0,0.012510438,0,0.001458038,0.008405202,0.001655086,0.005502691
ARISA_419.5,0.004835203,0.053706933,0.078315211,0.053286185,0.040815714,0.026165073,0.009868395,0.001815069,0,0.001766071,0.00122806,0.001897089,0.003370158,0.01149446,0.021201891,0.011422457,0.01783082,0.017168567,0.01376962,0.011322453,0.010840379,0.004590142,0.002153075,0,0.002131079,0.002057082,0.006032193,0.020544904,0.019771087,0.023906909,0.000715019,0,0.00332311,0.002219071,0.005188109,0.176027753,0.174860596,0.186302011,0.043934021,0.015472774,0.019843774,0.002023081,0.007470344,0.009768518,0.009784401,0.084656048,0.023414913,0.030139356,0.023187881,0.020291893,0.016333798,0,0.007467209,0.001648035,0.009625375,0.013870763,0.006761284,0.18067442,0,0.042958277,0,0.002726914,0,0.041014928,0.098187928,0.096908489,0.043115026,0.042531616,0.003092907,0.019183691,0.007591418,0.017712673,0.000648029,0.060850617,0.066754071,0.00872534,0,0.004031173,0.009484427,0.033488239,0.080391814,0,0.074977249,0.102547204,0.100495015,0.019546704,0,0,0.056734383,0.020645888,0,0.383000426,0.017931789,0.067289826,0.064819787,0.068439011,0.072041522,0.084437364,0.00884923,0.022266534,0.005988311,0.033640769
ARISA_420.5,0.012460523,0.03500526,0,0.02464401,0,0.003539145,0.009021361,0,0,0,0.001589078,0.002962139,0,0,0,0,0,0,0.017097769,0.011478459,0.010181356,0.007632237,0.001062037,0.003613148,0.003132116,0.005041202,0.00530517,0.022575993,0.038137098,0,0.00154504,0.000560013,0.002877095,0.002712087,0.002034043,0,0,0,0,0,0.005854228,0,0,0,0,0,0,0,0.006685254,0.02682718,0.003320839,0,0.002102059,0.001483932,0,0,0.025433068,0,0.002078077,0,0,0,0,0,0.077555102,0.033942222,0.006081286,0,0.002493344,0.005942214,0.010434574,0,0,0.014089606,0.013862638,0.005592218,0,0.000764033,0,0,0.04200647,0,0.01767653,0,0,0.009001324,0,0,0.002459103,0,0,0.0045571,0,0.04000368,0.046703008,0.028674262,0,0.022811639,0.004033105,0.009028217,0.004710245,0.006934782
ARISA_421.5,0.096936071,0.098308539,0.044602829,0.044503825,0.055832345,0.026693094,0.011713469,0.002817107,0,0.032602304,0.005015246,0.013700644,0.015053708,0.028057122,0.02595109,0.035895436,0.037860742,0.017336572,0.012047542,0.028458138,0.020588721,0.019321599,0.005359188,0.007336301,0.010337383,0.018319733,0.036006152,0.046509046,0.017167944,0.012291467,0.002460064,0.002715062,0.01120937,0.010330331,0.009597202,0.075882049,0.034942118,0,0.018533853,0.008585429,0.007202281,0.003105124,0.008607396,0.011933633,0.009605394,0.050469817,0.037881477,0.049246216,0.074406828,0.031232374,0.007088328,0,0.008777246,0.003163987,0.007260283,0.019426068,0.028609202,0.10731822,0,0.031295659,0.002856143,0.00395978,0,0.031126463,0,0.0361168,0.004126194,0.040467538,0.005857506,0.03445324,0.038388111,0.073715801,0.007922357,0.036607574,0.016587763,0.009531372,0,0.007181309,0.010123456,0.036622355,0.137337807,0,0.044388332,0.028019149,0,0.004798173,0,0,0.019917837,0.018434793,0,0.063856405,0.011895523,0,0.004478193,0.006636292,0.003623127,0.01391039,0.006232162,0.015121363,0.008097421,0.022573258
ARISA_422.3,0,0,0,0,0.001743073,0,0,0,0,0,0,0,0,0,0,0,0,0,0,0,0,0,0.00144005,0,0,0,0,0,0,0,0.001591041,0.000614014,0,0,0,0,0,0,0,0,0,0,0,0,0,0,0,0,0,0,0,0,0,0,0,0,0.012870541,0,0,0,0,0,0,0,0,0,0,0,0.000608572,0.012185439,0,0,0,0,0,0,0,0.003183137,0,0,0,0,0,0,0,0.001558056,0,0,0,0.006080262,0,0.002417053,0,0,0,0,0.000703025,0.002649074,0.002100055,0.001491036,0,0.000507272
ARISA_423.3,0,0,0,0.000910037,0.003794159,0,0.00074403,0.000771029,0.00056202,0.002163087,0.000853042,0,0.001786084,0,0,0.001386055,0.001365063,0,0.006426289,0,0,0.001989062,0,0,0.001383051,0.001427057,0,0.003740165,0.001488082,0.001869071,0.006852178,0.002414056,0.001608053,0.002302074,0,0.001427039,0.000858028,0,0,0.000960048,0,0,0.000628029,0.000606032,0.002222091,0.000996036,0.000600023,0,0,0,0.000958396,0,0.002971083,0.009986271,0.001464057,0,0,0,0,0,0,0.000799561,0,0,0,0,0,0.002559097,0.001084019,0.000662024,0,0,0,0,0.003433158,0,0,0,0,0,0,0,0,0,0.005195156,0,0,0,0,0,0,0.001471032,0,0,0,0,0,0.003692103,0.002489065,0.003102074,0,0.000930675
ARISA_424.4,0.006260263,0.003207116,0,0.006045248,0.006299265,0.007727317,0.001947078,0.00053802,0,0.012642506,0.012413608,0.010556496,0.003806179,0.01100044,0.007357309,0.005979239,0.00543525,0.004105136,0.004241191,0.010177407,0.00828429,0.002780086,0.00115004,0.002843117,0.004292159,0.007963319,0.002089067,0.013317586,0.00835646,0.005063192,0.008152212,0,0.004461147,0.004265137,0,0.012631341,0.010882348,0.008922384,0.006688308,0.000661033,0,0.000571023,0.001150053,0.002037108,0.000633026,0.006062218,0.017989702,0.008117365,0.013127499,0.012450548,0.009362641,0,0.005256147,0.011393155,0.002230087,0.006989384,0.031314315,0.0199936,0,0.007245384,0.005609281,0.002619839,0,0.004571215,0.008201328,0.008916321,0.00255012,0.003367128,0.002517366,0.003385122,0.011923656,0.001352051,0.005095229,0.001558067,0.00695632,0.005772225,0.003179124,0.003934169,0.001696076,0.008685321,0.054085893,0,0.008570257,0.009852404,0.003414102,0.000708026,0,0,0.006826287,0,0.001290052,0.00182004,0,0.005523232,0.002283098,0.001695075,0.000774027,0.004474125,0.001969051,0.001716041,0,0.005795616
ARISA_425.6,0.00191108,0.001091039,0,0,0,0,0,0,0,0,0.00143407,0,0.000826039,0,0.001306055,0,0.001050048,0,0.001662075,0,0.001196042,0.002335072,0,0,0.002515093,0,0.00061202,0,0.000623034,0,0,0,0,0,0,0,0,0.00070803,0,0.00239012,0,0,0,0,0,0,0,0,0,0,0,0,0,0,0,0,0,0,0,0,0.000869044,0.0009977,0,0,0,0,0,0.003573136,0,0.002316083,0.002428134,0.001747066,0,0,0.000771036,0.000896035,0,0.002457106,0,0,0,0,0,0,0.006518196,0,0,0,0.004017169,0,0,0,0,0.002176091,0.002248097,0.000629028,0,0,0,0.001844044,0,0.000526216
ARISA_425.9,0,0,0,0,0,0,0,0,0,0.000924037,0,0,0,0,0,0,0,0,0,0,0,0,0,0,0,0,0,0,0,0,0,0,0,0,0,0,0,0,0,0,0,0,0,0,0,0,0,0,0,0,0,0,0,0,0,0,0,0,0,0,0,0.000585411,0,0,0,0,0,0,0,0,0,0,0,0,0,0,0,0,0,0,0,0,0,0,0,0,0,0,0,0,0,0,0,0,0,0,0,0,0,0,0,1.4945E-05
ARISA_426.5,0,0,0,0,0,0,0,0,0,0,0,0,0,0,0,0,0.000697032,0,0,0,0,0,0,0,0,0,0,0,0,0,0,0,0,0,0,0,0,0,0,0,0,0,0,0,0,0,0,0,0,0,0,0,0,0,0,0,0,0,0,0,0,0,0,0,0,0,0,0,0,0,0,0,0.000547025,0,0,0,0,0,0,0,0,0,0,0,0,0,0,0,0,0,0,0,0,0,0,0,0,0,0,0,0,1.23174E-05
ARISA_427.4,0,0,0,0,0,0,0,0,0,0.000632025,0,0,0,0,0,0,0,0,0,0,0,0,0,0,0,0,0,0,0,0,0,0,0,0,0,0,0,0,0,0,0,0,0,0,0,0,0,0,0,0,0,0,0,0,0,0,0,0.000811024,0,0.000535028,0,0.000691485,0,0,0,0,0,0,0,0,0,0,0,0,0,0,0,0.00115705,0,0,0,0,0,0.001241051,0,0,0,0,0,0,0,0,0,0,0,0,0,0,0,0,0,5.01749E-05
ARISA_428.4,0,0,0,0,0,0,0,0,0,0,0,0,0,0,0,0,0,0,0,0,0,0,0,0,0,0,0,0,0,0,0,0,0,0,0,0,0,0,0,0,0,0,0,0,0,0,0,0,0,0,0,0,0,0,0,0,0,0,0,0,0,0,0,0,0,0,0,0,0,0,0,0,0,0,0,0,0,0.000551024,0,0,0,0,0,0.002627108,0,0,0,0,0,0,0,0,0,0,0,0,0,0,0,0,0,3.14667E-05
ARISA_429.3,0,0,0,0,0,0.013773565,0,0,0,0,0,0,0.000782037,0,0,0,0.00261012,0,0,0,0,0,0,0,0,0,0,0,0,0,0,0,0,0,0,0,0,0,0,0,0,0,0,0,0,0,0,0,0,0,0,0,0,0,0,0,0,0.000971029,0,0,0,0,0,0,0,0,0,0,0,0,0,0,0,0,0,0,0,0,0,0,0,0,0,0.001670069,0,0,0,0,0,0,0,0,0,0,0,0,0,0,0,0,0,0.000196107
ARISA_430.1,0,0,0,0,0,0.006248256,0,0,0,0.000951038,0,0,0.000648031,0,0,0,0.001567072,0,0,0,0,0,0,0,0,0,0,0,0,0,0,0,0,0,0,0,0,0,0,0,0,0,0,0,0,0,0,0,0,0,0,0,0,0,0,0,0,0,0,0,0,0,0,0,0,0,0,0,0,0,0,0,0,0,0,0,0,0,0,0,0,0,0,0,0,0,0,0,0,0,0,0,0,0,0,0,0,0,0,0,0,9.32119E-05
ARISA_430.4,0,0,0,0,0,0.00072003,0,0,0,0,0,0,0,0,0,0,0.000972045,0,0,0,0,0,0,0,0,0,0,0,0,0,0,0,0,0.001315042,0,0,0,0,0,0,0,0,0,0,0,0,0,0,0,0,0,0,0,0,0,0,0,0,0,0,0,0.000746524,0,0,0,0,0,0,0,0,0,0,0,0,0,0,0,0,0,0,0,0,0,0,0,0,0,0,0,0,0,0,0,0,0,0,0,0,0,0,0,3.71648E-05
ARISA_431.4,0,0,0,0,0,0,0,0,0,0,0,0,0,0,0,0,0.002024093,0,0,0,0,0,0,0,0,0,0,0,0,0,0,0,0,0,0,0,0,0,0,0,0,0,0,0,0,0,0,0,0,0,0,0,0,0,0,0,0,0,0,0,0,0,0,0,0,0,0,0,0,0,0,0,0,0,0,0,0,0,0,0,0,0,0,0,0,0,0,0,0,0,0,0,0,0,0,0,0,0.000647018,0,0.000630015,0,3.26844E-05
ARISA_432,0,0,0,0,0,0,0,0,0,0,0,0,0,0,0,0,0.001027047,0,0,0,0,0,0,0,0,0,0,0,0,0,0.001127029,0,0,0,0,0,0,0,0,0,0,0,0,0,0.00074103,0,0,0,0,0,0,0,0,0,0,0,0,0,0,0,0,0.000948666,0,0,0,0,0,0,0,0,0,0,0,0,0,0,0,0,0,0,0,0,0,0,0,0,0,0,0,0,0,0,0,0,0,0,0,0.001521043,0,0,0,5.3117E-05
ARISA_432.8,0,0,0,0,0,0,0,0,0,0,0.00060503,0,0,0,0,0,0,0,0,0,0,0,0,0,0,0,0,0,0.001794099,0,0,0,0,0,0,0,0,0,0,0,0.00076903,0,0,0.002650141,0.013709562,0.002591093,0,0,0,0,0,0,0,0,0,0,0,0,0,0,0,0,0,0,0,0,0,0,0,0,0.007226398,0,0,0,0,0,0,0,0,0,0,0,0,0,0,0,0,0,0,0,0,0,0,0,0,0,0.011792413,0,0,0,0.008897463,0.000495398
ARISA_433.6,0,0,0,0.000669027,0,0.027631133,0,0,0,0,0,0,0,0,0,0,0,0,0,0,0,0,0,0,0,0,0,0,0,0,0,0,0,0.00282409,0,0,0,0.000755033,0,0,0,0,0,0.00396421,0,0.002280082,0,0,0,0,0,0,0,0,0,0,0,0,0,0,0,0,0,0,0,0,0,0,0,0,0,0,0,0,0,0,0,0,0,0,0,0,0,0,0,0.000766028,0,0,0,0,0,0,0,0,0,0,0.00200207,0,0,0,0.002382124,0.000428453
ARISA_434.5,0,0,0,0,0,0.019678807,0,0,0,0,0,0,0.128312031,0,0,0,0.023666089,0,0,0.047017881,0,0,0,0,0,0,0,0,0,0,0.16652133,0,0,0,0,0,0,0,0,0,0,0,0,0,0,0,0,0,0,0,0,0,0.144156036,0.098876094,0.029318143,0,0.031389318,0,0,0,0,0,0,0,0,0,0,0,0,0,0,0,0,0,0,0,0,0,0,0,0,0,0,0,0,0,0,0,0,0,0,0.000590013,0,0,0,0,0.010657373,0,0,0,0.001850096,0.006950824
ARISA_435.5,0.068318869,0.050071803,0.056947335,0.101016142,0.179188526,0.012302504,0.103840154,0.186769097,0.059956158,0.073856954,0.208057195,0.032733539,0.104931932,0.05199808,0.041486742,0.041016641,0.046644146,0.04483348,0.189140511,0.04273771,0.121315246,0.24288853,0.108821809,0.071616936,0.265558826,0.223899956,0.087961815,0.233606279,0.080293416,0.209518962,0.17961667,0.284000532,0.236588807,0.101149237,0.039637832,0.131147541,0.15187686,0.07813236,0.096854455,0.355084754,0.108367226,0.176670067,0.207801559,0.192913224,0.192249882,0.09028125,0.025292986,0.149215715,0.062920391,0.075713331,0.130104562,0.018485827,0.062033737,0.063681992,0.025994014,0.091296021,0,0.156503695,0.001486055,0.108913772,0.165344267,0.139792134,0,0.076299586,0.110888436,0.077909805,0.005850275,0.220457377,0.297932056,0.046795685,0.176316697,0.062345369,0.308631888,0.137823926,0.304493007,0.205416011,0.045196763,0.110118735,0.08999605,0.128974772,0.04742166,0,0.064706941,0.114439692,0.093838815,0.029064046,0,0,0.024082011,0.016448707,0,0.003707082,0.008925393,0.039257649,0.046301991,0.044389953,0.017738621,0.138687883,0.105721749,0.13083614,0.035284835,0.10501762
ARISA_436.3,0,0,0,0,0,0.0195208,0,0,0,0,0,0,0,0,0,0,0.021618995,0,0,0,0,0,0,0,0,0,0,0,0,0,0,0,0,0,0,0,0,0,0,0,0,0,0,0,0,0,0,0,0,0,0,0,0.061974735,0.141111618,0.093488646,0,0.011069465,0,0.001333049,0,0,0.057311233,0,0,0,0,0.002408113,0,0,0.007019253,0,0,0,0,0,0,0,0,0,0,0,0,0,0.035740465,0,0.013113472,0,0,0.000745031,0.001918083,0,0,0,0,0,0.00523223,0.003680129,0.01035529,0,0,0.001105058,0.004839066
ARISA_436.6,0,0,0,0,0,0,0,0,0,0,0,0,0,0,0,0,0,0,0,0,0,0,0,0,0,0,0,0,0,0,0,0,0,0,0,0,0,0,0,0,0,0,0,0,0,0,0,0,0,0,0,0,0,0,0,0,0.044950888,0,0,0,0,0,0,0,0,0,0,0,0,0,0,0,0,0,0,0,0,0,0,0,0,0,0,0,0,0,0,0,0,0,0,0,0,0,0,0,0,0,0,0,0,0.000445058
ARISA_436.8,0,0,0,0,0,0,0,0,0,0,0,0,0,0,0,0,0.003527162,0,0,0,0,0,0,0,0,0,0,0,0,0,0,0,0,0,0,0,0,0,0,0,0,0,0,0,0,0,0,0,0,0,0,0,0,0,0,0,0,0,0.001806067,0,0,0,0,0,0,0,0,0,0,0,0,0,0,0,0,0,0,0,0,0,0,0,0,0,0,0,0,0,0,0,0,0,0,0,0,0,0.000624022,0,0,0,0,5.89827E-05
ARISA_437.5,0,0,0,0,0,0,0.000538022,0,0,0,0.00245812,0,0,0,0,0,0,0,0,0,0,0,0,0,0,0,0,0,0,0,0,0,0,0,0.000574012,0,0,0,0,0,0.000811032,0,0,0,0,0,0,0.016592747,0,0,0,0,0,0,0,0,0,0,0,0,0,0,0,0,0,0,0,0,0,0,0,0,0,0,0,0,0,0,0,0,0,0,0,0,0,0,0,0,0,0,0,0,0,0,0,0,0,0.000791022,0,0,0,0.000215495
ARISA_438.2,0,0,0,0,0,0,0,0,0,0,0.004169204,0.00085504,0,0,0,0,0,0,0,0,0,0,0,0,0.000666025,0,0,0,0,0,0,0,0,0,0,0,0,0,0,0,0,0,0,0,0,0,0,0,0.000834032,0.00250911,0,0,0,0,0,0,0,0,0,0.00170209,0,0.000971682,0,0.000917043,0.003963159,0,0,0,0.001217144,0,0,0,0.000689031,0,0,0,0,0,0,0,0,0,0,0,0,0,0,0,0,0,0,0,0,0,0,0,0,0,0,0,0,0.000183105
ARISA_439.2,0,0,0,0,0,0,0,0,0,0,0.000548027,0,0,0,0,0,0.001157053,0,0,0,0,0,0,0,0,0,0,0,0,0,0,0,0,0,0,0,0,0.002913125,0,0,0,0,0,0,0,0,0,0.001855084,0,0,0,0,0,0,0,0,0.001098046,0.00065202,0,0,0.000699035,0,0,0,0,0,0,0,0,0,0,0,0,0,0.000626029,0,0,0,0,0,0,0,0,0,0.009513285,0,0,0,0,0,0,0,0,0,0,0,0,0,0,0,0,0.00018873
ARISA_439.6,0,0,0,0,0,0,0,0,0,0,0,0,0,0,0,0,0,0,0,0,0,0,0,0,0,0,0,0,0,0,0,0.000542013,0,0,0,0,0,0,0,0,0,0,0,0,0,0,0,0,0,0,0,0,0,0,0,0,0,0.000634019,0,0,0,0,0,0.001403066,0,0,0,0,0,0,0,0,0,0,0,0,0,0,0,0,0,0,0,0,0,0,0,0,0,0,0,0,0,0,0,0,0,0,0,0,0,2.55356E-05
ARISA_440.5,0,0,0,0,0,0,0,0,0,0,0,0,0,0,0,0,0,0,0,0,0,0,0,0,0,0,0,0,0,0,0.000564015,0,0,0,0,0,0,0,0,0,0,0,0,0,0,0,0,0,0,0,0,0,0.000598017,0,0,0,0,0,0,0,0,0.001364958,0,0,0,0,0,0,0,0,0,0,0,0,0,0,0,0,0,0,0,0,0,0,0,0,0,0,0,0,0,0,0,0,0,0,0,0,0,0,0,2.50197E-05
ARISA_440.9,0,0,0,0,0,0,0,0,0,0,0,0,0,0,0,0,0,0,0,0,0,0,0,0,0,0,0,0,0,0,0,0,0,0,0,0,0,0,0,0,0,0,0,0,0,0,0,0,0,0,0,0,0,0,0,0,0,0.000840025,0,0,0,0,0,0,0,0,0,0,0,0,0,0,0.000810037,0,0,0,0,0,0,0,0,0,0,0,0,0,0,0,0,0,0,0,0,0,0,0,0,0,0,0,0,1.63372E-05
ARISA_442,0,0,0,0,0,0,0,0,0,0,0,0,0,0,0,0,0,0,0,0,0,0,0,0,0,0,0,0,0,0,0,0,0,0,0,0,0,0,0,0,0,0,0,0,0,0,0,0,0,0,0,0,0,0,0,0,0.001049044,0,0,0,0,0,0,0,0,0,0,0,0,0,0,0,0,0,0,0,0,0,0,0,0,0,0,0.003488143,0,0,0,0,0,0,0,0,0,0,0,0,0,0,0,0,0,4.49226E-05
ARISA_444,0,0,0,0,0,0,0,0,0,0,0,0,0,0,0,0,0,0,0,0,0,0,0,0,0,0,0,0,0,0,0,0,0,0,0,0,0,0,0,0,0,0,0,0,0,0,0,0,0,0,0,0,0,0,0,0,0,0,0,0,0,0,0,0,0,0,0,0,0,0,0,0,0,0,0,0,0,0,0,0,0,0,0,0.001380057,0,0,0,0,0,0,0,0,0,0,0,0,0,0,0,0,0,1.36639E-05
ARISA_446.5,0,0,0,0,0,0,0,0,0,0,0,0,0,0,0,0,0,0,0,0,0,0,0,0,0,0,0,0,0,0,0,0,0,0,0,0,0,0,0,0,0,0,0,0,0,0,0,0,0,0,0,0,0,0,0,0,0,0,0,0,0.001170059,0,0,0,0,0,0,0,0,0,0,0,0,0,0,0,0,0,0,0,0,0,0,0,0,0,0,0,0,0,0,0,0,0,0,0,0,0,0,0,0,1.15847E-05
ARISA_454,0,0,0,0,0,0,0,0,0,0,0,0,0,0,0,0,0,0,0,0,0,0,0,0,0,0,0,0,0,0,0,0,0,0,0,0,0,0,0,0,0,0,0,0,0,0,0,0,0,0,0,0,0,0,0,0,0,0,0,0,0,0,0,0,0,0,0,0,0,0,0,0,0,0,0,0,0,0,0,0,0,0,0,0,0,0,0,0,0,0,0,0.014371316,0,0,0,0,0,0,0,0,0,0.00014229
ARISA_459.5,0,0,0,0,0,0,0,0,0,0,0,0,0,0,0,0,0,0,0,0,0,0,0,0,0,0,0,0,0,0,0,0,0,0,0,0,0,0,0,0,0,0,0,0,0,0,0,0,0,0,0,0,0,0,0,0,0,0,0,0,0,0,0,0,0,0,0,0,0,0,0,0,0,0,0,0,0,0,0,0,0.000606021,0,0,0,0,0,0,0,0,0,0,0,0,0,0,0,0,0,0,0,0,6.00021E-06
ARISA_465.3,0,0,0,0,0,0,0,0,0,0,0,0,0,0,0,0,0,0,0,0,0,0,0,0,0,0,0,0,0,0,0,0,0,0,0,0,0,0,0,0,0,0,0,0,0,0,0,0,0,0,0,0,0,0,0,0,0,0,0,0,0,0,0,0,0,0,0,0,0,0,0,0,0,0,0,0,0,0,0,0,0,0,0,0,0,0,0,0,0.002043086,0,0,0,0,0,0,0,0,0,0,0,0,2.02286E-05
ARISA_467.3,0,0,0,0,0,0,0,0,0,0,0,0,0,0,0,0,0,0,0,0,0,0,0,0,0,0,0,0,0,0,0,0,0,0,0,0,0,0,0,0,0,0,0,0,0,0,0,0,0,0,0,0,0,0,0,0,0,0,0,0,0,0,0,0,0,0,0,0,0,0,0,0,0,0,0,0,0,0,0,0,0,0,0,0,0,0,0,0,0.001172049,0,0,0,0,0,0,0,0,0,0,0,0,1.16044E-05
ARISA_469.4,0,0,0,0.001731071,0,0,0,0,0,0,0,0,0,0,0,0,0,0,0,0,0,0,0,0,0,0,0,0,0,0,0,0,0,0,0,0,0,0,0,0,0,0.002608104,0,0,0,0,0,0,0,0,0.045967975,0.065814229,0,0,0,0,0,0,0,0,0,0,0,0,0,0,0,0,0,0,0,0,0,0,0,0,0.005445212,0,0,0,0,0,0,0,0,0,0,0,0,0,0,0,0,0,0,0,0.012967454,0,0.001236032,0,0.007557393,0.001419084
ARISA_469.9,0,0,0,0.000625026,0,0.000528022,0,0,0,0,0,0,0,0,0,0.000667027,0,0.000704023,0.001250056,0,0.000538019,0,0,0,0,0,0,0,0,0,0,0,0,0,0,0,0,0,0.000761035,0,0,0,0,0,0,0,0,0,0,0,0,0,0,0,0,0,0,0,0,0,0,0,0,0.000689032,0,0,0,0,0,0,0,0,0,0,0,0,0,0,0,0,0,0,0,0,0,0,0,0,0,0,0,0,0,0.000924039,0,0,0,0,0,0,0,6.62008E-05
ARISA_471.9,0.005139216,0.001434052,0.001311054,0.001333055,0.003863162,0.002760113,0.001655066,0,0,0.002117085,0,0.0042582,0,0.020362815,0.010376436,0.003772151,0.003988184,0,0.004366197,0.002703108,0.001204042,0,0,0.004100168,0,0.001122045,0,0,0.004736261,0,0,0,0,0,0,0,0,0.003668158,0.00196109,0,0.00922036,0,0.000531024,0,0,0.009604346,0.006104238,0,0.012449473,0.006900304,0,0,0,0,0,0,0,0,0,0.005301281,0,0,0,0.004614217,0.030641226,0.005297691,0.000624029,0,0,0,0,0,0,0,0,0,0,0,0,0.001453054,0.012918452,0,0.007916238,0.001117046,0.002183066,0,0,0,0.00285612,0,0,0.000562012,0,0.00286612,0.000669029,0,0,0.000674019,0,0,0,0.002086485
ARISA_473,0.009172385,0.005037181,0.001578065,0,0,0,0,0,0,0,0,0.000581027,0,0.004845194,0.003208135,0,0.001848085,0.000671022,0,0,0,0,0,0,0,0,0,0,0,0,0,0,0,0,0,0,0.000598019,0.000547024,0,0,0.000601023,0,0,0,0,0.007327264,0.001345053,0,0.002713103,0.003225142,0,0,0,0,0,0,0.002220093,0,0.001117041,0.001856098,0,0,0,0,0,0.000731526,0,0,0,0,0,0,0,0,0,0,0,0,0,0,0.003008105,0,0.001689051,0,0,0,0,0,0,0,0,0.000601013,0,0,0,0,0,0,0,0,0,0.000539808
ARISA_474.9,0.003652153,0.003779136,0.002541104,0,0,0.000551023,0,0,0,0,0,0,0,0.005513221,0.002288096,0,0.000607028,0.002769091,0.003470156,0.002137086,0,0,0,0,0,0,0,0.000766034,0.005772318,0,0,0,0,0,0,0,0,0.001370059,0.002456113,0,0.000678026,0,0,0,0.000602025,0.003993144,0.015949622,0,0.007776296,0.008754385,0,0,0,0,0,0.00053703,0.001745073,0,0,0.002299122,0,0,0,0,0.005464219,0.005446196,0,0,0,0,0,0,0,0.001248054,0,0,0,0,0,0,0.004946173,0,0.006402192,0,0.001798054,0,0,0,0,0,0,0.001308029,0,0.000642027,0,0,0,0,0,0,0,0.001062003
ARISA_476.8,0,0,0.000862035,0,0.000892038,0,0,0,0,0,0.003276161,0,0,0,0,0,0.000894041,0,0,0,0,0,0,0,0,0,0,0,0.000658036,0,0,0,0,0,0,0,0,0.003192137,0,0.001519076,0,0.003389136,0,0,0.000777032,0,0,0,0.00606023,0,0,0,0,0,0,0.001203066,0,0,0,0,0,0,0.000557027,0,0,0.001210544,0,0,0,0,0,0.008241313,0,0,0.001692078,0.001407055,0,0,0,0,0,0.007567348,0,0,0,0,0,0.006226249,0,0,0,0,0,0.000761032,0,0.000939041,0.001389049,0,0.00153604,0,0.002282119,0.000559722
ARISA_478.8,0,0,0,0.002603107,0.004377184,0.017731727,0,0,0.003000108,0,0.039501936,0,0.005578262,0,0.000615026,0.000540022,0.005279243,0.01392746,0,0,0,0,0.00057102,0.000532022,0.001127042,0,0,0,0.005504303,0.01895472,0.006762176,0.002225051,0.031125027,0.004649149,0,0,0,0.016774721,0.037210712,0.057493875,0,0.023188928,0,0.021370133,0,0.000649023,0.004900191,0.002305104,0.00763329,0.017605775,0.038507105,0.051260343,0,0,0.004639181,0.032674797,0.004172175,0.011502345,0,0.013543718,0.004112206,0.013793683,0,0,0,0.003526627,0.002474116,0,0,0.003152114,0.020613134,0,0.032924482,0.004362188,0.011011507,0.042395653,0.005740224,0.010845466,0.006289283,0,0,0,0,0,0.008814264,0.003778136,0,0,0.006040254,0.004058175,0,0,0,0.000910038,0,0,0.013799483,0,0.013701356,0.00623115,0.016852876,0.007380816
ARISA_480,0,0,0,0,0,0,0,0,0,0,0.032461591,0,0,0,0,0,0,0,0,0,0,0,0.017558615,0.000544022,0.001019038,0,0,0,0.001483082,0.02446593,0.002117055,0,0,0.002832091,0,0,0,0,0,0,0.014130551,0,0.014970689,0.001380073,0,0,0.002904113,0.000809036,0,0,0,0,0,0,0.005042197,0,0.001537065,0.002363071,0,0,0,0,0,0,0,0.002143577,0,0,0,0,0.007332403,0.000581022,0,0.001061046,0.009705447,0,0,0.011203482,0.006942312,0,0,0,0,0,0,0.001857067,0,0,0.003161133,0.010790464,0,0,0,0,0,0,0.002347082,0,0.002158056,0.001441035,0.001017053,0.001855044
ARISA_481.8,0,0,0,0,0,0,0,0,0,0,0.014399706,0,0,0,0,0,0,0,0,0,0,0,0.001765062,0,0,0,0,0,0,0,0,0,0,0,0,0,0,0,0,0,0.000955037,0,0,0,0,0,0,0.000758034,0,0,0,0,0,0,0,0,0,0,0,0,0,0,0,0,0,0,0,0,0,0,0.001296071,0,0,0,0,0,0,0,0,0,0,0.027702274,0,0,0,0,0,0.001382055,0,0.001109048,0,0,0,0,0,0,0,0,0,0,0,0.000488785
ARISA_482.2,0,0,0,0,0,0.005588229,0.000730029,0,0,0,0.002434119,0,0.004364205,0,0,0,0,0.006028199,0,0.00123705,0.001287045,0,0,0,0,0,0,0,0,0,0,0,0,0,0,0,0,0,0,0,0,0,0,0,0,0,0,0,0,0,0,0,0,0,0,0,0,0,0,0,0,0,0,0,0,0,0,0,0,0,0,0,0,0,0,0,0,0,0,0,0,0,0,0,0,0,0,0,0,0,0,0,0,0,0,0,0,0,0,0,0,0.000214543
ARISA_484.1,0,0,0,0,0,0,0.00074003,0,0,0,0.004181205,0,0.000874041,0,0,0,0,0,0.001424064,0.00123805,0,0,0,0,0,0,0,0.001027045,0,0,0,0,0,0,0,0,0,0,0.014681675,0.002342117,0.008602336,0.002448098,0.004408203,0.006500345,0,0,0.005602219,0.0022231,0.00053102,0.001437063,0,0,0,0,0,0.003676202,0,0,0,0.003106165,0,0,0,0,0,0.002747599,0,0.003532134,0,0,0,0,0.000568026,0,0,0.002455096,0,0,0,0,0,0,0.002023061,0,0,0,0,0,0,0,0,0.00274006,0,0.000656028,0,0,0.00715425,0,0,0,0,0.000860586
ARISA_484.9,0,0,0,0,0,0,0,0,0,0,0,0,0,0,0,0,0,0,0,0,0,0,0,0,0,0,0,0,0,0,0,0,0,0,0,0,0,0,0,0,0,0,0.002199101,0.000593031,0,0,0.000936037,0,0,0,0,0,0,0,0,0,0,0,0,0,0,0,0,0,0,0.000655524,0,0,0,0,0,0,0,0,0,0,0,0,0.000778035,0,0,0,0,0,0,0,0,0,0,0,0,0,0,0,0,0,0,0,0,0,0,5.11062E-05
ARISA_486.6,0,0,0,0,0,0,0,0,0,0,0,0,0,0,0,0,0,0,0,0,0,0,0,0,0,0,0,0,0,0,0,0,0,0,0,0,0,0,0,0,0,0,0.004235195,0,0,0,0.002163084,0,0,0,0,0,0,0,0,0,0,0,0,0,0,0,0,0,0,0,0,0,0,0,0,0,0,0,0,0,0,0,0.000844038,0,0,0,0.001526046,0,0,0,0,0,0,0,0,0,0,0,0,0,0,0,0,0,0.00057603,9.25187E-05
ARISA_487.4,0,0,0,0,0,0,0,0,0,0,0,0,0,0,0,0,0,0,0,0,0,0,0,0,0,0,0,0,0,0,0,0,0,0,0,0,0,0,0,0,0,0,0.000662031,0,0,0,0,0,0,0,0,0,0,0,0,0,0,0,0,0,0,0,0,0,0,0,0,0,0,0,0,0,0,0,0,0,0,0,0,0,0,0,0,0,0,0,0,0,0,0,0,0,0,0,0,0,0,0,0,0,0.001435075,2.07634E-05
ARISA_488,0,0,0,0,0,0,0.002932117,0.00316112,0,0,0,0,0,0,0,0,0,0,0,0,0,0,0,0.000746031,0,0,0,0,0,0.002028077,0,0,0.001899063,0,0,0,0,0,0,0,0,0,0,0,0,0,0,0,0,0,0,0,0,0,0,0,0,0,0,0,0,0,0,0,0,0,0,0,0,0,0,0,0,0,0,0,0,0,0,0,0,0,0,0,0,0,0,0,0,0,0,0,0,0,0,0,0.001376048,0,0.000652017,0,0.002713141,0.000153541
ARISA_490,0,0,0,0,0,0,0.002087084,0.001460056,0,0,0,0,0,0,0,0,0,0,0,0,0,0,0.006268219,0.000544022,0,0,0.001522049,0,0,0.002043078,0,0,0.005081168,0.005969191,0,0,0,0,0,0.005811291,0.009347365,0.014849594,0.016931779,0.013996742,0.001174048,0.000645023,0.000550022,0.000652029,0.000615023,0,0,0,0.008768246,0,0.008660338,0.007480411,0,0,0,0,0,0,0,0.000966045,0,0.00056152,0,0.001271048,0.002282145,0,0,0,0.005842263,0,0,0.000931036,0.001924075,0.004921212,0.010299464,0.001760065,0,0,0,0,0,0.001178042,0,0,0,0.000994043,0,0,0.00363516,0,0,0,0.00543619,0,0.001478038,0,0.015297796,0.001715197
ARISA_491.7,0,0,0,0,0,0,0,0,0,0,0,0,0,0,0,0,0,0,0,0,0,0,0,0,0,0,0,0,0,0.001274048,0,0,0,0,0,0,0,0,0,0.001054053,0,0,0.000551025,0.000818043,0,0,0,0,0,0,0,0,0.000581016,0,0.000623024,0.002575142,0,0,0,0,0,0,0,0,0,0.000427015,0,0,0,0,0,0,0,0,0,0,0,0,0,0,0,0,0,0,0,0,0,0,0,0,0,0,0.000741033,0,0,0,0.000705025,0,0,0,0.000803042,0.000100519
ARISA_493.6,0,0,0,0,0,0,0,0,0,0,0,0.000777037,0,0,0,0,0,0,0,0,0,0,0,0,0,0,0,0,0,0,0,0,0,0,0,0,0,0,0,0,0,0,0,0,0,0,0,0,0,0,0,0,0,0,0,0,0,0,0.004437164,0,0,0,0,0,0,0,0,0,0,0,0,0,0,0,0,0,0,0,0,0,0,0,0,0,0,0,0,0,0,0,0,0,0,0,0,0,0,0,0,0,0,5.16258E-05
ARISA_495.4,0,0,0,0,0,0,0,0,0,0,0,0.000561026,0,0,0,0,0,0,0,0,0,0,0,0,0,0,0,0,0,0,0,0,0,0,0,0,0,0,0,0,0,0,0,0,0,0,0,0,0,0,0,0,0,0,0,0,0,0,0,0,0,0,0,0,0,0,0,0,0,0,0,0,0,0,0,0,0,0,0,0,0,0,0,0,0,0,0,0,0,0,0,0,0,0,0,0,0,0,0,0,0,5.55471E-06
ARISA_502.9,0,0,0,0,0,0,0,0,0,0,0,0.026778259,0,0,0,0,0,0,0,0,0,0,0,0,0,0,0,0,0,0,0,0,0,0,0,0,0,0,0,0,0,0,0,0,0,0,0,0,0,0,0,0,0,0,0,0,0,0,0,0,0,0,0,0,0,0,0,0,0,0,0,0.000666025,0,0,0,0,0,0,0,0,0,0,0,0,0,0,0,0,0,0,0,0,0,0,0,0,0,0,0,0,0,0.000271726
ARISA_507.4,0,0,0,0,0,0,0,0,0,0,0,0,0,0,0,0,0,0,0,0,0,0,0,0,0,0,0,0,0,0.002037077,0,0,0,0,0,0,0,0,0,0,0,0,0,0,0.005472224,0,0,0,0,0,0,0,0,0,0,0,0,0,0,0,0,0,0,0,0,0,0,0,0,0,0,0,0,0,0.001379063,0,0,0,0,0,0,0,0,0,0,0,0,0,0,0,0,0,0,0,0,0,0,0,0,0,0.000674035,9.46772E-05
ARISA_507.8,0,0,0,0,0,0,0,0.000823031,0,0,0,0,0,0,0,0,0,0,0,0,0,0,0,0,0,0,0,0,0,0.001067041,0,0,0,0,0,0,0,0,0,0,0,0,0,0,0,0,0,0,0,0,0,0,0,0,0,0,0,0,0,0,0,0,0,0,0,0,0,0,0,0,0,0,0,0,0.002195101,0,0,0,0,0,0,0,0,0,0,0,0,0,0,0,0,0,0,0,0,0,0.001074038,0,0,0,0,5.10813E-05
ARISA_509.9,0,0,0,0,0,0,0,0.004698179,0,0,0,0,0.000671032,0,0,0,0,0,0,0,0,0,0.000634022,0,0,0,0,0.000667029,0,0.016714635,0,0,0,0,0,0,0,0,0,0.002645132,0,0.037680507,0,0.000688037,0,0,0.000615024,0.002014091,0,0,0.002273312,0.001968472,0.000784022,0,0,0.002981164,0,0,0,0,0.002176109,0.002268593,0,0,0,0,0,0.001273048,0,0,0,0,0.006706302,0,0.004670215,0.004801187,0.004651181,0,0.00089604,0,0,0,0,0,0,0,0,0,0,0,0,0,0.000768034,0,0,0,0.003540124,0,0.001060028,0,0.024182258,0.001307206
ARISA_511,0,0,0,0,0,0,0,0,0,0,0,0,0,0,0,0,0,0,0,0,0,0,0,0,0,0,0,0.000559025,0,0,0,0,0,0.001310042,0,0,0,0,0,0,0,0,0,0,0,0,0,0,0,0,0.001882743,0.001278957,0,0,0,0,0,0,0,0,0,0.002117487,0,0,0,0,0,0,0,0,0,0,0.002980134,0,0,0,0,0,0,0,0,0,0,0,0,0,0,0,0,0,0,0,0,0,0,0,0,0,0,0,0.001641085,0.000116529
ARISA_511.6,0,0,0,0,0,0,0,0,0,0,0,0,0,0,0,0,0,0,0,0,0,0,0,0,0,0,0,0,0,0,0,0,0,0,0,0,0,0,0,0,0,0,0,0,0,0,0,0,0,0,0.000545795,0,0,0,0,0,0,0,0,0,0,0,0,0,0,0,0,0,0,0,0,0,0,0,0,0,0,0,0,0,0,0,0,0,0,0,0,0,0,0,0,0,0,0,0,0,0,0,0,0,0,5.40391E-06
ARISA_517,0,0,0,0,0,0,0,0,0,0,0,0,0,0,0,0,0,0,0,0,0,0,0,0,0,0,0,0.001116049,0.00072304,0,0,0,0,0,0,0,0,0,0,0,0,0,0,0,0,0,0,0,0,0,0,0,0,0,0,0,0,0,0,0,0,0,0,0,0,0,0,0,0,0,0,0,0,0,0,0,0,0,0,0,0,0,0,0,0,0,0,0,0,0,0,0,0,0,0,0,0,0,0,0,0,1.82088E-05
ARISA_519,0,0,0,0,0,0.007013288,0.00074603,0.00053602,0,0,0.001937095,0,0.005284248,0,0,0,0.004218194,0.002669088,0.006150277,0.001516061,0.003045107,0,0,0,0.001004037,0.006383255,0,0.005928261,0.00435424,0.000566022,0.000877023,0,0,0,0,0,0,0,0.000885041,0.011634582,0,0.007452298,0,0,0,0,0,0,0.003067117,0.003021133,0,0,0,0,0,0,0,0,0,0.001625086,0.002814141,0.001024719,0.003959194,0,0,0.00026501,0,0.001538058,0.000641603,0,0,0,0.004635209,0,0.002046094,0.001369053,0,0,0,0,0,0,0,0,0,0.004242153,0,0,0,0,0,0,0,0,0.008659372,0.004753209,0,0,0,0,0,0.001147142
ARISA_519.6,0,0,0,0,0.000582024,0,0.000552022,0,0,0,0.002622129,0,0,0,0,0,0,0,0,0,0,0,0,0,0,0,0,0.001217054,0.002260124,0,0,0,0,0,0,0,0,0.000633027,0,0,0,0.00074603,0,0,0,0,0,0,0.001400053,0,0,0,0,0,0,0,0,0,0,0,0,0,0,0,0,0,0,0,0,0,0,0,0,0,0,0,0,0,0,0,0,0,0,0,0,0.001736063,0,0,0,0,0,0,0,0,0.004135178,0.001193053,0,0,0,0,0,0.000169077
ARISA_521.6,0,0,0,0,0,0,0,0,0,0,0.007706378,0,0,0,0,0,0,0,0,0,0,0,0,0,0.000682025,0.008971359,0,0.00158507,0.001704094,0,0,0,0,0,0,0,0,0,0,0,0,0.001262051,0,0,0,0,0,0,0.001291049,0.003793167,0,0,0,0,0,0,0,0,0,0.002087111,0.00099805,0,0.010836531,0,0,0,0,0,0.000611575,0,0,0,0.001863084,0,0.001216056,0,0,0.00070803,0,0,0.000548019,0.005306244,0,0,0,0.002175078,0.001940072,0.003659146,0,0,0.001324053,0,0,0.001526064,0,0.000752033,0,0,0,0,0,0.000619271
ARISA_522.8,0,0,0,0,0,0,0,0,0,0,0.001861091,0,0,0,0,0,0,0,0,0,0,0,0,0,0,0.001290052,0,0,0,0,0,0,0,0,0,0,0,0,0,0,0,0,0,0,0,0,0,0,0,0.00136906,0,0,0,0,0,0,0,0,0,0,0,0,0,0,0,0,0.000561026,0.007724294,0,0,0,0,0,0,0,0,0,0,0,0,0,0.001651076,0,0,0,0,0.002193081,0.001842074,0,0,0.002796112,0,0,0,0,0,0,0,0,0,0,0.000210771
ARISA_524.8,0,0,0,0,0,0,0,0,0,0,0,0,0,0,0,0,0,0,0,0,0,0,0,0,0,0,0,0,0,0,0,0,0,0,0,0,0,0,0,0,0,0,0,0,0,0,0,0,0,0,0,0,0,0,0,0,0,0,0,0,0,0,0.011799578,0,0,0,0,0.007716293,0,0,0,0,0,0,0,0,0,0,0,0,0,0.003246149,0,0,0,0,0,0,0,0,0.000703028,0,0,0,0,0,0,0,0,0,0,0.000232327
ARISA_526.8,0,0.00083003,0,0,0,0,0,0,0,0,0,0,0,0,0,0,0,0,0,0,0,0,0,0,0,0,0,0.000712031,0,0,0,0,0,0,0,0,0,0,0,0,0,0,0.000558026,0,0,0,0,0,0,0,0,0,0,0,0,0,0,0.003447103,0,0,0,0,0.033199627,0,0,0,0,0.004542173,0,0,0,0,0,0,0,0,0,0,0,0,0,0.003938181,0,0,0,0,0,0,0,0,0,0,0,0,0,0,0,0,0,0,0,0.000467596
ARISA_527.6,0,0,0,0,0,0,0,0,0,0,0.000598029,0,0,0,0,0,0,0.001192039,0,0,0,0,0,0,0,0,0,0,0,0,0,0,0,0,0,0,0,0,0,0,0,0,0,0,0,0,0,0,0,0,0,0,0,0,0,0,0,0,0,0,0,0,0,0,0,0,0,0,0,0,0,0,0,0,0,0,0,0,0,0,0,0.001195055,0,0,0,0,0,0,0,0,0,0,0,0.00070703,0,0,0,0,0,0,0,3.6556E-05
ARISA_529.5,0,0,0,0,0,0,0,0,0,0,0,0,0,0,0,0,0,0,0,0.001406056,0,0,0.000586021,0,0,0,0,0,0,0,0,0.001503035,0,0,0,0,0.000731023,0,0,0,0,0,0.000576027,0.001172062,0.002716111,0,0,0,0.000605023,0,0,0,0,0,0,0,0,0,0,0,0,0,0,0,0,0,0,0.014683558,0,0,0,0,0,0,0,0,0,0,0,0,0,0,0,0,0,0,0,0,0,0,0,0,0,0,0,0,0,0,0,0,0,0.000237415
ARISA_531.5,0,0.001226044,0.000853035,0,0.002869121,0.000680028,0.001711068,0,0,0,0,0,0.000978046,0,0.001120047,0.005293212,0.00544125,0.003819126,0.000539024,0.005262211,0.002595091,0.00193106,0.004225148,0,0,0,0.000734024,0,0.0018251,0.001607061,0,0.008877204,0.005322176,0.001692054,0,0,0.006663213,0.001198052,0.001684078,0.004497225,0.008695339,0.005429217,0.005639259,0.004952263,0.010348424,0.003125113,0.001338052,0.003484157,0.007254276,0.002072091,0.000655956,0.000718538,0.006272176,0,0.007153279,0.003163174,0.004950208,0,0,0.001459077,0,0,0.002776136,0.000701033,0.015984639,0.008934322,0,0.002292087,0,0,0,0.002031077,0.001014046,0.002396103,0,0,0,0.00534023,0.001467066,0,0,0,0.002942088,0.001081044,0,0,0,0,0.002196092,0.002714117,0,0,0.002408106,0,0,0,0.000621022,0,0,0,0.00115106,0.002033709
ARISA_532.4,0,0.001558056,0,0,0,0,0,0,0,0,0,0,0.001375065,0,0,0,0,0,0,0,0,0,0,0,0,0,0,0,0.001046058,0.001171045,0,0,0,0,0,0,0.001130036,0,0,0.00140007,0.002696105,0.004587184,0.003143145,0.002890153,0.001549064,0.002683097,0,0.000712032,0.001995076,0.001554068,0.000546797,0.000938702,0.001725048,0,0,0.002784153,0,0,0,0.001666088,0,0.001038729,0.001150056,0,0,0,0,0,0,0,0,0,0.000653029,0.00092904,0,0,0,0,0,0,0,0,0,0.00170207,0,0,0,0,0,0.001613069,0,0,0.001214053,0,0,0,0.000664023,0,0.000828022,0,0.003379176,0.000498241
ARISA_533.4,0,0,0,0,0,0,0,0,0,0,0,0,0,0,0,0,0,0,0,0,0,0,0.001232043,0,0,0,0,0,0,0,0,0,0,0.002276073,0,0,0,0,0,0.002525126,0.001433056,0.005933237,0,0.003066163,0.003300135,0,0,0,0.000627024,0,0,0.002508877,0.00464413,0,0,0.003313182,0,0,0,0,0,0.003008112,0.001484073,0,0,0,0,0.001902072,0,0,0,0,0.001000045,0,0,0,0,0,0.001630073,0,0,0,0,0,0,0,0,0,0,0,0,0,0,0,0,0,0,0,0,0,0.003145164,0.000426026
ARISA_533.6,0,0,0,0,0,0,0,0,0,0,0,0,0,0,0,0,0,0,0,0,0,0,0,0,0,0,0,0,0.004161229,0,0,0,0,0,0,0,0,0,0,0,0,0,0,0,0,0,0,0,0,0,0.000613894,0.000733549,0,0,0,0,0,0,0,0,0,0.001871314,0,0,0,0,0,0,0,0,0,0,0,0,0,0,0.003651142,0,0,0,0,0,0,0,0,0,0,0,0,0,0,0,0,0,0,0,0,0,0,0,0,0.000109219
ARISA_534.1,0,0,0,0,0,0,0,0,0,0,0,0,0,0,0.000747031,0,0,0,0,0,0,0,0.000960034,0,0,0,0,0,0,0,0,0,0,0,0,0,0,0,0,0,0,0.003131125,0,0.00076304,0,0,0,0,0,0,0,0,0,0,0.002641103,0,0.00214609,0,0,0,0,0,0,0,0,0,0,0,0,0,0,0,0,0,0,0.000634025,0.001620063,0,0.00111905,0,0,0,0,0.001762072,0,0,0,0.000880035,0,0,0,0,0,0,0,0,0,0,0,0,0.000661034,0.000168957
ARISA_535,0,0,0,0,0,0,0,0,0,0,0,0,0,0.001201048,0.005733241,0,0,0,0,0.003822153,0,0,0.000832029,0.000670028,0,0,0,0,0,0,0,0,0,0,0,0,0,0.001090047,0,0.002450123,0.001148045,0,0,0.0018931,0.001619066,0,0,0,0,0,0.001413059,0.000736551,0,0,0,0,0,0,0,0,0,0.003383375,0.000667033,0,0,0,0,0,0,0,0,0,0,0,0,0.001611063,0,0,0.001265057,0,0,0,0,0,0,0.001021037,0,0.001705068,0,0,0,0,0,0,0,0,0,0.000888025,0,0,0,0.000328209
ARISA_536.9,0.001573066,0.001139041,0.004469183,0.015535637,0,0,0,0,0,0,0.01041251,0.003657172,0,0.006283251,0.000541023,0.003355134,0,0,0.001175053,0.005969239,0.014362503,0,0.008669303,0.008760359,0,0,0,0.006454284,0.007303402,0,0.001425037,0,0,0,0,0.002145058,0,0.008700374,0,0.001288064,0.001871073,0.009559382,0,0.009500504,0.008979368,0.001831066,0,0.002480112,0.01736166,0,0,0.001967472,0,0,0,0,0,0,0,0.001852098,0,0,0,0,0,0.000568521,0.001210057,0,0,0.002852103,0,0.001140043,0,0,0.021250978,0,0,0.002920126,0.001680076,0,0,0,0.001722052,0,0,0,0,0,0.005267221,0.000971042,0,0.002985066,0,0,0,0,0,0.006118171,0.001602042,0.003085074,0,0.00219796
ARISA_538.9,0.006955292,0.003385122,0.015407632,0.012029493,0.033557409,0.05293217,0.055263211,0.033977291,0.014385518,0.020646826,0.051156507,0.011661548,0.047100214,0.007321293,0.013905584,0.016390656,0.0260962,0.04182038,0.026997215,0.015011601,0.020303711,0.040467255,0.027231953,0.023851978,0.046362715,0.044387776,0.009473303,0.013261584,0.009023496,0.016826639,0.006823177,0.037947873,0.045490501,0.016781537,0.003611076,0.005227141,0.044026409,0.013008559,0.056238587,0.052927646,0.070085733,0.027903116,0.028456309,0.045708423,0.017014698,0.015677564,0.038390497,0.018235821,0.025729978,0.031773398,0.004860081,0,0.03500598,0.009491961,0.03614841,0.053007915,0.029658246,0.003295099,0.005975221,0.042049229,0.014565728,0.032587877,0.010539516,0.015405724,0.023135925,0.02194679,0.005214245,0.01524958,0.019094949,0.031186123,0.014129777,0.002676102,0.021810982,0.025168082,0.015890731,0.034818358,0.004496175,0.02859623,0.026071173,0.033891254,0,0,0.028032841,0.044841839,0.022209666,0.034553244,0.000728027,0.001845074,0.01452761,0.019669846,0,0.020968461,0.009112401,0.019896836,0.022300959,0.022134974,0.030872081,0.022527631,0.034652901,0.013446323,0.003748195,0.023171148
ARISA_540.1,0.002589109,0.00056402,0,0,0,0.008064331,0,0,0,0,0.012365606,0.002704127,0,0,0,0.000915037,0.002847131,0,0,0.002180087,0,0.001398043,0.000757027,0.000614025,0,0.001457058,0.005736184,0,0.004283236,0,0,0,0,0,0,0,0,0.00117205,0,0,0.003696144,0,0.007859362,0,0.005147211,0.003913141,0.000903035,0.003906176,0,0,0.001254828,0,0.001558044,0.003531218,0,0,0,0.001865056,0,0,0.000760038,0,0,0,0,0,0.001096052,0.010989418,0.012214482,0.007374266,0.003350184,0.001630062,0.007047317,0.007028302,0.014199653,0,0,0,0,0,0.058255039,0,0,0,0,0.012521451,0,0,0.001472062,0.003370145,0,0.004623102,0.00090604,0.004342182,0.001143049,0.002461108,0.003352117,0.005424152,0.002949077,0.00291207,0,0.002482204
ARISA_541.5,0,0,0,0,0,0,0,0,0,0.000607024,0.008275406,0,0,0,0,0,0,0.002604086,0.002319104,0.001553062,0.002618092,0.004052126,0.003767132,0,0.004220156,0.002040082,0,0.000797035,0,0.005573212,0,0,0,0,0,0,0,0,0.000556026,0,0.001010039,0.001420057,0.003301152,0.000665035,0.000596024,0,0,0,0,0.000526023,0.00291725,0,0.002775078,0.000544342,0.009041353,0.00055103,0,0.002212066,0.002410089,0,0,0,0,0,0,0,0,0.00288411,0,0.001017037,0.000745041,0.000862033,0.002048092,0.002581111,0.004255196,0,0,0,0.000804036,0,0,0,0,0,0,0.005865211,0,0,0,0,0,0,0,0.001620068,0.000749032,0.00136506,0.001236043,0.002989084,0.000822021,0,0,0.000958369
ARISA_542.8,0,0,0,0,0,0,0,0,0,0,0.003583176,0,0,0,0,0,0.000746034,0,0,0,0,0.001258039,0.003298115,0,0.002070077,0.000803032,0.000697022,0,0,0,0,0,0,0.002121068,0,0,0.001310042,0,0.000542025,0,0,0.001327053,0.001660076,0.001947103,0,0.000594021,0,0.001043047,0.00157806,0,0,0,0.000864024,0,0.001126044,0,0,0,0,0.00207511,0,0,0,0,0,0,0,0.001691064,0.013059276,0,0,0,0,0,0,0.001770069,0,0.006820293,0.001207054,0,0,0,0,0,0.00565317,0.005740207,0,0,0,0,0,0,0,0.002236094,0.003342144,0.001499066,0,0,0,0,0,0.000709521
ARISA_543.8,0,0,0,0,0,0,0,0,0,0,0.000738036,0,0,0,0,0,0,0,0,0,0,0,0,0,0,0,0,0,0,0,0,0,0,0,0,0,0,0,0,0,0,0,0,0.002239119,0,0,0,0,0,0,0,0,0,0,0,0,0,0,0,0,0,0,0,0,0,0,0,0,0,0,0,0,0,0,0,0,0,0,0,0,0,0,0,0,0,0,0.001270047,0.000610024,0,0,0,0,0,0,0,0,0,0,0,0,0,4.80913E-05
ARISA_545.8,0,0,0,0,0,0,0,0,0,0,0,0.003391159,0,0,0,0,0,0,0,0,0,0,0,0,0,0.000553022,0,0,0,0,0,0.000532012,0,0,0,0,0,0,0,0,0,0,0,0.002789148,0,0,0,0,0,0,0,0,0,0,0,0,0,0,0,0,0,0,0,0,0,0,0.00062803,0,0,0,0,0,0,0,0,0,0,0,0,0,0,0.002142099,0,0,0,0,0.004451165,0.003296132,0,0,0.000662027,0,0.007086312,0,0,0,0,0,0,0,0,0.000252783
ARISA_547.8,0,0,0,0,0,0.000789032,0,0,0,0,0,0.000762036,0,0,0,0,0,0,0,0,0,0.000566018,0,0,0,0.000961038,0,0,0,0,0,0,0,0,0,0,0,0,0,0,0,0,0,0.004687248,0,0,0,0,0,0,0,0,0,0,0,0,0,0,0,0,0,0,0,0,0,0,0.001085051,0,0,0,0,0,0,0,0,0,0,0,0,0,0,0,0,0,0,0,0.003010111,0.002013081,0,0,0,0,0.004922217,0,0,0,0,0,0,0,0,0.000186097
ARISA_549.8,0,0,0,0,0,0,0,0,0,0,0,0,0,0,0,0,0,0,0,0,0,0,0,0,0,0.001199048,0,0,0,0,0,0,0,0,0,0,0,0,0,0,0,0.00074403,0,0,0,0,0,0,0,0,0,0,0,0,0,0,0,0,0,0,0,0,0.001301064,0,0,0,0,0,0,0,0,0,0,0,0,0,0,0,0,0,0,0,0,0,0,0,0,0,0,0,0,0,0,0,0,0,0,0.000583016,0,0,0,3.78927E-05
ARISA_550.8,0,0,0,0,0,0,0,0,0,0,0,0,0,0,0,0,0,0,0,0,0,0,0,0,0,0,0,0,0,0,0,0,0,0,0,0,0,0,0,0,0,0,0,0,0,0,0,0,0,0,0,0,0,0,0,0,0,0,0,0,0,0,0.000901044,0,0,0,0,0,0,0,0,0,0,0,0,0,0,0,0,0,0,0,0,0,0,0,0,0,0,0,0.007274291,0,0,0,0,0,0,0,0,0,0,8.09439E-05
ARISA_552.8,0,0,0,0,0,0,0,0,0,0,0.000775038,0.009690456,0,0,0,0,0,0,0,0,0,0,0,0,0,0,0,0,0,0,0,0,0,0,0,0,0,0,0,0,0,0,0,0,0,0,0,0,0,0,0,0,0,0,0,0,0,0,0.015883588,0,0,0,0.001824089,0,0,0,0.008680408,0,0,0,0,0,0,0,0,0,0,0,0,0,0,0,0,0,0,0,0,0,0,0,0.017139686,0,0.009424415,0,0,0,0,0,0,0,0,0.000627898
ARISA_553.2,0,0,0,0,0,0,0,0,0,0,0.001385068,0,0,0,0,0,0,0,0,0,0,0,0,0,0,0,0,0,0,0,0,0,0,0,0,0,0,0,0,0,0,0,0,0,0,0,0,0,0,0,0,0,0,0,0,0,0,0,0.011670432,0,0,0,0,0,0,0,0.001441068,0,0,0,0,0,0,0,0,0,0,0,0,0,0,0,0,0,0,0,0,0,0,0,0.000558022,0,0,0,0,0,0,0,0,0,0,0.000149055
ARISA_554.9,0,0,0,0,0,0,0,0,0,0,0,0.015605734,0,0,0,0,0,0,0,0,0,0,0,0,0,0,0,0,0,0,0,0,0,0,0,0,0,0,0,0,0,0,0,0,0,0,0,0,0,0,0,0,0,0,0,0,0,0,0.003392126,0,0,0,0,0,0,0,0,0,0,0,0,0,0,0,0,0,0,0,0,0,0,0,0,0,0,0,0,0,0,0,0.000702028,0,0.000718032,0,0,0,0,0,0,0,0,0.000202158
ARISA_556.7,0.001244052,0,0,0,0,0,0,0,0,0,0.002134105,0.020174948,0,0,0,0,0,0,0,0,0,0,0,0,0,0,0,0,0,0,0,0,0,0,0,0,0,0,0,0,0,0,0,0,0,0,0,0,0,0,0,0,0,0,0,0,0,0,0,0,0,0,0,0,0,0,0,0,0,0,0,0,0,0,0,0,0,0,0,0,0,0,0,0,0,0,0,0,0,0,0,0,0,0,0,0,0,0,0,0,0,0.000233199
ARISA_557.8,0.000534022,0,0,0,0,0,0,0,0,0,0.003641178,0,0,0,0.000579024,0,0,0,0,0,0,0,0,0,0,0,0,0,0,0,0,0,0,0,0,0,0,0.000680029,0,0,0,0.007968319,0,0,0.001389057,0,0,0,0,0.000867038,0,0,0,0,0,0,0.001601067,0,0,0,0,0,0,0,0,0,0,0,0,0,0,0,0,0,0.001405065,0,0,0,0,0,0,0,0,0,0,0,0,0,0,0,0,0,0,0,0,0,0,0,0,0,0,0.0001848
ARISA_559,0,0,0,0,0,0,0,0,0,0.001128045,0.025809265,0,0,0,0,0,0.002151099,0,0,0,0,0,0,0,0.00161906,0.002514101,0,0,0.002106116,0,0,0,0,0,0,0,0,0.002016087,0.007307336,0.000780039,0.002618102,0,0.001778082,0.001984105,0.001049043,0,0,0,0.002300087,0.000661029,0,0,0,0,0,0.000561031,0,0,0,0,0,0,0,0,0,0,0,0,0,0.000623022,0.002777153,0.000616023,0.000707032,0,0.006270288,0.00180307,0,0,0.000575026,0,0,0,0,0,0,0.000634023,0,0,0.00143806,0,0,0,0,0,0,0,0.000802028,0,0,0,0.00096305,0.000728628
ARISA_559.4,0,0,0,0,0.00309013,0,0,0,0,0,0.003635178,0,0,0,0,0,0.001018047,0,0,0,0,0,0.003456121,0.004648191,0,0.003959158,0,0,0,0,0.000821021,0,0,0,0,0,0,0.002229096,0,0,0.000784031,0,0,0,0.003357138,0,0,0,0,0,0,0,0,0,0,0.002451135,0,0.00100103,0,0,0,0.001859305,0,0,0,0,0,0,0,0,0,0.001005038,0.001435065,0,0.001219056,0,0,0,0.000543024,0,0,0,0,0,0,0.00082603,0,0,0,0,0,0,0,0.000583025,0.000823035,0,0.000810028,0,0,0,0.000603031,0.000397593
ARISA_559.7,0,0,0,0.000682028,0,0,0,0,0,0,0.005194255,0,0,0,0.001114047,0,0,0,0.003423154,0,0,0.000729023,0,0.002781114,0,0,0,0,0.001495082,0,0,0,0.00485916,0,0,0,0,0,0.000681031,0,0.002116083,0,0,0.001067057,0,0,0.000954037,0,0,0.001428063,0,0,0,0,0,0.00073004,0,0,0,0,0,0,0,0,0,0,0,0,0.001173103,0,0.002763152,0,0.000750034,0.001465063,0.006010277,0,0,0,0,0,0,0,0,0,0,0.000915033,0,0,0.002011085,0,0,0,0,0.001070045,0.000817035,0,0,0,0,0,0,0.000437911
ARISA_561.8,0,0,0,0.001160048,0.002435102,0.01486961,0,0,0.095733446,0.00348914,0.037646845,0.06724016,0.038265799,0,0.006293264,0,0.006332291,0.059210954,0,0.016129645,0.046886641,0.002034063,0.022022771,0.019128784,0.019683728,0.019025761,0.006274201,0.023939053,0.000804044,0.021123803,0.00498713,0.046782076,0.01182039,0.002413077,0,0,0,0.002184094,0.009234425,0.014705735,0.003733146,0.023392936,0.006650306,0.010298546,0,0,0.000580023,0.017620793,0.004650177,0.009741429,0.033653033,0.050655891,0.122014416,0,0.007113277,0.016555911,0.003792159,0.003788114,0,0.022921215,0.006049303,0.007238081,0,0,0,0.004183151,0.001163055,0.006920263,0.007913439,0.016159582,0.005067279,0,0.014555655,0.00860537,0.003630167,0.040172567,0.055837178,0.019960858,0.007189324,0,0.000801028,0,0,0.00512121,0.002044061,0.006899248,0,0,0.002954124,0.015774678,0,0,0.00089904,0.002766116,0.003380145,0.051118249,0.011605406,0,0.000550014,0,0.004362227,0.012593448
ARISA_563.6,0,0,0,0,0,0,0,0.000705027,0,0,0,0,0,0,0,0,0,0,0.004743213,0,0,0.000687021,0,0,0,0,0.001505048,0,0,0,0,0,0,0.001202039,0,0,0,0,0,0,0,0,0,0.001461077,0,0,0,0.000716032,0,0,0.004828034,0,0,0,0.003713145,0,0.000659028,0,0,0,0,0.000613431,0,0,0,0,0,0.00184907,0.003208016,0.001996072,0.003658201,0,0.003938177,0.000835036,0.000556026,0,0,0.000855037,0,0,0,0,0,0,0,0.001473053,0,0,0,0,0,0,0.000661029,0,0,0.000772034,0.001216043,0,0,0,0,0.000414365
ARISA_564.5,0,0,0,0,0,0,0,0,0,0,0,0.001338063,0,0,0,0,0,0,0.001676075,0,0,0,0,0,0,0,0,0,0,0,0,0,0,0,0,0,0,0,0,0,0,0,0,0,0,0,0,0.00177008,0,0,0,0,0,0,0.001221048,0,0.001237052,0,0,0,0,0,0,0,0,0,0,0.001609061,0,0,0,0,0.000937042,0,0,0,0.001929075,0,0,0,0,0,0,0,0,0,0.002204082,0,0,0,0,0,0,0,0,0,0,0,0,0,0,0.000137837
ARISA_566.5,0,0,0,0,0,0,0,0,0.00638323,0,0.001804088,0.003878182,0,0,0,0,0,0,0,0,0,0,0,0.000635026,0,0,0.002413077,0,0.001197066,0,0.003019079,0.001819042,0,0,0,0,0,0,0,0,0,0,0,0,0,0,0,0.001301059,0,0,0,0,0.008150228,0,0,0,0,0,0,0.000594032,0.003467173,0,0.003989196,0,0,0,0,0,0,0,0,0,0,0,0.00239011,0,0,0,0,0,0,0.004149191,0,0,0,0,0.00378714,0.001956078,0,0,0,0,0,0,0,0.000619027,0,0,0,0,0,0.000510416
ARISA_567.5,0,0.00056402,0.001837075,0.00097904,0,0,0,0,0.002412087,0,0.004212206,0,0,0,0,0,0,0,0,0,0,0,0,0,0,0,0,0,0.002375131,0.002150082,0,0,0,0,0,0,0,0.000569025,0,0,0,0,0,0.00150508,0,0.000708026,0,0,0,0,0,0,0.003411096,0,0,0,0,0,0,0,0,0,0.000926045,0,0,0,0,0,0,0,0,0,0,0,0,0,0,0,0,0,0,0.002885133,0,0,0,0,0,0.000687028,0,0,0,0,0,0,0,0,0,0,0,0,0,0.000249714
ARISA_567.8,0.000567024,0,0,0.002291094,0,0,0,0,0,0,0,0,0,0,0,0,0,0,0,0,0,0,0,0,0,0,0,0,0,0,0,0,0,0,0,0,0,0.001141049,0,0,0,0,0,0.000838044,0,0.00222008,0.000531021,0,0,0,0,0,0,0,0,0,0,0,0,0,0,0,0,0,0,0,0,0,0,0,0,0,0,0,0,0,0,0,0,0,0,0,0,0,0,0,0,0,0,0,0,0,0,0,0,0,0,0,0,0,0,7.51318E-05
ARISA_568.1,0.002089088,0,0,0,0,0,0,0,0,0,0.007444365,0,0,0,0,0,0,0,0,0,0,0,0,0,0,0,0,0,0,0,0,0.003437079,0,0,0,0,0,0,0,0,0,0,0,0,0,0,0,0,0,0,0,0,0,0,0,0,0,0,0,0,0,0,0,0,0,0,0,0,0,0,0,0,0,0,0.001108051,0,0,0,0,0,0,0,0,0,0,0,0,0,0.001395059,0,0,0,0,0,0,0,0,0,0,0,0,0.000153204
ARISA_570.1,0.005410227,0.004613166,0.013975573,0.010508431,0.026143098,0.014343588,0.046207848,0.010706407,0,0.021968879,0.04224407,0.03127347,0.036355709,0,0.011731493,0.015425617,0.039880835,0,0.066734003,0.045470819,0.076985695,0.059887857,0.074781617,0.103980263,0.047898772,0.046218849,0.047956535,0.012818564,0.017133942,0.003794144,0.006354165,0.014685338,0.027393904,0.02125568,0.000668014,0.001089029,0.012922414,0.003853166,0.046134122,0.003785189,0.0487119,0.064192568,0.019501897,0.009229489,0.017578721,0.004101148,0.000583023,0.016410739,0.021349811,0.01885983,0.016229647,0,0.043836227,0,0.02563,0.025530404,0.042365779,0.00066702,0,0.051234715,0.005817291,0.016602655,0,0.010351487,0.000774031,0.002469589,0.005412254,0.045916745,0.013914079,0.003660132,0.001607088,0.001460056,0.012186548,0.041599789,0.014795681,0.015053587,0.029057133,0.074914221,0.098976454,0.054935033,0.006167216,0,0,0.011618476,0.023274698,0.098986564,0,0,0.001829077,0.026886156,0,0,0.002225098,0.020123845,0.114234912,0.035718572,0,0,0,0,0,0.022665068
ARISA_571.4,0.004739199,0.005260189,0.001828075,0.00511021,0,0,0,0,0.042057514,0,0.001203059,0,0,0,0,0,0,0.075502492,0,0,0,0,0,0,0.002585096,0,0,0,0.003767207,0,0.003664095,0,0,0,0,0,0,0,0.000732034,0.002016101,0.000880034,0,0.007353338,0.002511133,0.002626108,0,0,0.001829082,0,0.003939173,0,0,0,0,0,0,0,0.000639019,0,0,0.001488074,0,0.002784136,0,0,0,0,0,0.002919745,0.000627023,0,0.001286049,0.000678031,0.005562239,0.006544301,0,0,0,0,0,0,0.001345062,0,0.00315813,0,0,0,0.000601024,0,0.001715074,0,0,0,0.001084046,0,0,0,0,0,0,0,0.001960753
ARISA_571.7,0,0,0,0,0,0,0,0,0,0,0,0,0,0,0,0,0,0,0,0,0,0.001772055,0,0,0,0.00273911,0,0,0,0,0,0,0,0,0,0,0,0,0,0.002280114,0.009500371,0,0,0,0.000781032,0,0,0,0,0,0,0,0,0,0,0,0,0,0,0,0,0,0.000653032,0,0,0,0,0.007074269,0,0,0,0,0,0,0,0,0,0,0,0,0,0,0,0,0,0,0,0,0,0,0,0,0,0,0,0,0,0,0,0,0,0.000245544
ARISA_573.6,0.006352267,0.012816461,0.004726194,0.013768565,0.014018589,0.002695111,0.012380495,0.018217692,0.18222556,0.025775031,0.001513074,0.019497916,0.008463398,0,0.017411731,0.009410376,0.034098569,0.057700904,0.026032171,0.035328413,0.038456346,0.013928432,0.0800078,0.12854627,0.005712211,0.005456218,0.110848547,0,0.00454425,0.010165386,0.006794177,0.070053611,0.00150105,0.006906221,0,0,0,0,0.004157191,0.001781089,0.038369496,0.035078403,0.009539439,0.008835468,0.007123292,0,0,0.034521554,0.018593707,0.011482505,0.017156998,0,0.061893733,0,0.060488359,0.015734865,0.073307079,0.005570167,0,0.011943633,0.023827191,0.047067041,0.002371116,0.009666454,0,0.000584521,0.000579027,0.01735966,0.010516886,0.007200259,0,0.003450131,0.012959583,0.02651514,0.008996414,0.006776264,0.05152601,0.036220558,0.019968899,0.011980443,0,0.001560072,0,0.003009123,0.008216247,0.098246537,0.001826068,0,0,0.000652028,0.000712029,0,0,0.001628068,0.063763742,0.031098368,0,0,0,0,0,0.018903048
ARISA_575.6,0,0,0,0,0,0,0,0,0,0,0,0.000709033,0,0,0,0,0,0,0.007049317,0,0,0,0,0,0,0.001600064,0,0,0,0,0,0,0,0,0,0,0,0,0.001066049,0,0.002859112,0,0.000733034,0,0,0,0,0,0.002584098,0,0.004400411,0,0,0,0,0.004085225,0,0.002447073,0,0,0,0,0,0.003264153,0,0,0,0.006289239,0.002713551,0,0,0,0.005607252,0,0.001100051,0,0,0,0.00710632,0,0,0,0,0.00391216,0,0.00888732,0.004472166,0.003574143,0,0,0,0,0,0,0.001281055,0,0,0,0,0,0,0.000749909
ARISA_575.9,0,0,0,0,0,0,0,0,0,0,0,0.000669031,0,0,0,0,0,0,0,0,0,0,0,0,0,0,0,0,0,0,0,0,0,0,0,0,0,0,0,0,0,0,0,0,0,0,0,0,0,0,0,0,0,0,0,0,0,0,0,0,0,0,0,0,0,0,0,0,0,0,0,0,0,0,0,0,0,0,0,0,0,0,0,0,0,0,0,0,0,0,0,0,0,0,0,0,0,0,0,0,0,6.62407E-06
ARISA_576.1,0,0,0,0,0,0,0,0,0,0,0,0,0,0,0,0,0,0,0,0,0,0,0,0,0,0,0,0,0,0,0,0,0,0,0,0,0,0,0,0,0,0,0,0,0,0,0,0,0,0,0,0,0,0,0,0,0,0.002295069,0,0,0,0,0,0,0,0,0,0,0,0,0,0,0,0,0,0,0,0,0,0,0,0,0,0,0,0,0,0,0,0,0,0,0,0,0,0,0,0,0,0,0,2.27235E-05
ARISA_577.6,0,0,0,0,0.000540023,0,0,0,0,0,0,0.001344063,0.00362017,0,0,0,0,0,0.000826037,0,0,0,0,0,0,0,0,0,0.003619199,0,0,0,0,0,0,0,0,0,0,0,0,0,0,0,0,0,0,0,0,0,0,0,0,0,0,0,0,0.000579017,0,0.000547029,0,0,0,0,0,0,0,0,0,0,0,0,0,0,0,0,0,0,0,0,0,0,0,0,0,0.000784028,0,0,0,0,0,0,0,0,0.000595026,0,0,0,0,0,0,0.000123313
ARISA_579.3,0.001608068,0,0,0,0,0,0,0,0,0,0,0,0.000878041,0,0,0,0,0,0,0.001411056,0,0,0,0,0,0,0.000543017,0,0,0,0,0,0,0,0,0,0.00061402,0.004337187,0,0,0,0,0,0,0,0,0,0,0,0,0,0,0,0,0,0,0,0,0,0,0,0,0,0,0,0,0,0,0,0,0,0,0,0,0,0,0,0,0,0,0,0,0,0,0,0,0,0,0,0,0,0.000821018,0,0,0,0,0,0,0,0,0,0.000101113
ARISA_581.3,0.003660154,0.040590461,0.023279955,0,0,0,0,0,0,0,0,0,0,0.001416057,0.005422228,0.006484259,0.00912342,0.002824093,0,0.000866035,0,0,0,0,0,0,0.001823058,0,0.010930601,0,0,0,0,0,0.003498074,0.001905051,0.003568114,0.007063304,0.003094142,0,0,0,0,0,0,0,0,0,0.002690102,0.004386193,0,0,0,0,0,0,0.00095504,0,0,0.001846098,0,0,0,0,0.001566063,0.002181579,0,0,0,0,0,0,0,0,0,0,0,0,0,0,0.000649023,0,0,0.002870118,0.004452134,0,0.005859217,0.006878275,0,0,0,0,0,0,0,0,0,0,0,0,0,0.001582998
ARISA_582.1,0.004926207,0.02333684,0.012321505,0,0,0,0,0,0,0,0,0,0,0,0,0.002105084,0,0,0,0.000587024,0,0,0,0,0,0,0.001581051,0,0.007667422,0,0,0,0,0,0.004934104,0,0.004404141,0,0.001098051,0,0,0,0,0,0,0,0,0,0.003475132,0.001098048,0,0,0,0,0,0,0.006083256,0.00065202,0,0.000716038,0,0,0,0,0.001906076,0.001424551,0,0,0,0,0,0,0,0,0,0,0,0,0,0,0.000552019,0,0.010867326,0.001433059,0,0,0.000970036,0.001208048,0,0,0,0,0,0,0,0,0,0,0,0,0,0.000924228
ARISA_584,0,0,0,0,0,0,0,0,0,0,0,0,0,0,0,0,0,0,0,0,0,0,0,0,0,0,0.002259072,0,0,0,0,0,0,0,0.002783058,0,0.001343043,0,0,0,0,0,0,0,0,0,0,0,0.000970037,0.00203709,0,0,0,0,0,0,0.001014043,0.001232037,0,0,0,0,0,0,0.000621025,0.001087039,0.000595028,0,0,0,0,0,0,0,0,0,0,0.000945041,0,0,0,0,0.000765023,0.001449059,0.001241037,0,0,0.000607024,0,0,0,0,0,0,0,0,0,0,0,0,0,0.00018761
ARISA_586.4,0,0,0,0,0,0,0,0,0,0,0,0,0,0,0,0,0,0,0,0,0,0,0,0,0,0,0,0,0,0,0,0,0,0,0,0,0,0,0,0,0.004269167,0,0,0,0,0,0,0,0,0,0,0,0,0,0,0,0,0,0,0,0,0,0,0,0,0,0,0,0,0,0,0,0,0,0,0,0,0,0,0,0,0,0,0,0,0,0,0,0,0,0,0,0,0,0,0,0,0,0,0,0,4.2269E-05
ARISA_588.6,0,0,0.003969163,0,0.000678029,0,0,0,0,0,0,0,0,0,0,0,0.007095326,0.012908426,0.001602072,0.008869355,0.001565055,0,0.000724025,0.004431182,0,0,0.026428846,0,0.001753096,0,0,0,0,0.012961415,0,0,0,0,0,0,0.012877502,0.001809072,0.003279151,0,0,0,0,0,0,0,0.001312913,0.000608455,0,0,0.01127244,0.000674037,0.016954712,0,0,0,0,0,0.001661081,0,0,0,0,0,0,0,0,0,0,0,0,0,0,0,0.000839038,0.004349161,0,0,0,0,0,0.009179331,0,0,0,0.002190094,0,0,0,0.001559066,0.027565185,0.005985263,0,0,0,0,0,0.001832698
ARISA_589.7,0,0,0.000863035,0,0,0,0,0,0,0,0,0,0,0,0,0,0,0,0,0,0,0,0,0,0,0,0,0,0,0,0,0,0,0,0,0,0,0,0,0,0.009686378,0.000620025,0.000980045,0,0,0,0,0,0,0,0.001516209,0.000612458,0,0,0,0,0,0,0,0,0,0,0.000936046,0,0,0,0,0,0,0,0,0,0,0.00068903,0,0,0,0,0,0.000761028,0,0,0,0,0,0.000919033,0,0,0,0,0,0,0,0,0.0069723,0.003253143,0,0,0,0,0,0.000275334
ARISA_591.2,0,0,0.000577024,0,0,0,0,0,0,0,0,0,0,0,0,0,0,0,0,0,0,0,0,0,0,0,0.006968223,0,0,0,0,0.000808019,0,0,0,0,0,0,0,0,0,0,0.00064703,0,0.000663027,0,0,0,0,0,0,0,0,0,0.008859346,0,0,0,0,0,0,0,0.000627031,0,0,0,0,0,0,0,0,0,0,0.000625027,0,0,0,0,0.000557025,0.004657172,0,0,0,0.003817157,0.006929208,0.028778036,0,0,0,0,0.000707028,0,0,0,0.010749462,0.001314058,0,0,0,0,0,0.000765187
ARISA_591.6,0,0,0,0,0,0,0,0,0,0,0,0,0,0,0,0,0,0,0,0,0,0,0,0,0,0,0,0,0,0,0,0.001426033,0,0,0,0,0,0,0,0,0,0,0,0,0,0,0,0,0,0,0,0,0,0,0,0,0,0,0,0,0,0,0.000832041,0,0,0,0,0.004669177,0,0,0,0,0,0,0,0,0,0,0,0,0,0,0,0,0,0.001441052,0,0,0,0,0,0,0,0,0,0,0,0,0,0,0,8.28545E-05
ARISA_592.1,0,0,0,0,0,0,0,0,0,0,0,0,0.00234011,0,0,0,0,0,0,0,0,0,0,0,0,0,0,0,0,0,0,0,0,0,0,0,0,0,0,0,0,0,0,0.010012531,0,0,0.001332052,0,0,0,0,0,0.000795022,0,0,0,0,0,0,0,0,0,0,0,0,0,0,0,0,0,0,0,0,0,0.001222056,0,0,0,0,0,0,0,0,0.001171048,0,0,0.000590022,0,0,0,0.001189048,0,0,0,0,0,0.000824029,0,0.00114203,0.000679016,0,0.000210861
ARISA_594.1,0,0,0,0,0,0.002903119,0,0.019316734,0.011289406,0,0.000773038,0,0.000736035,0.001273051,0,0,0.002499115,0,0.005809261,0,0,0,0,0,0,0,0.021379684,0,0,0.016811639,0.067386752,0.04001492,0,0.00280709,0,0,0,0.000651028,0.004651214,0.036125806,0,0.023841954,0.001327061,0.037373981,0.001839075,0,0.006890269,0.005149232,0,0,0.058069607,0.103717581,0.004442124,0.063376801,0.001553061,0.024451345,0,0,0.00133905,0.000668035,0.07939197,0.085240839,0.019456953,0.000571027,0,0,0.002225105,0.005312202,0.020314095,0.007724278,0.001181065,0.000549021,0.066497992,0,0.002784128,0.088590455,0.02384093,0.003149135,0.004608207,0,0,0.009854453,0,0.01318054,0,0.007277262,0.001038038,0.000912037,0,0.013596585,0.006213249,0,0.018010793,0,0.049805142,0.021122929,0.006976244,0,0.015211396,0.003144076,0.014333745,0.011490901
ARISA_595.8,0,0,0,0,0,0,0,0,0,0,0,0,0,0,0,0,0.003955182,0,0,0,0,0,0,0,0,0,0,0,0,0,0,0,0,0.000729023,0,0,0,0,0,0.002167108,0,0,0.003212148,0,0,0,0,0.001859084,0,0,0.019753781,0,0,0,0.000646025,0.010410573,0,0,0.002613097,0.000710038,0,0,0.006467317,0,0,0,0.001309062,0.001095042,0.008153664,0.003127113,0,0,0,0,0,0,0,0.00093704,0,0,0,0.004849223,0,0,0,0,0,0,0,0.004359187,0.008695348,0,0,0,0.001790077,0.0022811,0.00169906,0,0.006039157,0.000626015,0.004143215,0.001006215
ARISA_596.8,0,0,0,0,0,0,0,0,0,0,0,0,0,0,0,0,0,0,0,0,0,0,0,0,0,0,0,0,0,0,0,0,0,0,0,0,0,0,0,0,0,0,0,0,0,0,0,0,0,0,0,0,0,0,0,0.001120062,0,0,0,0,0,0,0,0,0,0,0,0,0.000729686,0,0,0,0.01689276,0,0,0,0,0,0,0,0,0,0,0,0,0,0,0,0,0,0.003821153,0,0,0,0,0,0,0,0.000688018,0,0.000931048,0.000239433
ARISA_597.9,0,0,0,0,0,0,0,0,0,0,0,0,0,0,0,0,0,0,0,0,0,0,0,0,0,0,0,0,0,0,0,0,0,0,0,0,0,0,0,0,0,0,0,0,0,0,0,0,0,0,0,0,0,0,0,0,0,0,0.006138227,0,0,0.000983691,0,0,0,0,0,0.001692064,0,0,0,0,0,0,0,0,0,0,0,0,0,0,0,0,0,0,0,0,0,0,0.007137286,0,0,0,0,0,0,0,0,0,0,0.000157933
ARISA_598.6,0,0,0,0.00074103,0,0,0,0,0,0,0,0,0,0,0,0,0,0,0,0,0,0,0,0,0,0,0,0,0,0,0,0,0,0,0,0,0,0,0,0,0,0,0,0,0,0,0,0,0,0,0,0,0,0,0,0,0,0,0,0,0,0,0,0,0,0,0,0,0,0,0,0,0,0,0,0,0,0,0,0,0,0,0,0,0,0,0,0,0,0,0.004821193,0,0,0,0,0,0,0,0,0,0,5.50715E-05
ARISA_600.6,0,0,0,0.001030042,0,0,0,0,0,0,0,0,0,0,0,0,0,0,0,0,0,0,0,0,0,0,0,0,0,0,0,0,0,0,0,0,0,0,0,0,0,0,0,0,0,0,0,0,0,0,0,0,0,0,0,0,0,0,0.00242509,0,0,0,0.011951586,0,0,0,0.01764883,0.003541135,0,0.000746027,0,0,0,0,0,0,0,0,0,0,0,0.048077212,0,0,0,0,0.081367011,0.107684307,0,0,0.043162727,0,0.020051882,0,0,0,0,0,0,0,0,0.003343424
ARISA_602.5,0,0,0,0,0,0,0.001768071,0,0,0,0,0,0,0,0,0,0,0,0,0.000639026,0,0,0,0,0,0,0,0,0,0,0,0,0,0,0,0,0,0,0,0,0,0,0,0,0,0,0,0,0,0,0,0,0,0,0,0,0,0,0.006660246,0,0,0,0.002387117,0,0,0,0.008413395,0,0,0,0,0,0,0,0,0,0,0,0,0,0,0.0065283,0,0,0,0,0.008317308,0,0,0,0.013524541,0,0.001968087,0,0,0,0,0,0,0,0,0.00049709
ARISA_603.5,0,0,0,0,0,0,0,0,0,0,0,0,0,0,0,0,0,0,0,0,0,0,0,0,0,0,0,0,0,0,0,0,0,0,0,0,0,0,0,0,0,0,0,0,0,0,0,0,0,0,0,0,0,0,0,0,0,0,0,0,0,0,0.003905191,0,0,0,0,0,0,0,0,0,0,0,0,0,0,0,0,0,0,0,0,0,0,0,0,0.00123905,0,0,0.001781071,0,0,0,0,0,0,0,0,0,0,6.85674E-05
ARISA_604.4,0,0,0,0,0,0,0,0,0,0,0,0,0,0,0,0,0,0,0,0,0,0,0,0,0,0,0,0,0,0,0,0,0,0,0,0,0,0,0,0,0,0,0,0,0,0,0,0,0,0,0,0,0,0,0,0,0,0,0.001810067,0,0,0,0,0,0,0,0,0,0,0,0,0,0,0,0,0,0,0,0,0,0,0,0,0,0,0,0.00080903,0,0,0,0,0,0,0,0,0,0,0,0,0,0,2.59317E-05
ARISA_606.1,0,0,0,0.000560023,0,0,0,0,0,0.001203048,0,0,0.001766083,0.001077043,0.001349057,0,0,0,0,0.002514101,0.001650058,0,0,0,0.000671025,0,0,0.000544024,0.004264235,0.001778068,0,0,0,0,0,0,0,0.001590068,0,0,0,0,0,0,0,0,0,0,0,0,0,0,0,0,0,0,0,0,0.002677099,0,0,0,0,0,0,0,0,0,0,0,0,0,0,0,0,0,0,0,0,0,0,0,0,0,0,0,0,0.000829033,0,0,0,0,0,0,0,0,0,0,0,0,0,0.000222505
ARISA_607.4,0.001302055,0,0,0.002007082,0.001527064,0,0,0,0,0.001179047,0,0.00296714,0.00062803,0,0.001051044,0.002318093,0.002264104,0.006273207,0.008011361,0.001291052,0.001955068,0,0,0,0,0,0,0.002802123,0.004337239,0.004034153,0,0,0,0,0,0,0,0.005691245,0.000992046,0,0,0.001015041,0,0,0,0,0,0,0.001522058,0.001943086,0,0,0,0.000731459,0,0,0,0,0,0.000675036,0,0,0,0,0,0,0,0,0,0,0,0,0,0.000739032,0,0,0,0.00070203,0,0.000770029,0,0,0,0,0,0,0,0,0,0,0,0,0,0,0,0.00112905,0.000728026,0,0,0,0,0.000599861
ARISA_609.4,0.003216135,0.00055202,0,0.007481307,0.003034127,0.007207296,0.00099704,0.000653025,0.001303047,0.003544142,0,0.005142242,0.002242105,0.001680067,0.004166175,0.002135085,0,0,0.001967089,0,0,0,0,0.002890119,0.004497166,0.002404096,0.002317074,0.003393149,0.004338239,0.005898224,0,0,0,0,0,0,0,0.002806121,0.000708033,0,0,0.003984159,0,0,0,0,0,0.000528024,0.003621138,0.005410238,0,0,0,0,0,0.00108606,0,0,0.001651061,0.005826309,0.009254463,0,0,0,0,0,0,0.00182907,0,0,0.001383076,0,0.000745034,0.003071132,0,0,0,0.00324814,0,0,0.005534194,0,0.005406162,0,0.010540316,0,0,0,0,0,0,0,0,0,0,0.003817168,0,0,0,0,0,0.001401078
ARISA_611,0,0,0,0,0,0,0,0.001971075,0,0,0,0.006109287,0,0,0,0,0,0,0,0,0,0,0,0.00072403,0.000615023,0,0.001137036,0,0.004213232,0.000863033,0,0,0,0,0,0,0,0.000677029,0,0.000660033,0,0,0,0,0,0,0,0,0,0,0,0,0,0.000545343,0,0.000580032,0,0,0,0,0.009382469,0.002045436,0,0,0,0,0,0,0,0,0.001947107,0,0,0.002212095,0,0,0.005315207,0.00185808,0,0,0.001066037,0,0.006568197,0,0,0,0,0,0,0,0,0,0,0,0,0,0,0,0,0,0,0.000480097
ARISA_611.4,0,0,0,0,0,0.000815033,0,0,0,0,0,0,0,0,0,0,0,0,0,0,0,0,0,0,0,0,0,0,0,0,0,0,0,0,0.000984021,0,0,0.000544023,0,0,0,0,0,0,0,0,0,0,0,0,0,0,0,0,0,0,0,0,0,0,0.00059103,0,0,0,0,0,0,0,0,0,0,0,0,0,0,0,0,0,0,0,0,0,0,0,0,0,0,0,0,0,0,0,0,0,0,0,0,0,0,0,0,2.90506E-05
ARISA_613.3,0,0,0,0,0,0,0,0.003523134,0.002687097,0,0,0.000833039,0.000798038,0,0,0,0,0,0,0,0,0.001553048,0.000788028,0,0,0,0,0,0,0,0,0,0.000702023,0,0.002338049,0,0,0,0,0.000677034,0,0.000554022,0.004078188,0,0,0,0,0,0,0,0,0.000566424,0.000606017,0.000880553,0,0,0,0,0,0.000534028,0.000771039,0.001776247,0,0,0,0,0,0,0.007067644,0,0.000926051,0,0,0,0,0.002005078,0.00846833,0.001890081,0,0,0,0,0,0,0,0,0,0,0,0,0,0,0,0,0,0,0,0,0,0,0.000604031,0.000441854
ARISA_614.9,0,0,0,0,0,0,0,0,0,0.000547022,0,0.002534119,0,0,0,0,0,0,0,0,0.000664023,0,0,0,0,0,0,0,0.001350074,0.000641024,0,0,0,0,0,0.001321036,0,0,0,0,0,0.000690028,0,0,0,0,0,0,0,0,0,0,0,0.000593373,0,0,0,0,0,0,0,0,0,0,0,0,0,0,0.001685584,0,0,0.000612023,0,0,0,0,0.001886074,0.003056131,0,0.000560021,0,0,0,0,0,0,0,0,0,0,0,0,0,0,0,0,0,0,0,0,0,0.000159807
ARISA_616.2,0,0.002252081,0.001362056,0.000558023,0.00095004,0,0.000579023,0,0,0.002096084,0,0,0,0,0.001031043,0.002614105,0.000724033,0.002777092,0.001599072,0,0.001978069,0,0.00114204,0.002853117,0.000922034,0,0,0.001461064,0.006329348,0,0,0.004402101,0,0,0,0.002461066,0,0.000746032,0,0,0,0,0.001901088,0.005080269,0.011381467,0.001010036,0,0,0,0.000800035,0,0,0,0,0,0,0,0,0,0,0,0,0,0,0,0,0,0,0.001570476,0,0,0,0,0,0,0,0,0,0,0,0,0,0,0,0,0,0,0,0,0.002542109,0,0,0,0,0,0.001019045,0,0,0.001400036,0,0.000828043,0.00065713
ARISA_618.3,0.0095324,0.001178042,0.002292094,0.000657027,0,0.003877159,0.00175107,0,0,0,0.001944095,0.040041882,0,0,0,0.00349114,0.000559026,0.002456081,0.002283103,0.000867035,0.004776167,0,0.005084178,0.008731358,0,0.000837034,0.035413133,0.001774078,0.006751371,0.020559781,0,0.006567151,0.001165038,0,0,0.001535041,0.008032257,0,0,0,0.001948076,0.015673627,0.010975505,0.009689514,0.013596558,0.002101076,0.006483253,0.011153502,0.002830108,0.000559025,0.001418066,0,0,0,0.01256849,0.011566636,0.002967125,0.000891027,0,0.004963263,0.001038052,0,0,0.017207809,0.004056162,0.002514591,0,0,0,0.001567056,0.000849047,0.012526476,0.00132906,0.013292572,0,0.008867346,0.006449252,0.004665201,0.010986494,0.004246157,0.002046072,0,0.000719022,0.001406058,0.005136154,0,0,0,0.003262137,0.013745591,0.000700028,0,0.004367192,0,0,0.003713163,0.000586021,0,0.004466116,0,0.00346218,0.004106402
ARISA_618.6,0,0,0,0,0,0,0,0,0,0,0.000631031,0,0,0,0.00095804,0,0,0,0,0.001322053,0,0,0.000785028,0.001361056,0,0,0,0,0.001285071,0.001156044,0,0,0,0,0,0,0,0,0,0,0,0.002948118,0.00151907,0.004881259,0,0,0.000791031,0,0,0.000617027,0,0,0,0,0,0.002049113,0,0,0,0,0,0,0,0,0,0.000389514,0,0.002766105,0,0,0.000619034,0.001255048,0,0.000884038,0.001844085,0,0,0,0,0.002503093,0,0,0,0,0,0,0,0,0,0.000763033,0.000606024,0,0.000795035,0,0,0.000657029,0,0,0,0.000573014,0,0.000336228
ARISA_620.5,0.00452719,0,0,0.0024301,0.031355317,0,0.01825273,0,0,0.05824233,0.014554713,0,0,0,0.001294054,0.001112045,0.005682261,0,0.010259462,0.008651346,0.011757412,0.004814149,0.00372313,0.005333219,0.004917182,0.00224009,0.001840059,0.001649073,0.009621529,0.015111574,0,0,0,0,0.000837018,0,0,0.004742204,0,0.00138907,0.016996663,0.005557222,0.005610258,0.002097111,0.001936079,0.004817173,0.004218165,0.001424064,0.004692178,0.001730076,0,0,0,0,0.002872112,0.001205066,0.000542023,0.000563017,0,0.009262491,0,0,0,0.002085098,0.002917117,0.002954606,0.001024048,0.001377052,0,0,0.004053223,0.002247085,0,0.009281399,0.002854131,0,0,0.048550088,0.046302084,0.005451202,0.007730271,0,0.004092123,0,0.004497135,0,0,0,0.005176217,0.004724203,0,0,0.000640028,0,0,0.001567069,0,0.000540015,0.000936024,0.004324104,0.000793041,0.004475033
ARISA_622.5,0,0,0.003012124,0.002484102,0,0.029546211,0,0.058613227,0,0,0.013691671,0,0.054398557,0.009609384,0,0.000576023,0.001115051,0.015935526,0.002407108,0.00075603,0.004545159,0.015411478,0.002379083,0.001843076,0.015231564,0.010233409,0,0.022698999,0.008531469,0.007396281,0.000633017,0,0.098600254,0.010070322,0.001533032,0.012921349,0.001649053,0.00394717,0.019100879,0.019050953,0.010301402,0.012295492,0.007714355,0.004651247,0,0.001586057,0.002031079,0,0.003585136,0.010213449,0,0,0.001622045,0.072262381,0.010147396,0,0.001695071,0,0.003726138,0.008374444,0,0.000545383,0,0,0,0,0,0.005084193,0.007079655,0.004665168,0.011690643,0.000881034,0.009369422,0.003998172,0.008573394,0.010089394,0.008035313,0.006468278,0.015627703,0.015505574,0.002909102,0,0,0.016079659,0.005832175,0.010031361,0.003835142,0.005541222,0.002192092,0.001304056,0.04373875,0,0.002194097,0.016930711,0.017060734,0.013246583,0,0,0,0.011347272,0.002660138,0.008521224
ARISA_624.5,0,0.002796101,0,0,0.003744157,0,0,0,0,0.000910036,0.001971097,0,0,0,0,0.001222049,0.004956228,0,0,0.002227089,0.00257209,0,0,0,0,0,0,0.001270056,0.006626365,0,0,0,0,0,0.000792017,0,0,0.000774033,0.001176054,0.000897045,0.001128044,0.008867355,0.001997092,0.001865099,0,0,0.000544021,0,0.001433055,0.003026133,0,0,0,0,0.000983038,0,0,0,0.024033889,0.000542029,0,0,0.026068277,0,0,0,0.020556966,0.008587326,0.003325126,0.00139905,0.001466081,0,0.004500203,0,0.005988276,0,0,0,0,0,0,0.005799267,0,0,0,0.011332408,0.002316086,0.007890316,0,0,0.027834113,0,0.022845005,0.007550317,0.003388146,0.004261188,0,0,0,0.006019145,0.002715141,0.002477194
ARISA_625.9,0,0.005171186,0.007497307,0.001290053,0.002996126,0,0,0,0.000791029,0.001694068,0.002703133,0,0,0,0.000793033,0.003295132,0.004267196,0.012401409,0.000740033,0.004985199,0.001472052,0,0,0,0,0,0,0,0.00818745,0,0,0.000560013,0.000944031,0,0,0,0.01843559,0.000712031,0.006414295,0,0.001903074,0,0.000585027,0.002165115,0,0,0.003873151,0.007211325,0.005925225,0.004144182,0,0,0,0,0.001432056,0,0,0,0.019821733,0.00151208,0,0,0.020495004,0,0.000521021,0,0.001023048,0.004546173,0.001120053,0.00054502,0,0,0,0.000764033,0.004306198,0,0,0,0,0,0,0.031532451,0.00098403,0,0,0,0.004445165,0.007909316,0,0.000673029,0.011012441,0,0.000594026,0.004636195,0.00325214,0,0,0,0,0,0.000895047,0.00230869
ARISA_627.8,0,0.004129149,0.003813156,0.001477061,0.002155091,0.005487225,0.000661026,0,0.001234044,0.002673107,0.006301309,0,0.025430195,0,0,0.004300172,0.006366293,0.005634186,0,0.004292172,0.00456816,0,0,0,0.002750102,0.001554062,0.004346139,0.03454352,0.007302402,0.001377052,0,0.003630084,0.001396046,0.000663021,0,0,0,0.001749075,0.002123098,0,0.004011156,0.011973479,0.002122098,0.005440288,0,0.001426051,0.00461418,0.005660255,0.003536134,0.006665293,0,0,0,0,0,0.003357185,0.00500421,0.00366811,0,0.004842257,0,0.002665871,0.001271062,0,0,0.00251059,0.000725034,0.00945936,0,0.004122148,0.000778043,0.00053402,0,0.004003172,0.004754219,0.00461518,0.001344052,0.000578025,0,0,0,0.008237379,0.001610048,0,0.006517196,0,0.004899181,0.010106404,0.001278054,0.002203095,0.000665027,0.000681015,0,0.011625488,0.001567067,0.045393997,0,0,0,0,0.001284067,0.003323826
ARISA_628.6,0,0,0.000683028,0,0,0,0,0,0,0,0.000594029,0,0,0,0.000753032,0.00375915,0.002013093,0.003835127,0.000579026,0.001075043,0.001405049,0,0,0,0,0,0,0.001349059,0.003156174,0,0,0,0,0,0,0,0.001394045,0,0.000824038,0,0,0.003832153,0,0,0,0.000627023,0.001106043,0,0.002072079,0.000556025,0,0,0,0,0,0,0,0,0.001283048,0,0,0,0.001918094,0,0,0,0,0.002793106,0,0.000660024,0,0,0,0,0.000568026,0,0,0,0,0,0,0,0,0,0,0,0.002067077,0.005776231,0,0,0,0,0.000626028,0.001485062,0.003441148,0,0,0,0,0,0,0.000497337
ARISA_630.6,0,0.001492054,0.00316213,0.000624026,0,0.003299135,0,0,0.000579021,0,0,0,0.004030189,0,0,0,0,0.003874128,0,0.001700068,0,0,0,0,0,0,0,0.008091356,0.005435299,0,0,0,0,0,0,0,0.003360108,0.001145049,0.001338062,0,0.001962077,0.001403056,0.000731034,0,0,0,0.00308612,0.005670255,0.00341913,0.003658161,0,0,0.001959055,0.004769996,0,0,0.003246136,0,0,0.002517133,0,0.000705495,0.000837041,0,0,0.001067538,0.002740129,0.004700179,0,0,0,0,0,0,0,0,0,0,0,0,0,0.003199147,0.000540016,0,0.003174095,0,0.008500315,0.012018481,0,0,0.005436217,0.000616014,0.001647073,0.001286054,0,0.002342103,0,0,0,0,0,0.001181809
ARISA_632.6,0,0,0.001166048,0,0,0,0,0,0,0,0.001571077,0,0,0,0,0,0,0,0,0,0,0,0,0,0,0,0,0.001793079,0,0,0,0,0,0,0,0.005789156,0,0,0.001698078,0,0,0,0,0,0,0,0.000698027,0.002792126,0.000911035,0.002371104,0,0,0,0,0.000637025,0.000619034,0,0,0,0,0,0,0.000586029,0,0,0,0,0.00341913,0.003162973,0,0.000781043,0,0,0,0,0,0,0,0,0,0,0.000567026,0,0.002395098,0,0,0.002445091,0.007319293,0,0,0.059116365,0,0.000795035,0.000750032,0,0.000594026,0,0,0,0,0.001619084,0.001025703
ARISA_634.7,0,0.000646023,0,0.00072803,0,0,0,0,0,0,0,0.002540119,0,0,0,0,0,0,0,0,0,0,0,0,0,0,0,0,0.001068059,0,0,0,0,0,0,0.003054083,0,0,0,0,0,0,0,0,0,0,0,0,0,0,0,0,0,0.001152724,0,0,0,0,0.119002403,0.001355072,0,0,0.019812971,0,0,0.000350013,0.045480138,0.002292087,0,0,0,0,0,0,0,0,0,0,0,0,0,0.027950286,0,0,0,0,0.027147004,0.019727789,0,0,0.054949198,0,0.032028409,0,0,0,0,0,0,0,0.003859201,0.003595481
ARISA_635.4,0,0,0,0,0,0,0,0,0,0,0,0,0,0,0,0.000555022,0.00064203,0,0,0.000602024,0,0,0,0,0,0,0,0,0.000748041,0,0,0,0,0,0,0,0,0,0,0,0,0,0,0,0,0,0,0,0,0,0,0,0,0,0,0,0,0,0,0,0,0,0.004133203,0,0,0,0,0,0,0,0,0,0,0,0,0,0,0,0,0,0,0,0,0,0,0,0.00109304,0.001153046,0,0,0.004223169,0,0,0,0,0,0,0,0,0,0.000590031,0.000136036
ARISA_637.2,0,0,0,0,0,0,0,0.000717027,0,0,0,0,0,0,0,0.000554022,0.000550025,0,0,0,0,0,0,0,0,0,0,0,0.005248289,0,0,0,0,0,0,0,0,0,0,0,0,0,0,0,0,0,0,0,0,0.002423107,0,0,0,0,0,0,0,0,0,0,0,0,0,0,0,0.001461053,0,0,0,0,0,0,0,0,0,0,0,0,0,0,0,0.00065503,0,0,0.001180035,0,0.00162306,0,0,0,0.001535061,0,0,0,0,0,0,0,0,0,0,0.000157888
ARISA_637.9,0,0,0,0,0,0,0,0,0,0,0,0,0,0,0,0,0,0,0,0,0,0,0,0,0,0,0,0,0.001002055,0,0,0,0,0,0,0,0,0,0,0,0,0,0,0,0,0,0,0,0,0.00136306,0,0,0,0,0,0,0,0,0,0,0,0,0,0,0,0.001581057,0,0,0,0,0,0,0,0,0,0,0,0,0,0,0,0,0,0,0,0,0,0,0,0,0,0,0,0,0,0,0,0,0,0,0,3.9071E-05
ARISA_639.8,0,0,0,0,0,0,0,0,0,0,0.000580028,0.045772151,0,0,0,0,0,0,0,0,0,0,0,0,0,0,0,0,0,0,0,0,0,0,0,0,0,0,0,0,0,0,0,0,0,0,0,0,0,0.000986043,0,0,0,0,0,0,0,0,0,0,0,0,0,0,0,0.000955034,0,0,0,0,0,0,0,0,0,0,0,0,0,0,0,0,0,0,0,0,0,0,0,0,0,0,0,0,0,0,0,0,0,0,0,0.000478151
ARISA_640.6,0,0,0,0,0,0,0,0,0,0,0,0,0,0,0,0,0,0,0,0,0,0,0,0,0,0,0,0,0,0,0,0,0,0,0,0,0,0,0,0,0,0,0,0,0,0,0,0,0,0,0,0,0,0,0,0,0,0,0,0,0,0,0,0,0,0,0,0,0,0,0,0,0,0,0,0,0,0,0,0,0,0,0,0,0,0,0,0,0,0,0,0,0,0,0.001957084,0,0,0,0,0,0,1.93771E-05
ARISA_642.6,0,0,0,0,0,0,0,0,0,0,0.001924094,0,0.003273154,0,0,0,0,0,0,0,0,0,0,0,0,0,0,0.001795079,0.001389076,0,0,0,0,0,0,0,0,0,0,0,0,0,0,0.000839045,0,0,0,0,0,0,0,0,0,0,0,0,0,0,0,0.00056603,0,0,0,0,0,0,0,0,0,0,0,0,0,0,0,0,0,0,0,0,0,0,0,0,0,0,0,0,0,0,0,0,0,0,0.003537152,0,0,0,0,0,0,0.000131917
ARISA_642.9,0,0,0,0,0,0,0,0,0,0,0,0,0.000866041,0,0,0,0,0,0,0,0,0,0,0,0,0,0,0,0,0,0,0,0,0,0,0,0,0,0,0,0,0,0,0,0,0,0,0,0,0,0,0,0,0,0,0,0,0,0,0,0,0,0,0,0,0,0,0,0,0,0,0,0,0,0,0,0,0,0,0,0,0,0,0,0,0,0,0,0,0,0,0,0,0,0,0,0,0,0,0,0,8.57466E-06
ARISA_643.3,0,0,0,0,0,0,0,0,0.001697061,0,0,0,0,0,0,0,0,0,0,0,0,0,0,0,0,0,0,0,0.00072704,0,0,0,0,0,0,0,0,0,0,0,0,0,0,0,0,0,0.001210047,0,0,0,0,0,0,0,0,0,0,0,0,0,0,0,0,0,0,0,0,0,0,0,0,0,0,0,0,0,0,0,0,0,0.000779027,0,0,0,0,0,0,0,0,0,0,0,0,0,0,0,0,0,0,0,0,4.36948E-05
ARISA_644.9,0,0,0.000930038,0,0,0.006061249,0.003236129,0.011923453,0.005991216,0,0.002413118,0.000606029,0.000587028,0.001581063,0.000929039,0.000644026,0,0,0.008654389,0,0.000550019,0,0,0,0,0,0,0,0.001477081,0.001979075,0,0,0,0,0,0,0,0,0,0.002894145,0,0.00099404,0,0,0,0,0,0,0,0,0.001631377,0.002329743,0,0.000527331,0,0.002453135,0,0,0,0,0.00059803,0,0,0,0,0,0,0,0,0,0,0,0,0,0.003100143,0,0,0,0,0,0,0,0,0,0,0,0,0,0,0,0,0,0,0,0,0,0,0,0,0,0,0.000614761
ARISA_646.9,0.003448145,0.002179078,0.002559105,0.002229091,0,0.001616066,0.001194048,0,0.004383158,0.010334413,0.003242159,0,0,0.002149086,0.000630027,0.00075903,0,0,0.00088804,0,0,0,0.003069107,0.026363081,0.004509167,0.00275011,0.007009224,0,0.005369295,0.011271428,0,0.039081899,0.010948361,0.032462039,0,0.001461039,0.000644021,0,0.004985229,0.005872294,0,0,0.003008138,0.02415028,0.002806115,0.004030145,0.003301129,0.005247236,0.001161044,0.007615335,0.004607713,0.005410047,0,0.005128221,0,0.004611254,0.007098298,0,0,0.009766518,0.007701385,0.003358358,0,0,0.000693028,0.007152258,0,0,0,0.00473317,0.008055443,0,0.00911441,0,0.000711033,0.017613687,0.008551334,0.005042217,0.008131366,0.005421201,0.014888521,0.00065803,0.00199906,0,0.003712111,0.001575057,0,0,0.008511358,0,0,0,0.003912172,0.000676028,0.010795464,0.003126138,0.001259044,0,0,0,0.000645034,0.004132536
ARISA_647.7,0.00165707,0.000767028,0,0.000892037,0,0,0,0,0,0,0,0,0,0,0,0,0,0,0,0,0,0,0,0,0,0,0.002112068,0,0.001190066,0,0,0,0,0,0,0,0,0,0,0,0,0,0,0.000596032,0,0.000616022,0.002021079,0.000580026,0,0.000541024,0.000915334,0,0,0,0,0.005920326,0.001277054,0,0,0,0,0.000809568,0,0,0,0,0.002575121,0,0,0.001961071,0.001410078,0,0.002176098,0,0,0.000904035,0,0.001917082,0.003053137,0.00594922,0,0,0,0,0,0,0,0,0.007284306,0,0,0,0,0,0.001921083,0,0.000618022,0,0,0,0,0.000491723
ARISA_650.2,0.001452061,0.001372049,0.001591065,0.004072167,0.002889121,0,0.004452178,0,0,0.002026081,0,0,0,0.004192168,0.010880457,0.002196088,0.000829038,0,0.003917176,0.002042082,0.001279045,0.003724115,0.003392119,0.005880241,0.00296211,0.001163047,0.00063302,0,0.000981054,0,0,0,0,0,0,0,0.002050066,0.00418418,0.001461067,0.000951048,0,0,0.00390918,0.000724038,0.000988041,0.003280118,0.005078198,0.00089504,0.002656101,0.00363116,0.001834673,0.002141602,0,0.001180742,0,0,0.00380116,0,0.057106113,0.00396121,0.001428071,0,0,0.000973046,0,0.005134685,0.011569544,0,0,0.001796065,0.004311237,0.000671026,0.000534024,0,0,0.001007039,0,0.003093133,0.001646074,0.001686062,0.007736271,0.002539117,0,0,0,0,0.003749139,0,0.003030127,0,0,0,0.006151271,0,0,0,0.000621022,0,0,0.002609063,0,0.002198478
ARISA_653.1,0.018444775,0.013776496,0.023489963,0.013017534,0.012248514,0.010553433,0.016644666,0,0.001308047,0.006049242,0.001717084,0.010177478,0.002710127,0,0.008012337,0.013588544,0.014191653,0,0.006042272,0.007971319,0.005090178,0.00901828,0.005355187,0.011913489,0.010559391,0.005287212,0.004352139,0.002423107,0.018427014,0.00132105,0.000669017,0,0.022244734,0.017684566,0,0.001444039,0.00750624,0.006606284,0.006426296,0.001322066,0.00154606,0,0.011211516,0.003728198,0.005204213,0.016959611,0.011704457,0.001367062,0.008123309,0.008419371,0.000692008,0,0.002292064,0.001590999,0.010473409,0.002986164,0.005117215,0.002590078,0.023979887,0.005186275,0.000859043,0.000529372,0.013914682,0.001642077,0.000726029,0.003780636,0.014325673,0.007500285,0.006477089,0.0111234,0.009358515,0,0,0.00186608,0.00195409,0.012088472,0,0.008347359,0.015902716,0.00998737,0.007167251,0.01477968,0.005742172,0.006034247,0.005023151,0.023264838,0.016353605,0.020702828,0.00643927,0.005645243,0,0,0.010801475,0.006314265,0.004445191,0.002478109,0.000752026,0,0,0.005023121,0,0.006951634
ARISA_654.9,0.016148678,0.005759207,0.008709357,0.011121456,0.009978419,0.009903406,0.004286171,0.004572174,0.002583093,0.010687428,0.0020361,0.010771506,0.00723734,0.062060482,0.023503987,0.020099804,0.017071785,0.010684353,0.007208324,0.016447658,0.022156776,0.002622081,0.004469156,0.004188172,0.001956072,0.004650186,0.00061302,0.025025101,0.024942372,0,0,0,0.006631219,0.005740184,0,0,0,0.007622328,0.001759081,0.000783039,0.001576062,0,0.00129406,0,0,0.01583757,0.012329481,0.00132306,0.010358394,0.013656601,0,0,0.000550015,0.00070044,0.001490058,0.005757317,0.006538275,0.002287069,0,0.003384179,0,0,0.002328114,0.000672032,0.007441298,0.016792105,0.008875417,0.007236275,0,0.001496054,0.002771152,0.000842032,0,0.003625156,0.001800083,0.000687027,0,0.008923384,0.009205414,0.010363383,0.010230358,0.007878362,0.005292159,0.004703193,0.008606258,0.007356265,0.010619393,0.013216529,0.004097172,0,0,0,0.003676162,0.005317223,0.002975128,0.001915084,0.000589021,0,0,0.000609015,0,0.006151013
ARISA_657.6,0.024958048,0.014252513,0.001301053,0.005134211,0.001485062,0,0,0,0.002726098,0.00975039,0.004354213,0.013539636,0.00105805,0,0.004247178,0.002670107,0,0.002467081,0.004251191,0.005182207,0.001750061,0.002373074,0.005980209,0.010411427,0.00378614,0,0,0.006082268,0.016273895,0,0,0.001177027,0.000928031,0.00435814,0,0,0,0.007381317,0.001385064,0.003670184,0.004412172,0.000836033,0,0,0,0.015223548,0.017869697,0,0.011646443,0.011863522,0,0.002395792,0,0.001993252,0.001248049,0.005035277,0,0.00565917,0.001379051,0.015749835,0.005106255,0.0031342,0.019195941,0,0.002428097,0.007821282,0.012907607,0.011825449,0.001120053,0.005817209,0.007482412,0.002247085,0,0.003764162,0.001839085,0.00462018,0,0.008199353,0,0,0.02198777,0.012929595,0.0100003,0.009873405,0.010168305,0.005484197,0.017426645,0.015811633,0.009978419,0.000637027,0.000801032,0.003364074,0,0.010490441,0.007141307,0.005203229,0.00942433,0.002971083,0.003246084,0.007370177,0.005067264,0.005199311
ARISA_659,0.015034632,0.00415215,0,0,0.016163679,0,0,0.011647443,0,0,0,0,0,0,0,0.015858634,0.012236563,0,0,0,0,0,0,0,0,0,0.008840283,0,0,0,0,0.00348208,0,0,0.000975021,0.031673855,0.036338163,0.007648329,0,0.011895595,0,0,0,0,0.043561786,0,0.01306351,0,0,0,0.000604881,0,0,0,0.011551451,0.025290391,0,0.002500075,0.004715175,0,0.000901045,0.002141503,0.009651473,0.056545658,0.036962479,0,0.004714222,0,0.000667628,0.001609058,0.009073499,0.006769257,0.002404108,0,0.01239657,0.002781109,0.003472135,0.006524281,0.013689616,0.031049149,0.003500123,0.006139282,0.001586048,0,0,0.003214116,0.008705322,0.009303372,0.002044086,0.037881629,0.004185167,0.005415119,0.016618731,0,0.004734204,0.004218186,0.000793028,0.011205314,0.003676096,0,0.009889514,0.006056394
ARISA_662,0.039342652,0.048536747,0.109893506,0.105435323,0.036578536,0.015266626,0.111867475,0.018309696,0.125316511,0.08975759,0.038791901,0.084640978,0.057180688,0.050483019,0.05309323,0.049783991,0.033432538,0.050209657,0.068179068,0.085105404,0.05398589,0.086184672,0.089560135,0.074818068,0.073383715,0.068891756,0.075595419,0.061192693,0.042833356,0.082832148,0.082402143,0.039624911,0.071158348,0.079288537,0.004488094,0.019297521,0.013982447,0.025724106,0.083776854,0.017301865,0.078321055,0.063485539,0.100039602,0.063879386,0.082664389,0.055597002,0.028787123,0.066365987,0,0.060713671,0.040482984,0.028685457,0.062678755,0.02941047,0.08563634,0.066213642,0.070200948,0.032788984,0.012869476,0.061743272,0.068045402,0.039311597,0.141399929,0.003693174,0.029943198,0.086134601,0.034054601,0.075103854,0.06239365,0.066240385,0.045515503,0.035183337,0.039149762,0.083134575,0.038589775,0.036896439,0.027725081,0.099679286,0.085512848,0.048524795,0.022725795,0.089366111,0.073219197,0.059058421,0.088469654,0.046216664,0.055494053,0.048277931,0,0.05000415,0.015848634,0.022414493,0.030546344,0.069061901,0.029131253,0.017577773,0,0.041704168,0.005354139,0,0.062245237,0.054267719
ARISA_662.8,0,0.001972071,0,0,0,0,0,0,0.009505342,0,0.00735536,0.01809285,0,0,0,0,0,0,0.014094634,0,0,0.006372198,0,0.0121935,0,0,0,0.011447504,0.004816265,0,0,0,0,0.012774409,0.00189604,0,0,0,0,0,0.031748238,0,0.023339074,0,0,0.005528199,0.006700261,0.008346376,0,0,0.012661448,0,0,0.003720336,0,0.024339339,0,0,0.005550205,0.010164539,0,0.016333466,0.007764381,0,0,0,0.006228293,0.013215502,0,0.019517703,0.020026101,0,0.006395288,0.011251484,0.005060233,0,0.007229282,0.016886726,0.021048947,0.013413496,0,0.001492069,0,0.010940449,0,0.010611382,0.007410274,0.009082363,0.062476624,0.016119693,0.00200208,0.019213423,0.015730692,0.01024343,0.008723375,0.029066279,0,0,0,0.057278375,0,0.006508709
ARISA_663.4,0,0,0,0,0,0,0,0,0,0.008162327,0,0,0,0,0,0,0,0,0.014033632,0,0,0,0,0,0,0,0,0,0,0,0,0,0,0,0,0,0,0,0.012491575,0,0.002386093,0,0.008517392,0,0,0,0,0,0,0,0,0,0,0,0,0,0,0,0,0.003926208,0,0,0,0,0,0,0.003242152,0.010689406,0,0.006029217,0.009711534,0,0,0.005526238,0.006793313,0,0,0,0.025944168,0.017397644,0.008454296,0.00304914,0.013521406,0,0,0.003907141,0,0.002310092,0,0.003077132,0.00174507,0.01453832,0.001991088,0.009977419,0.003740161,0,0,0.024037673,0,0.027581662,0,0.002502787
ARISA_666.4,0.121282094,0,0.085650512,0.105999346,0.104599393,0,0.135123405,0.097420702,0.131265726,0.086297452,0.054622677,0.054881579,0.054363555,0,0.152795417,0.140137606,0.114873284,0.003354111,0.035880615,0.127222089,0.130494567,0.156275845,0.147197152,0.088798641,0.11755935,0.105066203,0.050294609,0.118968235,0.080442424,0.054674078,0.113908962,0.187974323,0.098534252,0.143689598,0.012955272,0.079383143,0.082072626,0.100110305,0.07434842,0.068569429,0.12615092,0.111166447,0.068236139,0.101231365,0.101384157,0.08416303,0.077901038,0.093873224,0.180132845,0.130837757,0.046229356,0.010087546,0.091171553,0.128420648,0.116086527,0.056955133,0.061759594,0.089506685,0.013702507,0.057103027,0.041768088,0.04363263,0.013831678,0.054624567,0.073817953,0.060468677,0.046456183,0.05052692,0.083188197,0.151062438,0.071033907,0.046138753,0.071985239,0.090552894,0.057631651,0.099075864,0.043860711,0.0744162,0.092650169,0.055702061,0.052465836,0.014511668,0.044722342,0.063968623,0.049241477,0.095443436,0.018494684,0.029141166,0.137526776,0.08162251,0.008196328,0.089342966,0.076119349,0.105448429,0.080622467,0.112065931,0.309360828,0.191457361,0.357569297,0.215150164,0.186056675,0.089149897
ARISA_667.6,0.019508819,0.126489554,0.021372876,0,0.019648825,0.06659373,0.025018001,0.023468892,0,0.029701188,0.030685504,0.009431443,0.065924098,0.141063643,0.010924459,0.047667907,0.034216574,0,0.023760069,0.022093884,0.023007805,0,0.011675409,0,0.028952071,0.005638226,0.03468611,0.011111489,0.091899054,0,0.007766202,0,0,0,0.014632307,0.008282224,0.017762568,0.028437223,0.011591533,0.009529477,0.020377795,0.00476019,0,0.006540347,0.05488125,0.009277334,0.031608233,0.03176643,0.010139385,0,0,0,0,0,0,0.005226287,0.046563956,0.011767353,0.00458517,0.024265286,0,0,0.00368218,0,0,0,0.013721645,0.033291265,0.021130863,0.018251657,0.009417518,0.01341651,0.009193414,0.003681158,0.040916882,0,0.003793148,0.006880296,0.005500248,0,0.009566335,0.011466528,0.004273128,0.010345424,0,0.027106976,0.012590466,0.001852074,0.007738325,0.022120951,0.00224209,0.036996814,0.006321278,0.051057144,0.009165394,0.032892447,0.068043382,0.04394123,0.031195811,0.030165724,0.032007664,0.018992734
ARISA_670.5,0.093954946,0.0500008,0.073820027,0.051478111,0.059161485,0.112459611,0.073954958,0.018473702,0,0.02399996,0.018314897,0.056071635,0.016249764,0.076933077,0.043295818,0.082813313,0.013408617,0.099232275,0.015255687,0.080343214,0.062989205,0.047648477,0.04828769,0.024734014,0.0324342,0.062645506,0.062375996,0.052573313,0,0.038797474,0.030480793,0.015512357,0.026631879,0.093089979,0.003465073,0.026220708,0.052889693,0.029622274,0.014575671,0.034186709,0.041400615,0.014407576,0.057994668,0.044874378,0.053610198,0.066591397,0.057660249,0.047006115,0.073756803,0.074071259,0.041109897,0.005409046,0.066660867,0.049158872,0.086280365,0.043908415,0.063757678,0.078906367,0.014921552,0.050519678,0.030892545,0.040642531,0.02387517,0.102682826,0.078149126,0.080976915,0.035560671,0.044397687,0.029622846,0.111520015,0.029709634,0.063057396,0.027401233,0.102346401,0.04370201,0.07896508,0.026473032,0.036801583,0.032730473,0.034898291,0.026611931,0.037965746,0.046692401,0.034997435,0.081944458,0.074816693,0.023760879,0.029164167,0.059812512,0.06488679,0.005969239,0.040544892,0.046232034,0.063128651,0.057616478,0.064587842,0.091394199,0.088072466,0.072542886,0.069189661,0.059668103,0.049944493
ARISA_671.2,0,0,0,0,0,0,0,0,0,0,0,0,0,0,0,0,0,0.010724354,0,0,0,0,0,0,0,0,0,0,0,0,0,0,0,0,0.000618013,0,0,0,0,0.001386069,0.00180007,0,0,0,0.001478061,0,0.001617063,0,0,0.002578113,0,0.000656491,0,0,0,0,0,0.010310309,0,0,0,0,0.002884141,0.004065191,0,0,0.003366158,0.011876451,0.006178808,0.003511126,0,0.003206122,0.02377307,0.005267227,0,0,0.002074081,0,0,0,0.002963104,0.002500115,0.00201306,0,0,0.01638359,0.003641135,0.003543142,0.004002168,0.005144221,0.003969159,0.002857063,0.005521243,0.013949586,0.006007258,0.004006176,0.006999245,0.002400067,0.007471194,0.005888141,0.007619396,0.002022277
ARISA_674.2,0.002317097,0.006977251,0,0.019976819,0.000783033,0.058204386,0.002663107,0.000703027,0.000623022,0.010202408,0.001817089,0,0,0,0,0.001092044,0,0.101722357,0.003651164,0.004580183,0.003569125,0.003658113,0.001800063,0.002498102,0.001333049,0,0,0.001452064,0.003114171,0.002286087,0.002853074,0.000985023,0.00091403,0.006750216,0,0.00444812,0.010333331,0.010979472,0.003116143,0.004139207,0.001041041,0.000836033,0.005603258,0.003007159,0.011854486,0.008304299,0.004637181,0.00134006,0.004588174,0,0.00589559,0,0.009377263,0.0012738,0,0.002866158,0.002481104,0.003176095,0.011565428,0.002968157,0.002563128,0.00068348,0.02529724,0.006674314,0.004204168,0.000382014,0.018756882,0.015501589,0.034401337,0.013555488,0.024677357,0.020162766,0.006545295,0,0.030892421,0.001315051,0,0.003513151,0.003628163,0.001705063,0.001366048,0.034197573,0.001457044,0.013949572,0,0.011577417,0.056350085,0.059866395,0.008415353,0.018539797,0.022708908,0.00229205,0.01978287,0.013194554,0.008063347,0.006938305,0.013552474,0.017474489,0.020507533,0.021578518,0.013962726,0.009312788
ARISA_676.9,0.046921971,0.039297415,0.034666421,0.026251076,0.02094488,0,0.010773431,0,0.005520199,0.010898436,0.002193108,0.03062744,0.000604028,0.036299452,0.021169889,0.036817473,0.027464263,0.005703188,0.012010541,0.015422617,0.007983279,0.008755271,0.003229113,0.00780032,0.000626023,0.000600024,0.01406445,0.005520243,0.01981309,0.006221236,0.001507039,0.001475034,0.001434047,0.001532049,0,0.005337144,0.010736344,0.017334745,0.007515346,0.003983199,0.00077703,0.000836033,0.002920134,0.011604615,0.006504267,0.021815785,0.027888088,0.007488337,0.019183729,0.017237759,0.000721051,0,0,0.01041354,0,0,0.018232766,0.014689441,0.006663247,0.013354708,0.002556128,0.002538782,0.026445296,0.012670596,0.028786151,0.031552136,0.021656018,0.007490285,0.00258543,0.014552524,0.006984384,0.002650101,0.001828082,0.004631199,0.002660122,0.001256049,0,0,0,0.001444053,0.032134125,0.026290209,0.014252428,0.020634846,0.020632619,0.002665096,0.046306713,0.049723989,0.010768452,0.003367145,0.018352734,0,0.018777826,0.018370772,0.005078218,0.005307234,0.0085723,0.009089255,0.015037391,0.01541037,0.010333537,0.012007693
ARISA_679.4,0.044333862,0.022520811,0.020780852,0.018352753,0.021924921,0.022698931,0.04100364,0.026888022,0.011551416,0.053272131,0.004060199,0.038658817,0.024626157,0.017269691,0.030178268,0.042100684,0.030400398,0.019120631,0.028064263,0.037173487,0.019754691,0.011952371,0.032403134,0.013216542,0.016048594,0,0.002546082,0.009144402,0.016427904,0,0,0,0,0,0.002961062,0,0,0.019984859,0.000896041,0.003740187,0.006442251,0.002535101,0.018765863,0,0,0,0.006276245,0.005639254,0.006180235,0.00477821,0.002034965,0,0,0.001399879,0,0,0,0.006038181,0.005382199,0.002311123,0.001536077,0,0.016105789,0.00127706,0.00450718,0.007408767,0.008892418,0.026379002,0.000576542,0.004795173,0.000998055,0,0.002209099,0.002039088,0.001284059,0,0,0,0,0,0.001610056,0.02347708,0.003179095,0,0,0.0055452,0.045999702,0.059390376,0.001222051,0.001148049,0.029588184,0,0.003160139,0.011007462,0.005651243,0.00544824,0.016616582,0.019076534,0.019393504,0.024193581,0.021195102,0.011353958
ARISA_682.4,0.015648657,0.023075831,0.026458085,0.057950376,0.01881279,0.008692356,0,0.002916111,0.00082303,0,0.015700769,0.003081145,0.016888794,0.015642626,0,0.017437698,0,0.003839127,0.003195144,0.001821073,0.01570255,0.033168028,0.006887241,0.029289201,0.014250527,0.033128325,0.05281769,0.02932429,0.019494072,0.026639012,0.030801801,0.040148923,0.056146853,0.092050946,0.001070023,0.07147493,0.057365836,0.011200482,0.030600408,0.015326766,0.020617804,0.00800832,0.036389674,0.028599516,0.062257553,0.041232484,0.022401874,0.019814892,0.022519856,0.029373292,0.00656156,0,0.033073926,0.051308222,0.061939416,0.032303777,0.043397823,0.023126694,0.016632615,0.027516458,0.006282314,0.019295546,0.054330662,0.046548188,0.045901836,0.043135053,0.036565719,0.006104232,0.024430965,0.07554772,0.064697558,0.069757651,0.018578836,0.025865112,0.013937641,0.019795772,0.008740341,0.079314411,0.063816872,0.052685949,0.020907732,0.099897595,0.033839015,0.073948032,0.039522186,0.016914609,0.064963404,0.096723869,0.057047396,0.102366402,0.038638546,0,0.079144482,0.036732543,0.020198869,0.020882919,0.02485887,0.039495106,0.040077042,0.048075154,0.044868333,0.032281007
ARISA_683.9,0,0.001817065,0.009883405,0.004964204,0.01095046,0,0,0,0,0,0.002683132,0.024156135,0.013698644,0.020163807,0.015133636,0,0.012744586,0,0.013788621,0,0.004659163,0,0,0,0,0,0,0,0.015080829,0,0,0,0,0,0.000910019,0,0,0.005653243,0.00238411,0.005437272,0,0,0,0,0,0,0.005288206,0.00555925,0.005431206,0.004052178,0,0,0,0,0.002838111,0.002379131,0,0.003612108,0.006425238,0.002787148,0,0,0.014386705,0.018954891,0,0,0.015888747,0.011000418,0.003172983,0.004400158,0.003699204,0.002544097,0.003270147,0.013523582,0.004616212,0,0.001630064,0,0,0,0.014338502,0.00629329,0.002792084,0,0,0.00722726,0.026259972,0.018520741,0.002798118,0.003432148,0.011438458,0,0.005895259,0.016945712,0.006882296,0.00408818,0.020076703,0.022725636,0.012562327,0.034859837,0.030939609,0.00542222
ARISA_686.9,0.04334182,0.022579813,0.018605763,0.044096808,0.041802756,0,0.098796952,0.107782096,0.088209176,0.074914997,0.03795786,0.010225481,0.056632662,0.024307972,0.033364401,0.060687428,0.041831924,0,0.041582871,0.053953158,0.03598826,0.092055854,0.162730696,0.083603428,0.098167632,0.086339454,0,0.053295345,0.01927506,0.070027661,0.120903144,0.10130333,0.063109083,0.107851451,0.009649203,0.041044108,0.064208055,0.020769893,0.042132938,0.065139257,0.121155725,0.109720389,0.130181988,0.090174779,0.078161205,0.034776252,0.028831124,0.03133141,0.035567352,0.049068159,0.010085695,0,0.052087458,0.066331656,0.085028316,0.032776803,0.008963377,0.026124784,0.011420423,0.016191858,0.042160108,0.039995077,0.033581646,0.035286659,0.066709668,0.024287374,0.024568155,0.026817019,0.050018017,0.075883732,0.027833531,0.021184805,0.040717832,0.025214084,0.024985149,0.099386876,0.03204125,0.04908011,0.046564095,0.053345974,0.004587161,0.059446735,0.012932388,0.038232568,0.02832085,0.042096516,0.027231008,0.0199928,0.054227278,0.050275162,0.010356414,0.004173092,0.043311906,0.036874549,0.031094337,0.0204559,0.083491922,0.091617565,0.127447314,0.070876701,0.121866337,0.050245705
ARISA_689.8,0.003918165,0.01306147,0.013462552,0.013027534,0.010259431,0.070157877,0.005969239,0,0.040873471,0.005013201,0.006764332,0.005127241,0.006240293,0.006034241,0.003281138,0.008233329,0.011238517,0.070385323,0.008988405,0.028696148,0.009557335,0.006244194,0,0.002229091,0,0.000655026,0.082168629,0.001214053,0.017442959,0,0.001823047,0,0,0,0.000662014,0.011181302,0,0.012862553,0.001097051,0,0.008883347,0,0,0,0.015823649,0.006971251,0.001320052,0.016193729,0.011959455,0.009564421,0.03100217,0.016853607,0.044371242,0.053028302,0.027258063,0.023885314,0.044298861,0.023786714,0.002555095,0.030142598,0.015527776,0.027015965,0.010950537,0.023010082,0,0.031573137,0.010995517,0.014174539,0.049512542,0.056714042,0.024304337,0.018085687,0.024360096,0.034222472,0.023081062,0,0.035167372,0.045727966,0.025132131,0.014789547,0.006036211,0.005150237,0.010231307,0.026429084,0.016630499,0.0444346,0.009488351,0.008600344,0.028704206,0.059253548,0.001172047,0.001288028,0.019922877,0.032536367,0.032510398,0.078723464,0.03571325,0.034843976,0.021223552,0.019307463,0.019247001,0.018233254
ARISA_692.2,0.003450145,0.000849031,0,0.005042207,0.00594225,0.007712316,0.001567063,0.041798588,0,0,0.000924045,0,0,0.002978119,0.000561024,0.000880035,0.000741034,0.004086135,0.006510293,0.004794192,0.000683024,0,0,0.001188049,0.000559021,0.001262051,0,0.005540244,0.009488522,0,0,0,0.000568019,0,0,0.004350118,0.00186306,0.009332401,0.003613166,0.001760088,0.001473057,0,0,0,0.001015042,0.007654276,0,0.007034317,0.010572402,0.01180852,0.008938023,0.005100815,0.001914054,0,0.008488331,0.006237343,0,0.010039301,0,0.009015478,0.001655083,0.005304724,0.000995049,0.006468304,0.001595064,0.001814065,0.005980281,0.002998114,0.007570116,0.013869499,0.006653366,0.006965265,0.008696391,0.005992258,0.003814176,0,0,0.008958385,0.008506383,0.001298048,0.001966069,0,0.00367211,0.005926243,0.01132834,0.014058506,0.001911071,0.00300412,0.013007546,0.005627242,0,0,0,0.014438606,0.012711547,0.003706163,0.003508123,0.000905025,0.000722019,0.002863069,0.002680139,0.004143621
ARISA_694.1,0,0.006013217,0,0,0,0,0,0,0,0,0,0,0,0,0,0,0,0,0,0,0,0,0,0,0,0,0,0.001848081,0.004918271,0,0.000792021,0,0,0.000556018,0,0,0,0.001183051,0,0.00060803,0,0,0,0,0,0,0,0,0.000707027,0.003382149,0,0,0,0.057363024,0,0,0,0.002731082,0,0.006057321,0,0.000694488,0.001791088,0.001937091,0,0.001016037,0,0,0.000912858,0.002282082,0.005122282,0.000821031,0.004753214,0.00092404,0.001240057,0,0,0,0,0,0,0.002212102,0.001290039,0.009579393,0.009303279,0.004139149,0,0,0.005898248,0,0,0,0,0.00881837,0.007262312,0.004210185,0,0,0,0,0,0.001587788
ARISA_697,0,0,0,0,0.002414101,0.003548146,0,0,0,0,0,0,0,0.001336053,0.001243052,0,0,0,0,0,0,0,0,0,0,0.003349134,0,0,0.000590033,0,0,0.001457034,0,0.004222135,0,0,0.00061502,0.003428147,0,0.000576029,0,0,0.000664031,0,0,0,0,0,0.000584022,0.000893039,0.004151048,0,0,0.00358325,0,0,0,0,0,0.0018831,0,0.000610429,0.001805088,0,0.001726069,0.001332048,0,0,0.000533502,0,0,0,0.000700032,0,0,0,0,0,0,0,0,0.003076142,0,0.002534104,0,0.00084403,0,0,0,0,0,0,0,0,0,0,0,0,0,0.000744018,0,0.000479632
ARISA_698.2,0,0,0,0,0.001553065,0.001564064,0,0,0,0,0,0,0,0.002181087,0,0,0,0,0,0,0,0,0,0,0.001250046,0,0,0,0,0,0,0,0,0,0,0.002296062,0.000605019,0.000783034,0,0,0.000782031,0,0,0,0,0.000784028,0,0,0,0.001514067,0,0,0,0,0,0,0,0,0,0,0,0,0,0,0,0,0,0,0,0,0,0,0,0,0,0,0,0,0,0,0,0.001621075,0,0,0,0.000767028,0,0,0,0,0,0,0,0.000812034,0,0,0,0,0,0.000803019,0,0.000171442
ARISA_700.7,0,0,0,0.000940039,0.002528106,0.004674192,0,0,0,0.000842034,0,0,0.001216057,0.005282211,0.002122089,0,0,0,0,0,0,0.003170098,0.003481122,0.004839198,0.011993444,0.003116125,0,0.003101137,0.002026111,0,0,0,0,0,0,0.006696181,0.001137036,0.001991086,0,0.000786039,0.003151123,0.000715029,0.003866178,0.002470131,0,0.00776828,0.00461018,0,0.005122195,0.006463284,0,0,0,0,0,0,0,0,0,0.004829256,0,0,0.00061903,0.000957045,0.003368135,0.000933034,0,0,0,0,0,0,0,0.000667029,0.003145145,0,0,0,0,0,0,0,0.004240127,0.004614189,0.010241307,0.021332768,0,0,0,0,0,0,0,0.011975503,0.004763205,0,0,0,0,0.00584614,0.000660034,0.001705947
ARISA_703.7,0.005335224,0.00333612,0.002752113,0.005002205,0.003884163,0.005307218,0.001294052,0.001996076,0.00167706,0.00800732,0,0.005999282,0.002080098,0.009521381,0.005436228,0.005526221,0.003230149,0,0.000823037,0.003654146,0.000781027,0.002997093,0.005325186,0.005457224,0.009146338,0.014289572,0.002980095,0.003500154,0.004960273,0,0,0,0.025879854,0.055592779,0,0.004553123,0.003207103,0.002837122,0,0.001423071,0.002368092,0.001531061,0.005492253,0.002168115,0.000569023,0.015151546,0.004961194,0,0.003741142,0.004281188,0,0,0,0,0,0.00200211,0,0,0.002764102,0.007304387,0,0,0.022641109,0.007778366,0.005336213,0.003376622,0.008563403,0,0,0.006565236,0.007408408,0,0,0.003379145,0.004826222,0.00179707,0,0.020884898,0.013674615,0.019349716,0,0.044070027,0.005507165,0.010217419,0.010541316,0.031192123,0.022253823,0.027680107,0.038926635,0.010657458,0.008821353,0,0.004711207,0.012423522,0.003414147,0,0,0.000625018,0.000648017,0.004311104,0.002510131,0.006279385
ARISA_704.7,0,0.000985036,0,0,0,0,0,0,0,0,0,0,0,0.006195248,0,0,0,0,0,0,0,0,0.000701025,0,0,0,0,0,0,0,0,0,0,0,0,0,0,0,0,0,0,0,0,0,0,0.001547056,0,0,0.000910035,0,0,0,0,0,0,0.002301127,0,0,0.001556058,0.003794201,0,0,0.002406118,0.002828133,0.000554022,0.00027001,0.004646218,0,0,0.001819066,0.000897049,0,0,0,0,0,0,0.008175352,0,0.005564206,0,0.002502115,0,0.002804115,0.00199906,0.002469089,0.003212119,0.002781111,0.004477188,0.002647114,0.009915397,0,0.001394061,0.00071103,0,0,0,0,0,0,0,0.000792697
ARISA_706.4,0,0,0,0,0.000629026,0,0,0,0.000936034,0.004471179,0,0,0,0.004192168,0.001827077,0.001560062,0,0,0,0,0,0,0.000820029,0.000901037,0,0,0,0,0,0,0,0,0,0,0,0.000529014,0,0,0,0,0,0,0.004577211,0,0,0.002611094,0,0,0,0,0,0,0,0,0,0,0,0,0.001436053,0.001671089,0,0,0,0.004538213,0,0.000291011,0,0,0,0,0.002752151,0,0,0.000745032,0,0,0,0.000901039,0.00088104,0.001390051,0,0.000616028,0.000907027,0,0.001082033,0.002205079,0,0.000613025,0.001936081,0,0.028159126,0,0,0,0,0,0,0,0,0,0.00250513,0.000749338
ARISA_709.4,0,0.002252081,0,0,0,0,0,0,0.004052146,0.002959118,0,0,0,0.002868115,0.001302055,0.001167047,0,0,0,0.001141046,0,0,0,0,0,0,0,0,0.002027112,0,0,0.000625014,0,0,0,0,0.00061702,0,0,0,0,0,0,0,0,0.001191043,0.000546021,0,0.000629024,0.000713031,0,0,0,0,0.007676299,0,0,0,0.107352972,0.000701037,0,0,0.010367508,0.002913137,0.003679147,0.001005036,0.061549893,0,0,0,0.005852322,0,0,0,0,0,0,0.008326358,0.005590252,0.001702063,0,0.014815682,0.001478044,0.001131046,0.003433103,0,0.004811178,0.008020321,0.000605025,0.003182137,0.080579223,0,0.045114985,0.00070303,0,0,0,0,0,0,0.004191218,0.004028425
ARISA_712.4,0,0.002244081,0.012537514,0,0.000553023,0,0,0,0,0.004092164,0.000629031,0,0.002211104,0.00200008,0.002830119,0.004693188,0.0021741,0,0,0.001131045,0,0,0,0,0,0,0,0,0.00454825,0,0,0.000790018,0,0,0,0,0.000599019,0.003288141,0.001335061,0,0,0,0,0.001418075,0,0.000575021,0.00434717,0.009478427,0.003667139,0.001447064,0,0,0,0,0,0,0,0,0,0.00131907,0,0,0.007809383,0,0,0.000403015,0.000981046,0,0,0,0,0,0,0,0,0,0.002604102,0,0,0,0.002228078,0.00717633,0.000613018,0,0,0,0.001704063,0.000667027,0.000566024,0.001382059,0,0.004186092,0.001639072,0,0,0,0,0,0,0,0,0.000988784
ARISA_713.9,0,0,0.000960039,0,0.002122089,0.002404099,0,0.000834032,0.000710026,0.008697348,0.001820089,0.000693033,0.002370111,0.004735189,0.002502105,0.005700228,0.00370117,0,0.000839038,0.003336133,0.001341047,0,0,0,0,0,0,0.001010044,0.004021221,0,0,0.00390809,0,0,0,0,0.019262616,0.002625113,0.007972367,0,0.000747029,0,0.00064403,0.001413075,0.003295135,0.003101112,0.007931309,0.008868399,0.005395205,0.003204141,0,0,0,0,0,0,0,0,0,0.001191063,0,0.00066947,0,0,0,0,0.00064703,0.004533172,0,0,0,0,0,0,0,0,0,0,0.000544025,0,0,0,0,0,0,0,0,0,0.002087088,0.002275098,0,0.005417119,0.001172052,0,0,0.00068603,0,0,0,0,0,0.001340463
ARISA_716.8,0.002225094,0.040706465,0.018430756,0.003062126,0.002198092,0,0,0.000604023,0,0.004926197,0.007186352,0.001429067,0.003966186,0.006395256,0.000881037,0.006706268,0.005925273,0.011101366,0.001578071,0.002291092,0.000872031,0.001679052,0.001968069,0,0,0.000631025,0.001065034,0.012397546,0.010997605,0.005114194,0,0.004971114,0,0,0,0.001589043,0.022988736,0.005713246,0.013384616,0.002124106,0.004888191,0.001024041,0.004854223,0.005127272,0.00462319,0.007807281,0.018731731,0.017707797,0.010307392,0.00750133,0.000602878,0,0,0,0.006288245,0.005203286,0.00165507,0,0,0.005131272,0.000846042,0,0.003079151,0.000735035,0.010523421,0.004005644,0.007255341,0.005502209,0.000721678,0,0,0.001235047,0,0.003821164,0.000715033,0,0,0,0.008418379,0.001246046,0.002903102,0.003860178,0.004018121,0.002600107,0,0.000654024,0,0,0.006634279,0.016869725,0.002440098,0.025283556,0.017638776,0.00167007,0.00256111,0,0.002237078,0,0,0,0.001557081,0.00441181
ARISA_718.4,0,0,0,0,0,0,0,0,0,0,0,0,0,0,0,0,0,0,0,0,0,0.000905028,0.001647058,0,0,0,0.003676118,0.001614071,0.000671037,0.000719027,0,0,0,0,0,0,0.006105195,0,0,0,0.001039041,0,0,0.001977105,0.001649068,0.001289046,0.009196359,0.012502563,0.007004266,0.003977175,0,0,0,0,0.001754068,0.004403242,0.001800076,0,0,0.004105218,0,0.000773543,0.002551125,0.000625029,0.003159126,0.009021325,0.004953233,0,0.000598563,0.000583021,0,0.002581098,0,0.005174223,0.001577073,0,0,0.000533023,0.005212235,0.001473055,0.003187112,0.000740034,0.00365011,0.004507185,0.009261278,0,0,0,0.005023211,0.012764549,0.001322053,0.010591233,0.008049354,0.001288054,0.002369102,0.024571081,0,0,0,0,0,0.001902721
ARISA_721.2,0,0.00194507,0.003578147,0.002294094,0,0,0,0,0,0.006485259,0,0,0,0,0.000576024,0,0,0,0.000838038,0,0,0,0,0,0,0,0.000665021,0,0,0,0,0,0,0,0,0,0,0,0.012420571,0,0,0,0.001056049,0.004691249,0,0,0.001479058,0.003405153,0,0.002913128,0.000787147,0,0,0,0.00487619,0.001495082,0.003210135,0,0.009562354,0.001649087,0.002849143,0.001612132,0,0.000674032,0.005423217,0.000858531,0.007920372,0.005917225,0,0,0,0,0,0.002069089,0,0,0,0,0.000681031,0,0,0.004325199,0.002261068,0,0,0,0.001577058,0.006535261,0.00285012,0.014574627,0.004234169,0.004149091,0.009973439,0,0,0.005319234,0,0,0,0,0,0.001462682
ARISA_724.3,0.001707072,0.00472417,0.002306095,0.004188172,0.003736157,0,0.002229089,0.011423434,0.000710026,0.00099804,0,0.000619029,0.000569027,0.002070083,0.000631027,0.00075903,0,0,0.005209234,0.001485059,0.001661058,0,0.000546019,0,0.001198044,0,0.002456079,0,0.001617089,0,0,0,0,0,0,0.000796022,0.000906029,0,0,0.003288164,0.008054314,0.004871195,0.002127098,0.005537294,0.002906119,0.003455124,0.001297051,0.00065903,0.001168044,0,0,0,0,0,0,0.012276675,0,0,0.016645616,0.00716638,0.000556028,0,0.021135036,0.016436773,0,0,0.004062191,0.006773257,0.002516365,0,0,0,0,0,0.001890087,0,0,0,0.001235056,0,0,0.016133742,0,0,0,0,0.029336085,0.016149646,0.000599025,0.034052464,0.009097364,0.017763391,0.00657929,0.000587025,0.005504237,0,0.002646093,0,0,0,0.000674035,0.003125984
ARISA_726.4,0.006493273,0,0,0.002492102,0.007021295,0.032010312,0.000820033,0.007325278,0.002103076,0.017128685,0.004629227,0.004400207,0.001180056,0,0,0.002138086,0.001825084,0.027653913,0.005289238,0.004804192,0.004709165,0.000887028,0.001822064,0.004104168,0.002765102,0.003672147,0.008318266,0.003578157,0.010699589,0.012572478,0,0,0.00241308,0,0.000564012,0.000626017,0.013899445,0.00187008,0.021897007,0.009859493,0.011337442,0.002839114,0.007864362,0.011784625,0.016381672,0.009066326,0.022103862,0.007278328,0.009846374,0.004897216,0,0,0.003015084,0.002172364,0.01051041,0.021577187,0,0,0,0.009188487,0.002271114,0.00155209,0.006136301,0.007348345,0.003952158,0,0,0.006951264,0.006469081,0.002516091,0.000593033,0.002313088,0.0044422,0.00301513,0.000924043,0.000795031,0.004063159,0.001064046,0.012379557,0.017585651,0.003856135,0.02217102,0.001585048,0,0,0.002195079,0.018463683,0.01200148,0.007490315,0.016491709,0.002201088,0.049039079,0.008705383,0.006275264,0.008265355,0.003138138,0.006053212,0.002929082,0.00078102,0.002018048,0.006838356,0.00639905
ARISA_729.4,0.008985377,0.023231836,0.01975481,0.00780032,0.004320181,0.007734317,0.000878035,0.000841032,0.002241081,0.01125245,0.004298211,0.012783601,0.005915278,0.012645506,0.019061801,0.004145166,0.010231471,0,0.004324195,0.001680067,0.004364153,0.00097903,0,0.004355179,0.004154154,0.001978079,0.015891509,0.008887391,0.006408353,0.002323088,0,0,0.000985033,0.001194038,0.000738016,0,0.009963319,0.011281485,0.013143605,0.001297065,0.009399367,0.006866275,0.006200285,0.01113759,0.006273257,0.011222404,0.049905946,0.00534124,0.007871299,0.016611731,0,0,0,0.001153725,0.00718828,0.010648586,0.014059591,0,0.049313825,0.018777995,0.002069104,0.00074052,0.015551762,0.007431349,0.013409536,0.019983719,0.059233784,0.00290611,0.002653494,0.003939142,0,0.011950454,0.006689301,0.010090434,0.006762311,0.001000039,0.002327091,0,0.008114365,0.012410459,0.007251254,0.028834326,0.008091243,0.013919571,0.010085303,0.004500162,0.037896402,0.034615385,0.012905542,0.019494838,0.086335453,0.050684115,0.075437319,0.014576612,0.014717633,0.017676778,0.000619022,0,0,0,0.010973571,0.011068486
ARISA_732.2,0.001023043,0,0.006460265,0,0,0.001349055,0,0,0,0.001536061,0,0,0,0,0.001277054,0,0,0,0,0,0,0,0,0,0,0,0,0,0.000746041,0,0,0,0,0,0,0,0,0,0,0,0,0,0,0,0,0,0,0.001421064,0,0,0,0,0,0,0.004836189,0,0.000875037,0,0.043975627,0.001583084,0,0,0.014873729,0.000571027,0.000861034,0.003298619,0.014314673,0,0,0,0,0.000758029,0,0.001724074,0.00064803,0,0,0,0,0,0,0.014005644,0,0,0,0,0.043077594,0.03824653,0,0.007422319,0.021874875,0.001623036,0.011403502,0.00095504,0.001419061,0.001333059,0,0,0,0,0.000617032,0.002416925
ARISA_732.5,0,0,0,0,0,0,0,0,0,0,0,0.000756036,0,0,0,0,0,0,0,0,0,0,0,0,0,0,0,0,0,0,0,0,0,0,0,0,0,0,0,0,0,0,0,0.000687036,0,0,0,0,0,0,0,0,0,0,0,0,0,0,0,0,0,0,0,0,0,0,0,0,0,0,0,0,0,0,0,0,0,0,0,0,0,0,0,0,0,0,0,0,0,0,0,0,0,0,0,0,0,0,0,0,0,1.42878E-05
ARISA_735.5,0.006626278,0.00139705,0,0,0,0,0,0,0,0,0.000908045,0,0,0,0,0,0,0,0,0,0,0,0,0,0,0,0,0,0.00054203,0,0,0,0,0,0,0,0,0,0,0,0,0.001395056,0,0,0,0,0,0,0,0,0,0,0,0,0,0,0,0,0,0.004695249,0,0,0.004705231,0,0.000909036,0.000445016,0,0,0,0,0,0,0,0,0,0,0,0,0,0.002755102,0,0.006213286,0,0,0,0,0.014106522,0.010224409,0,0.001789077,0.007904316,0,0,0,0,0,0,0,0,0,0,0.000639759
ARISA_735.7,0,0,0,0,0,0,0,0,0,0,0,0,0,0,0,0,0,0,0,0,0,0,0,0,0,0,0,0,0,0,0,0,0,0,0,0,0,0,0,0,0,0,0,0,0,0,0,0,0,0,0,0,0,0,0,0,0,0,0.002864106,0,0,0,0,0,0,0,0,0,0,0,0,0,0,0,0,0,0,0,0,0,0,0,0,0,0,0,0,0,0,0,0,0,0,0,0,0,0,0,0,0,0,2.83575E-05
ARISA_738.8,0.001108047,0.000999036,0.001424058,0,0.001487063,0,0.001019041,0.016727636,0.01333748,0.016810672,0.025324241,0,0.014509682,0.001641066,0.000544023,0,0.005723263,0.009324308,0.001388063,0,0.00200107,0,0.001906067,0.001595065,0,0,0,0,0,0,0,0.001358031,0,0,0,0,0,0,0.003283151,0.00340517,0,0,0.002492115,0.005002265,0.003109128,0,0.005512215,0,0,0,0,0,0,0,0,0.00109106,0,0,0.002332086,0.003033161,0,0,0.001483073,0.00191609,0,0.001449552,0.004989235,0,0.007184754,0,0.000532029,0.000902034,0,0,0,0,0,0,0,0,0,0.00390718,0,0,0,0,0.005766213,0.007668307,0,0,0.022815913,0.000605013,0.011181492,0,0,0,0,0,0,0,0.002850148,0.002185538
ARISA_741.8,0.001089046,0.002846103,0,0,0,0.035388451,0,0,0.001186043,0.001226049,0.047837344,0,0,0.001626065,0,0,0,0,0.000693031,0,0,0,0.001741061,0.003011124,0.000785029,0,0,0,0,0,0.019711513,0.003161073,0,0,0.01716136,0,0,0,0.00174708,0.005855293,0.001319051,0.040102604,0.000974045,0.010360549,0,0,0.001872073,0.00089404,0,0,0,0,0.002436068,0.007649804,0.003436134,0.002141118,0,0,0.081389011,0.002126113,0.005462273,0.003157216,0.010047492,0.000986046,0.001102044,0.000637523,0.029931407,0,0.015672732,0.000656024,0,0.00209408,0.005486247,0,0.000972045,0.017329676,0.004029157,0.000567024,0.001296058,0.001491055,0,0.014866684,0,0,0,0,0.007766287,0.003033121,0,0.004610198,0.017474699,0,0.020632908,0,0.003594155,0.002632116,0.001036036,0,0,0,0.003307172,0.004748889
ARISA_742.6,0,0,0,0,0,0,0,0,0,0.000731029,0.000737036,0,0,0,0,0,0,0,0,0,0,0,0,0,0,0,0,0,0,0,0,0,0,0,0,0,0,0,0,0,0,0,0,0,0,0,0.000751029,0,0,0,0,0,0,0,0,0.001192066,0,0,0.018844697,0.000717038,0,0.003165222,0.019318947,0,0,0,0.002082098,0,0,0,0,0,0.002508113,0,0,0,0,0,0,0.00052802,0,0,0,0,0,0,0.000664025,0.002134085,0,0,0.000935037,0,0.002334103,0,0,0.000610027,0,0,0,0,0,0.000566857
ARISA_744.7,0,0.000625023,0,0,0.001497063,0,0.00074003,0.000678026,0,0.005917237,0,0.000557026,0.000868041,0.004060162,0.006625278,0,0,0,0.000725033,0,0,0,0,0,0,0,0,0,0.001249069,0,0,0,0,0,0,0,0,0.000628027,0,0,0,0,0,0,0,0.000880032,0,0,0,0,0,0,0,0.001570987,0,0,0,0,0,0.001177062,0.002433122,0,0.012476611,0.001860087,0.000527021,0.000463517,0,0,0.002554401,0,0,0,0.000916041,0,0,0.006348248,0,0,0,0,0,0.00260712,0,0,0,0,0,0.000659026,0,0.000594026,0,0,0.001962086,0,0,0,0,0,0,0,0,0.000605935
ARISA_747.3,0,0,0,0,0.003164133,0.013111538,0.002778111,0.00105104,0,0.00124605,0.00082304,0,0.004866229,0.004894196,0.001801076,0,0,0.002154071,0.004728213,0,0.0028471,0,0,0,0,0.005977239,0,0,0.002814155,0,0,0,0.003060101,0.002931094,0,0,0.002545081,0.005560239,0,0.006310316,0.003573139,0.001176047,0.001830084,0.000640034,0,0.005808209,0.016764654,0,0.002252086,0.001294057,0,0,0,0,0,0,0,0,0,0.002131113,0,0,0.004796235,0.002966139,0,0.002593593,0,0,0.002567413,0,0.000642035,0,0,0,0,0,0,0,0.000809036,0.005238194,0.001403049,0,0.000721022,0.001163048,0,0,0,0,0.005635237,0,0,0,0,0,0.00070203,0,0,0,0,0,0,0.001360094
ARISA_749.6,0,0,0,0,0.00143906,0,0,0,0,0,0.001687083,0,0,0,0,0,0.001066049,0,0.001061048,0,0,0,0,0,0.001974073,0.001396056,0,0,0.000699038,0,0.000548014,0,0.003432113,0.008471271,0,0,0.002269073,0.003836165,0.019266886,0.008938447,0.000606024,0.003857154,0.001720079,0.00207711,0,0.000717026,0.00742829,0,0,0.00181608,0,0,0,0,0,0.001393077,0,0,0,0.005397286,0,0.008015627,0.000537026,0.001359064,0.009467379,0.014481021,0,0,0.000550518,0,0.004932271,0,0.001850083,0.002863123,0,0,0,0,0.001751079,0.006025223,0.003524123,0,0.002533076,0,0.00566217,0.002237081,0,0,0.005331224,0,0,0,0.000708031,0.004593193,0.004515194,0.002685118,0,0,0,0.000685016,0,0.001637655
ARISA_750.4,0,0,0,0,0,0,0,0,0,0,0,0,0,0,0,0,0,0,0,0,0,0,0,0,0,0,0,0,0,0,0,0,0,0,0,0,0,0,0,0.000574029,0,0,0.001433066,0.001796095,0,0,0,0,0.001410054,0,0,0.001745306,0,0,0,0.000893049,0,0,0,0,0,0,0,0,0,0,0,0,0,0,0,0,0,0,0,0.000701027,0,0,0,0,0,0,0,0,0,0.001235045,0,0,0.000694029,0,0,0,0,0.000634027,0.00069203,0.001623071,0,0,0,0,0,0.000132978
ARISA_752.3,0.001210051,0,0,0.00073503,0,0,0,0,0,0,0,0,0,0.002265091,0,0,0,0,0,0,0,0,0,0,0,0,0,0,0,0,0,0.005287122,0,0,0,0,0,0,0,0,0,0,0.001225056,0.003564189,0.00122705,0,0.008069315,0.002466111,0,0,0,0.000814609,0,0,0,0,0,0,0,0,0,0.002815977,0,0,0,0,0,0,0,0,0,0,0,0,0,0,0.001432056,0,0,0,0,0,0,0,0,0,0,0,0,0,0,0,0,0,0,0,0,0,0,0,0,0.000308036
ARISA_755.2,0.002892122,0.008445304,0.002091086,0,0,0.002510103,0,0.001494057,0.032973187,0.014081563,0,0.003911184,0,0.003911156,0.003834161,0.002782111,0.006015277,0.000935031,0.00200809,0.004131165,0.001650058,0,0,0.001658068,0,0,0.011015353,0,0.003130172,0,0,0.000622014,0,0,0,0,0.000768025,0,0,0,0,0,0.005953274,0.005838309,0.00559923,0.000536019,0.015413601,0.004756214,0,0,0,0.001357015,0.000550015,0,0.001685066,0.002251124,0,0,0,0,0,0,0,0.011509541,0.000606024,0.00082353,0,0,0,0,0,0,0.000681031,0,0,0,0.001826071,0,0.001284058,0,0,0,0,0,0,0,0,0,0.000898038,0.012299529,0,0,0.002159095,0,0,0,0,0,0,0,0,0.001850357
ARISA_755.4,0,0,0,0,0,0,0,0,0,0,0,0,0,0,0,0,0,0,0,0,0,0,0,0,0,0,0,0,0,0,0,0,0,0,0,0,0,0,0,0,0,0,0,0,0,0,0,0,0,0,0,0,0,0,0,0,0,0,0,0,0,0,0,0,0,0,0,0,0,0,0,0,0,0,0,0,0,0,0.00065603,0,0,0,0,0,0,0,0,0,0,0.00581725,0,0,0,0,0,0,0,0,0,0,0,6.40919E-05
ARISA_756.5,0,0,0,0,0,0,0,0.000548021,0,0,0,0,0.001856087,0.002823113,0,0,0,0,0,0,0,0,0,0,0,0,0.002305074,0,0.002970163,0,0.00730719,0.000826019,0,0,0,0,0,0,0,0,0,0,0.000601028,0.001617086,0,0,0.000639025,0.000533024,0,0,0,0,0,0,0.000817032,0.002020111,0,0,0,0,0.001687084,0,0,0.009805461,0,0.00027951,0,0,0,0,0,0,0.000567026,0,0,0,0,0,0,0,0,0,0,0,0,0,0,0,0,0.005268227,0,0,0.001157051,0,0,0,0,0,0,0,0,0.000431954
ARISA_758.3,0.001468062,0,0,0,0,0,0.001807072,0.001531058,0,0,0,0,0,0,0.000689029,0.000624025,0.001749081,0,0.001817082,0.004713189,0.002597091,0,0,0,0.000992037,0,0,0,0.001804099,0,0.000688018,0,0,0,0,0,0,0,0.002473114,0,0,0,0,0,0,0,0.000655026,0,0,0,0,0,0,0,0,0.002253124,0,0,0,0,0,0,0,0.00254312,0,0,0,0,0.001982864,0,0,0,0,0,0,0.001734068,0,0,0,0,0,0.001006046,0,0,0,0,0,0,0,0.005494236,0.006652266,0,0.000938041,0,0.000654028,0.000695031,0,0,0,0,0,0.000470899
ARISA_759.8,0,0.000574021,0,0.001844076,0,0.003535145,0.004214169,0.000601023,0.000634023,0.008876355,0.000548027,0.001124053,0.001683079,0,0,0,0,0,0,0.003310132,0,0,0,0,0.000627023,0.000942038,0,0.001437063,0.003405187,0,0,0,0,0,0,0.001389038,0,0.002199095,0.000605028,0.002214111,0.001393054,0.001710068,0.002838131,0,0.002371097,0.000697025,0.001267049,0.000643029,0,0,0.00148216,0.006867137,0,0,0,0.001156064,0,0,0.001178044,0.003814202,0.002472124,0.004039836,0.006043296,0.000570027,0,0,0,0.001652063,0.003040858,0,0.003015166,0,0,0,0,0,0,0,0,0,0,0.000965044,0.000715022,0,0,0,0,0,0.001074045,0.001995086,0.00825533,0,0,0,0,0.000626028,0,0,0,0,0,0.000986571
ARISA_762.8,0.001957082,0,0,0.000763031,0,0.002975122,0,0,0,0,0,0,0,0,0,0,0,0.012258405,0,0,0,0,0.017763622,0.012138498,0.000986037,0.004216169,0.006814218,0.004291189,0.003557196,0.012514476,0,0,0.030382003,0.016488528,0,0.000546015,0.000703023,0,0.003153145,0.002570129,0.002508098,0.006801272,0.003709171,0.012656671,0.005729235,0.000570021,0.007226282,0,0,0,0.012908808,0.010984216,0.000825023,0,0.010080393,0.016278895,0.002029085,0,0.003333123,0.007340389,0.004219211,0.005575914,0.021324045,0.007970375,0.003109124,0.000662024,0.015803743,0.002880109,0.004741457,0.008496306,0.006956383,0.001981075,0,0.004574197,0,0.004448174,0.001488058,0.008393361,0.012177548,0.003004111,0.003247114,0.003425158,0.001064032,0,0.004278128,0.004487162,0.004475166,0.001209048,0.010219429,0.017609757,0.016617665,0,0.0204499,0,0,0.000576025,0,0,0,0,0,0.00438141
ARISA_763.9,0,0,0,0,0,0,0,0,0,0,0,0,0,0,0,0,0,0,0,0,0,0,0,0,0,0,0,0,0,0,0,0,0,0,0.000523011,0,0,0,0,0,0,0,0,0,0,0,0,0,0,0,0.001431085,0.005493109,0,0,0,0.005985329,0.000976041,0,0.002176081,0,0.000685034,0.00059842,0.003581176,0,0,0,0.001664078,0,0,0,0.004512248,0,0,0.000779034,0,0.004821188,0,0.002601112,0.002424109,0,0.000531019,0.0021781,0.00099803,0,0,0,0.002619097,0.00074303,0.000586025,0.001114048,0.004911196,0,0.003382149,0,0,0,0,0,0,0,0,0.000547661
ARISA_764.5,0,0,0,0,0,0,0,0,0,0,0,0,0,0,0,0,0,0,0,0,0,0,0,0,0,0,0,0,0,0,0,0,0,0,0,0,0,0,0,0,0,0,0,0,0,0,0,0,0,0,0.001449111,0,0,0,0.000692027,0,0,0,0,0,0,0,0,0,0,0,0,0,0,0,0,0,0,0,0,0,0,0,0.001947088,0,0,0.001600074,0,0,0,0,0,0.000637026,0,0.000627027,0,0,0,0,0,0,0,0,0,0,0,6.88352E-05
ARISA_764.8,0,0,0,0,0,0,0,0,0,0,0,0,0.000700033,0,0,0,0,0,0,0,0,0,0,0,0,0,0,0,0,0,0,0,0,0,0,0,0,0,0,0,0,0,0,0,0,0,0,0,0,0,0,0,0,0,0.004782187,0,0,0,0,0,0,0,0,0,0,0,0,0,0,0,0,0,0,0,0,0,0,0,0,0,0,0,0,0,0,0,0,0,0,0,0,0,0,0,0,0,0,0,0,0,0,5.42794E-05
ARISA_765.7,0,0,0,0,0,0,0,0,0,0,0.00061503,0,0,0,0,0,0,0,0,0,0,0,0,0,0,0,0,0,0,0,0,0,0,0,0.002777058,0,0,0,0,0,0,0,0,0,0,0,0,0,0,0,0,0.00259394,0,0,0.000739029,0,0,0,0.00297211,0,0,0,0,0,0,0,0,0.002447093,0.000594559,0,0.003947217,0,0,0,0,0,0,0,0,0,0,0,0,0,0,0,0,0.000615025,0,0,0.001053042,0,0,0,0,0,0,0,0,0,0.000758039,0.000189229
ARISA_767.5,0,0,0,0,0,0,0.000700028,0,0,0,0,0,0,0,0,0,0,0,0,0,0,0,0,0.000717029,0,0,0,0,0,0.002236085,0,0,0,0,0.001282027,0,0,0,0,0.003061153,0,0,0,0,0,0,0,0,0,0,0,0,0,0,0.000963038,0,0,0,0,0,0,0,0.008599421,0,0,0,0,0,0.001150081,0,0,0.000552021,0,0,0,0,0,0,0,0,0,0,0,0,0,0,0,0,0,0,0,0,0,0,0,0,0,0,0,0,0.00423122,0.000232595
ARISA_770.5,0,0,0,0,0,0.006034247,0.001457058,0.069688648,0,0,0,0,0.000797038,0.002471099,0,0,0,0,0,0,0,0,0.000796028,0.001159048,0,0,0,0,0,0.001940074,0.046410207,0.001827042,0,0,0.000639013,0,0,0,0,0,0,0.000687028,0,0.001656088,0,0,0,0,0,0,0.042662159,0.077409903,0,0,0.001168046,0,0,0,0.051808917,0,0.015869794,0.012133518,0.014104691,0,0,0,0.083632931,0,0.004289032,0.00305411,0,0,0,0,0.003022139,0.001516059,0.006441251,0,0,0,0.00084203,0.06977321,0,0,0,0,0.076006812,0.060164407,0,0,0.075944038,0,0.082543632,0,0,0,0.002729096,0,0.004348113,0,0.021427114,0.008380729
ARISA_773.1,0,0,0,0,0,0.001610066,0,0,0,0,0,0,0,0,0,0.000542022,0,0,0,0,0,0,0,0.001440059,0,0,0,0,0,0,0.009339243,0.000679016,0,0,0,0,0,0,0,0,0,0.001280051,0,0.003138166,0,0,0,0,0,0,0,0,0,0.002985875,0,0,0,0,0.05025586,0,0.023221161,0.01038429,0.001739085,0,0,0,0.012779601,0,0.005126819,0.009222332,0,0,0.007694346,0,0.003340154,0.006697261,0.029035132,0.002692116,0,0,0,0.005146237,0,0,0,0,0.014384532,0.003478139,0,0,0.007072283,0,0.002654117,0,0,0,0.007806273,0,0.003209083,0,0.015727818,0.002402784
ARISA_776.1,0.001143048,0,0.000894037,0,0,0.003357138,0,0,0,0.001021041,0,0.000724034,0,0,0.004313181,0.002522101,0,0,0,0.000554022,0.00085103,0,0.002694094,0,0,0,0.001682054,0,0.003284181,0,0,0,0,0,0.362462612,0,0.00063102,0,0.004077188,0,0,0,0,0,0,0,0.004380171,0,0,0,0.081375564,0.129466841,0,0,0,0,0,0,0,0,0,0.001344944,0,0,0,0,0.000806038,0,0.0022341,0.000849031,0,0,0.002395108,0,0.002925135,0.001252049,0.014246556,0,0,0,0.003527123,0,0,0,0,0,0.002999111,0.000651026,0,0,0,0,0.002151095,0,0,0,0.008452296,0,0,0,0.006091317,0.006488696
ARISA_779.2,0.000727031,0,0.001611066,0.001079044,0.00096104,0.006488266,0.002576103,0.002805107,0,0,0.001003049,0.000943044,0.001428067,0,0.000574024,0.000550022,0.004226194,0.007486247,0.00110905,0.003824153,0.001790063,0.000592018,0.003233113,0.000772032,0,0,0.002420077,0,0.003206176,0.031425194,0.002371062,0,0,0,0.422695877,0,0,0,0,0,0.000783031,0,0,0,0,0,0,0,0,0,0.032157854,0.028050982,0,0,0,0,0,0,0,0,0,0,0,0,0,0,0,0,0,0,0,0,0,0.000743032,0,0.00152506,0.001222048,0,0.006929312,0,0.001677059,0,0,0,0,0,0,0,0,0.0023171,0,0,0.000638028,0,0,0,0.004076143,0,0,0,0.002345122,0.005825365
ARISA_779.7,0,0,0,0,0,0.00097404,0.000713029,0,0,0.000671027,0.000905044,0,0,0,0,0,0,0.001411047,0,0,0,0,0,0,0,0,0,0,0,0,0,0,0,0,0,0,0,0,0,0,0,0,0,0,0,0,0,0,0,0,0.003208675,0.004151105,0,0,0,0,0,0,0,0,0,0,0.000662032,0,0,0,0,0,0,0,0,0,0,0,0,0,0,0,0,0,0,0,0,0,0,0,0,0,0,0.00115205,0,0,0,0,0,0,0.000740026,0,0,0,0.00077404,0.0001521
ARISA_781.3,0,0,0,0,0,0.001133047,0,0,0,0.00375615,0,0.000883042,0,0.001144046,0,0,0,0,0,0.001159046,0,0,0,0,0,0,0.000755024,0.000574025,0.000956053,0,0,0,0,0,0,0,0,0,0,0,0,0,0,0,0.001571064,0,0,0,0,0,0,0,0,0,0,0,0,0,0,0,0,0,0,0,0,0,0,0,0,0,0,0,0,0,0,0.001084042,0,0,0.000869039,0,0,0.000578027,0,0,0,0,0,0,0,0,0,0,0.001718076,0,0,0,0.002983104,0,0,0,0.002249117,0.000212009
ARISA_782,0,0,0,0,0,0,0.001911076,0,0,0,0,0,0,0.001456058,0,0,0,0,0,0,0,0,0,0,0,0,0,0,0,0,0,0,0,0,0,0,0,0,0,0,0,0,0,0,0.001286053,0,0,0,0,0,0,0,0,0,0,0,0,0,0,0,0,0,0,0,0,0,0,0,0,0,0,0,0,0,0,0,0.00564922,0,0,0,0,0,0,0,0,0,0,0,0,0,0.000629025,0,0.001901084,0,0,0,0,0,0,0,0,0.000127055
ARISA_785,0,0,0,0,0.001926081,0,0.002580103,0.010602403,0,0.002185087,0,0,0.000823039,0,0,0,0,0,0,0.002082083,0,0,0,0,0,0.000555022,0,0,0.000625034,0,0,0,0,0,0.000823017,0,0,0,0,0,0,0,0.000698032,0,0,0,0,0,0,0,0,0.005747299,0,0,0,0,0,0,0,0,0,0,0.001382068,0,0,0,0,0,0,0,0,0,0,0,0,0,0.003113121,0,0,0,0,0.000695032,0,0,0,0,0.000603022,0,0,0,0.000704028,0,0.001673074,0,0,0,0,0,0,0,0,0.00036453
ARISA_787.7,0,0,0,0,0,0.005745236,0,0.002830108,0,0,0,0,0,0,0,0,0,0,0,0,0,0,0,0,0,0,0,0,0.000586032,0,0,0,0.000679022,0.001447046,0.001175025,0,0,0,0,0,0,0,0.004618212,0,0,0,0,0,0,0.000726032,0.006065838,0.029651179,0,0,0,0.000712039,0,0,0,0,0,0,0,0,0,0,0,0,0,0,0,0,0,0,0,0,0,0.000644028,0,0,0,0,0,0,0,0,0,0,0,0,0,0,0,0,0,0,0,0,0,0,0.001748091,0.000560672
ARISA_788.5,0,0,0,0,0,0.002326095,0,0.000767029,0,0,0,0,0,0,0,0,0,0,0,0,0,0,0,0,0,0,0,0,0,0,0,0,0,0,0,0,0,0,0,0.00100305,0,0,0.00131406,0,0,0,0,0,0,0.000661029,0,0,0,0,0,0.004032222,0,0,0,0,0,0,0,0,0,0.00027001,0,0,0,0,0,0,0,0,0.000605028,0,0,0,0,0,0,0,0,0,0,0,0,0,0,0,0,0,0,0,0,0,0,0,0,0,0.002017105,0.00012867
ARISA_791.4,0,0,0,0,0,0,0,0,0.001139041,0,0,0,0,0,0,0,0,0,0,0,0,0,0,0,0,0,0.002004064,0,0,0.002321088,0.003212084,0,0,0,0,0,0,0,0,0.006036302,0,0,0,0,0,0,0,0.073799321,0,0,0.004860081,0.006012497,0,0,0.003444134,0.009882544,0,0,0,0,0.010550528,0.012331657,0,0,0,0,0,0,0,0,0,0,0.025345141,0,0.005892271,0,0,0.000823035,0,0,0,0,0,0,0,0,0,0,0,0,0,0,0,0,0,0,0,0,0,0,0.021108098,0.00186893
ARISA_792.6,0,0,0,0,0,0,0,0,0.001362049,0,0,0,0,0,0,0,0,0,0,0,0,0,0,0,0,0,0,0,0,0,0,0,0,0,0,0,0,0,0,0,0,0,0,0,0,0,0,0,0,0,0.000735071,0,0,0,0,0.00491327,0,0,0,0,0,0.003160219,0,0,0,0,0,0,0,0,0,0,0,0,0.003139144,0,0,0,0,0,0,0.000707033,0,0,0,0,0,0,0,0,0,0,0,0,0,0,0,0,0,0,0.00616132,0.000199783
ARISA_795,0.000836035,0,0,0,0,0,0,0,0.003230116,0,0,0,0,0,0,0,0,0,0,0,0,0,0,0,0,0,0,0,0,0,0,0,0,0,0,0,0,0,0,0,0,0,0,0,0,0,0,0.014454651,0,0,0.001586311,0.005677247,0,0,0.002359092,0.004877268,0,0,0,0,0.021771089,0.001456022,0.004240208,0,0,0,0,0,0,0,0,0,0.003978179,0,0,0,0.01179746,0,0,0,0,0.0021691,0,0.001095045,0,0,0.000642024,0.000671027,0,0,0,0,0.002381105,0,0,0,0,0,0,0,0.017827927,0.001000494
ARISA_795.9,0.001740073,0,0.000591024,0,0,0,0,0,0.001318047,0.000545022,0,0,0,0,0,0,0,0.000974032,0,0,0,0,0,0,0,0,0,0,0,0,0,0,0,0,0,0,0,0,0,0,0,0,0,0,0,0,0,0.004098184,0,0,0.00174354,0.001006753,0,0,0,0.001384076,0,0,0,0,0,0,0.002988146,0,0,0,0,0,0,0,0,0,0.00199109,0,0,0,0,0,0,0,0,0.000571026,0,0,0,0,0,0.000900036,0,0.002422104,0,0,0,0,0,0,0,0,0,0,0.001484077,0.00023522
ARISA_798.7,0.000759032,0,0,0,0,0,0,0,0.000617022,0,0,0,0,0,0,0,0,0.000654022,0,0,0,0,0,0.004592188,0,0,0.004797154,0,0,0,0,0,0,0,0,0.001509041,0.000672022,0,0,0,0,0,0,0,0.001849076,0,0,0.002010091,0,0,0.003046439,0.009097805,0,0,0,0,0,0,0,0.001171062,0.023155158,0,0.005537271,0.070748325,0,0,0,0,0,0,0,0,0,0,0,0.000536021,0.003640142,0,0,0,0,0.001249058,0,0,0,0,0,0,0,0.009140393,0,0,0.010925481,0,0,0,0,0,0,0,0.00057603,0.001547355
ARISA_800.9,0,0,0,0,0,0,0,0,0,0,0,0,0,0,0,0,0,0,0,0,0,0,0,0,0,0,0.002153069,0,0,0,0,0,0,0,0,0,0,0,0,0,0,0,0,0,0,0,0,0,0,0,0.002760021,0.009480091,0,0,0,0.002472136,0,0,0,0.003294175,0.01780589,0.001365959,0,0,0,0,0,0,0,0,0,0,0,0,0,0.000525021,0.006639259,0,0,0,0,0,0,0,0,0,0,0,0,0.003100133,0,0,0,0,0,0.044221946,0,0,0,0,0,0.000928888
ARISA_801.8,0,0,0,0,0,0,0,0,0,0,0,0,0,0,0,0,0,0,0,0,0,0,0,0,0,0,0,0,0,0,0,0,0,0,0,0,0,0,0,0,0,0,0,0,0,0,0,0,0,0,0,0.003428565,0,0,0,0,0,0,0,0,0,0.000800562,0,0,0,0,0,0,0,0,0,0,0,0,0,0,0,0,0,0,0,0,0,0,0,0,0,0,0,0,0,0,0,0,0,0,0,0,0,0,0,4.18725E-05
ARISA_802.9,0,0,0,0,0,0,0,0.000855033,0,0,0,0,0,0,0,0,0,0,0,0,0,0,0,0,0,0,0,0,0,0,0,0,0,0,0,0,0,0,0.000567026,0.001010051,0,0,0,0,0,0,0,0,0,0,0.005514034,0,0,0,0,0.000872048,0,0,0,0,0.001610081,0.000577405,0,0.003425161,0,0,0,0,0.00055352,0,0,0,0,0,0,0,0,0,0,0,0,0,0,0,0,0,0,0,0,0,0,0,0,0,0,0.002372104,0,0,0,0,0.000703037,0.000178807
ARISA_803.5,0,0,0,0,0,0,0,0,0,0,0,0,0,0,0,0,0,0,0,0,0,0,0,0,0,0,0.003909125,0,0,0,0,0,0,0,0,0,0,0,0.001914088,0,0,0,0,0,0,0,0,0,0,0,0,0,0,0,0,0.000806044,0,0,0,0,0,0,0,0,0,0,0,0,0.001113046,0,0,0,0,0,0,0,0,0,0,0,0,0,0,0,0,0,0,0,0,0,0,0,0,0,0,0,0,0,0,0,0,7.66565E-05
ARISA_804.9,0,0,0,0,0,0.001807074,0,0.003235123,0.005105184,0,0,0,0,0,0,0,0,0,0,0,0,0,0,0,0,0,0,0,0,0.001407054,0.011359295,0,0,0,0,0,0,0,0.00086004,0.01259963,0,0,0,0,0,0,0,0.000725033,0,0,0,0,0,0,0,0.001320073,0,0,0,0,0,0,0,0,0,0,0,0,0,0,0,0,0,0,0,0,0,0,0,0,0,0,0,0,0,0,0,0,0,0,0,0,0,0,0,0,0.000595021,0,0,0,0.002561133,0.00041163
ARISA_808,0,0,0,0,0,0.002304095,0,0,0,0,0,0,0,0,0,0,0,0,0,0,0,0,0,0,0,0,0,0,0,0,0.001835048,0,0,0,0,0,0,0,0.008436388,0.002660133,0,0.001642066,0,0,0,0,0,0.001235056,0,0,0.012999941,0.04740646,0,0.002434529,0,0.006564361,0,0,0,0,0.032778639,0.007052951,0,0,0,0,0,0,0.001517426,0,0,0,0.002470111,0,0.000723033,0.000622024,0.007412289,0,0,0,0,0,0,0,0,0,0,0,0,0,0,0,0,0,0,0,0,0,0,0,0,0.001387075
ARISA_808.4,0,0,0,0,0,0,0,0,0,0,0,0,0,0,0,0,0,0,0,0,0,0,0,0,0,0,0,0,0,0,0,0,0,0,0,0,0,0,0,0,0,0,0,0,0,0,0,0,0,0,0,0,0,0,0,0,0,0,0,0,0,0,0,0,0,0,0,0,0,0,0,0,0,0,0,0,0.001241048,0,0,0,0,0,0,0,0,0,0,0,0,0,0,0,0,0,0,0,0,0,0,0,0,1.22876E-05
ARISA_809,0,0,0,0,0,0,0,0,0,0,0,0,0,0,0,0,0,0,0,0,0,0,0,0,0,0,0,0,0,0,0,0,0,0,0,0,0,0,0,0,0,0,0,0,0,0,0,0,0,0,0.00609488,0.005319979,0,0,0,0,0,0,0,0,0,0,0,0,0,0,0,0,0,0,0,0,0,0,0,0,0,0,0,0,0,0,0,0,0,0,0,0,0,0,0,0,0,0,0,0,0,0,0,0,0,0.000113018
ARISA_810.6,0,0,0,0,0,0,0,0,0,0,0,0,0,0,0,0,0,0,0,0,0,0,0,0,0,0,0,0,0,0,0,0,0,0,0,0,0,0,0,0,0,0,0,0,0,0,0,0,0,0,0.001100604,0,0,0,0,0,0,0,0,0,0.014976749,0.003565503,0,0,0,0,0,0,0,0,0,0,0,0,0,0,0,0,0,0,0,0,0,0,0,0,0,0,0,0,0,0,0,0,0,0,0,0,0,0,0,0.000194484
ARISA_812.4,0,0,0,0,0,0,0,0,0,0,0,0,0,0,0,0,0,0,0.001205054,0,0,0,0,0,0,0,0,0,0,0,0,0,0,0,0,0,0,0,0,0,0,0,0,0,0,0,0,0,0,0,0.000560817,0,0,0,0,0,0,0,0,0,0,0,0,0,0,0,0,0,0,0,0,0,0,0,0,0,0,0,0,0,0,0,0,0,0,0,0,0,0,0,0,0,0,0,0,0,0,0,0,0,0,1.74839E-05
ARISA_813.5,0,0,0,0,0,0,0,0,0,0,0,0,0,0,0,0,0,0,0,0,0,0,0,0,0,0,0,0,0,0,0,0,0,0,0,0,0,0,0,0,0,0,0,0,0,0,0,0,0,0,0,0,0,0,0,0,0,0,0,0,0,0,0,0,0,0,0,0,0,0,0,0,0,0,0,0,0,0,0,0,0,0,0,0,0,0,0,0,0,0,0,0,0,0,0,0,0,0,0,0,0.000606032,6.00032E-06
ARISA_816.5,0,0,0,0,0,0,0,0,0,0,0,0,0,0,0,0,0,0,0.002999135,0,0,0,0,0,0,0,0,0,0,0,0,0,0,0,0,0,0,0,0,0,0,0,0,0,0,0,0,0,0,0,0,0,0,0,0,0,0,0,0,0,0,0,0,0,0,0,0,0,0,0,0,0,0,0,0,0,0,0,0,0,0,0,0,0,0,0,0,0,0,0,0,0,0,0,0,0,0,0,0,0,0,2.96944E-05
ARISA_817.2,0,0,0,0,0,0,0,0,0,0,0,0,0,0,0,0,0,0,0,0,0,0,0,0,0,0,0,0,0,0,0,0,0,0,0,0,0,0.000843036,0,0,0,0,0,0,0,0,0,0,0,0,0,0,0,0,0,0,0,0,0,0,0,0,0,0,0,0,0,0,0,0,0,0,0,0,0,0,0,0,0,0,0,0,0,0,0,0,0,0,0,0,0,0,0,0,0,0,0,0,0,0,0,8.34689E-06
ARISA_817.6,0,0,0,0,0,0,0.000661026,0,0,0,0,0,0,0.001119045,0,0,0,0,0,0,0,0,0,0,0,0,0,0,0,0,0,0,0,0,0,0,0,0,0,0,0,0,0,0,0,0,0,0,0,0,0,0,0,0,0,0,0,0,0,0,0,0,0,0,0,0,0,0,0,0,0,0,0,0,0,0,0,0,0,0,0,0,0,0,0,0,0,0,0,0,0,0,0,0,0,0,0,0,0,0,0,1.76245E-05
ARISA_820.5,0,0,0,0,0,0,0.001196048,0,0,0,0,0.000529025,0,0.001235049,0,0.001452058,0,0,0.000759034,0,0,0,0,0.000591024,0,0,0,0,0.000559031,0,0,0,0,0,0,0.000557015,0,0.001082047,0,0,0,0,0,0,0,0,0,0,0,0,0,0,0,0,0,0,0,0,0,0,0,0,0,0,0,0,0,0,0,0,0,0,0,0,0,0,0,0,0,0,0,0,0,0,0,0,0,0,0,0,0,0,0,0,0,0,0,0,0,0,0,7.88152E-05
ARISA_823.1,0,0,0,0,0,0,0.001424057,0,0,0,0,0.00064303,0,0,0,0,0,0,0,0,0,0,0,0,0,0,0,0,0.011117612,0,0,0,0,0.004901157,0,0.00112103,0.004348139,0,0,0,0,0,0,0,0,0.001077039,0,0,0,0,0,0,0,0,0,0,0,0,0,0,0,0,0,0.000675032,0.00375615,0.00055752,0,0,0,0,0.000595033,0.000663025,0,0,0,0,0,0.00324914,0.003647164,0.005188192,0,0,0.000522016,0.001090045,0,0,0,0,0.002129089,0,0,0,0,0,0,0,0,0,0,0,0,0.00046242
ARISA_825.8,0,0,0,0,0,0.001204049,0.00649626,0,0,0,0,0,0,0,0,0,0,0,0,0,0,0.002698084,0,0,0.002989111,0,0,0,0.007202396,0,0,0,0.003915129,0.001843059,0,0,0.003841123,0,0.002744126,0,0.001353053,0.000838034,0,0,0,0,0,0,0,0,0,0,0,0,0,0.002232123,0,0,0,0,0,0,0,0.001193056,0,0,0,0.001347051,0,0,0.000876048,0,0,0.000638027,0,0,0,0.005552239,0.002974134,0.001324049,0.000711025,0.000627029,0,0,0,0,0,0,0,0,0,0.000577013,0,0,0,0,0,0,0,0,0,0.000526497
ARISA_828.8,0.06070555,0.012340444,0.057496357,0.074600059,0.041026723,0,0.038096524,0,0,0.048603944,0,0.070516314,0.002223105,0.121728869,0.161480782,0.126432057,0.092861272,0.013762454,0.082944733,0.042096684,0.066670334,0.004901152,0,0.090339704,0.010890403,0.018606744,0.000750024,0.001698075,0.024692358,0,0,0,0.006752223,0.00594419,0,0.102163758,0.008671278,0.0860487,0.018437848,0,0.003743146,0.000571023,0,0.000598032,0.003265134,0.122133397,0.070460748,0.002245101,0.063496413,0.051280256,0,0,0.001396039,0,0,0.004801264,0.00785333,0.002701081,0,0.032512723,0,0,0,0.016890794,0.033339334,0.03972643,0,0.001376052,0,0.003707134,0,0.001802069,0,0.008428362,0,0,0,0.003346144,0.004582206,0.057717136,0.032685144,0.000741034,0.30065902,0,0.167484025,0,0,0,0.027766166,0,0,0.002593057,0,0.035548493,0.000809035,0,0,0,0,0,0,0.02574002
ARISA_831.8,0.02332498,0.000691025,0.029962229,0.006053248,0.02070487,0.000550023,0.002817113,0,0.000745027,0.008350334,0,0.034337614,0.002194103,0.061565463,0.077027235,0.007645306,0.042961976,0.002490082,0.016477742,0.005130205,0.025207882,0.003130097,0,0.009315382,0.002229083,0.005850234,0,0.001100048,0.018483017,0,0,0,0.005946196,0.005505176,0,0.02183459,0,0.026938158,0,0,0.000876034,0,0,0,0,0,0.016379639,0,0.006492247,0.024437075,0,0,0.000532015,0,0,0.002713149,0.006480272,0.004093123,0,0.025103331,0.009309466,0,0.000673033,0.01509471,0.025722029,0.02833152,0.079162721,0,0,0.003260117,0.070441874,0.001288049,0,0.010397447,0.000555026,0.000625024,0,0,0.003725168,0.058334158,0,0,0,0.061905538,0,0.001569057,0,0,0.078647303,0,0,0,0.000594026,0.032400361,0.000598026,0,0,0,0,0,0,0.010280297
ARISA_833.8,0.000584025,0,0,0.001822075,0.002871121,0,0,0,0,0,0,0.001950092,0,0,0,0,0,0,0,0.003455138,0,0,0,0,0.000664025,0.000667027,0,0.000788035,0.003103171,0,0,0,0,0,0,0.001056029,0,0.003100133,0.000786036,0,0,0,0,0,0,0,0,0,0,0.0022811,0.001191736,0,0,0,0,0,0.002968125,0,0,0,0,0,0,0.002725128,0,0,0,0,0,0,0.01617789,0.000920035,0,0.002476107,0,0,0,0,0.001354061,0,0.03400519,0,0,0.001746072,0,0,0,0,0.00855836,0,0,0,0,0.006839287,0,0,0,0,0,0,0,0.001010792
ARISA_836.8,0,0.00056102,0.00586124,0.002468101,0.007496315,0.002212091,0.010060402,0.034808323,0.014460521,0.007378295,0,0.005201245,0.008378394,0.014621585,0.018767788,0.008389336,0.012622581,0.014807489,0.009763439,0.003154126,0.005813204,0.003298102,0,0.003084126,0.001158043,0.006292252,0,0.00113605,0.001435079,0,0,0,0.001090036,0,0,0,0.002055066,0.004357187,0.006794313,0,0.001103043,0,0.00173008,0.003276174,0.002910119,0.001758063,0,0,0.000585022,0.003801167,0.001837678,0,0,0,0,0.006786373,0.001271053,0,0,0.002579137,0.00440322,0,0.001415069,0.000582027,0.001980079,0.004596166,0.00149007,0,0.002128,0,0.004487247,0,0,0.000773033,0,0,0.003513137,0,0,0,0.002215078,0,0,0.001133047,0,0,0,0,0.006739283,0,0,0,0,0.00427418,0.00186308,0.002066091,0,0,0,0,0,0.002859628
ARISA_837.1,0,0,0,0,0,0,0,0,0,0,0,0,0,0,0,0,0,0,0,0,0,0,0,0.001811074,0,0,0,0,0.001200066,0.000547021,0.002328061,0,0,0,0,0.001966053,0,0,0.001549071,0,0,0,0,0,0,0,0,0,0,0,0,0,0,0,0,0,0,0,0,0,0,0,0,0,0,0.001567556,0,0,0.000621584,0,0,0,0,0,0,0,0,0,0,0.000915034,0,0,0,0.00293712,0,0,0,0,0.000852036,0,0,0,0,0.001081045,0.001025044,0.000589026,0,0,0,0,0,0.000188018
ARISA_840,0.000686029,0,0.001011042,0,0.002737115,0.002811115,0.001225049,0,0,0,0,0,0.006865323,0,0,0.002231089,0,0,0,0,0.000659023,0.004490139,0.010260359,0.002400098,0.008275306,0.007046282,0.006962223,0.000854038,0,0.00394815,0.005166134,0.00260506,0.009006297,0.002077067,0,0.000563015,0.001335043,0,0.004500207,0.008492425,0.001694066,0.001129045,0.003293152,0.003845204,0.004483184,0.00055002,0,0,0,0,0.006577584,0.006958205,0.003281092,0.000547344,0.012280479,0.005527304,0,0,0.00106704,0.001345071,0.009504475,0.018838224,0.000852042,0.008533401,0.009301372,0.008122292,0,0,0.006261886,0.00388114,0.00436024,0.001525058,0.002571116,0.004431191,0,0.001583062,0.023181904,0.013267571,0.003310149,0.00377214,0.003339117,0,0,0,0,0,0,0,0.00355915,0.002534109,0,0,0,0.002962124,0.007813336,0.006172272,0,0,0,0,0,0.002955087
ARISA_843,0,0,0,0,0,0,0.000688028,0,0,0,0,0,0.002260106,0,0,0,0,0,0,0,0,0.001419044,0,0,0.001916071,0.000672027,0,0.00068903,0,0,0,0,0.005312175,0.000685022,0,0,0,0,0,0.000730037,0,0,0.001475068,0,0,0,0,0.003390153,0,0,0.001924804,0.0089567,0.0035851,0,0,0.004019221,0,0,0,0,0.002037102,0.002013413,0.000702034,0.007311344,0.00176107,0.000293011,0.000789037,0,0.001465378,0.002305083,0.001366075,0.000571022,0.00176708,0.000569025,0,0,0.0025671,0.00395317,0.001372062,0.002494092,0,0,0,0.005958244,0,0,0,0,0,0.001583068,0.001869075,0,0,0.00095804,0.008749376,0.006609291,0,0.000593017,0,0,0,0.000964156
ARISA_846,0,0,0,0,0,0,0,0,0,0,0,0,0.001097052,0,0,0,0,0.000669022,0,0,0,0,0,0,0,0,0.001734056,0,0,0,0,0,0,0,0,0,0,0,0,0,0,0,0,0,0,0,0,0.011721528,0,0,0.001102607,0.003704771,0.001393039,0,0.007592296,0,0,0,0.00215608,0,0.003089155,0.015349776,0.000568028,0.002202104,0,0,0,0.001198046,0.000591556,0,0,0,0,0.00092604,0,0,0,0.003979171,0,0,0,0.001065049,0,0.001477061,0,0,0,0,0,0,0.000599024,0,0,0,0,0,0,0,0,0,0,0.000615995
ARISA_847.4,0,0,0,0,0,0,0,0,0,0,0,0,0,0,0,0,0,0.001666055,0,0,0,0,0,0,0,0,0,0,0,0.000699027,0,0,0,0,0,0,0,0,0,0,0,0,0,0,0,0,0,0,0,0,0.002360439,0,0,0,0.000559022,0,0,0,0,0,0,0,0.000906044,0,0,0,0,0.002993114,0,0,0,0,0,0,0,0,0,0,0,0,0,0.007161329,0,0,0,0,0,0,0,0,0.001411056,0,0,0,0,0,0,0,0,0,0,0.000175803
ARISA_847.7,0,0,0,0,0,0,0,0,0,0,0,0,0,0,0,0,0,0,0,0,0,0,0,0,0,0,0,0,0,0,0,0,0,0,0,0,0,0,0,0,0,0,0,0,0,0,0,0,0,0,0,0,0,0,0,0,0,0,0,0,0,0,0,0,0,0,0,0,0,0,0,0,0,0,0,0,0,0,0,0,0,0.000605028,0,0,0,0,0,0,0,0,0,0,0,0,0,0,0,0,0,0,0,5.99038E-06
ARISA_848.9,0,0,0.001073044,0,0,0,0,0,0,0,0,0,0,0,0,0,0,0,0,0,0,0,0,0,0,0,0,0,0,0.001352051,0,0,0,0,0,0,0,0,0,0,0,0,0,0,0,0,0,0,0,0,0,0,0,0,0,0.002612144,0,0,0.001125042,0,0.000834042,0,0,0,0,0,0,0.002405091,0,0,0,0,0,0,0.000747034,0,0,0,0,0,0,0,0,0,0,0,0,0,0,0,0.000968039,0,0,0,0,0,0,0,0,0,0,0.000110064
ARISA_849,0,0,0,0,0,0,0,0.000539021,0,0,0,0,0,0,0,0,0,0,0,0,0,0,0,0,0,0,0,0,0,0,0,0,0,0,0,0,0,0,0,0,0,0,0,0,0,0,0,0,0,0,0,0,0,0,0,0,0,0,0,0,0,0,0,0,0,0,0,0,0,0,0,0,0,0,0,0,0,0,0,0,0,0.00151607,0,0,0,0,0,0,0,0,0,0,0,0,0,0,0,0,0,0,0,2.03474E-05
ARISA_852.1,0,0,0.000945039,0,0,0,0,0.001035039,0,0,0.000721035,0,0.00169908,0,0,0,0,0.001890062,0.005611253,0,0.001112039,0.000668021,0,0,0.003072114,0.003306132,0,0,0,0.005963227,0,0,0,0,0,0,0.001600051,0,0.028065291,0,0,0,0,0,0.000565023,0,0.000613024,0,0,0,0,0,0,0,0,0.005706314,0,0,0,0,0,0.000687483,0.035292729,0,0,0.000350013,0.009958468,0.004854185,0.000549517,0,0,0,0,0,0.001649076,0,0,0,0,0,0,0.010747494,0,0,0,0,0.009870365,0.007623305,0,0,0.026373055,0,0.0045442,0,0,0,0,0,0,0,0,0.001733392
ARISA_854.8,0,0,0,0,0,0,0.001269051,0.012224465,0.000812029,0.001920077,0.006649326,0.000567027,0,0.003607144,0,0.001214049,0.001598074,0,0.005443245,0,0.001490052,0.004162129,0.001691059,0.003072126,0.006881255,0,0,0,0.000675037,0.003350127,0,0.003000069,0.00060402,0,0,0.00259207,0,0,0.002457113,0,0,0,0,0.001015054,0,0,0,0,0,0,0,0,0,0,0,0.00526829,0,0,0.025036926,0.000905048,0,0,0.025432246,0,0,0,0.009844463,0.002845108,0.002942766,0,0,0,0.001589072,0,0.001980091,0,0.005779225,0.001417061,0.000937042,0,0,0.003462159,0,0.002239092,0,0,0.008043298,0.004910196,0,0,0.00950038,0,0.009177404,0,0,0,0,0,0,0,0,0.00185747
ARISA_856.6,0,0,0.000785032,0.00097204,0.010726451,0.008388344,0.011133445,0.014371546,0.006247225,0.001042042,0.005472268,0,0.045358132,0.001762071,0.000599025,0.001187048,0.003499161,0,0.006817307,0.016602664,0.005250184,0.006822212,0.001936068,0.001493061,0.018461683,0.028639146,0,0.016463724,0.003178175,0.008450321,0.003668095,0.002002046,0.001658055,0,0,0.000805022,0,0,0.013682629,0.00080004,0.000630025,0.00073903,0.000559026,0.001436076,0,0,0,0,0.001167044,0.001454064,0,0,0,0,0.003298129,0.002591143,0,0,0.02621497,0.000593031,0.001869094,0.021214893,0.013442659,0.000698033,0,0,0.00084004,0,0.00454227,0,0,0,0.006812307,0,0.000595027,0,0.002490097,0.000856037,0.003927177,0,0,0.001553071,0,0,0,0,0.000578021,0,0,0,0.000675027,0,0.000806036,0,0,0,0,0,0,0,0,0.003444125
ARISA_857.1,0,0,0,0,0,0,0,0,0,0,0.001364067,0,0,0,0,0,0,0,0,0,0,0.003384105,0,0,0,0.006528261,0,0,0,0,0,0,0.000683023,0,0,0,0,0,0,0,0,0,0,0.00151108,0,0,0,0,0,0,0,0,0,0.000529332,0.000829032,0,0,0,0,0,0,0.002885025,0,0,0,0,0,0.001404053,0,0,0,0,0.00089704,0,0.000738034,0,0,0,0,0,0,0.000551025,0,0,0,0,0,0,0,0,0,0,0,0,0,0,0,0,0,0,0,0.000210931
ARISA_859.8,0,0,0,0,0,0.007890324,0,0.002784106,0.004595165,0,0.00347117,0,0,0,0,0.000828033,0,0.037063223,0,0.001172047,0,0.002610081,0.000873031,0,0.007206267,0,0,0.002074091,0,0,0.001022027,0,0.00059702,0,0,0,0,0,0,0.000773039,0,0.001236049,0.000572026,0.001903101,0,0,0,0,0,0,0.001299894,0,0.003250091,0.000937589,0.000673026,0.004218232,0,0,0.006781251,0.003810202,0.000534027,0.008744138,0.003101152,0,0,0,0,0,0.003709487,0,0,0,0.003044137,0.000891038,0.001977091,0.00204908,0,0.002711117,0.002197099,0.000707026,0,0,0,0.012783524,0.00233107,0,0,0,0,0,0,0,0,0,0,0,0,0,0,0,0,0.00141011
ARISA_860.4,0,0,0,0,0,0,0,0.001068041,0,0,0,0,0,0,0,0.00201008,0,0,0,0,0,0,0,0,0,0,0,0,0,0,0,0,0,0,0,0,0,0,0,0,0,0.000732029,0,0,0,0,0,0,0,0,0,0,0,0,0,0,0,0,0,0,0.001020051,0,0,0,0,0,0,0,0.001103037,0,0,0,0,0,0,0,0,0,0,0,0,0,0,0,0,0,0,0,0,0,0,0,0,0,0,0,0,0,0,0,0,5.87449E-05
ARISA_860.9,0,0,0,0,0,0,0,0,0.000869031,0,0,0,0.000623029,0,0,0,0,0,0,0,0,0,0,0,0,0,0,0,0,0,0,0,0,0,0,0,0,0,0,0,0,0,0,0,0,0,0,0,0,0,0,0,0,0,0,0,0,0,0,0,0,0,0,0,0,0,0,0,0.001390307,0,0,0,0,0,0,0,0,0,0,0,0,0,0,0.005236215,0,0,0,0,0,0,0,0,0,0,0,0,0,0,0,0,0,0.000080382
ARISA_863.9,0,0,0,0,0,0,0,0.001439055,0,0,0,0,0,0,0,0.000658026,0,0,0,0,0,0,0,0,0,0,0,0,0,0,0,0,0,0,0,0,0,0,0,0.000649033,0,0,0,0,0,0,0,0,0,0,0.011793183,0.007381521,0,0.000612385,0,0,0,0,0,0,0.003073154,0.006447526,0.002101103,0,0,0,0,0,0.002987809,0,0,0,0.0022261,0,0,0.000967038,0,0,0,0,0,0,0,0,0,0,0,0,0,0,0.003448138,0,0,0,0,0,0,0,0,0,0,0.000433506
ARISA_865.9,0,0,0,0.002049084,0,0,0,0,0,0,0,0,0,0,0,0,0,0,0,0,0,0,0,0,0,0,0,0,0,0,0,0,0,0,0,0,0,0,0,0,0,0,0,0,0,0,0,0,0,0,0.003814558,0,0,0,0,0,0,0,0,0,0,0.003462431,0.004857238,0,0,0,0,0,0,0,0,0,0,0,0,0,0,0,0,0,0,0.000953044,0,0,0,0,0.002212082,0.001462059,0,0,0.007891316,0,0,0,0,0,0,0,0,0,0,0.000264374
ARISA_868.8,0,0,0,0.004932202,0,0,0,0,0,0,0,0,0,0,0,0,0,0,0,0,0,0,0,0,0,0,0,0,0,0,0,0,0,0,0,0,0,0,0.000547025,0,0,0,0,0,0,0,0,0,0,0,0.017697786,0.063454464,0,0,0,0,0,0,0.001177044,0,0.089777489,0.010786572,0.026638305,0,0,0,0.004312203,0,0.000593558,0,0,0,0.000578026,0,0,0,0,0,0,0,0,0.004819222,0,0,0,0,0.02674499,0.009305372,0,0,0.008792352,0,0.004177184,0,0,0,0,0,0,0,0,0.002716176
ARISA_871.5,0,0,0,0.000617025,0,0,0,0,0,0,0,0,0,0,0,0,0,0,0,0,0,0,0,0,0,0,0,0,0,0,0,0,0,0,0,0,0,0,0,0.000569029,0,0,0,0,0,0,0,0,0,0,0.004636756,0.007952949,0,0,0,0,0,0,0.004236157,0,0,0.004512168,0.010226501,0,0,0,0.002458116,0,0,0,0,0,0,0,0,0,0,0,0,0,0,0.00500923,0,0,0,0,0.017113633,0.011296452,0,0,0.001279051,0,0.0022691,0,0,0,0,0,0,0,0,0.000714616
ARISA_874,0,0,0,0,0,0,0,0,0,0,0,0,0,0,0,0,0,0,0,0,0,0,0,0,0,0,0,0,0,0,0,0,0,0,0,0,0,0,0,0,0,0,0,0,0,0,0,0,0,0,0.004121004,0.003962964,0,0,0,0,0,0,0,0,0,0,0.003774185,0,0,0,0,0,0,0,0,0,0,0,0,0,0,0,0,0,0,0.000610028,0,0,0,0,0.003113115,0,0,0.007236311,0,0,0.0022651,0,0,0,0,0,0,0,0,0.000248344
ARISA_874.7,0,0,0,0,0,0,0,0,0,0,0,0,0,0,0,0,0,0,0,0,0,0,0,0,0,0,0,0,0,0,0,0,0,0,0,0,0,0,0,0,0,0,0,0,0,0,0,0,0,0,0,0,0,0,0,0,0,0,0,0,0,0,0,0,0,0,0,0,0,0,0,0,0,0,0,0.000787031,0,0,0,0,0,0,0,0,0,0,0,0,0,0.00070603,0,0,0,0,0,0,0,0,0,0,0,1.47828E-05
ARISA_877.9,0,0,0,0,0,0,0,0,0,0,0,0,0,0,0,0,0,0,0,0,0,0,0,0,0,0,0,0,0,0,0,0,0,0,0,0,0.002280073,0,0,0,0,0,0,0,0,0,0,0,0,0,0,0,0,0,0,0,0,0,0,0,0,0,0,0,0,0,0,0,0,0,0,0,0,0,0,0.000952037,0,0,0,0,0,0,0,0,0,0,0,0,0,0,0,0,0,0,0,0,0,0,0,0,0,3.20011E-05
ARISA_880.7,0,0,0,0.001636067,0,0,0.001560062,0,0.006251225,0,0,0,0,0,0.000889037,0.000878035,0.000716033,0,0,0,0,0,0,0,0,0,0,0,0,0,0,0,0,0,0,0,0,0,0,0,0,0,0,0,0,0,0,0,0,0,0,0,0,0,0,0,0,0,0,0,0,0,0,0,0,0,0.00063203,0,0,0,0,0,0,0,0,0,0,0,0,0,0,0,0,0,0,0,0,0,0,0,0,0,0,0,0,0,0,0,0,0,0,0.000124381
ARISA_881.4,0,0,0,0,0,0,0,0,0,0,0,0,0,0,0,0.001385055,0.00108805,0,0.001629073,0,0,0,0,0,0,0,0,0,0,0,0,0,0,0,0,0,0,0,0,0,0,0,0,0,0,0,0,0,0,0,0,0,0,0,0,0,0,0,0,0,0,0,0,0,0,0,0,0,0,0,0,0,0,0,0,0,0,0,0,0,0,0,0,0,0,0,0,0,0,0,0,0,0,0,0,0,0,0,0,0,0,4.06156E-05
ARISA_884.3,0,0,0.008521349,0.00171807,0.004217177,0,0.01049242,0,0,0.000679027,0,0,0,0.008905356,0.002952124,0,0.002239103,0.001643054,0.003855174,0,0.000739026,0,0,0,0,0,0,0.001093048,0.000699038,0,0,0,0.001187039,0,0,0.003051082,0,0.002156093,0.000787036,0,0,0,0,0,0,0.000771028,0,0,0,0,0,0,0,0,0,0,0,0,0,0,0,0,0,0,0,0,0.000686032,0,0,0,0,0,0,0,0,0,0,0,0,0,0,0,0,0,0,0,0,0,0,0,0,0,0.001214053,0,0,0,0,0,0,0,0,0.00057036
ARISA_884.8,0,0,0,0.00122205,0,0,0,0,0,0,0,0,0,0.001183047,0.001051044,0,0,0,0,0,0,0,0,0,0.00054302,0,0,0,0,0,0,0,0.002214073,0,0,0,0,0.00208109,0,0,0,0,0,0,0,0,0,0,0,0,0,0,0,0,0,0,0,0,0.00160706,0,0,0,0,0,0,0,0,0,0,0,0,0,0,0,0,0,0,0,0,0,0,0,0,0,0,0,0,0,0,0,0,0,0,0,0,0,0,0,0,0,0,9.80335E-05
ARISA_887.8,0.000554023,0,0.001192049,0.00171307,0.000738031,0,0,0,0,0,0,0,0,0,0,0,0,0,0,0,0,0,0,0,0,0.000767031,0,0,0,0,0,0,0.00180806,0.003079099,0,0.002796076,0,0.000542023,0,0,0,0,0,0,0,0.001309047,0,0,0,0.001707075,0,0.000702526,0,0,0,0,0,0,0,0,0,0,0,0,0.000809032,0.000640023,0,0,0,0,0.001900105,0,0,0.003923169,0,0,0,0,0.000553025,0.004926182,0,0,0.004779143,0,0.007828235,0.000570021,0,0,0,0,0,0,0,0.009960418,0.001419061,0,0,0,0,0,0,0.000536797
ARISA_889.2,0,0,0,0,0,0,0.000574023,0,0,0,0,0.00191009,0,0,0,0,0,0,0,0,0,0,0,0,0,0,0,0,0,0,0,0,0,0.001019033,0,0,0,0,0,0,0,0,0,0,0,0,0,0.002530114,0,0,0,0,0,0,0,0,0,0,0,0.000796042,0,0,0,0,0,0,0,0,0,0,0.002614144,0,0,0,0,0.000837033,0,0,0.000979044,0.002367088,0,0,0.002093063,0,0.003904117,0,0,0,0,0,0,0,0,0.002120089,0,0,0,0,0,0,0,0.000215286
ARISA_891.9,0,0,0,0,0,0,0.000696028,0,0,0,0,0.004498211,0,0,0,0,0,0,0,0,0,0,0,0,0,0,0,0,0,0,0,0,0,0.001211039,0,0,0,0,0,0,0,0,0,0,0,0,0,0.004606207,0,0,0,0,0,0,0,0,0,0,0,0,0.003703185,0,0,0,0,0.000750527,0,0,0,0,0.001603088,0,0,0.000720031,0,0.002458096,0,0,0,0.000762028,0,0,0.00165105,0.001342055,0,0,0,0,0,0,0,0,0,0,0,0,0,0,0,0,0,0.000237639
ARISA_892.7,0,0,0,0,0,0,0,0,0,0,0,0.000795037,0,0,0,0,0,0,0,0,0,0,0,0.000663027,0,0,0,0,0,0,0,0,0,0,0,0,0,0,0,0,0,0,0,0,0,0,0,0,0,0,0,0,0,0,0,0,0,0,0,0,0.000857043,0,0,0,0,0,0,0,0,0,0,0,0,0.00092504,0,0.000836033,0,0,0,0,0,0,0,0,0,0,0,0,0,0,0,0,0,0,0,0,0,0,0,0,0,4.03582E-05
ARISA_895.3,0,0,0,0,0,0,0,0,0,0,0,0.001725081,0,0,0,0,0,0,0,0,0,0,0,0,0,0,0,0,0,0,0,0,0,0,0,0,0,0,0,0,0,0,0,0,0,0,0,0,0,0,0,0,0,0,0,0,0,0,0,0,0.002177109,0,0,0,0,0,0,0,0,0,0.004848267,0,0,0,0,0,0,0,0.001217055,0,0,0,0,0,0,0,0,0,0,0,0,0,0,0,0,0,0,0,0,0,0,9.86882E-05
ARISA_897.8,0,0,0,0,0,0,0,0,0,0,0,0.002851134,0,0,0,0,0,0,0,0,0,0,0,0,0,0,0,0,0,0,0,0,0,0,0,0.000720019,0,0,0,0,0,0,0.001857085,0,0,0,0,0,0,0,0,0,0,0,0,0,0,0,0,0,0,0,0,0,0,0,0,0,0,0,0.00217212,0.000545021,0,0,0,0,0,0,0.000871039,0,0,0,0,0,0,0,0,0,0,0,0,0,0,0,0,0,0,0,0,0,0,8.92715E-05
ARISA_902.5,0,0,0,0,0,0,0,0,0,0,0,0.005365252,0,0,0,0,0,0,0,0,0,0,0,0,0,0,0,0,0,0.001911073,0,0,0,0,0,0,0,0,0,0,0,0,0.000946044,0,0,0,0,0,0,0,0,0,0,0,0,0,0,0,0,0,0,0,0,0.001372065,0,0,0,0,0,0,0,0.000747028,0,0,0,0,0,0,0,0,0,0,0,0,0,0,0,0,0,0,0,0,0,0,0,0,0,0,0,0,0,0.000102391
ARISA_902.8,0.000669028,0,0,0,0,0,0,0,0,0,0,0,0,0,0,0,0,0,0,0,0,0,0,0,0,0,0,0,0,0,0,0,0,0,0,0,0,0,0,0,0,0,0,0,0,0,0,0,0,0,0,0,0,0,0,0,0,0,0,0,0,0,0,0,0,0,0,0,0,0,0,0,0,0,0,0,0,0,0,0,0,0,0,0,0,0,0,0,0,0,0,0,0,0,0,0,0,0,0,0,0,6.62404E-06
ARISA_907.8,0.004849204,0.000605022,0.000759031,0.00097804,0.003831161,0,0,0.000937036,0,0.001698068,0.011290553,0.002909137,0.001366064,0.008170327,0.003230136,0.002127085,0.002588119,0.001795059,0,0,0.001570055,0,0,0,0.004368162,0.01849374,0,0.003313146,0.000942052,0.006489247,0,0,0.000747025,0,0,0,0,0.002541109,0,0.000902045,0,0,0,0.001093058,0,0,0.001182046,0.000648029,0,0,0,0,0,0,0,0.001952107,0,0,0,0,0,0.006458534,0,0.005697268,0.000706028,0,0,0,0,0,0,0.010859413,0,0,0,0,0,0.000735032,0.00200809,0.000630023,0,0,0.000547016,0,0,0,0,0,0,0,0,0,0.001118049,0,0,0,0,0,0,0,0.001312068,0.001202449
ARISA_912.5,0.004860204,0,0.000756031,0,0,0,0,0,0,0,0,0,0,0,0,0,0,0,0,0,0,0,0,0,0.001756065,0.002892116,0,0.002880127,0,0,0,0,0,0,0,0,0,0,0,0,0,0,0,0,0.000570023,0,0.001964077,0,0,0,0,0,0,0,0,0,0,0,0,0.000530028,0,0.001445014,0,0.005839274,0.004117165,0.001168542,0,0,0,0,0,0.009130347,0,0,0,0,0,0,0.001124051,0,0.000709025,0,0.004067122,0,0,0,0,0,0,0,0,0,0,0,0,0,0,0,0,0,0,0.000433755
ARISA_915.5,0.00072103,0,0,0,0,0,0,0,0,0,0,0,0,0,0,0,0,0,0,0,0,0,0,0,0,0,0,0,0,0,0,0,0,0,0,0,0,0,0,0,0,0,0,0,0,0,0,0,0,0,0,0,0,0,0,0,0,0,0,0,0,0,0,0.005900277,0.000590024,0,0,0,0,0,0,0.0052662,0,0,0,0,0,0,0,0,0,0,0,0,0,0,0,0,0,0,0,0,0,0,0,0,0,0,0,0,0.00077704,0.000131233
ARISA_920.6,0,0,0,0,0,0,0,0,0,0,0,0,0,0,0,0,0,0,0,0,0,0,0,0,0,0,0,0,0,0,0,0,0,0,0,0,0,0,0,0,0,0,0,0,0,0,0,0,0,0,0,0,0,0,0,0,0,0,0,0,0,0,0,0.002269107,0,0,0,0,0,0,0,0.002446093,0,0,0,0,0,0,0,0,0,0,0,0,0,0,0,0,0,0,0,0,0,0,0,0,0,0,0,0,0,4.66851E-05
ARISA_924.9,0,0,0,0,0,0,0,0.000620024,0,0,0,0.000544026,0,0,0,0,0,0,0,0,0,0,0,0,0,0,0,0,0,0,0,0,0,0,0,0,0,0,0,0,0,0,0,0,0,0,0,0,0,0,0,0,0,0,0,0,0,0,0,0,0,0,0,0.000542026,0,0,0,0,0,0,0,0,0,0,0,0,0,0,0,0,0,0,0,0,0,0,0,0,0,0,0,0,0,0,0,0,0,0,0,0,0,1.68918E-05
ARISA_929,0,0,0,0,0,0,0,0.003394129,0,0,0,0,0,0,0,0,0,0,0,0,0,0,0.000623022,0,0,0,0,0,0,0.005460208,0,0,0,0,0,0,0,0,0,0.000548027,0,0,0,0,0,0,0,0,0,0,0.003801539,0,0,0,0,0,0,0,0,0,0,0,0,0,0,0,0,0,0,0,0,0,0,0,0,0,0,0,0,0,0,0,0,0,0,0,0,0,0,0,0,0,0,0,0,0,0,0,0,0,0,0.0001369
ARISA_933.7,0,0,0.000648027,0,0,0,0,0.001649063,0,0,0,0,0,0,0,0,0,0,0,0,0,0,0.000541019,0,0,0,0,0,0,0.007603289,0,0,0,0.000691022,0,0,0,0,0,0.000620031,0,0,0,0,0,0,0,0.000634029,0,0,0.001567284,0.009767306,0,0,0,0.003112171,0,0,0,0,0.000584029,0,0,0,0,0,0,0,0,0,0,0.001773067,0,0,0,0,0,0,0.003799171,0,0,0,0,0,0,0,0,0,0,0,0,0,0,0,0,0,0,0,0,0,0,0.000326629
ARISA_937.8,0,0,0,0,0,0,0.000703028,0,0,0,0,0,0,0,0,0,0.000532025,0,0,0,0,0,0,0,0,0,0.001216039,0,0,0,0,0,0,0,0,0,0,0,0,0,0,0,0,0,0,0,0,0,0,0,0.002068013,0.004240172,0,0,0,0,0,0,0,0,0,0.008486958,0,0.003462163,0,0,0,0,0,0,0,0.006147234,0,0,0,0,0,0,0.002630118,0,0,0,0,0,0,0,0,0,0,0,0,0,0,0,0,0,0,0,0,0,0,0.000291938
ARISA_939.4,0,0,0,0,0,0,0.001288052,0.001340051,0,0,0,0,0,0,0,0,0.000527024,0,0,0,0,0,0,0,0,0,0,0,0,0,0,0,0,0,0,0,0,0,0,0,0,0,0,0,0,0,0,0,0,0,0,0,0,0,0,0,0,0,0,0,0,0.006102284,0,0,0,0,0,0,0,0,0,0.000587022,0,0,0,0,0,0,0,0,0,0,0,0,0,0,0,0,0,0,0,0,0,0,0,0,0,0,0,0,0,9.74696E-05
ARISA_943.3,0,0,0,0.00073503,0.003540149,0.01635167,0.002819113,0.001505057,0.001021037,0,0.000538026,0,0.010904513,0,0,0.001171047,0.002717125,0.011045365,0.001065048,0.008581343,0,0,0.000607021,0.001874077,0.004784177,0.004687188,0,0.00068903,0.000640035,0.00341713,0.000795021,0,0.000762025,0,0,0,0,0.000557024,0.003389156,0,0,0,0,0,0,0,0,0,0,0,0,0,0,0,0,0,0,0,0,0,0,0.003765644,0,0,0,0,0,0,0.003696475,0.001290046,0,0.00156606,0,0,0.000601028,0,0,0,0,0,0,0,0,0.001194049,0,0,0,0,0,0,0,0,0,0,0,0,0,0,0,0,0,0.000953561
ARISA_946.3,0,0,0.000623026,0.000717029,0.001016043,0.003709152,0.001527061,0,0,0,0.001203059,0.001888089,0.002658125,0,0.000586025,0,0.001435066,0.004436146,0,0.001595064,0,0,0.000585021,0.001006041,0.003620134,0.001263051,0,0.002192097,0.000962053,0.004666177,0,0,0,0.001603051,0.000536011,0,0,0,0.004814222,0,0,0.00074803,0,0,0,0,0,0,0,0,0,0,0,0,0,0.002858157,0,0,0,0.004507239,0.00259113,0.00323327,0,0,0,0,0,0,0.004798511,0.009706349,0.000579032,0,0.002101095,0.002186094,0.001152053,0.007538294,0.009823383,0,0,0,0,0,0,0.003152129,0.001097033,0,0,0,0,0,0,0,0,0,0,0,0,0,0,0,0,0.000977362
ARISA_946.5,0,0,0,0,0.001165049,0.001748072,0,0,0,0,0,0,0,0,0,0,0,0.002706089,0.000610028,0,0,0,0,0,0,0,0,0.00068103,0,0,0,0,0,0,0,0,0,0,0,0,0,0,0,0,0,0,0,0,0,0,0,0,0,0,0,0,0,0,0,0,0,0,0,0,0,0,0,0,0.000774728,0,0,0,0,0,0,0,0,0,0,0,0,0,0,0,0,0,0,0,0,0,0,0,0,0,0,0,0,0,0,0,0,7.60891E-05
ARISA_951.6,0,0,0,0,0.00071403,0.012838526,0.000819033,0,0,0,0,0,0.001167055,0,0,0,0,0.001271042,0,0.001337054,0,0,0,0,0.00163306,0.001596064,0,0,0,0.002352089,0,0,0,0.000532017,0.001598034,0,0,0,0.001440066,0,0,0,0,0,0,0,0,0,0,0.00113105,0,0,0,0,0,0,0.001983083,0,0,0.007966422,0.002263113,0.000533374,0,0,0.001205048,0.003675632,0,0,0.003620403,0.006558236,0.000684038,0,0.001290058,0.006886296,0.001727079,0.005104199,0.112863402,0,0,0,0,0,0,0.005629231,0,0.000574021,0,0,0,0,0,0,0,0,0.000640028,0,0,0,0,0,0,0.001897354
ARISA_954,0,0,0,0,0,0,0,0,0,0,0,0,0,0,0,0,0,0,0,0,0,0,0,0,0,0,0,0,0,0,0,0,0,0,0,0,0,0,0,0,0,0,0,0,0,0,0,0,0,0,0,0,0,0,0,0,0,0,0,0,0,0,0,0,0,0,0,0,0.000842792,0,0,0,0,0.001801077,0,0,0,0,0,0,0,0,0,0,0,0,0,0,0,0,0,0,0,0,0,0,0,0,0,0,0,2.61769E-05
ARISA_956.5,0,0,0.001610066,0,0,0.000998041,0,0,0,0,0,0,0,0,0,0,0.000662031,0,0,0,0,0,0,0,0,0,0,0,0,0,0,0,0,0,0,0,0,0,0,0,0,0,0,0,0,0,0,0,0,0,0,0,0,0,0,0,0,0,0,0,0,0,0,0,0,0,0,0,0,0,0,0,0,0,0,0,0,0,0,0,0,0,0,0,0,0,0,0,0,0,0,0,0,0,0,0,0,0,0,0,0,3.23776E-05
ARISA_957.7,0,0,0,0,0.001060045,0,0,0.001086041,0,0,0,0.00254412,0,0,0,0.001205048,0,0,0,0,0.000741026,0,0,0,0,0,0,0,0,0,0,0,0,0,0,0,0,0,0,0,0,0,0,0,0,0,0,0,0,0,0,0,0,0,0,0,0,0,0,0,0,0,0,0,0,0,0,0,0,0,0,0,0,0,0,0,0,0,0,0,0,0,0,0,0,0,0,0,0,0,0,0,0,0,0,0,0,0,0,0,0,6.57057E-05
ARISA_958,0,0,0,0,0,0,0,0,0,0,0,0,0.001607076,0,0,0,0.002468114,0,0.001228055,0,0,0,0,0,0,0,0,0,0,0,0,0,0,0,0,0,0,0,0,0,0,0,0,0,0,0,0,0,0,0,0,0,0,0,0,0,0,0,0,0,0,0,0,0,0,0,0,0,0,0,0,0,0,0,0,0,0,0,0,0,0,0,0,0,0,0,0,0,0,0,0,0,0,0,0,0,0,0,0,0,0,5.25074E-05
ARISA_963,0.00499621,0.000731026,0.00340714,0.00536822,0.003997168,0.012582516,0.019956798,0.006606251,0.002748099,0.016550662,0.000633031,0.004549214,0.005761271,0.004634185,0.011215471,0.004938198,0.000977045,0.005374177,0.00200309,0.001953078,0,0,0.003626127,0.004557187,0.004941183,0.004172167,0,0,0,0.002023077,0,0,0.018705617,0,0,0.000677018,0,0.001613069,0.006039278,0,0,0,0.005098235,0.001046055,0.004227173,0.00054902,0.000709028,0,0,0,0,0,0,0,0,0.001466081,0,0,0,0.003178168,0,0,0,0.000809038,0.002375095,0.001272046,0,0,0.001200128,0.002138077,0.004013221,0,0,0.000748032,0.001272059,0,0,0.000815035,0.000870039,0,0,0,0,0,0,0.000912033,0,0,0,0,0,0,0,0,0,0,0,0,0,0,0,0.001960754
ARISA_964.8,0.001964083,0,0.002048084,0,0,0,0,0,0,0,0,0,0,0,0,0,0,0,0,0,0,0.000777024,0.000709025,0.001767072,0.001447054,0.000529021,0,0,0,0,0,0,0,0.017012544,0,0.000898024,0,0,0.001104051,0,0.000621024,0,0.001332061,0.001409075,0.001636067,0.001519055,0,0,0,0,0,0,0,0,0.002348092,0.004714259,0.002714114,0.000765023,0,0.003742198,0,0,0,0,0.003366135,0.003094111,0,0,0.00142534,0.001753063,0.004843266,0,0,0.001290056,0.000791036,0,0,0.003734161,0.00177208,0.006867254,0.002211077,0,0.004491135,0,0.001575047,0.00167006,0,0,0.002002084,0.000775033,0,0,0,0,0,0,0,0,0,0,0,0.000898197
ARISA_969.6,0,0,0.000759031,0,0,0,0,0,0,0,0,0.002288108,0,0,0,0,0,0,0,0,0,0,0,0.000595024,0,0,0,0,0,0,0,0,0,0.002247072,0,0,0,0,0,0,0,0,0.001484068,0,0.001368056,0,0,0,0,0,0,0,0,0,0.001492058,0.002121117,0.002188092,0.000688021,0,0.001401074,0,0,0,0.001038049,0.001764071,0.001618058,0,0,0.000622585,0.006534235,0.007875433,0,0.000843038,0.006026259,0,0.000885035,0,0.003500151,0.000912041,0.004033149,0,0,0.001301039,0.002299094,0.003493105,0,0,0,0.001214051,0.001692073,0,0,0,0,0,0,0,0,0,0,0,0.000616665
ARISA_973.5,0,0,0,0,0,0,0,0,0,0,0,0.001729081,0,0,0,0,0,0,0,0,0,0,0,0,0,0,0,0,0,0,0,0,0,0.000689022,0,0,0,0,0,0,0,0,0,0,0,0,0,0,0,0,0,0,0,0,0,0,0.000567024,0,0,0,0,0,0,0,0,0.000497018,0,0,0,0,0.002492137,0,0,0,0,0,0,0,0,0,0,0,0,0,0,0,0,0,0,0,0,0,0,0,0,0,0,0,0,0,0,5.91513E-05
ARISA_978.9,0,0,0,0,0,0.000579024,0.000558022,0,0.000661024,0,0,0.002327109,0.001451068,0,0.001392059,0,0,0.00059902,0,0,0,0,0,0,0,0,0,0,0,0,0,0,0,0,0,0,0,0,0,0,0,0,0,0,0,0,0,0,0,0,0,0,0,0,0,0,0,0,0,0,0,0,0,0,0,0,0,0,0,0,0,0,0,0,0,0,0,0,0,0,0,0,0,0,0,0,0,0,0,0,0,0,0,0,0,0,0,0,0,0,0,7.4924E-05
ARISA_983.9,0.009556401,0.001003036,0.006779278,0.000670028,0,0,0.001284051,0.015299581,0.002521091,0.013835553,0,0.005782272,0.001293061,0.003451138,0.003416144,0.000587024,0,0,0,0,0,0,0.004021141,0.001380057,0,0,0,0,0,0.017796676,0.002144056,0,0,0,0,0.002422065,0.000735024,0,0.001572072,0.001725086,0,0.001028041,0.001719079,0.002438129,0.000601025,0,0,0,0,0,0,0,0,0,0,0.003221177,0,0,0,0,0,0,0,0,0,0,0,0,0,0,0,0,0,0,0,0,0,0,0,0,0,0,0,0,0,0,0,0,0,0,0,0,0,0,0,0,0,0,0,0,0,0.0010523
ARISA_987.8,0.000907038,0,0,0,0,0,0,0,0.000817029,0,0,0,0,0,0,0,0,0,0.00088104,0,0,0,0.000960034,0,0,0,0,0,0,0,0,0,0.001297043,0.002967095,0,0.001747047,0.001431046,0,0.002192101,0.003362168,0,0.001952078,0.007438342,0.001930102,0.008805361,0.001483053,0,0.000545025,0,0,0.015377405,0.018207619,0,0,0,0.006260344,0,0,0,0,0.019567978,0.014121914,0,0.016785789,0.000774031,0.00416315,0,0,0.002096971,0,0.000817045,0.015622594,0.009002405,0.001496064,0,0,0.017274674,0.003051131,0.005486247,0.005175192,0,0,0.001257038,0,0.002509075,0,0,0,0,0.001121048,0,0,0,0,0,0,0,0.000680019,0,0,0,0.001975875
ARISA_988.5,0,0,0,0,0,0,0,0,0,0,0,0,0,0,0,0,0,0,0,0,0,0,0,0,0,0,0,0,0,0,0,0,0,0,0,0,0,0,0,0,0,0,0,0,0,0,0,0,0,0,0,0.00576231,0,0,0,0,0,0,0,0,0,0,0,0,0,0,0,0,0,0,0.002152118,0,0,0.001149049,0,0,0.006372249,0.002017087,0,0,0,0,0,0,0,0,0,0,0,0,0,0,0,0,0,0,0,0,0,0,0,0.0001728
ARISA_993.6,0,0,0,0,0,0,0,0,0,0,0,0,0,0,0,0,0,0,0,0,0,0,0,0,0,0,0,0,0,0.004877185,0,0,0,0.001057034,0,0,0,0,0,0.002155108,0,0,0,0,0,0,0,0,0,0,0.00575839,0.019463559,0,0,0,0.003839211,0,0,0,0,0.004685234,0.010850617,0,0.011417537,0.000815033,0.001149541,0,0,0.002753588,0,0.000697038,0.006729256,0.004702212,0.000624027,0,0,0.00205208,0.000781034,0.006313284,0.003763139,0,0,0,0,0,0,0,0,0,0,0,0,0,0,0,0,0,0,0,0,0,0.000935486
ARISA_998.8,0,0,0,0,0,0,0,0,0,0,0,0,0,0,0,0,0,0,0,0,0,0,0,0,0,0,0,0,0,0,0,0,0,0,0,0,0,0,0,0,0,0,0,0,0,0,0,0,0,0,0.001437094,0.001459091,0,0,0,0,0,0,0,0,0.002065103,0,0,0,0,0,0,0,0,0,0,0.005138195,0.001917086,0,0,0,0,0,0,0,0,0,0,0,0,0,0,0,0,0,0,0,0,0,0,0,0,0,0,0,0,0.000118976
