n,alpha,window_start,window_end,window_length,is_global,delay_yz,is_control,seed,detected,p_value,lla_score,localization_correct,start_error,end_error,window_overlap,delay_correct,detected_delay,delay_error,replicate,computation_time,batch_time_seconds
100,0.8,10,90,80,False,0,False,791791833,True,0.024,0.3488,True,0.0,0.0,1.0,,,,0,13.045073509216309,1298.4198696613312
100,0.8,10,90,80,False,0,False,1750277037,True,0.001,0.5813,False,-9.0,10.0,0.8080808080808081,,,,1,13.102787256240845,1298.4198696613312
100,0.8,10,90,80,False,0,False,1414217456,True,0.004,0.4492,False,-2.0,5.0,0.9195402298850575,,,,2,12.940881252288818,1298.4198696613312
100,0.8,10,90,80,False,0,False,225219012,True,0.007,0.382,False,-1.0,0.0,0.9876543209876543,,,,3,13.317172288894653,1298.4198696613312
100,0.8,10,90,80,False,0,False,1231322229,True,0.001,0.5348,False,-10.0,10.0,0.8,,,,4,13.731313943862915,1298.4198696613312
100,0.8,10,90,80,False,0,False,895262648,True,0.002,0.5707,False,-8.0,10.0,0.8163265306122449,,,,5,11.197379112243652,1298.4198696613312
100,0.8,10,90,80,False,0,False,1853747852,True,0.001,0.4722,False,-7.0,10.0,0.8247422680412371,,,,6,12.093921184539795,1298.4198696613312
100,0.8,10,90,80,False,0,False,1517688271,True,0.005,0.426,False,-7.0,3.0,0.8888888888888888,,,,7,13.81979775428772,1298.4198696613312
100,0.8,10,90,80,False,0,False,1670852625,True,0.002,0.4573,False,0.0,8.0,0.9090909090909091,,,,8,12.647252082824707,1298.4198696613312
100,0.8,10,90,80,False,0,False,1334793044,True,0.003,0.4642,False,-5.0,6.0,0.8791208791208791,,,,9,10.53702974319458,1298.4198696613312
100,0.8,10,90,80,False,0,False,145794600,True,0.007,0.3899,False,0.0,1.0,0.9876543209876543,,,,10,12.37685513496399,1298.4198696613312
100,0.8,10,90,80,False,0,False,1957218667,True,0.01,0.3748,True,0.0,0.0,1.0,,,,11,13.592980146408081,1298.4198696613312
100,0.8,10,90,80,False,0,False,1621159086,True,0.003,0.4228,False,-10.0,3.0,0.8602150537634409,,,,12,13.05383849143982,1298.4198696613312
100,0.8,10,90,80,False,0,False,1774323440,True,0.003,0.4065,False,-5.0,0.0,0.9411764705882353,,,,13,14.803936004638672,1298.4198696613312
100,0.8,10,90,80,False,0,False,1438263859,True,0.003,0.415,False,-6.0,9.0,0.8421052631578947,,,,14,12.4830162525177,1298.4198696613312
100,0.8,10,90,80,False,0,False,249265415,True,0.002,0.4929,False,-3.0,4.0,0.9195402298850575,,,,15,14.215535163879395,1298.4198696613312
100,0.8,10,90,80,False,0,False,2060689482,True,0.006,0.3764,False,-3.0,5.0,0.9090909090909091,,,,16,12.987095832824707,1298.4198696613312
100,0.8,10,90,80,False,0,False,66370188,True,0.011,0.3712,False,0.0,4.0,0.9523809523809523,,,,17,13.579002380371094,1298.4198696613312
100,0.8,10,90,80,False,0,False,1877794255,True,0.001,0.548,False,-7.0,7.0,0.851063829787234,,,,18,13.020054817199707,1298.4198696613312
100,0.8,10,90,80,False,0,False,1541734674,True,0.004,0.4052,False,-8.0,1.0,0.898876404494382,,,,19,11.326976776123047,1298.4198696613312
100,0.8,10,90,80,False,0,False,352736230,True,0.02,0.3565,True,0.0,0.0,1.0,,,,20,13.267688035964966,1298.4198696613312
100,0.8,10,90,80,False,0,False,1358839447,True,0.002,0.5185,False,-10.0,1.0,0.8791208791208791,,,,21,11.615103483200073,1298.4198696613312
100,0.8,10,90,80,False,0,False,169841003,True,0.001,0.4947,False,-7.0,1.0,0.9090909090909091,,,,22,13.376848220825195,1298.4198696613312
100,0.8,10,90,80,False,0,False,1981265070,True,0.001,0.58,False,-4.0,9.0,0.8602150537634409,,,,23,12.082174301147461,1298.4198696613312
100,0.8,10,90,80,False,0,False,1645205489,True,0.006,0.4044,False,2.0,5.0,0.9176470588235294,,,,24,12.980956554412842,1298.4198696613312
100,0.8,10,90,80,False,0,False,1798369843,True,0.004,0.3798,False,-2.0,0.0,0.975609756097561,,,,25,12.296986103057861,1298.4198696613312
100,0.8,10,90,80,False,0,False,1462310262,True,0.001,0.4284,False,-2.0,9.0,0.8791208791208791,,,,26,10.861573934555054,1298.4198696613312
100,0.8,10,90,80,False,0,False,273311818,True,0.001,0.4644,False,-8.0,0.0,0.9090909090909091,,,,27,12.228045225143433,1298.4198696613312
100,0.8,10,90,80,False,0,False,2084735885,True,0.001,0.5538,False,-2.0,9.0,0.8791208791208791,,,,28,11.189360618591309,1298.4198696613312
100,0.8,10,90,80,False,0,False,90416591,True,0.001,0.4562,False,-5.0,7.0,0.8695652173913043,,,,29,12.653420686721802,1298.4198696613312
100,0.8,10,90,80,False,0,False,1901840658,True,0.003,0.4668,False,-8.0,4.0,0.8695652173913043,,,,30,10.73148226737976,1298.4198696613312
100,0.8,10,90,80,False,0,False,1565781077,True,0.011,0.3683,True,0.0,0.0,1.0,,,,31,12.278164625167847,1298.4198696613312
100,0.8,10,90,80,False,0,False,376782633,True,0.001,0.5198,False,-7.0,6.0,0.8602150537634409,,,,32,12.670787334442139,1298.4198696613312
100,0.8,10,90,80,False,0,False,1382885850,True,0.001,0.5621,False,-10.0,6.0,0.8333333333333334,,,,33,11.058135986328125,1298.4198696613312
100,0.8,10,90,80,False,0,False,193887406,True,0.019,0.3674,False,-7.0,0.0,0.9195402298850575,,,,34,12.567399024963379,1298.4198696613312
100,0.8,10,90,80,False,0,False,2005311473,True,0.006,0.4373,False,-2.0,10.0,0.8695652173913043,,,,35,10.702918291091919,1298.4198696613312
100,0.8,10,90,80,False,0,False,816313029,True,0.003,0.4815,False,-2.0,10.0,0.8695652173913043,,,,36,13.22275710105896,1298.4198696613312
100,0.8,10,90,80,False,0,False,480253448,True,0.012,0.3837,False,0.0,9.0,0.898876404494382,,,,37,13.171910285949707,1298.4198696613312
100,0.8,10,90,80,False,0,False,1486356665,True,0.002,0.4861,False,-3.0,10.0,0.8602150537634409,,,,38,11.586961269378662,1298.4198696613312
100,0.8,10,90,80,False,0,False,297358221,True,0.002,0.4622,False,-2.0,2.0,0.9523809523809523,,,,39,12.184948682785034,1298.4198696613312
100,0.8,10,90,80,False,0,False,2108782288,True,0.003,0.4648,False,-10.0,7.0,0.8247422680412371,,,,40,10.986642837524414,1298.4198696613312
100,0.8,10,90,80,False,0,False,919783844,True,0.001,0.4979,False,-8.0,8.0,0.8333333333333334,,,,41,12.457802772521973,1298.4198696613312
100,0.8,10,90,80,False,0,False,1925887061,True,0.011,0.3967,False,-2.0,0.0,0.975609756097561,,,,42,13.562085628509521,1298.4198696613312
100,0.8,10,90,80,False,0,False,1589827480,True,0.001,0.5416,False,-4.0,7.0,0.8791208791208791,,,,43,13.985139846801758,1298.4198696613312
100,0.8,10,90,80,False,0,False,400829036,True,0.006,0.4207,False,-5.0,6.0,0.8791208791208791,,,,44,11.806022644042969,1298.4198696613312
100,0.8,10,90,80,False,0,False,64769455,True,0.001,0.4496,False,-10.0,10.0,0.8,,,,45,15.44126582145691,1298.4198696613312
100,0.8,10,90,80,False,0,False,217933809,True,0.001,0.434,False,-10.0,2.0,0.8695652173913043,,,,46,12.918595314025879,1298.4198696613312
100,0.8,10,90,80,False,0,False,2029357876,True,0.003,0.4172,False,-4.0,1.0,0.9411764705882353,,,,47,14.926706314086914,1298.4198696613312
100,0.8,10,90,80,False,0,False,840359432,True,0.002,0.4946,False,-6.0,0.0,0.9302325581395349,,,,48,15.526139974594116,1298.4198696613312
100,0.8,10,90,80,False,0,False,504299851,True,0.002,0.4802,False,-9.0,4.0,0.8602150537634409,,,,49,10.93961501121521,1298.4198696613312
100,0.8,10,90,80,False,0,True,1943203587,False,0.5345,0.1313,,,,,,,,0,18.1988844871521,1298.4198696613312
100,0.8,10,90,80,False,0,True,754205143,False,0.3247,-0.1359,,,,,,,,1,13.391855955123901,1298.4198696613312
100,0.8,10,90,80,False,0,True,418145562,False,0.3257,0.1943,,,,,,,,2,13.519504070281982,1298.4198696613312
100,0.8,10,90,80,False,0,True,1376630766,False,0.1439,-0.194,,,,,,,,3,14.242771625518799,1298.4198696613312
100,0.8,10,90,80,False,0,True,235250335,False,0.4386,0.1644,,,,,,,,4,12.530199766159058,1298.4198696613312
100,0.8,10,90,80,False,0,True,2046674402,False,0.2877,-0.1566,,,,,,,,5,14.25197720527649,1298.4198696613312
100,0.8,10,90,80,False,0,True,857675958,False,0.4915,-0.1378,,,,,,,,6,13.822738885879517,1298.4198696613312
100,0.8,10,90,80,False,0,True,521616377,False,0.1169,-0.2139,,,,,,,,7,12.70894980430603,1298.4198696613312
100,0.8,10,90,80,False,0,True,674780731,False,0.8082,-0.0935,,,,,,,,8,15.185219764709473,1298.4198696613312
100,0.8,10,90,80,False,0,True,338721150,False,0.2178,0.1675,,,,,,,,9,11.879371643066406,1298.4198696613312
100,0.8,10,90,80,False,0,True,1297206354,False,0.1339,-0.1859,,,,,,,,10,13.78006625175476,1298.4198696613312
100,0.8,10,90,80,False,0,True,961146773,False,0.2458,0.1774,,,,,,,,11,11.4696786403656,1298.4198696613312
100,0.8,10,90,80,False,0,True,625087192,False,0.6164,0.1166,,,,,,,,12,14.33352541923523,1298.4198696613312
100,0.8,10,90,80,False,0,True,778251546,False,0.1698,-0.1721,,,,,,,,13,12.316684246063232,1298.4198696613312
100,0.8,10,90,80,False,0,True,442191965,False,0.2947,0.1583,,,,,,,,14,15.028334140777588,1298.4198696613312
100,0.8,10,90,80,False,0,True,1400677169,False,0.2597,0.1553,,,,,,,,15,13.729052543640137,1298.4198696613312
100,0.8,10,90,80,False,0,True,1064617588,False,0.6194,-0.1179,,,,,,,,16,14.48122763633728,1298.4198696613312
100,0.8,10,90,80,False,0,True,1217781942,False,0.1219,0.1681,,,,,,,,17,12.876436948776245,1298.4198696613312
100,0.8,10,90,80,False,0,True,881722361,False,0.6843,-0.1147,,,,,,,,18,13.846191167831421,1298.4198696613312
100,0.8,10,90,80,False,0,True,545662780,False,0.1359,-0.1844,,,,,,,,19,11.915999174118042,1298.4198696613312
100,0.8,10,90,80,False,0,True,1504147984,False,0.5175,-0.1167,,,,,,,,20,13.752318382263184,1298.4198696613312
100,0.8,10,90,80,False,0,True,362767553,False,0.3556,-0.1352,,,,,,,,21,12.258394002914429,1298.4198696613312
100,0.8,10,90,80,False,0,True,1321252757,True,0.005,0.3021,,,,,,,,22,13.575029373168945,1298.4198696613312
100,0.8,10,90,80,False,0,True,985193176,False,0.4765,-0.1343,,,,,,,,23,14.316426515579224,1298.4198696613312
100,0.8,10,90,80,False,0,True,649133595,False,0.4655,-0.1422,,,,,,,,24,14.090112209320068,1298.4198696613312
100,0.8,10,90,80,False,0,True,802297949,False,0.5544,0.1297,,,,,,,,25,14.585604667663574,1298.4198696613312
100,0.8,10,90,80,False,0,True,466238368,False,0.2727,0.1664,,,,,,,,26,11.520516872406006,1298.4198696613312
100,0.8,10,90,80,False,0,True,1424723572,False,0.7642,-0.1008,,,,,,,,27,13.665359735488892,1298.4198696613312
100,0.8,10,90,80,False,0,True,1088663991,False,0.972,0.0763,,,,,,,,28,11.957143783569336,1298.4198696613312
100,0.8,10,90,80,False,0,True,1241828345,True,0.022,-0.2741,,,,,,,,29,13.270638465881348,1298.4198696613312
100,0.8,10,90,80,False,0,True,905768764,False,0.2787,0.1558,,,,,,,,30,12.445075988769531,1298.4198696613312
100,0.8,10,90,80,False,0,True,569709183,False,0.1039,0.1884,,,,,,,,31,14.144929885864258,1298.4198696613312
100,0.8,10,90,80,False,0,True,1528194387,False,0.8621,-0.0982,,,,,,,,32,11.537209749221802,1298.4198696613312
100,0.8,10,90,80,False,0,True,386813956,True,0.042,0.203,,,,,,,,33,13.373826503753662,1298.4198696613312
100,0.8,10,90,80,False,0,True,1345299160,False,0.4116,-0.1657,,,,,,,,34,12.299386024475098,1298.4198696613312
100,0.8,10,90,80,False,0,True,1009239579,False,0.0569,-0.2316,,,,,,,,35,13.360073804855347,1298.4198696613312
100,0.8,10,90,80,False,0,True,1967724783,False,0.4955,-0.1315,,,,,,,,36,13.30560040473938,1298.4198696613312
100,0.8,10,90,80,False,0,True,1631665202,True,0.048,0.2215,,,,,,,,37,11.942644834518433,1298.4198696613312
100,0.8,10,90,80,False,0,True,490284771,False,0.7453,-0.113,,,,,,,,38,13.572931289672852,1298.4198696613312
100,0.8,10,90,80,False,0,True,1448769975,False,0.0999,0.2037,,,,,,,,39,11.712432861328125,1298.4198696613312
100,0.8,10,90,80,False,0,True,1112710394,False,0.6543,-0.1129,,,,,,,,40,13.47746229171753,1298.4198696613312
100,0.8,10,90,80,False,0,True,2071195598,False,0.0799,-0.2515,,,,,,,,41,12.201255321502686,1298.4198696613312
100,0.8,10,90,80,False,0,True,929815167,False,0.8122,0.0912,,,,,,,,42,13.640081644058228,1298.4198696613312
100,0.8,10,90,80,False,0,True,593755586,False,0.2118,0.1588,,,,,,,,43,11.959929466247559,1298.4198696613312
100,0.8,10,90,80,False,0,True,1552240790,False,0.2198,-0.1862,,,,,,,,44,13.719302415847778,1298.4198696613312
100,0.8,10,90,80,False,0,True,1216181209,False,0.2228,0.1745,,,,,,,,45,13.754197120666504,1298.4198696613312
100,0.8,10,90,80,False,0,True,1369345563,False,0.8062,-0.0975,,,,,,,,46,12.294068574905396,1298.4198696613312
100,0.8,10,90,80,False,0,True,1033285982,False,0.1439,-0.1787,,,,,,,,47,13.88455843925476,1298.4198696613312
100,0.8,10,90,80,False,0,True,1991771186,False,0.5754,-0.1088,,,,,,,,48,12.052029609680176,1298.4198696613312
100,0.8,10,90,80,False,0,True,1655711605,False,0.8741,0.0911,,,,,,,,49,13.774057149887085,1298.4198696613312
100,0.82,10,90,80,False,0,False,1167150650,True,0.002,0.3967,False,-5.0,10.0,0.8421052631578947,,,,0,11.99030590057373,1334.6587936878204
100,0.82,10,90,80,False,0,False,831091069,True,0.005,0.4517,False,-9.0,6.0,0.8421052631578947,,,,1,13.394811630249023,1334.6587936878204
100,0.82,10,90,80,False,0,False,984255423,True,0.001,0.4977,False,-9.0,3.0,0.8695652173913043,,,,2,12.274213790893555,1334.6587936878204
100,0.82,10,90,80,False,0,False,648195842,True,0.003,0.4348,False,0.0,1.0,0.9876543209876543,,,,3,13.470625638961792,1334.6587936878204
100,0.82,10,90,80,False,0,False,1606681046,True,0.001,0.456,False,1.0,9.0,0.8876404494382022,,,,4,11.842778444290161,1334.6587936878204
100,0.82,10,90,80,False,0,False,1270621465,True,0.001,0.5407,False,-10.0,3.0,0.8602150537634409,,,,5,13.671719312667847,1334.6587936878204
100,0.82,10,90,80,False,0,False,129241034,True,0.005,0.3762,False,0.0,4.0,0.9523809523809523,,,,6,13.533546686172485,1334.6587936878204
100,0.82,10,90,80,False,0,False,1087726238,True,0.001,0.4876,False,-3.0,0.0,0.963855421686747,,,,7,12.199984073638916,1334.6587936878204
100,0.82,10,90,80,False,0,False,751666657,True,0.004,0.4139,False,0.0,9.0,0.898876404494382,,,,8,14.096353530883789,1334.6587936878204
100,0.82,10,90,80,False,0,False,1710151861,True,0.003,0.4117,False,0.0,4.0,0.9523809523809523,,,,9,13.112842798233032,1334.6587936878204
100,0.82,10,90,80,False,0,False,568771430,True,0.011,0.3552,False,-3.0,8.0,0.8791208791208791,,,,10,14.284172058105469,1334.6587936878204
100,0.82,10,90,80,False,0,False,1527256634,True,0.003,0.4462,False,-9.0,4.0,0.8602150537634409,,,,11,12.097731590270996,1334.6587936878204
100,0.82,10,90,80,False,0,False,1191197053,True,0.003,0.4707,False,-10.0,6.0,0.8333333333333334,,,,12,13.608018159866333,1334.6587936878204
100,0.82,10,90,80,False,0,False,855137472,True,0.002,0.4153,False,-2.0,0.0,0.975609756097561,,,,13,12.185786962509155,1334.6587936878204
100,0.82,10,90,80,False,0,False,1008301826,True,0.012,0.4018,False,-5.0,0.0,0.9411764705882353,,,,14,13.440237045288086,1334.6587936878204
100,0.82,10,90,80,False,0,False,672242245,True,0.001,0.4419,False,0.0,10.0,0.8888888888888888,,,,15,12.038808107376099,1334.6587936878204
100,0.82,10,90,80,False,0,False,1630727449,True,0.003,0.4156,False,-9.0,3.0,0.8695652173913043,,,,16,13.29337739944458,1334.6587936878204
100,0.82,10,90,80,False,0,False,1294667868,True,0.004,0.4386,False,-5.0,0.0,0.9411764705882353,,,,17,11.897860765457153,1334.6587936878204
100,0.82,10,90,80,False,0,False,53948550,True,0.007,0.3997,False,-10.0,0.0,0.8888888888888888,,,,18,13.189107656478882,1334.6587936878204
100,0.82,10,90,80,False,0,False,1111772641,True,0.001,0.4086,False,-2.0,4.0,0.9302325581395349,,,,19,13.0885488986969,1334.6587936878204
100,0.82,10,90,80,False,0,False,775713060,True,0.003,0.4169,False,-10.0,9.0,0.8080808080808081,,,,20,11.626799583435059,1334.6587936878204
100,0.82,10,90,80,False,0,False,1734198264,True,0.007,0.4101,False,-3.0,0.0,0.963855421686747,,,,21,13.584747076034546,1334.6587936878204
100,0.82,10,90,80,False,0,False,1398138683,True,0.001,0.5335,False,-4.0,9.0,0.8602150537634409,,,,22,12.573206424713135,1334.6587936878204
100,0.82,10,90,80,False,0,False,1551303037,True,0.008,0.4261,False,-10.0,5.0,0.8421052631578947,,,,23,13.28101897239685,1334.6587936878204
100,0.82,10,90,80,False,0,False,1215243456,True,0.004,0.4174,False,-3.0,8.0,0.8791208791208791,,,,24,11.613130807876587,1334.6587936878204
100,0.82,10,90,80,False,0,False,879183875,True,0.001,0.5579,False,-8.0,9.0,0.8247422680412371,,,,25,13.626964330673218,1334.6587936878204
100,0.82,10,90,80,False,0,False,1837669079,True,0.006,0.4263,False,0.0,2.0,0.975609756097561,,,,26,11.923065662384033,1334.6587936878204
100,0.82,10,90,80,False,0,False,696288648,True,0.003,0.486,False,-10.0,8.0,0.8163265306122449,,,,27,13.552189111709595,1334.6587936878204
100,0.82,10,90,80,False,0,False,1654773852,True,0.003,0.3938,False,-3.0,0.0,0.963855421686747,,,,28,13.495166778564453,1334.6587936878204
100,0.82,10,90,80,False,0,False,1318714271,True,0.001,0.4739,False,-10.0,9.0,0.8080808080808081,,,,29,11.67082142829895,1334.6587936878204
100,0.82,10,90,80,False,0,False,129715827,True,0.017,0.372,False,-1.0,0.0,0.9876543209876543,,,,30,12.963015794754028,1334.6587936878204
100,0.82,10,90,80,False,0,False,1135819044,True,0.009,0.4294,False,-6.0,2.0,0.9090909090909091,,,,31,11.525429010391235,1334.6587936878204
100,0.82,10,90,80,False,0,False,799759463,True,0.001,0.4661,False,-9.0,6.0,0.8421052631578947,,,,32,13.578819036483765,1334.6587936878204
100,0.82,10,90,80,False,0,False,1758244667,True,0.002,0.4048,False,-3.0,0.0,0.963855421686747,,,,33,11.998286485671997,1334.6587936878204
100,0.82,10,90,80,False,0,False,1422185086,True,0.001,0.499,False,-4.0,6.0,0.8888888888888888,,,,34,13.26774787902832,1334.6587936878204
100,0.82,10,90,80,False,0,False,1575349440,True,0.001,0.5141,False,-2.0,8.0,0.8888888888888888,,,,35,12.460517644882202,1334.6587936878204
100,0.82,10,90,80,False,0,False,1239289859,True,0.001,0.4561,False,-10.0,-1.0,0.8777777777777778,,,,36,13.47885274887085,1334.6587936878204
100,0.82,10,90,80,False,0,False,903230278,True,0.01,0.4068,False,-2.0,0.0,0.975609756097561,,,,37,13.212268829345703,1334.6587936878204
100,0.82,10,90,80,False,0,False,1861715482,True,0.005,0.3976,False,0.0,3.0,0.963855421686747,,,,38,10.628376722335815,1334.6587936878204
100,0.82,10,90,80,False,0,False,620996164,True,0.001,0.5679,False,-3.0,8.0,0.8791208791208791,,,,39,13.200563907623291,1334.6587936878204
100,0.82,10,90,80,False,0,False,1678820255,True,0.001,0.6065,False,-10.0,10.0,0.8,,,,40,15.231685161590576,1334.6587936878204
100,0.82,10,90,80,False,0,False,1342760674,True,0.006,0.3831,False,0.0,3.0,0.963855421686747,,,,41,12.949557304382324,1334.6587936878204
100,0.82,10,90,80,False,0,False,153762230,True,0.002,0.4353,False,-1.0,8.0,0.898876404494382,,,,42,13.83571195602417,1334.6587936878204
100,0.82,10,90,80,False,0,False,1965186297,True,0.001,0.5401,False,-7.0,7.0,0.851063829787234,,,,43,13.972650051116943,1334.6587936878204
100,0.82,10,90,80,False,0,False,724466979,True,0.001,0.5182,False,-8.0,3.0,0.8791208791208791,,,,44,12.95219087600708,1334.6587936878204
100,0.82,10,90,80,False,0,False,1782291070,True,0.001,0.4632,False,-1.0,10.0,0.8791208791208791,,,,45,13.90327525138855,1334.6587936878204
100,0.82,10,90,80,False,0,False,1446231489,True,0.001,0.5126,False,-7.0,8.0,0.8421052631578947,,,,46,12.164592504501343,1334.6587936878204
100,0.82,10,90,80,False,0,False,257233045,True,0.004,0.4093,False,-10.0,4.0,0.851063829787234,,,,47,13.909735918045044,1334.6587936878204
100,0.82,10,90,80,False,0,False,1263336262,True,0.002,0.4442,False,-10.0,0.0,0.8888888888888888,,,,48,13.656547784805298,1334.6587936878204
100,0.82,10,90,80,False,0,False,74337818,True,0.001,0.4755,False,-9.0,8.0,0.8247422680412371,,,,49,14.06912112236023,1334.6587936878204
100,0.82,10,90,80,False,0,True,171078756,False,0.5315,-0.1296,,,,,,,,0,13.062893390655518,1334.6587936878204
100,0.82,10,90,80,False,0,True,1982502823,False,0.4855,0.1464,,,,,,,,1,14.311968564987183,1334.6587936878204
100,0.82,10,90,80,False,0,True,2135667177,False,0.3606,-0.1431,,,,,,,,2,12.459786891937256,1334.6587936878204
100,0.82,10,90,80,False,0,True,1799607596,False,0.8841,0.0824,,,,,,,,3,14.165555000305176,1334.6587936878204
100,0.82,10,90,80,False,0,True,610609152,False,0.2178,-0.1761,,,,,,,,4,13.508678674697876,1334.6587936878204
100,0.82,10,90,80,False,0,True,274549571,False,0.4885,0.1171,,,,,,,,5,13.730986833572388,1334.6587936878204
100,0.82,10,90,80,False,0,True,1280652788,False,0.5145,0.1187,,,,,,,,6,13.792740106582642,1334.6587936878204
100,0.82,10,90,80,False,0,True,91654344,False,0.1019,-0.177,,,,,,,,7,14.113377094268799,1334.6587936878204
100,0.82,10,90,80,False,0,True,1903078411,False,0.3676,0.1467,,,,,,,,8,14.931206464767456,1334.6587936878204
100,0.82,10,90,80,False,0,True,714079967,False,0.3726,0.1444,,,,,,,,9,13.507678031921387,1334.6587936878204
100,0.82,10,90,80,False,0,True,1720183184,False,0.4186,0.1346,,,,,,,,10,15.055397272109985,1334.6587936878204
100,0.82,10,90,80,False,0,True,531184740,False,0.8791,0.0807,,,,,,,,11,14.3790283203125,1334.6587936878204
100,0.82,10,90,80,False,0,True,195125159,False,0.3217,0.1568,,,,,,,,12,13.60874056816101,1334.6587936878204
100,0.82,10,90,80,False,0,True,2006549226,False,0.4136,-0.1352,,,,,,,,13,14.240642309188843,1334.6587936878204
100,0.82,10,90,80,False,0,True,12229932,False,0.9121,-0.0782,,,,,,,,14,14.792200803756714,1334.6587936878204
100,0.82,10,90,80,False,0,True,1823653999,False,0.0699,-0.2169,,,,,,,,15,14.126516580581665,1334.6587936878204
100,0.82,10,90,80,False,0,True,634655555,False,0.8801,0.0858,,,,,,,,16,13.97001051902771,1334.6587936878204
100,0.82,10,90,80,False,0,True,298595974,False,0.8591,0.0825,,,,,,,,17,14.060058832168579,1334.6587936878204
100,0.82,10,90,80,False,0,True,1205360304,False,0.2138,0.1757,,,,,,,,18,15.087553024291992,1334.6587936878204
100,0.82,10,90,80,False,0,True,115700747,False,0.4196,-0.1484,,,,,,,,19,12.316415071487427,1334.6587936878204
100,0.82,10,90,80,False,0,True,1927124814,False,0.964,0.0764,,,,,,,,20,14.470064163208008,1334.6587936878204
100,0.82,10,90,80,False,0,True,738126370,False,0.6573,0.1155,,,,,,,,21,12.92721676826477,1334.6587936878204
100,0.82,10,90,80,False,0,True,402066789,False,0.3327,0.1625,,,,,,,,22,14.94594407081604,1334.6587936878204
100,0.82,10,90,80,False,0,True,555231143,False,0.9061,-0.0914,,,,,,,,23,13.216304540634155,1334.6587936878204
100,0.82,10,90,80,False,0,True,219171562,False,0.2468,-0.1526,,,,,,,,24,13.856548547744751,1334.6587936878204
100,0.82,10,90,80,False,0,True,2030595629,False,0.3796,0.1551,,,,,,,,25,13.0295991897583,1334.6587936878204
100,0.82,10,90,80,False,0,True,841597185,False,0.5724,0.1115,,,,,,,,26,14.92773985862732,1334.6587936878204
100,0.82,10,90,80,False,0,True,1748361515,False,0.1289,-0.2076,,,,,,,,27,12.045276641845703,1334.6587936878204
100,0.82,10,90,80,False,0,True,658701958,False,0.9391,-0.0814,,,,,,,,28,12.990813970565796,1334.6587936878204
100,0.82,10,90,80,False,0,True,322642377,False,0.953,0.0731,,,,,,,,29,12.816975116729736,1334.6587936878204
100,0.82,10,90,80,False,0,True,1281127581,False,0.5285,-0.1472,,,,,,,,30,11.981033086776733,1334.6587936878204
100,0.82,10,90,80,False,0,True,139747150,False,0.3397,0.1582,,,,,,,,31,13.893837213516235,1334.6587936878204
100,0.82,10,90,80,False,0,True,1851832330,False,0.3926,-0.141,,,,,,,,32,13.130212545394897,1334.6587936878204
100,0.82,10,90,80,False,0,True,762172773,False,0.4186,0.1521,,,,,,,,33,12.883381366729736,1334.6587936878204
100,0.82,10,90,80,False,0,True,426113192,False,0.969,0.0599,,,,,,,,34,15.418359994888306,1334.6587936878204
100,0.82,10,90,80,False,0,True,579277546,False,0.3796,0.1468,,,,,,,,35,13.218379735946655,1334.6587936878204
100,0.82,10,90,80,False,0,True,243217965,False,0.96,-0.0703,,,,,,,,36,14.751561880111694,1334.6587936878204
100,0.82,10,90,80,False,0,True,1955303145,False,0.8452,0.0897,,,,,,,,37,12.730488300323486,1334.6587936878204
100,0.82,10,90,80,False,0,True,865643588,False,0.968,0.072,,,,,,,,38,12.832988977432251,1334.6587936878204
100,0.82,10,90,80,False,0,True,1772407918,False,0.1089,0.2055,,,,,,,,39,13.496279001235962,1334.6587936878204
100,0.82,10,90,80,False,0,True,682748361,False,0.2008,0.1755,,,,,,,,40,11.220705032348633,1334.6587936878204
100,0.82,10,90,80,False,0,True,346688780,False,0.3087,-0.1752,,,,,,,,41,14.029103755950928,1334.6587936878204
100,0.82,10,90,80,False,0,True,1305173984,False,0.5025,0.1393,,,,,,,,42,12.44465970993042,1334.6587936878204
100,0.82,10,90,80,False,0,True,969114403,False,0.7872,0.101,,,,,,,,43,14.744158267974854,1334.6587936878204
100,0.82,10,90,80,False,0,True,1875878733,False,0.1678,0.2007,,,,,,,,44,13.56035566329956,1334.6587936878204
100,0.82,10,90,80,False,0,True,786219176,False,0.7522,-0.1007,,,,,,,,45,15.117974758148193,1334.6587936878204
100,0.82,10,90,80,False,0,True,450159595,False,0.3896,-0.154,,,,,,,,46,13.325770854949951,1334.6587936878204
100,0.82,10,90,80,False,0,True,1408644799,False,0.3267,0.1641,,,,,,,,47,15.425140619277954,1334.6587936878204
100,0.82,10,90,80,False,0,True,167925481,False,0.2967,0.1554,,,,,,,,48,12.933010339736938,1334.6587936878204
100,0.82,10,90,80,False,0,True,1225749572,False,0.5984,-0.1014,,,,,,,,49,14.11039686203003,1334.6587936878204
100,0.84,10,90,80,False,0,False,285512494,True,0.017,0.3442,False,0.0,-2.0,0.975,,,,0,11.589293003082275,1285.1601231098175
100,0.84,10,90,80,False,0,False,438676848,True,0.005,0.4515,False,-7.0,4.0,0.8791208791208791,,,,1,13.004137516021729,1285.1601231098175
100,0.84,10,90,80,False,0,False,102617267,True,0.004,0.4309,False,-3.0,10.0,0.8602150537634409,,,,2,11.815534830093384,1285.1601231098175
100,0.84,10,90,80,False,0,False,1061102471,True,0.003,0.4552,False,-9.0,6.0,0.8421052631578947,,,,3,13.902451515197754,1285.1601231098175
100,0.84,10,90,80,False,0,False,725042890,True,0.002,0.4479,False,-10.0,1.0,0.8791208791208791,,,,4,13.140979290008545,1285.1601231098175
100,0.84,10,90,80,False,0,False,1731146107,True,0.001,0.4664,False,0.0,10.0,0.8888888888888888,,,,5,14.16058087348938,1285.1601231098175
100,0.84,10,90,80,False,0,False,542147663,True,0.001,0.4668,False,-1.0,9.0,0.8888888888888888,,,,6,14.367257356643677,1285.1601231098175
100,0.84,10,90,80,False,0,False,206088082,True,0.003,0.4335,False,0.0,3.0,0.963855421686747,,,,7,12.329911708831787,1285.1601231098175
100,0.84,10,90,80,False,0,False,1164573286,True,0.001,0.4221,False,-1.0,0.0,0.9876543209876543,,,,8,14.246730327606201,1285.1601231098175
100,0.84,10,90,80,False,0,False,828513705,True,0.001,0.4754,False,-6.0,5.0,0.8791208791208791,,,,9,12.448387861251831,1285.1601231098175
100,0.84,10,90,80,False,0,False,1834616922,True,0.001,0.437,False,-3.0,1.0,0.9523809523809523,,,,10,14.69990062713623,1285.1601231098175
100,0.84,10,90,80,False,0,False,645618478,True,0.004,0.3824,False,-10.0,5.0,0.8421052631578947,,,,11,13.21919870376587,1285.1601231098175
100,0.84,10,90,80,False,0,False,309558897,True,0.004,0.3835,False,-1.0,6.0,0.9195402298850575,,,,12,15.121001243591309,1285.1601231098175
100,0.84,10,90,80,False,0,False,1268044101,True,0.004,0.4209,False,-7.0,3.0,0.8888888888888888,,,,13,13.421219825744629,1285.1601231098175
100,0.84,10,90,80,False,0,False,126663670,True,0.005,0.4148,False,0.0,10.0,0.8888888888888888,,,,14,14.3258056640625,1285.1601231098175
100,0.84,10,90,80,False,0,False,1085148874,True,0.002,0.3994,False,-4.0,0.0,0.9523809523809523,,,,15,12.550597429275513,1285.1601231098175
100,0.84,10,90,80,False,0,False,749089293,True,0.007,0.4442,False,-7.0,0.0,0.9195402298850575,,,,16,14.420742273330688,1285.1601231098175
100,0.84,10,90,80,False,0,False,413029712,True,0.005,0.3881,False,-4.0,0.0,0.9523809523809523,,,,17,13.377506256103516,1285.1601231098175
100,0.84,10,90,80,False,0,False,566194066,True,0.002,0.5177,False,-6.0,9.0,0.8421052631578947,,,,18,13.345383882522583,1285.1601231098175
100,0.84,10,90,80,False,0,False,230134485,True,0.001,0.4947,False,-10.0,3.0,0.8602150537634409,,,,19,11.836452960968018,1285.1601231098175
100,0.84,10,90,80,False,0,False,1188619689,True,0.001,0.5225,False,-3.0,10.0,0.8602150537634409,,,,20,13.907195568084717,1285.1601231098175
100,0.84,10,90,80,False,0,False,852560108,True,0.001,0.5819,False,-7.0,10.0,0.8247422680412371,,,,21,11.431126117706299,1285.1601231098175
100,0.84,10,90,80,False,0,False,1005724462,True,0.001,0.4585,False,-9.0,1.0,0.8888888888888888,,,,22,13.919133186340332,1285.1601231098175
100,0.84,10,90,80,False,0,False,669664881,True,0.006,0.3968,False,0.0,1.0,0.9876543209876543,,,,23,12.876042127609253,1285.1601231098175
100,0.84,10,90,80,False,0,False,333605300,True,0.005,0.4331,False,-6.0,10.0,0.8333333333333334,,,,24,13.020340204238892,1285.1601231098175
100,0.84,10,90,80,False,0,False,1292090504,True,0.006,0.434,False,-6.0,9.0,0.8421052631578947,,,,25,13.751325368881226,1285.1601231098175
100,0.84,10,90,80,False,0,False,150710073,True,0.001,0.6238,False,-7.0,9.0,0.8333333333333334,,,,26,12.290410995483398,1285.1601231098175
100,0.84,10,90,80,False,0,False,1109195277,True,0.007,0.4119,False,0.0,5.0,0.9411764705882353,,,,27,13.283259391784668,1285.1601231098175
100,0.84,10,90,80,False,0,False,773135696,True,0.002,0.4221,False,-5.0,3.0,0.9090909090909091,,,,28,10.787027359008789,1285.1601231098175
100,0.84,10,90,80,False,0,False,437076115,True,0.001,0.5971,False,-7.0,1.0,0.9090909090909091,,,,29,13.405938148498535,1285.1601231098175
100,0.84,10,90,80,False,0,False,590240469,True,0.001,0.6323,False,-7.0,10.0,0.8247422680412371,,,,30,13.454692363739014,1285.1601231098175
100,0.84,10,90,80,False,0,False,254180888,True,0.001,0.4959,False,-1.0,9.0,0.8888888888888888,,,,31,14.873551368713379,1285.1601231098175
100,0.84,10,90,80,False,0,False,1212666092,True,0.003,0.4217,False,1.0,8.0,0.8977272727272727,,,,32,13.462511777877808,1285.1601231098175
100,0.84,10,90,80,False,0,False,876606511,True,0.011,0.4388,False,-7.0,6.0,0.8602150537634409,,,,33,14.154106616973877,1285.1601231098175
100,0.84,10,90,80,False,0,False,1835091715,True,0.002,0.4518,False,-7.0,5.0,0.8695652173913043,,,,34,12.841247797012329,1285.1601231098175
100,0.84,10,90,80,False,0,False,693711284,True,0.001,0.5478,False,-9.0,8.0,0.8247422680412371,,,,35,14.234006643295288,1285.1601231098175
100,0.84,10,90,80,False,0,False,357651703,True,0.002,0.4604,False,-8.0,0.0,0.9090909090909091,,,,36,12.7955801486969,1285.1601231098175
100,0.84,10,90,80,False,0,False,1316136907,True,0.006,0.4233,False,-2.0,9.0,0.8791208791208791,,,,37,14.335179090499878,1285.1601231098175
100,0.84,10,90,80,False,0,False,980077326,True,0.007,0.4244,False,-1.0,1.0,0.975609756097561,,,,38,11.61686086654663,1285.1601231098175
100,0.84,10,90,80,False,0,False,1133241680,True,0.005,0.4267,False,-10.0,4.0,0.851063829787234,,,,39,12.924291610717773,1285.1601231098175
100,0.84,10,90,80,False,0,False,797182099,True,0.002,0.563,False,-5.0,10.0,0.8421052631578947,,,,40,13.171534299850464,1285.1601231098175
100,0.84,10,90,80,False,0,False,1755667303,True,0.01,0.4242,False,-10.0,0.0,0.8888888888888888,,,,41,11.500851392745972,1285.1601231098175
100,0.84,10,90,80,False,0,False,1419607722,True,0.001,0.4905,False,-6.0,9.0,0.8421052631578947,,,,42,13.039453744888306,1285.1601231098175
100,0.84,10,90,80,False,0,False,278227291,True,0.004,0.4034,False,-3.0,9.0,0.8695652173913043,,,,43,11.21189260482788,1285.1601231098175
100,0.84,10,90,80,False,0,False,1236712495,True,0.001,0.4169,False,-10.0,6.0,0.8333333333333334,,,,44,13.218230962753296,1285.1601231098175
100,0.84,10,90,80,False,0,False,900652914,True,0.002,0.461,False,-9.0,0.0,0.898876404494382,,,,45,11.585078239440918,1285.1601231098175
100,0.84,10,90,80,False,0,False,1859138118,True,0.001,0.4922,False,-9.0,3.0,0.8695652173913043,,,,46,13.389271974563599,1285.1601231098175
100,0.84,10,90,80,False,0,False,717757687,True,0.004,0.4212,False,-4.0,0.0,0.9523809523809523,,,,47,13.144179821014404,1285.1601231098175
100,0.84,10,90,80,False,0,False,1676242891,True,0.008,0.418,False,-3.0,0.0,0.963855421686747,,,,48,11.617617130279541,1285.1601231098175
100,0.84,10,90,80,False,0,False,1340183310,True,0.007,0.4101,False,-7.0,0.0,0.9195402298850575,,,,49,13.015974521636963,1285.1601231098175
100,0.84,10,90,80,False,0,True,1436924248,True,0.041,-0.2931,,,,,,,,0,11.63573694229126,1285.1601231098175
100,0.84,10,90,80,False,0,True,1590088602,False,0.6244,-0.1209,,,,,,,,1,13.351614475250244,1285.1601231098175
100,0.84,10,90,80,False,0,True,1254029021,False,0.5165,-0.1287,,,,,,,,2,12.322036743164062,1285.1601231098175
100,0.84,10,90,80,False,0,True,65030577,False,0.3277,0.1362,,,,,,,,3,13.543792486190796,1285.1601231098175
100,0.84,10,90,80,False,0,True,1876454644,False,0.8032,0.0996,,,,,,,,4,12.012740850448608,1285.1601231098175
100,0.84,10,90,80,False,0,True,735074213,False,0.1009,0.1892,,,,,,,,5,13.331624269485474,1285.1601231098175
100,0.84,10,90,80,False,0,True,1693559417,True,0.009,0.2691,,,,,,,,6,13.318137168884277,1285.1601231098175
100,0.84,10,90,80,False,0,True,1357499836,False,0.1329,-0.2092,,,,,,,,7,11.866680145263672,1285.1601231098175
100,0.84,10,90,80,False,0,True,168501392,False,0.4466,0.1382,,,,,,,,8,13.506258964538574,1285.1601231098175
100,0.84,10,90,80,False,0,True,1979925459,False,0.5934,-0.1071,,,,,,,,9,11.524895668029785,1285.1601231098175
100,0.84,10,90,80,False,0,True,838545028,False,0.5884,0.1232,,,,,,,,10,13.369258165359497,1285.1601231098175
100,0.84,10,90,80,False,0,True,1797030232,False,0.7293,-0.1164,,,,,,,,11,11.295865297317505,1285.1601231098175
100,0.84,10,90,80,False,0,True,1460970651,False,0.3457,-0.1616,,,,,,,,12,13.246795654296875,1285.1601231098175
100,0.84,10,90,80,False,0,True,271972207,False,0.3876,-0.1423,,,,,,,,13,11.559024333953857,1285.1601231098175
100,0.84,10,90,80,False,0,True,1278075424,False,0.1758,-0.1801,,,,,,,,14,13.228015422821045,1285.1601231098175
100,0.84,10,90,80,False,0,True,89076980,False,0.2008,-0.1896,,,,,,,,15,13.230358362197876,1285.1601231098175
100,0.84,10,90,80,False,0,True,1900501047,False,0.1898,0.1735,,,,,,,,16,11.649798154830933,1285.1601231098175
100,0.84,10,90,80,False,0,True,1564441466,False,0.2687,-0.1628,,,,,,,,17,13.04791808128357,1285.1601231098175
100,0.84,10,90,80,False,0,True,1717605820,False,0.3776,0.1321,,,,,,,,18,11.359957456588745,1285.1601231098175
100,0.84,10,90,80,False,0,True,1381546239,False,0.0929,0.2067,,,,,,,,19,13.135025262832642,1285.1601231098175
100,0.84,10,90,80,False,0,True,192547795,False,0.9111,0.0792,,,,,,,,20,12.382189512252808,1285.1601231098175
100,0.84,10,90,80,False,0,True,2003971862,False,0.982,0.0626,,,,,,,,21,14.35386848449707,1285.1601231098175
100,0.84,10,90,80,False,0,True,9652568,False,0.3247,0.1561,,,,,,,,22,11.904362440109253,1285.1601231098175
100,0.84,10,90,80,False,0,True,1821076635,False,0.5375,-0.1464,,,,,,,,23,13.780336380004883,1285.1601231098175
100,0.84,10,90,80,False,0,True,1485017054,False,0.7373,0.0912,,,,,,,,24,12.103240251541138,1285.1601231098175
100,0.84,10,90,80,False,0,True,296018610,False,0.6533,-0.1164,,,,,,,,25,12.884789943695068,1285.1601231098175
100,0.84,10,90,80,False,0,True,1302121827,False,0.8462,0.0919,,,,,,,,26,13.030160427093506,1285.1601231098175
100,0.84,10,90,80,False,0,True,113123383,False,0.1748,0.1859,,,,,,,,27,11.311147689819336,1285.1601231098175
100,0.84,10,90,80,False,0,True,1924547450,False,0.993,0.0602,,,,,,,,28,13.261128902435303,1285.1601231098175
100,0.84,10,90,80,False,0,True,1588487869,False,0.7692,-0.1055,,,,,,,,29,11.8944833278656,1285.1601231098175
100,0.84,10,90,80,False,0,True,1741652223,True,0.015,-0.2411,,,,,,,,30,13.26315188407898,1285.1601231098175
100,0.84,10,90,80,False,0,True,1405592642,False,0.3596,0.1596,,,,,,,,31,11.496159791946411,1285.1601231098175
100,0.84,10,90,80,False,0,True,216594198,False,0.3706,0.1527,,,,,,,,32,13.144247055053711,1285.1601231098175
100,0.84,10,90,80,False,0,True,2028018265,False,0.961,-0.0668,,,,,,,,33,13.118208408355713,1285.1601231098175
100,0.84,10,90,80,False,0,True,839019821,False,0.7732,0.0937,,,,,,,,34,11.505032539367676,1285.1601231098175
100,0.84,10,90,80,False,0,True,1845123038,False,0.05,0.2036,,,,,,,,35,12.728237390518188,1285.1601231098175
100,0.84,10,90,80,False,0,True,1509063457,False,0.5005,-0.1177,,,,,,,,36,11.06633186340332,1285.1601231098175
100,0.84,10,90,80,False,0,True,320065013,False,0.6693,0.1172,,,,,,,,37,13.29429841041565,1285.1601231098175
100,0.84,10,90,80,False,0,True,2131489080,False,0.4296,0.1419,,,,,,,,38,11.44543743133545,1285.1601231098175
100,0.84,10,90,80,False,0,True,137169786,False,0.4286,-0.1531,,,,,,,,39,12.701756238937378,1285.1601231098175
100,0.84,10,90,80,False,0,True,1948593853,False,0.4346,-0.1495,,,,,,,,40,12.538302898406982,1285.1601231098175
100,0.84,10,90,80,False,0,True,759595409,False,0.3506,0.1652,,,,,,,,41,12.247626066207886,1285.1601231098175
100,0.84,10,90,80,False,0,True,423535828,False,0.8212,0.101,,,,,,,,42,13.030457735061646,1285.1601231098175
100,0.84,10,90,80,False,0,True,1429639045,False,0.9121,0.081,,,,,,,,43,11.98518180847168,1285.1601231098175
100,0.84,10,90,80,False,0,True,240640601,False,0.3596,-0.1296,,,,,,,,44,13.72460675239563,1285.1601231098175
100,0.84,10,90,80,False,0,True,2052064668,False,0.6553,0.1123,,,,,,,,45,12.271512031555176,1285.1601231098175
100,0.84,10,90,80,False,0,True,863066224,False,0.969,-0.0624,,,,,,,,46,13.71471643447876,1285.1601231098175
100,0.84,10,90,80,False,0,True,1869169441,False,0.7822,0.0948,,,,,,,,47,11.863160848617554,1285.1601231098175
100,0.84,10,90,80,False,0,True,680170997,False,0.3177,-0.1448,,,,,,,,48,13.875215768814087,1285.1601231098175
100,0.84,10,90,80,False,0,True,344111416,True,0.019,-0.221,,,,,,,,49,11.789072275161743,1285.1601231098175
100,0.86,10,90,80,False,0,False,2120167159,True,0.001,0.474,False,-3.0,9.0,0.8695652173913043,,,,0,13.460360050201416,1283.8242418766022
100,0.86,10,90,80,False,0,False,1784107578,True,0.001,0.5176,False,-10.0,7.0,0.8247422680412371,,,,1,13.348257780075073,1283.8242418766022
100,0.86,10,90,80,False,0,False,595109134,True,0.001,0.56,False,-10.0,4.0,0.851063829787234,,,,2,11.983438491821289,1283.8242418766022
100,0.86,10,90,80,False,0,False,1601212351,True,0.001,0.5227,False,-7.0,9.0,0.8333333333333334,,,,3,13.145797729492188,1283.8242418766022
100,0.86,10,90,80,False,0,False,412213907,True,0.001,0.5503,False,-10.0,3.0,0.8602150537634409,,,,4,11.938520669937134,1283.8242418766022
100,0.86,10,90,80,False,0,False,76154326,True,0.004,0.4423,False,-4.0,0.0,0.9523809523809523,,,,5,13.264493942260742,1283.8242418766022
100,0.86,10,90,80,False,0,False,1887578393,True,0.001,0.4758,False,-4.0,2.0,0.9302325581395349,,,,6,11.771043062210083,1283.8242418766022
100,0.86,10,90,80,False,0,False,2040742747,True,0.004,0.4279,False,-10.0,0.0,0.8888888888888888,,,,7,13.199821710586548,1283.8242418766022
100,0.86,10,90,80,False,0,False,1704683166,True,0.003,0.5481,False,-7.0,10.0,0.8247422680412371,,,,8,11.445189952850342,1283.8242418766022
100,0.86,10,90,80,False,0,False,515684722,True,0.012,0.3823,True,0.0,0.0,1.0,,,,9,13.51219391822815,1283.8242418766022
100,0.86,10,90,80,False,0,False,179625141,True,0.004,0.453,False,-1.0,9.0,0.8888888888888888,,,,10,13.317846536636353,1283.8242418766022
100,0.86,10,90,80,False,0,False,1185728358,True,0.013,0.3861,False,-1.0,0.0,0.9876543209876543,,,,11,11.687493324279785,1283.8242418766022
100,0.86,10,90,80,False,0,False,2144213562,True,0.001,0.5749,False,-6.0,9.0,0.8421052631578947,,,,12,13.138308763504028,1283.8242418766022
100,0.86,10,90,80,False,0,False,1808153981,True,0.002,0.4621,False,-10.0,0.0,0.8888888888888888,,,,13,11.775121688842773,1283.8242418766022
100,0.86,10,90,80,False,0,False,619155537,True,0.001,0.4559,False,0.0,7.0,0.9195402298850575,,,,14,13.227057218551636,1283.8242418766022
100,0.86,10,90,80,False,0,False,283095956,True,0.001,0.5968,False,-9.0,10.0,0.8080808080808081,,,,15,11.410174131393433,1283.8242418766022
100,0.86,10,90,80,False,0,False,436260310,True,0.011,0.3963,False,-10.0,0.0,0.8888888888888888,,,,16,13.92203140258789,1283.8242418766022
100,0.86,10,90,80,False,0,False,100200729,True,0.003,0.4233,False,0.0,8.0,0.9090909090909091,,,,17,11.828731775283813,1283.8242418766022
100,0.86,10,90,80,False,0,False,1911624796,True,0.004,0.4428,False,-7.0,2.0,0.898876404494382,,,,18,13.284854412078857,1283.8242418766022
100,0.86,10,90,80,False,0,False,722626352,True,0.008,0.4151,False,0.0,2.0,0.975609756097561,,,,19,12.943310260772705,1283.8242418766022
100,0.86,10,90,80,False,0,False,1728729569,True,0.001,0.4803,False,-8.0,10.0,0.8163265306122449,,,,20,11.720555305480957,1283.8242418766022
100,0.86,10,90,80,False,0,False,539731125,True,0.002,0.4682,False,0.0,10.0,0.8888888888888888,,,,21,13.23693561553955,1283.8242418766022
100,0.86,10,90,80,False,0,False,203671544,True,0.001,0.5099,False,-8.0,0.0,0.9090909090909091,,,,22,11.968714952468872,1283.8242418766022
100,0.86,10,90,80,False,0,False,1162156748,True,0.003,0.4618,False,-7.0,2.0,0.898876404494382,,,,23,13.049358606338501,1283.8242418766022
100,0.86,10,90,80,False,0,False,20776317,True,0.001,0.4576,False,-4.0,5.0,0.898876404494382,,,,24,11.574142456054688,1283.8242418766022
100,0.86,10,90,80,False,0,False,1832200384,True,0.004,0.5114,False,-5.0,8.0,0.8602150537634409,,,,25,13.454439640045166,1283.8242418766022
100,0.86,10,90,80,False,0,False,643201940,True,0.009,0.4138,False,-4.0,0.0,0.9523809523809523,,,,26,12.595491647720337,1283.8242418766022
100,0.86,10,90,80,False,0,False,307142359,True,0.006,0.4319,False,-5.0,10.0,0.8421052631578947,,,,27,14.160345792770386,1283.8242418766022
100,0.86,10,90,80,False,0,False,460306713,True,0.002,0.4432,False,-10.0,2.0,0.8695652173913043,,,,28,13.161829948425293,1283.8242418766022
100,0.86,10,90,80,False,0,False,124247132,True,0.002,0.4631,False,-6.0,0.0,0.9302325581395349,,,,29,13.781899690628052,1283.8242418766022
100,0.86,10,90,80,False,0,False,1082732336,True,0.001,0.5674,False,-10.0,2.0,0.8695652173913043,,,,30,13.225200176239014,1283.8242418766022
100,0.86,10,90,80,False,0,False,746672755,True,0.003,0.4805,False,-10.0,7.0,0.8247422680412371,,,,31,14.134297847747803,1283.8242418766022
100,0.86,10,90,80,False,0,False,1752775972,True,0.005,0.3788,False,-1.0,10.0,0.8791208791208791,,,,32,13.783921003341675,1283.8242418766022
100,0.86,10,90,80,False,0,False,563777528,True,0.01,0.3958,False,0.0,3.0,0.963855421686747,,,,33,11.949516773223877,1283.8242418766022
100,0.86,10,90,80,False,0,False,227717947,True,0.002,0.4408,False,-1.0,4.0,0.9411764705882353,,,,34,13.88017725944519,1283.8242418766022
100,0.86,10,90,80,False,0,False,1186203151,True,0.001,0.5296,False,-10.0,8.0,0.8163265306122449,,,,35,13.399660110473633,1283.8242418766022
100,0.86,10,90,80,False,0,False,44822720,True,0.002,0.4717,False,0.0,10.0,0.8888888888888888,,,,36,14.431331634521484,1283.8242418766022
100,0.86,10,90,80,False,0,False,1856246787,True,0.001,0.4878,False,-8.0,3.0,0.8791208791208791,,,,37,14.556412935256958,1283.8242418766022
100,0.86,10,90,80,False,0,False,667248343,True,0.001,0.5059,False,-10.0,2.0,0.8695652173913043,,,,38,16.08394169807434,1283.8242418766022
100,0.86,10,90,80,False,0,False,331188762,True,0.005,0.4002,False,-10.0,1.0,0.8791208791208791,,,,39,13.877372026443481,1283.8242418766022
100,0.86,10,90,80,False,0,False,1289673966,True,0.002,0.472,False,-4.0,10.0,0.851063829787234,,,,40,15.308135271072388,1283.8242418766022
100,0.86,10,90,80,False,0,False,148293535,True,0.001,0.5352,False,-8.0,9.0,0.8247422680412371,,,,41,16.923593044281006,1283.8242418766022
100,0.86,10,90,80,False,0,False,1106778739,True,0.008,0.3873,False,-2.0,1.0,0.963855421686747,,,,42,15.318958759307861,1283.8242418766022
100,0.86,10,90,80,False,0,False,770719158,True,0.002,0.4996,False,-5.0,5.0,0.8888888888888888,,,,43,13.663681745529175,1283.8242418766022
100,0.86,10,90,80,False,0,False,434659577,True,0.001,0.5325,False,-8.0,7.0,0.8421052631578947,,,,44,13.066839933395386,1283.8242418766022
100,0.86,10,90,80,False,0,False,587823931,True,0.007,0.4258,False,0.0,8.0,0.9090909090909091,,,,45,15.5263090133667,1283.8242418766022
100,0.86,10,90,80,False,0,False,251764350,True,0.006,0.4332,False,-6.0,9.0,0.8421052631578947,,,,46,14.019717693328857,1283.8242418766022
100,0.86,10,90,80,False,0,False,1210249554,True,0.001,0.4995,False,-10.0,10.0,0.8,,,,47,15.062615871429443,1283.8242418766022
100,0.86,10,90,80,False,0,False,874189973,True,0.001,0.4806,False,-10.0,0.0,0.8888888888888888,,,,48,14.114198446273804,1283.8242418766022
100,0.86,10,90,80,False,0,False,1027354327,True,0.001,0.4737,False,0.0,9.0,0.898876404494382,,,,49,16.134987831115723,1283.8242418766022
100,0.86,10,90,80,False,0,True,1124095265,False,0.973,-0.0688,,,,,,,,0,13.967300415039062,1283.8242418766022
100,0.86,10,90,80,False,0,True,788035684,False,0.956,0.0774,,,,,,,,1,15.160879135131836,1283.8242418766022
100,0.86,10,90,80,False,0,True,1746520888,False,0.5055,-0.1219,,,,,,,,2,14.39877986907959,1283.8242418766022
100,0.86,10,90,80,False,0,True,605140457,False,0.6314,0.1214,,,,,,,,3,15.560126781463623,1283.8242418766022
100,0.86,10,90,80,False,0,True,1563625661,False,0.4545,-0.1299,,,,,,,,4,11.105518579483032,1283.8242418766022
100,0.86,10,90,80,False,0,True,1227566080,False,0.4745,-0.1142,,,,,,,,5,12.298174619674683,1283.8242418766022
100,0.86,10,90,80,False,0,True,891506499,False,0.2837,-0.1515,,,,,,,,6,10.9000723361969,1283.8242418766022
100,0.86,10,90,80,False,0,True,1044670853,False,0.3497,-0.1326,,,,,,,,7,12.398860931396484,1283.8242418766022
100,0.86,10,90,80,False,0,True,708611272,False,0.9031,0.0919,,,,,,,,8,13.971104145050049,1283.8242418766022
100,0.86,10,90,80,False,0,True,1667096476,False,0.8252,0.1007,,,,,,,,9,12.623136520385742,1283.8242418766022
100,0.86,10,90,80,False,0,True,1331036895,False,0.5325,0.1243,,,,,,,,10,13.801071643829346,1283.8242418766022
100,0.86,10,90,80,False,0,True,189656464,False,0.5445,-0.1307,,,,,,,,11,12.771581888198853,1283.8242418766022
100,0.86,10,90,80,False,0,True,1148141668,False,0.1019,-0.2163,,,,,,,,12,14.228549718856812,1283.8242418766022
100,0.86,10,90,80,False,0,True,812082087,False,0.996,0.0466,,,,,,,,13,12.900594711303711,1283.8242418766022
100,0.86,10,90,80,False,0,True,1770567291,False,0.8282,0.1115,,,,,,,,14,14.461384057998657,1283.8242418766022
100,0.86,10,90,80,False,0,True,1434507710,False,0.7043,0.1227,,,,,,,,15,12.486320734024048,1283.8242418766022
100,0.86,10,90,80,False,0,True,1587672064,False,0.5355,-0.1198,,,,,,,,16,14.64813232421875,1283.8242418766022
100,0.86,10,90,80,False,0,True,1251612483,False,0.3556,0.15,,,,,,,,17,12.640044927597046,1283.8242418766022
100,0.86,10,90,80,False,0,True,915552902,False,0.1978,0.1388,,,,,,,,18,14.677819013595581,1283.8242418766022
100,0.86,10,90,80,False,0,True,1874038106,False,0.8681,0.0899,,,,,,,,19,13.572354316711426,1283.8242418766022
100,0.86,10,90,80,False,0,True,732657675,False,0.8851,-0.0966,,,,,,,,20,14.923775672912598,1283.8242418766022
100,0.86,10,90,80,False,0,True,1691142879,False,0.5504,-0.1248,,,,,,,,21,14.335420608520508,1283.8242418766022
100,0.86,10,90,80,False,0,True,1355083298,False,0.8751,-0.0868,,,,,,,,22,13.046186447143555,1283.8242418766022
100,0.86,10,90,80,False,0,True,166084854,False,0.7173,-0.1119,,,,,,,,23,13.56379246711731,1283.8242418766022
100,0.86,10,90,80,False,0,True,1172188071,False,0.8671,-0.0891,,,,,,,,24,15.212799072265625,1283.8242418766022
100,0.86,10,90,80,False,0,True,836128490,False,0.5365,0.138,,,,,,,,25,11.99147081375122,1283.8242418766022
100,0.86,10,90,80,False,0,True,1794613694,False,0.9191,-0.0873,,,,,,,,26,13.031712770462036,1283.8242418766022
100,0.86,10,90,80,False,0,True,1458554113,False,0.4256,-0.1341,,,,,,,,27,13.072288751602173,1283.8242418766022
100,0.86,10,90,80,False,0,True,1611718467,False,0.7433,0.0885,,,,,,,,28,14.928780555725098,1283.8242418766022
100,0.86,10,90,80,False,0,True,1275658886,False,0.2987,-0.1527,,,,,,,,29,12.706928730010986,1283.8242418766022
100,0.86,10,90,80,False,0,True,86660442,False,0.7532,0.1129,,,,,,,,30,14.819060325622559,1283.8242418766022
100,0.86,10,90,80,False,0,True,1898084509,False,0.5874,0.1328,,,,,,,,31,13.51002049446106,1283.8242418766022
100,0.86,10,90,80,False,0,True,756704078,False,0.6034,-0.1206,,,,,,,,32,15.555553913116455,1283.8242418766022
100,0.86,10,90,80,False,0,True,1715189282,False,0.7912,-0.09,,,,,,,,33,13.16189432144165,1283.8242418766022
100,0.86,10,90,80,False,0,True,1379129701,False,0.2937,-0.197,,,,,,,,34,14.544554471969604,1283.8242418766022
100,0.86,10,90,80,False,0,True,190131257,False,0.3576,-0.1445,,,,,,,,35,13.370160341262817,1283.8242418766022
100,0.86,10,90,80,False,0,True,1196234474,False,0.8831,-0.0839,,,,,,,,36,14.635822057723999,1283.8242418766022
100,0.86,10,90,80,False,0,True,860174893,False,0.7073,0.1185,,,,,,,,37,14.802477598190308,1283.8242418766022
100,0.86,10,90,80,False,0,True,1818660097,False,0.986,0.0629,,,,,,,,38,6.562503099441528,1283.8242418766022
100,0.86,10,90,80,False,0,True,1482600516,False,0.5345,0.1224,,,,,,,,39,8.45504379272461,1283.8242418766022
100,0.86,10,90,80,False,0,True,293602072,False,0.9441,0.0737,,,,,,,,40,8.317106008529663,1283.8242418766022
100,0.86,10,90,80,False,0,True,1299705289,False,0.3447,-0.1408,,,,,,,,41,6.307116985321045,1283.8242418766022
100,0.86,10,90,80,False,0,True,110706845,False,0.7742,-0.1084,,,,,,,,42,7.9782233238220215,1283.8242418766022
100,0.86,10,90,80,False,0,True,1922130912,False,0.6843,-0.1141,,,,,,,,43,7.996339559555054,1283.8242418766022
100,0.86,10,90,80,False,0,True,1586071331,False,0.8601,0.0945,,,,,,,,44,8.035239934921265,1283.8242418766022
100,0.86,10,90,80,False,0,True,1739235685,False,0.956,-0.0735,,,,,,,,45,6.396069288253784,1283.8242418766022
100,0.86,10,90,80,False,0,True,1403176104,False,0.3287,-0.1432,,,,,,,,46,9.237140893936157,1283.8242418766022
100,0.86,10,90,80,False,0,True,214177660,False,0.951,-0.074,,,,,,,,47,8.804747819900513,1283.8242418766022
100,0.86,10,90,80,False,0,True,2025601727,False,0.3327,0.1639,,,,,,,,48,6.915831565856934,1283.8242418766022
100,0.86,10,90,80,False,0,True,31282433,False,0.4446,0.1438,,,,,,,,49,7.933609485626221,1283.8242418766022
100,0.88,10,90,80,False,0,False,110580287,True,0.002,0.3854,False,-4.0,3.0,0.9195402298850575,,,,0,7.879875898361206,785.6758601665497
100,0.88,10,90,80,False,0,False,1116683504,True,0.004,0.4463,False,-1.0,4.0,0.9411764705882353,,,,1,8.150686740875244,785.6758601665497
100,0.88,10,90,80,False,0,False,2075168708,True,0.003,0.4064,False,-1.0,7.0,0.9090909090909091,,,,2,7.198888301849365,785.6758601665497
100,0.88,10,90,80,False,0,False,1739109127,True,0.003,0.4605,False,-4.0,1.0,0.9411764705882353,,,,3,9.208621263504028,785.6758601665497
100,0.88,10,90,80,False,0,False,1403049546,True,0.012,0.393,False,-1.0,3.0,0.9523809523809523,,,,4,8.772656917572021,785.6758601665497
100,0.88,10,90,80,False,0,False,1556213900,True,0.001,0.5115,False,-8.0,4.0,0.8695652173913043,,,,5,6.557979345321655,785.6758601665497
100,0.88,10,90,80,False,0,False,1220154319,True,0.005,0.4206,False,-9.0,1.0,0.8888888888888888,,,,6,11.744707345962524,785.6758601665497
100,0.88,10,90,80,False,0,False,31155875,True,0.005,0.4336,False,0.0,10.0,0.8888888888888888,,,,7,9.494563579559326,785.6758601665497
100,0.88,10,90,80,False,0,False,1842579942,True,0.002,0.4616,False,-10.0,5.0,0.8421052631578947,,,,8,7.224381685256958,785.6758601665497
100,0.88,10,90,80,False,0,False,653581498,True,0.004,0.4728,False,-9.0,0.0,0.898876404494382,,,,9,9.721014976501465,785.6758601665497
100,0.88,10,90,80,False,0,False,1659684715,True,0.001,0.4528,False,-8.0,1.0,0.898876404494382,,,,10,9.479444026947021,785.6758601665497
100,0.88,10,90,80,False,0,False,1323625134,True,0.001,0.5617,False,-10.0,5.0,0.8421052631578947,,,,11,9.038287878036499,785.6758601665497
100,0.88,10,90,80,False,0,False,134626690,True,0.002,0.4488,False,-10.0,0.0,0.8888888888888888,,,,12,7.546557188034058,785.6758601665497
100,0.88,10,90,80,False,0,False,1946050757,True,0.004,0.5241,False,-8.0,9.0,0.8247422680412371,,,,13,8.448161125183105,785.6758601665497
100,0.88,10,90,80,False,0,False,2099215111,True,0.002,0.4844,False,-6.0,3.0,0.898876404494382,,,,14,8.212609052658081,785.6758601665497
100,0.88,10,90,80,False,0,False,1763155530,True,0.007,0.4066,False,-9.0,1.0,0.8888888888888888,,,,15,6.577990293502808,785.6758601665497
100,0.88,10,90,80,False,0,False,1427095949,True,0.001,0.6356,False,-10.0,2.0,0.8695652173913043,,,,16,8.460827350616455,785.6758601665497
100,0.88,10,90,80,False,0,False,238097505,True,0.008,0.4018,True,0.0,0.0,1.0,,,,17,8.86774230003357,785.6758601665497
100,0.88,10,90,80,False,0,False,1244200722,True,0.004,0.4304,False,-4.0,0.0,0.9523809523809523,,,,18,8.4477698802948,785.6758601665497
100,0.88,10,90,80,False,0,False,55202278,True,0.001,0.6004,False,-10.0,9.0,0.8080808080808081,,,,19,7.163711071014404,785.6758601665497
100,0.88,10,90,80,False,0,False,1866626345,True,0.002,0.4822,False,-4.0,6.0,0.8888888888888888,,,,20,8.835668087005615,785.6758601665497
100,0.88,10,90,80,False,0,False,677627901,True,0.002,0.445,False,-2.0,10.0,0.8695652173913043,,,,21,8.994444608688354,785.6758601665497
100,0.88,10,90,80,False,0,False,1683731118,True,0.002,0.5443,False,-10.0,2.0,0.8695652173913043,,,,22,7.507276296615601,785.6758601665497
100,0.88,10,90,80,False,0,False,1347671537,True,0.002,0.4942,False,-9.0,9.0,0.8163265306122449,,,,23,9.005956411361694,785.6758601665497
100,0.88,10,90,80,False,0,False,158673093,True,0.003,0.4336,False,-3.0,3.0,0.9302325581395349,,,,24,9.555416345596313,785.6758601665497
100,0.88,10,90,80,False,0,False,1970097160,True,0.015,0.3882,False,0.0,10.0,0.8888888888888888,,,,25,8.764814615249634,785.6758601665497
100,0.88,10,90,80,False,0,False,2123261514,True,0.002,0.4585,False,-7.0,0.0,0.9195402298850575,,,,26,9.04428482055664,785.6758601665497
100,0.88,10,90,80,False,0,False,1787201933,True,0.009,0.3642,False,0.0,1.0,0.9876543209876543,,,,27,7.397213935852051,785.6758601665497
100,0.88,10,90,80,False,0,False,598203489,True,0.001,0.556,False,-9.0,9.0,0.8163265306122449,,,,28,8.709646463394165,785.6758601665497
100,0.88,10,90,80,False,0,False,262143908,True,0.008,0.4609,False,0.0,10.0,0.8888888888888888,,,,29,7.421163320541382,785.6758601665497
100,0.88,10,90,80,False,0,False,2073567975,True,0.001,0.4755,False,-10.0,5.0,0.8421052631578947,,,,30,8.265005111694336,785.6758601665497
100,0.88,10,90,80,False,0,False,79248681,True,0.007,0.374,False,-2.0,0.0,0.975609756097561,,,,31,8.932650804519653,785.6758601665497
100,0.88,10,90,80,False,0,False,1890672748,True,0.008,0.3712,False,-2.0,2.0,0.9523809523809523,,,,32,6.826256036758423,785.6758601665497
100,0.88,10,90,80,False,0,False,701674304,True,0.007,0.4094,False,0.0,10.0,0.8888888888888888,,,,33,8.438904047012329,785.6758601665497
100,0.88,10,90,80,False,0,False,365614723,True,0.001,0.6088,False,-8.0,10.0,0.8163265306122449,,,,34,8.247482061386108,785.6758601665497
100,0.88,10,90,80,False,0,False,518779077,True,0.006,0.4629,False,-4.0,10.0,0.851063829787234,,,,35,8.149498701095581,785.6758601665497
100,0.88,10,90,80,False,0,False,182719496,True,0.002,0.509,False,-10.0,8.0,0.8163265306122449,,,,36,6.38409423828125,785.6758601665497
100,0.88,10,90,80,False,0,False,1994143563,True,0.001,0.5781,False,-1.0,10.0,0.8791208791208791,,,,37,7.843872785568237,785.6758601665497
100,0.88,10,90,80,False,0,False,805145119,True,0.003,0.4618,False,-10.0,7.0,0.8247422680412371,,,,38,8.23886752128601,785.6758601665497
100,0.88,10,90,80,False,0,False,1811248336,True,0.001,0.5452,False,-10.0,10.0,0.8,,,,39,7.145466327667236,785.6758601665497
100,0.88,10,90,80,False,0,False,622249892,True,0.001,0.5291,False,-10.0,0.0,0.8888888888888888,,,,40,8.47966980934143,785.6758601665497
100,0.88,10,90,80,False,0,False,286190311,True,0.001,0.5273,False,-3.0,4.0,0.9195402298850575,,,,41,8.830397605895996,785.6758601665497
100,0.88,10,90,80,False,0,False,2097614378,True,0.002,0.4443,False,-10.0,8.0,0.8163265306122449,,,,42,7.7310264110565186,785.6758601665497
100,0.88,10,90,80,False,0,False,103295084,True,0.001,0.4423,False,-10.0,1.0,0.8791208791208791,,,,43,6.11875581741333,785.6758601665497
100,0.88,10,90,80,False,0,False,1914719151,True,0.001,0.5013,False,-3.0,10.0,0.8602150537634409,,,,44,7.6770546436309814,785.6758601665497
100,0.88,10,90,80,False,0,False,725720707,True,0.001,0.627,False,-8.0,10.0,0.8163265306122449,,,,45,7.538815259933472,785.6758601665497
100,0.88,10,90,80,False,0,False,389661126,True,0.001,0.5197,False,-10.0,6.0,0.8333333333333334,,,,46,8.451146841049194,785.6758601665497
100,0.88,10,90,80,False,0,False,542825480,True,0.002,0.4849,False,-10.0,1.0,0.8791208791208791,,,,47,6.918468713760376,785.6758601665497
100,0.88,10,90,80,False,0,False,206765899,True,0.003,0.4491,False,-10.0,1.0,0.8791208791208791,,,,48,8.436343669891357,785.6758601665497
100,0.88,10,90,80,False,0,False,2018189966,True,0.004,0.4241,False,-1.0,6.0,0.9195402298850575,,,,49,8.651505470275879,785.6758601665497
100,0.88,10,90,80,False,0,True,1261992041,False,0.6054,-0.1158,,,,,,,,0,6.755098104476929,785.6758601665497
100,0.88,10,90,80,False,0,True,120611610,False,0.9281,-0.0869,,,,,,,,1,8.407012939453125,785.6758601665497
100,0.88,10,90,80,False,0,True,1079096814,False,0.4625,-0.1437,,,,,,,,2,8.110809087753296,785.6758601665497
100,0.88,10,90,80,False,0,True,743037233,False,0.6983,-0.0896,,,,,,,,3,8.758464574813843,785.6758601665497
100,0.88,10,90,80,False,0,True,406977652,False,0.9311,-0.077,,,,,,,,4,7.007033586502075,785.6758601665497
100,0.88,10,90,80,False,0,True,560142006,False,0.5005,0.1226,,,,,,,,5,7.728101491928101,785.6758601665497
100,0.88,10,90,80,False,0,True,224082425,False,0.2278,0.1491,,,,,,,,6,8.25517988204956,785.6758601665497
100,0.88,10,90,80,False,0,True,1182567629,True,0.036,-0.2353,,,,,,,,7,7.669987916946411,785.6758601665497
100,0.88,10,90,80,False,0,True,846508048,False,0.9391,-0.0781,,,,,,,,8,6.4810566902160645,785.6758601665497
100,0.88,10,90,80,False,0,True,1804993252,False,0.5005,-0.1375,,,,,,,,9,7.738224983215332,785.6758601665497
100,0.88,10,90,80,False,0,True,663612821,False,0.5085,-0.1271,,,,,,,,10,7.96349835395813,785.6758601665497
100,0.88,10,90,80,False,0,True,327553240,False,0.05,0.2278,,,,,,,,11,7.143350839614868,785.6758601665497
100,0.88,10,90,80,False,0,True,1286038444,False,0.4725,0.1343,,,,,,,,12,8.173556804656982,785.6758601665497
100,0.88,10,90,80,False,0,True,949978863,False,0.5804,0.1409,,,,,,,,13,6.154734134674072,785.6758601665497
100,0.88,10,90,80,False,0,True,1103143217,False,0.9061,0.0847,,,,,,,,14,7.933815240859985,785.6758601665497
100,0.88,10,90,80,False,0,True,767083636,False,0.5764,0.1163,,,,,,,,15,7.210691213607788,785.6758601665497
100,0.88,10,90,80,False,0,True,431024055,False,0.1499,0.1584,,,,,,,,16,7.790276527404785,785.6758601665497
100,0.88,10,90,80,False,0,True,1389509259,False,0.3536,0.1367,,,,,,,,17,7.902820825576782,785.6758601665497
100,0.88,10,90,80,False,0,True,248128828,False,0.6234,-0.1188,,,,,,,,18,7.805558919906616,785.6758601665497
100,0.88,10,90,80,False,0,True,1206614032,False,0.0779,-0.2136,,,,,,,,19,6.396046161651611,785.6758601665497
100,0.88,10,90,80,False,0,True,870554451,False,0.3826,0.167,,,,,,,,20,8.188902616500854,785.6758601665497
100,0.88,10,90,80,False,0,True,1829039655,False,0.6294,-0.1129,,,,,,,,21,8.139392137527466,785.6758601665497
100,0.88,10,90,80,False,0,True,687659224,False,0.6603,-0.1047,,,,,,,,22,8.106646060943604,785.6758601665497
100,0.88,10,90,80,False,0,True,351599643,False,0.6783,-0.122,,,,,,,,23,6.0342018604278564,785.6758601665497
100,0.88,10,90,80,False,0,True,1310084847,True,0.026,0.2697,,,,,,,,24,7.8623130321502686,785.6758601665497
100,0.88,10,90,80,False,0,True,974025266,False,0.1888,0.1851,,,,,,,,25,7.728447675704956,785.6758601665497
100,0.88,10,90,80,False,0,True,1127189620,False,0.1998,0.1678,,,,,,,,26,7.676864147186279,785.6758601665497
100,0.88,10,90,80,False,0,True,791130039,False,0.6314,0.1214,,,,,,,,27,6.232375144958496,785.6758601665497
100,0.88,10,90,80,False,0,True,1749615243,False,0.0659,-0.2452,,,,,,,,28,7.910342216491699,785.6758601665497
100,0.88,10,90,80,False,0,True,1413555662,False,0.1429,-0.1763,,,,,,,,29,8.259965658187866,785.6758601665497
100,0.88,10,90,80,False,0,True,1077496081,False,0.985,-0.0624,,,,,,,,30,6.2374184131622314,785.6758601665497
100,0.88,10,90,80,False,0,True,1230660435,False,0.8312,0.0872,,,,,,,,31,7.668348073959351,785.6758601665497
100,0.88,10,90,80,False,0,True,894600854,False,0.4785,-0.1322,,,,,,,,32,7.119671583175659,785.6758601665497
100,0.88,10,90,80,False,0,True,1853086058,False,0.4875,0.14,,,,,,,,33,7.3252575397491455,785.6758601665497
100,0.88,10,90,80,False,0,True,1517026477,False,0.3157,-0.1609,,,,,,,,34,5.5484113693237305,785.6758601665497
100,0.88,10,90,80,False,0,True,1670190831,False,0.4296,-0.1288,,,,,,,,35,7.239315509796143,785.6758601665497
100,0.88,10,90,80,False,0,True,1334131250,False,0.0739,0.2034,,,,,,,,36,7.809431314468384,785.6758601665497
100,0.88,10,90,80,False,0,True,998071669,False,0.8861,-0.0887,,,,,,,,37,8.080621242523193,785.6758601665497
100,0.88,10,90,80,False,0,True,1956556873,False,0.2468,-0.1522,,,,,,,,38,6.774470090866089,785.6758601665497
100,0.88,10,90,80,False,0,True,815176442,False,0.2178,-0.19,,,,,,,,39,7.624701976776123,785.6758601665497
100,0.88,10,90,80,False,0,True,1773661646,False,0.4086,-0.1346,,,,,,,,40,7.629948616027832,785.6758601665497
100,0.88,10,90,80,False,0,True,1437602065,False,0.1119,0.1915,,,,,,,,41,7.72456431388855,785.6758601665497
100,0.88,10,90,80,False,0,True,1101542484,False,0.5145,0.1116,,,,,,,,42,6.476501226425171,785.6758601665497
100,0.88,10,90,80,False,0,True,1254706838,False,0.5814,0.1416,,,,,,,,43,7.938168048858643,785.6758601665497
100,0.88,10,90,80,False,0,True,918647257,False,0.5904,0.1179,,,,,,,,44,8.064513921737671,785.6758601665497
100,0.88,10,90,80,False,0,True,1877132461,False,0.9421,-0.0784,,,,,,,,45,8.193656206130981,785.6758601665497
100,0.88,10,90,80,False,0,True,1541072880,False,0.0959,0.1868,,,,,,,,46,6.680594205856323,785.6758601665497
100,0.88,10,90,80,False,0,True,1694237234,False,0.7183,0.1128,,,,,,,,47,7.973924875259399,785.6758601665497
100,0.88,10,90,80,False,0,True,1358177653,False,0.3347,-0.1315,,,,,,,,48,7.898629903793335,785.6758601665497
100,0.88,10,90,80,False,0,True,1022118072,False,0.5485,0.117,,,,,,,,49,7.249805688858032,785.6758601665497
100,0.9,10,90,80,False,0,False,1426476253,True,0.003,0.4723,False,-10.0,0.0,0.8888888888888888,,,,0,6.547486305236816,736.5412583351135
100,0.9,10,90,80,False,0,False,1090416672,True,0.003,0.4164,False,-2.0,10.0,0.8695652173913043,,,,1,7.71553111076355,736.5412583351135
100,0.9,10,90,80,False,0,False,2096519889,True,0.016,0.421,False,1.0,0.0,0.9875,,,,2,7.883672714233398,736.5412583351135
100,0.9,10,90,80,False,0,False,907521445,True,0.003,0.4297,False,-10.0,0.0,0.8888888888888888,,,,3,6.435363531112671,736.5412583351135
100,0.9,10,90,80,False,0,False,571461864,True,0.001,0.5129,False,-10.0,-1.0,0.8777777777777778,,,,4,7.977764368057251,736.5412583351135
100,0.9,10,90,80,False,0,False,1629285955,True,0.002,0.4734,False,-6.0,4.0,0.8888888888888888,,,,5,7.557809591293335,736.5412583351135
100,0.9,10,90,80,False,0,False,388566637,True,0.003,0.4261,False,-1.0,2.0,0.963855421686747,,,,6,7.664762258529663,736.5412583351135
100,0.9,10,90,80,False,0,False,1347051841,True,0.001,0.4657,False,-7.0,5.0,0.8695652173913043,,,,7,5.916640520095825,736.5412583351135
100,0.9,10,90,80,False,0,False,1010992260,True,0.002,0.4349,False,-10.0,2.0,0.8695652173913043,,,,8,7.553566932678223,736.5412583351135
100,0.9,10,90,80,False,0,False,674932679,True,0.004,0.4151,False,-10.0,2.0,0.8695652173913043,,,,9,7.454234838485718,736.5412583351135
100,0.9,10,90,80,False,0,False,828097033,True,0.001,0.5448,False,-8.0,10.0,0.8163265306122449,,,,10,8.012444257736206,736.5412583351135
100,0.9,10,90,80,False,0,False,492037452,True,0.002,0.5291,False,-10.0,9.0,0.8080808080808081,,,,11,6.563738822937012,736.5412583351135
100,0.9,10,90,80,False,0,False,1450522656,True,0.004,0.4449,False,0.0,10.0,0.8888888888888888,,,,12,8.007124662399292,736.5412583351135
100,0.9,10,90,80,False,0,False,1114463075,True,0.01,0.3741,False,-1.0,0.0,0.9876543209876543,,,,13,8.09018063545227,736.5412583351135
100,0.9,10,90,80,False,0,False,2120566292,True,0.002,0.5177,False,-10.0,10.0,0.8,,,,14,7.3309876918792725,736.5412583351135
100,0.9,10,90,80,False,0,False,931567848,True,0.005,0.4288,False,-7.0,1.0,0.9090909090909091,,,,15,5.577600717544556,736.5412583351135
100,0.9,10,90,80,False,0,False,595508267,True,0.002,0.5272,False,-4.0,10.0,0.851063829787234,,,,16,7.313887119293213,736.5412583351135
100,0.9,10,90,80,False,0,False,1553993471,True,0.001,0.4867,False,-6.0,9.0,0.8421052631578947,,,,17,7.28745436668396,736.5412583351135
100,0.9,10,90,80,False,0,False,412613040,True,0.005,0.433,False,0.0,1.0,0.9876543209876543,,,,18,8.319445610046387,736.5412583351135
100,0.9,10,90,80,False,0,False,1371098244,True,0.001,0.4829,False,-10.0,10.0,0.8,,,,19,7.677186489105225,736.5412583351135
100,0.9,10,90,80,False,0,False,1035038663,True,0.004,0.4641,False,-2.0,9.0,0.8791208791208791,,,,20,8.000041007995605,736.5412583351135
100,0.9,10,90,80,False,0,False,698979082,True,0.007,0.3936,False,-3.0,2.0,0.9411764705882353,,,,21,6.171252727508545,736.5412583351135
100,0.9,10,90,80,False,0,False,852143436,True,0.007,0.4188,False,-5.0,2.0,0.9195402298850575,,,,22,7.699239015579224,736.5412583351135
100,0.9,10,90,80,False,0,False,516083855,True,0.007,0.4755,False,-4.0,7.0,0.8791208791208791,,,,23,6.555332899093628,736.5412583351135
100,0.9,10,90,80,False,0,False,1474569059,True,0.013,0.4142,False,0.0,9.0,0.898876404494382,,,,24,7.258706331253052,736.5412583351135
100,0.9,10,90,80,False,0,False,1138509478,True,0.002,0.4791,False,-3.0,8.0,0.8791208791208791,,,,25,7.6825034618377686,736.5412583351135
100,0.9,10,90,80,False,0,False,2096994682,True,0.001,0.5383,False,-4.0,9.0,0.8602150537634409,,,,26,8.062167882919312,736.5412583351135
100,0.9,10,90,80,False,0,False,955614251,True,0.001,0.4683,False,-10.0,0.0,0.8888888888888888,,,,27,6.170595645904541,736.5412583351135
100,0.9,10,90,80,False,0,False,619554670,True,0.002,0.4407,False,-7.0,0.0,0.9195402298850575,,,,28,8.421796560287476,736.5412583351135
100,0.9,10,90,80,False,0,False,1578039874,True,0.004,0.3937,False,-4.0,0.0,0.9523809523809523,,,,29,7.838675022125244,736.5412583351135
100,0.9,10,90,80,False,0,False,1241980293,True,0.001,0.4881,False,-8.0,4.0,0.8695652173913043,,,,30,6.048988342285156,736.5412583351135
100,0.9,10,90,80,False,0,False,1395144647,True,0.005,0.406,False,0.0,5.0,0.9411764705882353,,,,31,7.667893171310425,736.5412583351135
100,0.9,10,90,80,False,0,False,1059085066,True,0.001,0.5698,False,-8.0,8.0,0.8333333333333334,,,,32,8.153492212295532,736.5412583351135
100,0.9,10,90,80,False,0,False,2017570270,True,0.008,0.4407,False,0.0,5.0,0.9411764705882353,,,,33,7.9960081577301025,736.5412583351135
100,0.9,10,90,80,False,0,False,1681510689,True,0.008,0.4128,False,0.0,6.0,0.9302325581395349,,,,34,6.270514726638794,736.5412583351135
100,0.9,10,90,80,False,0,False,540130258,True,0.006,0.4068,False,-1.0,0.0,0.9876543209876543,,,,35,7.78294825553894,736.5412583351135
100,0.9,10,90,80,False,0,False,1498615462,True,0.002,0.4747,False,-2.0,6.0,0.9090909090909091,,,,36,7.835792064666748,736.5412583351135
100,0.9,10,90,80,False,0,False,1162555881,True,0.004,0.4305,False,-10.0,4.0,0.851063829787234,,,,37,7.907426118850708,736.5412583351135
100,0.9,10,90,80,False,0,False,2121041085,True,0.003,0.5068,False,0.0,8.0,0.9090909090909091,,,,38,5.982215166091919,736.5412583351135
100,0.9,10,90,80,False,0,False,979660654,True,0.001,0.4947,False,-9.0,8.0,0.8247422680412371,,,,39,7.704587459564209,736.5412583351135
100,0.9,10,90,80,False,0,False,643601073,True,0.004,0.4352,False,-3.0,6.0,0.898876404494382,,,,40,7.666974306106567,736.5412583351135
100,0.9,10,90,80,False,0,False,1602086277,True,0.004,0.419,True,0.0,0.0,1.0,,,,41,7.815805912017822,736.5412583351135
100,0.9,10,90,80,False,0,False,1266026696,True,0.001,0.5205,False,-3.0,9.0,0.8695652173913043,,,,42,6.036026477813721,736.5412583351135
100,0.9,10,90,80,False,0,False,1419191050,True,0.003,0.4663,False,0.0,6.0,0.9302325581395349,,,,43,7.890795707702637,736.5412583351135
100,0.9,10,90,80,False,0,False,1083131469,True,0.001,0.4706,False,-1.0,8.0,0.898876404494382,,,,44,8.053673267364502,736.5412583351135
100,0.9,10,90,80,False,0,False,2041616673,True,0.001,0.4933,False,-5.0,10.0,0.8421052631578947,,,,45,7.932286739349365,736.5412583351135
100,0.9,10,90,80,False,0,False,1705557092,True,0.006,0.4265,False,-8.0,1.0,0.898876404494382,,,,46,5.875241041183472,736.5412583351135
100,0.9,10,90,80,False,0,False,564176661,True,0.001,0.4605,False,-1.0,2.0,0.963855421686747,,,,47,7.361998796463013,736.5412583351135
100,0.9,10,90,80,False,0,False,1522661865,True,0.002,0.4754,False,-4.0,3.0,0.9195402298850575,,,,48,7.3808393478393555,736.5412583351135
100,0.9,10,90,80,False,0,False,1186602284,True,0.005,0.4553,False,-3.0,1.0,0.9523809523809523,,,,49,7.353670358657837,736.5412583351135
100,0.9,10,90,80,False,0,True,430404359,False,0.8631,0.084,,,,,,,,0,5.825033664703369,736.5412583351135
100,0.9,10,90,80,False,0,True,94344778,False,0.963,0.0666,,,,,,,,1,8.094099760055542,736.5412583351135
100,0.9,10,90,80,False,0,True,1100447995,False,0.4985,0.134,,,,,,,,2,8.18459677696228,736.5412583351135
100,0.9,10,90,80,False,0,True,2058933199,False,0.958,0.0728,,,,,,,,3,7.4453229904174805,736.5412583351135
100,0.9,10,90,80,False,0,True,1722873618,True,0.04,-0.2283,,,,,,,,4,7.2836668491363525,736.5412583351135
100,0.9,10,90,80,False,0,True,533875174,False,0.1588,0.1691,,,,,,,,5,7.505191802978516,736.5412583351135
100,0.9,10,90,80,False,0,True,1539978391,False,0.8951,-0.0903,,,,,,,,6,7.416377067565918,736.5412583351135
100,0.9,10,90,80,False,0,True,350979947,False,0.1858,0.1703,,,,,,,,7,5.921626567840576,736.5412583351135
100,0.9,10,90,80,False,0,True,14920366,False,0.5365,0.1331,,,,,,,,8,8.033743143081665,736.5412583351135
100,0.9,10,90,80,False,0,True,1826344433,False,0.2887,0.156,,,,,,,,9,7.520726680755615,736.5412583351135
100,0.9,10,90,80,False,0,True,1979508787,False,0.8152,-0.0972,,,,,,,,10,8.230077028274536,736.5412583351135
100,0.9,10,90,80,False,0,True,1643449206,False,0.9141,-0.0773,,,,,,,,11,6.532452583312988,736.5412583351135
100,0.9,10,90,80,False,0,True,454450762,False,0.5315,-0.1214,,,,,,,,12,7.819685220718384,736.5412583351135
100,0.9,10,90,80,False,0,True,118391181,False,0.1389,0.1719,,,,,,,,13,7.389617204666138,736.5412583351135
100,0.9,10,90,80,False,0,True,1124494398,False,0.964,0.0741,,,,,,,,14,7.552121162414551,736.5412583351135
100,0.9,10,90,80,False,0,True,2082979602,False,0.2038,0.1731,,,,,,,,15,6.229997158050537,736.5412583351135
100,0.9,10,90,80,False,0,True,1746920021,False,0.7702,0.1123,,,,,,,,16,7.693619251251221,736.5412583351135
100,0.9,10,90,80,False,0,True,557921577,False,0.2927,-0.1523,,,,,,,,17,7.766859531402588,736.5412583351135
100,0.9,10,90,80,False,0,True,1564024794,False,0.8791,0.099,,,,,,,,18,7.81490159034729,736.5412583351135
100,0.9,10,90,80,False,0,True,375026350,False,0.6673,0.12,,,,,,,,19,6.611346483230591,736.5412583351135
100,0.9,10,90,80,False,0,True,38966769,False,0.5584,-0.1319,,,,,,,,20,8.5472571849823,736.5412583351135
100,0.9,10,90,80,False,0,True,1850390836,False,0.7602,-0.1093,,,,,,,,21,7.796251535415649,736.5412583351135
100,0.9,10,90,80,False,0,True,2003555190,False,0.9001,0.0894,,,,,,,,22,7.663054466247559,736.5412583351135
100,0.9,10,90,80,False,0,True,1667495609,False,0.3247,0.1398,,,,,,,,23,5.661069631576538,736.5412583351135
100,0.9,10,90,80,False,0,True,478497165,False,0.977,0.062,,,,,,,,24,7.351169586181641,736.5412583351135
100,0.9,10,90,80,False,0,True,142437584,False,0.5754,0.1289,,,,,,,,25,8.119664907455444,736.5412583351135
100,0.9,10,90,80,False,0,True,1100922788,False,0.952,0.0725,,,,,,,,26,8.054353713989258,736.5412583351135
100,0.9,10,90,80,False,0,True,2107026005,False,0.2817,0.1473,,,,,,,,27,7.337291240692139,736.5412583351135
100,0.9,10,90,80,False,0,True,1770966424,False,0.993,-0.0541,,,,,,,,28,6.408742189407349,736.5412583351135
100,0.9,10,90,80,False,0,True,581967980,False,0.6623,0.1169,,,,,,,,29,7.272256851196289,736.5412583351135
100,0.9,10,90,80,False,0,True,245908399,False,0.7483,0.1099,,,,,,,,30,6.849050521850586,736.5412583351135
100,0.9,10,90,80,False,0,True,399072753,False,0.1129,0.1757,,,,,,,,31,7.613657474517822,736.5412583351135
100,0.9,10,90,80,False,0,True,63013172,False,0.4505,0.1428,,,,,,,,32,7.362503528594971,736.5412583351135
100,0.9,10,90,80,False,0,True,1021498376,False,0.1119,0.1987,,,,,,,,33,8.018653869628906,736.5412583351135
100,0.9,10,90,80,False,0,True,685438795,True,0.049,-0.2302,,,,,,,,34,6.218590974807739,736.5412583351135
100,0.9,10,90,80,False,0,True,1691542012,False,0.7912,0.1014,,,,,,,,35,7.987877368927002,736.5412583351135
100,0.9,10,90,80,False,0,True,502543568,False,0.4935,-0.1169,,,,,,,,36,7.822256326675415,736.5412583351135
100,0.9,10,90,80,False,0,True,166483987,False,0.999,0.047,,,,,,,,37,7.367607116699219,736.5412583351135
100,0.9,10,90,80,False,0,True,1124969191,False,0.9081,0.0861,,,,,,,,38,7.025388240814209,736.5412583351135
100,0.9,10,90,80,False,0,True,2131072408,False,0.2398,-0.1728,,,,,,,,39,7.444945335388184,736.5412583351135
100,0.9,10,90,80,False,0,True,1795012827,False,0.7592,0.1163,,,,,,,,40,5.829485893249512,736.5412583351135
100,0.9,10,90,80,False,0,True,606014383,False,0.8462,-0.0943,,,,,,,,41,8.32022213935852,736.5412583351135
100,0.9,10,90,80,False,0,True,269954802,False,0.9281,-0.0808,,,,,,,,42,8.46345829963684,736.5412583351135
100,0.9,10,90,80,False,0,True,423119156,False,0.2248,-0.1743,,,,,,,,43,7.848665237426758,736.5412583351135
100,0.9,10,90,80,False,0,True,87059575,False,0.2977,0.1691,,,,,,,,44,6.128633737564087,736.5412583351135
100,0.9,10,90,80,False,0,True,1045544779,False,0.1059,0.2161,,,,,,,,45,7.779791593551636,736.5412583351135
100,0.9,10,90,80,False,0,True,709485198,False,0.8102,0.1002,,,,,,,,46,6.808143615722656,736.5412583351135
100,0.9,10,90,80,False,0,True,1715588415,False,0.1528,-0.1551,,,,,,,,47,7.485219240188599,736.5412583351135
100,0.9,10,90,80,False,0,True,526589971,False,0.7403,0.1172,,,,,,,,48,7.82127571105957,736.5412583351135
100,0.9,10,90,80,False,0,True,190530390,False,0.6523,0.1133,,,,,,,,49,7.65031099319458,736.5412583351135
100,0.92,10,90,80,False,0,False,1311584402,True,0.001,0.5558,False,-5.0,10.0,0.8421052631578947,,,,0,6.361129522323608,738.7326338291168
100,0.92,10,90,80,False,0,False,975524821,True,0.002,0.4668,False,-5.0,10.0,0.8421052631578947,,,,1,8.041563749313354,738.7326338291168
100,0.92,10,90,80,False,0,False,1934010025,True,0.012,0.377,True,0.0,0.0,1.0,,,,2,8.249847412109375,738.7326338291168
100,0.92,10,90,80,False,0,False,1597950444,True,0.004,0.3611,True,0.0,0.0,1.0,,,,3,5.960964202880859,738.7326338291168
100,0.92,10,90,80,False,0,False,357231126,True,0.002,0.4587,False,-3.0,1.0,0.9523809523809523,,,,4,7.711439609527588,738.7326338291168
100,0.92,10,90,80,False,0,False,1415055217,True,0.001,0.4639,False,-4.0,4.0,0.9090909090909091,,,,5,7.3031392097473145,738.7326338291168
100,0.92,10,90,80,False,0,False,1078995636,True,0.002,0.4689,False,-10.0,9.0,0.8080808080808081,,,,6,7.497166872024536,738.7326338291168
100,0.92,10,90,80,False,0,False,2037480840,True,0.004,0.4649,False,-4.0,7.0,0.8791208791208791,,,,7,6.6342644691467285,738.7326338291168
100,0.92,10,90,80,False,0,False,796761522,True,0.003,0.4852,False,0.0,10.0,0.8888888888888888,,,,8,7.034261226654053,738.7326338291168
100,0.92,10,90,80,False,0,False,1854585613,True,0.006,0.4739,False,-8.0,1.0,0.898876404494382,,,,9,7.837647438049316,738.7326338291168
100,0.92,10,90,80,False,0,False,1518526032,True,0.004,0.4562,False,-7.0,0.0,0.9195402298850575,,,,10,8.12202763557434,738.7326338291168
100,0.92,10,90,80,False,0,False,1182466451,True,0.003,0.4607,False,-7.0,5.0,0.8695652173913043,,,,11,7.213695526123047,738.7326338291168
100,0.92,10,90,80,False,0,False,2140951655,True,0.004,0.4007,False,-5.0,10.0,0.8421052631578947,,,,12,7.133040904998779,738.7326338291168
100,0.92,10,90,80,False,0,False,900232337,True,0.003,0.4811,False,-2.0,5.0,0.9195402298850575,,,,13,5.492162704467773,738.7326338291168
100,0.92,10,90,80,False,0,False,1958056428,True,0.006,0.4848,False,-10.0,9.0,0.8080808080808081,,,,14,7.237822771072388,738.7326338291168
100,0.92,10,90,80,False,0,False,1621996847,True,0.001,0.4493,False,-6.0,10.0,0.8333333333333334,,,,15,7.249537467956543,738.7326338291168
100,0.92,10,90,80,False,0,False,432998403,True,0.002,0.4283,False,0.0,10.0,0.8888888888888888,,,,16,8.356877326965332,738.7326338291168
100,0.92,10,90,80,False,0,False,1339762733,True,0.002,0.4548,False,-6.0,4.0,0.8888888888888888,,,,17,8.197936773300171,738.7326338291168
100,0.92,10,90,80,False,0,False,1003703152,True,0.001,0.4809,False,-5.0,2.0,0.9195402298850575,,,,18,7.952710151672363,738.7326338291168
100,0.92,10,90,80,False,0,False,2061527243,True,0.002,0.4451,False,0.0,10.0,0.8888888888888888,,,,19,6.279674291610718,738.7326338291168
100,0.92,10,90,80,False,0,False,1725467662,True,0.004,0.4525,False,-10.0,1.0,0.8791208791208791,,,,20,7.67750096321106,738.7326338291168
100,0.92,10,90,80,False,0,False,1878632016,True,0.002,0.464,False,1.0,10.0,0.8777777777777778,,,,21,7.503103256225586,738.7326338291168
100,0.92,10,90,80,False,0,False,1443233548,True,0.001,0.5323,False,-10.0,4.0,0.851063829787234,,,,22,7.5872802734375,738.7326338291168
100,0.92,10,90,80,False,0,False,353573991,True,0.001,0.5421,False,-9.0,8.0,0.8247422680412371,,,,23,6.015321731567383,738.7326338291168
100,0.92,10,90,80,False,0,False,17514410,True,0.007,0.4163,False,0.0,2.0,0.975609756097561,,,,24,7.985087156295776,738.7326338291168
100,0.92,10,90,80,False,0,False,924278740,True,0.001,0.559,False,-9.0,7.0,0.8333333333333334,,,,25,7.562493324279785,738.7326338291168
100,0.92,10,90,80,False,0,False,1982102831,True,0.004,0.4317,False,-2.0,10.0,0.8695652173913043,,,,26,8.183563232421875,738.7326338291168
100,0.92,10,90,80,False,0,False,1546704363,True,0.001,0.4905,False,-10.0,7.0,0.8247422680412371,,,,27,6.799697399139404,738.7326338291168
100,0.92,10,90,80,False,0,False,457044806,True,0.003,0.4828,False,-10.0,6.0,0.8333333333333334,,,,28,7.851178884506226,738.7326338291168
100,0.92,10,90,80,False,0,False,1363809136,True,0.001,0.5576,False,-7.0,2.0,0.898876404494382,,,,29,7.719425201416016,738.7326338291168
100,0.92,10,90,80,False,0,False,1027749555,True,0.002,0.4672,False,-3.0,9.0,0.8695652173913043,,,,30,7.5536134243011475,738.7326338291168
100,0.92,10,90,80,False,0,False,2085573646,True,0.001,0.4866,False,-10.0,2.0,0.8695652173913043,,,,31,6.334895849227905,738.7326338291168
100,0.92,10,90,80,False,0,False,1650175178,True,0.001,0.6481,False,-5.0,9.0,0.851063829787234,,,,32,7.925406455993652,738.7326338291168
100,0.92,10,90,80,False,0,False,1803339532,True,0.002,0.4815,False,-4.0,7.0,0.8791208791208791,,,,33,8.29126501083374,738.7326338291168
100,0.92,10,90,80,False,0,False,1467279951,True,0.008,0.4152,False,0.0,1.0,0.9876543209876543,,,,34,6.3465940952301025,738.7326338291168
100,0.92,10,90,80,False,0,False,377620394,True,0.001,0.535,False,-10.0,0.0,0.8888888888888888,,,,35,8.042370319366455,738.7326338291168
100,0.92,10,90,80,False,0,False,41560813,True,0.001,0.6103,False,-10.0,10.0,0.8,,,,36,7.017379283905029,738.7326338291168
100,0.92,10,90,80,False,0,False,1753645993,True,0.001,0.5197,False,-10.0,2.0,0.8695652173913043,,,,37,7.422134876251221,738.7326338291168
100,0.92,10,90,80,False,0,False,1906810347,True,0.002,0.4631,False,-6.0,10.0,0.8333333333333334,,,,38,6.677968502044678,738.7326338291168
100,0.92,10,90,80,False,0,False,1570750766,True,0.003,0.4647,False,0.0,10.0,0.8888888888888888,,,,39,7.37023663520813,738.7326338291168
100,0.92,10,90,80,False,0,False,481091209,True,0.005,0.4443,False,-4.0,0.0,0.9523809523809523,,,,40,5.942885160446167,738.7326338291168
100,0.92,10,90,80,False,0,False,145031628,True,0.001,0.4706,False,-1.0,6.0,0.9195402298850575,,,,41,7.6067774295806885,738.7326338291168
100,0.92,10,90,80,False,0,False,198857095,True,0.001,0.6032,False,-4.0,10.0,0.851063829787234,,,,42,6.902080774307251,738.7326338291168
100,0.92,10,90,80,False,0,False,2010281162,True,0.005,0.4035,False,-1.0,0.0,0.9876543209876543,,,,43,8.087006092071533,738.7326338291168
100,0.92,10,90,80,False,0,False,1674221581,True,0.005,0.4253,False,-7.0,0.0,0.9195402298850575,,,,44,7.430612325668335,738.7326338291168
100,0.92,10,90,80,False,0,False,584562024,True,0.001,0.5026,False,-7.0,5.0,0.8695652173913043,,,,45,7.432140827178955,738.7326338291168
100,0.92,10,90,80,False,0,False,1491326354,True,0.004,0.4297,False,-1.0,0.0,0.9876543209876543,,,,46,5.653557062149048,738.7326338291168
100,0.92,10,90,80,False,0,False,302327910,True,0.001,0.4878,False,-4.0,9.0,0.8602150537634409,,,,47,7.312936067581177,738.7326338291168
100,0.92,10,90,80,False,0,False,2113751977,True,0.003,0.4618,False,-7.0,2.0,0.898876404494382,,,,48,7.593557834625244,738.7326338291168
100,0.92,10,90,80,False,0,False,1777692396,True,0.001,0.4897,False,-8.0,3.0,0.8791208791208791,,,,49,8.079907655715942,738.7326338291168
100,0.92,10,90,80,False,0,True,216173621,False,0.988,0.065,,,,,,,,0,6.247333288192749,738.7326338291168
100,0.92,10,90,80,False,0,True,2027597688,True,0.012,0.3116,,,,,,,,1,7.482340574264526,738.7326338291168
100,0.92,10,90,80,False,0,True,937938131,False,0.3427,-0.1737,,,,,,,,2,7.800053119659424,738.7326338291168
100,0.92,10,90,80,False,0,True,601878550,False,0.7952,0.0898,,,,,,,,3,7.492862939834595,738.7326338291168
100,0.92,10,90,80,False,0,True,1508642880,False,0.3317,0.166,,,,,,,,4,6.247064828872681,738.7326338291168
100,0.92,10,90,80,False,0,True,319644436,False,0.4006,0.1378,,,,,,,,5,7.6755146980285645,738.7326338291168
100,0.92,10,90,80,False,0,True,2131068503,False,0.8921,0.087,,,,,,,,6,7.679497480392456,738.7326338291168
100,0.92,10,90,80,False,0,True,1041408946,False,0.7562,-0.0922,,,,,,,,7,7.939510822296143,738.7326338291168
100,0.92,10,90,80,False,0,True,1948173276,True,0.043,-0.2371,,,,,,,,8,6.330310106277466,738.7326338291168
100,0.92,10,90,80,False,0,True,858513719,False,0.8941,0.0932,,,,,,,,9,7.912102460861206,738.7326338291168
100,0.92,10,90,80,False,0,True,423115251,False,0.7063,-0.1063,,,,,,,,10,8.19536018371582,738.7326338291168
100,0.92,10,90,80,False,0,True,87055670,False,0.1618,-0.1852,,,,,,,,11,7.759530782699585,738.7326338291168
100,0.92,10,90,80,False,0,True,1144879761,False,0.8232,0.1023,,,,,,,,12,7.117692708969116,738.7326338291168
100,0.92,10,90,80,False,0,True,2051644091,False,0.1219,-0.1899,,,,,,,,13,7.797452926635742,738.7326338291168
100,0.92,10,90,80,False,0,True,961984534,False,0.0639,0.2176,,,,,,,,14,6.25215220451355,738.7326338291168
100,0.92,10,90,80,False,0,True,526586066,False,0.4925,0.1261,,,,,,,,15,7.44487190246582,738.7326338291168
100,0.92,10,90,80,False,0,True,1584410157,True,0.01,-0.2618,,,,,,,,16,8.221352338790894,738.7326338291168
100,0.92,10,90,80,False,0,True,343690839,False,0.7532,0.1054,,,,,,,,17,7.876270294189453,738.7326338291168
100,0.92,10,90,80,False,0,True,7631258,False,0.2438,0.1769,,,,,,,,18,8.150628566741943,738.7326338291168
100,0.92,10,90,80,False,0,True,1065455349,False,0.7552,-0.0944,,,,,,,,19,6.162618398666382,738.7326338291168
100,0.92,10,90,80,False,0,True,729395768,False,0.2927,-0.1613,,,,,,,,20,7.772385120391846,738.7326338291168
100,0.92,10,90,80,False,0,True,783221235,False,0.9021,-0.0843,,,,,,,,21,7.746759414672852,738.7326338291168
100,0.92,10,90,80,False,0,True,447161654,False,0.4096,-0.1611,,,,,,,,22,7.425412654876709,738.7326338291168
100,0.92,10,90,80,False,0,True,1504985745,False,0.9081,-0.0865,,,,,,,,23,6.55527663230896,738.7326338291168
100,0.92,10,90,80,False,0,True,1168926164,False,0.8322,0.0921,,,,,,,,24,8.105355501174927,738.7326338291168
100,0.92,10,90,80,False,0,True,2075690494,False,0.2378,0.1758,,,,,,,,25,7.745831727981567,738.7326338291168
100,0.92,10,90,80,False,0,True,886692050,False,0.8861,-0.0862,,,,,,,,26,8.347477912902832,738.7326338291168
100,0.92,10,90,80,False,0,True,550632469,False,0.3896,-0.1637,,,,,,,,27,5.752136468887329,738.7326338291168
100,0.92,10,90,80,False,0,True,1608456560,False,0.7812,0.0986,,,,,,,,28,7.6419548988342285,738.7326338291168
100,0.92,10,90,80,False,0,True,367737242,False,0.2947,0.1757,,,,,,,,29,7.418855667114258,738.7326338291168
100,0.92,10,90,80,False,0,True,31677661,False,0.2428,0.1563,,,,,,,,30,7.196549892425537,738.7326338291168
100,0.92,10,90,80,False,0,True,990162865,False,0.9121,-0.0907,,,,,,,,31,6.4521729946136475,738.7326338291168
100,0.92,10,90,80,False,0,True,654103284,False,0.9011,-0.0875,,,,,,,,32,7.85132908821106,738.7326338291168
100,0.92,10,90,80,False,0,True,807267638,False,0.2777,0.1528,,,,,,,,33,7.416832208633423,738.7326338291168
100,0.92,10,90,80,False,0,True,471208057,False,0.8841,-0.0868,,,,,,,,34,7.89354395866394,738.7326338291168
100,0.92,10,90,80,False,0,True,1529032148,True,0.018,0.2658,,,,,,,,35,5.887784481048584,738.7326338291168
100,0.92,10,90,80,False,0,True,1093633680,False,0.8322,-0.0935,,,,,,,,36,7.835522651672363,738.7326338291168
100,0.92,10,90,80,False,0,True,757574099,False,0.2458,0.1717,,,,,,,,37,7.581820964813232,738.7326338291168
100,0.92,10,90,80,False,0,True,910738453,False,0.7063,0.1051,,,,,,,,38,7.728495359420776,738.7326338291168
100,0.92,10,90,80,False,0,True,574678872,False,0.6264,0.123,,,,,,,,39,6.823094844818115,738.7326338291168
100,0.92,10,90,80,False,0,True,1632502963,False,0.2488,0.1668,,,,,,,,40,8.437739849090576,738.7326338291168
100,0.92,10,90,80,False,0,True,1197104495,False,0.5774,-0.1318,,,,,,,,41,8.381303787231445,738.7326338291168
100,0.92,10,90,80,False,0,True,1350268849,False,0.8192,-0.0922,,,,,,,,42,8.227494478225708,738.7326338291168
100,0.92,10,90,80,False,0,True,1014209268,True,0.005,0.289,,,,,,,,43,8.688871145248413,738.7326338291168
100,0.92,10,90,80,False,0,True,678149687,False,0.1878,-0.2026,,,,,,,,44,6.1221022605896,738.7326338291168
100,0.92,10,90,80,False,0,True,1735973778,False,0.3846,-0.1384,,,,,,,,45,7.653139352798462,738.7326338291168
100,0.92,10,90,80,False,0,True,495254460,False,0.2128,0.1807,,,,,,,,46,8.150750160217285,738.7326338291168
100,0.92,10,90,80,False,0,True,1453739664,False,0.2767,-0.152,,,,,,,,47,1.272733449935913,738.7326338291168
100,0.92,10,90,80,False,0,True,1117680083,False,0.1489,-0.1749,,,,,,,,48,12.607622861862183,738.7326338291168
100,0.92,10,90,80,False,0,True,781620502,False,0.6384,-0.1281,,,,,,,,49,8.30086612701416,738.7326338291168
100,0.94,10,90,80,False,0,False,210646412,True,0.003,0.3897,False,-4.0,1.0,0.9411764705882353,,,,0,7.54700779914856,742.6135613918304
100,0.94,10,90,80,False,0,False,2022070479,True,0.002,0.4808,False,-8.0,0.0,0.9090909090909091,,,,1,7.636528491973877,742.6135613918304
100,0.94,10,90,80,False,0,False,27751185,True,0.001,0.4394,False,-3.0,0.0,0.963855421686747,,,,2,8.166067838668823,742.6135613918304
100,0.94,10,90,80,False,0,False,1839175252,True,0.001,0.4934,False,-7.0,0.0,0.9195402298850575,,,,3,6.022232532501221,742.6135613918304
100,0.94,10,90,80,False,0,False,650176808,True,0.001,0.504,False,-9.0,0.0,0.898876404494382,,,,4,7.983234167098999,742.6135613918304
100,0.94,10,90,80,False,0,False,314117227,True,0.004,0.4077,False,-5.0,2.0,0.9195402298850575,,,,5,8.196598052978516,742.6135613918304
100,0.94,10,90,80,False,0,False,2125541294,True,0.001,0.465,False,-3.0,7.0,0.8888888888888888,,,,6,8.196643352508545,742.6135613918304
100,0.94,10,90,80,False,0,False,131222000,True,0.003,0.4818,False,-4.0,4.0,0.9090909090909091,,,,7,6.680588245391846,742.6135613918304
100,0.94,10,90,80,False,0,False,1942646067,True,0.002,0.4306,False,-4.0,1.0,0.9411764705882353,,,,8,7.88267183303833,742.6135613918304
100,0.94,10,90,80,False,0,False,753647623,True,0.003,0.4624,False,-9.0,10.0,0.8080808080808081,,,,9,7.822559118270874,742.6135613918304
100,0.94,10,90,80,False,0,False,417588042,True,0.001,0.5202,False,-5.0,8.0,0.8602150537634409,,,,10,7.428050756454468,742.6135613918304
100,0.94,10,90,80,False,0,False,570752396,True,0.003,0.4091,False,-7.0,4.0,0.8791208791208791,,,,11,5.742740631103516,742.6135613918304
100,0.94,10,90,80,False,0,False,234692815,True,0.002,0.4597,False,-1.0,10.0,0.8791208791208791,,,,12,7.313232898712158,742.6135613918304
100,0.94,10,90,80,False,0,False,2046116882,True,0.002,0.4837,False,-4.0,7.0,0.8791208791208791,,,,13,8.048627614974976,742.6135613918304
100,0.94,10,90,80,False,0,False,857118438,True,0.008,0.3937,False,-2.0,3.0,0.9411764705882353,,,,14,8.408274412155151,742.6135613918304
100,0.94,10,90,80,False,0,False,1863221655,True,0.002,0.5649,False,0.0,7.0,0.9195402298850575,,,,15,6.527384042739868,742.6135613918304
100,0.94,10,90,80,False,0,False,674223211,True,0.001,0.5903,False,-8.0,4.0,0.8695652173913043,,,,16,8.2999906539917,742.6135613918304
100,0.94,10,90,80,False,0,False,338163630,True,0.001,0.4436,False,-9.0,0.0,0.898876404494382,,,,17,8.144710302352905,742.6135613918304
100,0.94,10,90,80,False,0,False,2104049,True,0.006,0.4349,False,-1.0,2.0,0.963855421686747,,,,18,7.7925591468811035,742.6135613918304
100,0.94,10,90,80,False,0,False,155268403,True,0.013,0.3775,True,0.0,0.0,1.0,,,,19,7.965469121932983,742.6135613918304
100,0.94,10,90,80,False,0,False,1966692470,True,0.006,0.4162,False,-1.0,2.0,0.963855421686747,,,,20,7.821943998336792,742.6135613918304
100,0.94,10,90,80,False,0,False,777694026,True,0.002,0.4455,False,0.0,6.0,0.9302325581395349,,,,21,7.855834484100342,742.6135613918304
100,0.94,10,90,80,False,0,False,441634445,True,0.002,0.4806,False,1.0,9.0,0.8876404494382022,,,,22,6.584851980209351,742.6135613918304
100,0.94,10,90,80,False,0,False,594798799,True,0.001,0.4621,False,-2.0,2.0,0.9523809523809523,,,,23,8.36729884147644,742.6135613918304
100,0.94,10,90,80,False,0,False,258739218,True,0.001,0.532,False,-10.0,4.0,0.851063829787234,,,,24,8.047940254211426,742.6135613918304
100,0.94,10,90,80,False,0,False,2070163285,True,0.001,0.4904,False,-3.0,9.0,0.8695652173913043,,,,25,7.395099878311157,742.6135613918304
100,0.94,10,90,80,False,0,False,881164841,True,0.002,0.4748,False,0.0,9.0,0.898876404494382,,,,26,6.842453718185425,742.6135613918304
100,0.94,10,90,80,False,0,False,545105260,True,0.001,0.5218,False,-10.0,7.0,0.8247422680412371,,,,27,7.789313793182373,742.6135613918304
100,0.94,10,90,80,False,0,False,698269614,True,0.006,0.4029,False,-10.0,9.0,0.8080808080808081,,,,28,7.8156561851501465,742.6135613918304
100,0.94,10,90,80,False,0,False,362210033,True,0.003,0.4608,False,-10.0,0.0,0.8888888888888888,,,,29,7.680232524871826,742.6135613918304
100,0.94,10,90,80,False,0,False,1320695237,True,0.001,0.4393,False,-2.0,0.0,0.975609756097561,,,,30,6.8689353466033936,742.6135613918304
100,0.94,10,90,80,False,0,False,984635656,True,0.002,0.4118,True,0.0,0.0,1.0,,,,31,8.13945198059082,742.6135613918304
100,0.94,10,90,80,False,0,False,1990738873,True,0.003,0.4632,False,-3.0,2.0,0.9411764705882353,,,,32,7.9857282638549805,742.6135613918304
100,0.94,10,90,80,False,0,False,801740429,True,0.007,0.3838,False,0.0,1.0,0.9876543209876543,,,,33,7.263123035430908,742.6135613918304
100,0.94,10,90,80,False,0,False,465680848,True,0.005,0.4041,False,-6.0,1.0,0.9195402298850575,,,,34,6.360941410064697,742.6135613918304
100,0.94,10,90,80,False,0,False,1424166052,True,0.001,0.6225,False,-1.0,9.0,0.8888888888888888,,,,35,7.520772695541382,742.6135613918304
100,0.94,10,90,80,False,0,False,282785621,True,0.001,0.5184,False,-9.0,6.0,0.8421052631578947,,,,36,7.651044607162476,742.6135613918304
100,0.94,10,90,80,False,0,False,1241270825,True,0.001,0.5181,False,-8.0,10.0,0.8163265306122449,,,,37,7.155940055847168,742.6135613918304
100,0.94,10,90,80,False,0,False,905211244,True,0.001,0.5451,False,-9.0,8.0,0.8247422680412371,,,,38,7.32228684425354,742.6135613918304
100,0.94,10,90,80,False,0,False,569151663,True,0.001,0.5139,False,-2.0,10.0,0.8695652173913043,,,,39,7.6875855922698975,742.6135613918304
100,0.94,10,90,80,False,0,False,722316017,True,0.001,0.4966,False,0.0,10.0,0.8888888888888888,,,,40,7.6301703453063965,742.6135613918304
100,0.94,10,90,80,False,0,False,386256436,True,0.003,0.4426,False,-2.0,6.0,0.9090909090909091,,,,41,7.20534348487854,742.6135613918304
100,0.94,10,90,80,False,0,False,1344741640,True,0.014,0.3666,True,0.0,0.0,1.0,,,,42,6.705721616744995,742.6135613918304
100,0.94,10,90,80,False,0,False,1008682059,True,0.001,0.4845,False,-10.0,8.0,0.8163265306122449,,,,43,7.039772987365723,742.6135613918304
100,0.94,10,90,80,False,0,False,2014785276,True,0.003,0.4676,False,-3.0,8.0,0.8791208791208791,,,,44,7.425278425216675,742.6135613918304
100,0.94,10,90,80,False,0,False,825786832,True,0.004,0.4184,False,-1.0,7.0,0.9090909090909091,,,,45,7.749573707580566,742.6135613918304
100,0.94,10,90,80,False,0,False,489727251,True,0.007,0.3903,False,-6.0,0.0,0.9302325581395349,,,,46,6.85088038444519,742.6135613918304
100,0.94,10,90,80,False,0,False,1448212455,True,0.001,0.5232,False,-9.0,8.0,0.8247422680412371,,,,47,7.488743305206299,742.6135613918304
100,0.94,10,90,80,False,0,False,306832024,True,0.002,0.4836,False,-5.0,1.0,0.9302325581395349,,,,48,7.493846416473389,742.6135613918304
100,0.94,10,90,80,False,0,False,1265317228,True,0.001,0.4966,False,-8.0,10.0,0.8163265306122449,,,,49,7.74727725982666,742.6135613918304
100,0.94,10,90,80,False,0,True,1362058166,False,0.2607,-0.1466,,,,,,,,0,6.628194093704224,742.6135613918304
100,0.94,10,90,80,False,0,True,1025998585,False,0.8931,0.0789,,,,,,,,1,7.051564455032349,742.6135613918304
100,0.94,10,90,80,False,0,True,1179162939,False,0.998,-0.0462,,,,,,,,2,7.3876588344573975,742.6135613918304
100,0.94,10,90,80,False,0,True,843103358,False,0.6663,-0.1161,,,,,,,,3,8.075538396835327,742.6135613918304
100,0.94,10,90,80,False,0,True,1801588562,False,0.3606,-0.1403,,,,,,,,4,7.1804938316345215,742.6135613918304
100,0.94,10,90,80,False,0,True,1465528981,False,0.6833,0.1171,,,,,,,,5,8.319843053817749,742.6135613918304
100,0.94,10,90,80,False,0,True,1129469400,False,0.5914,-0.1072,,,,,,,,6,7.4774134159088135,742.6135613918304
100,0.94,10,90,80,False,0,True,1282633754,False,0.9481,0.077,,,,,,,,7,6.52701735496521,742.6135613918304
100,0.94,10,90,80,False,0,True,946574173,False,0.7333,-0.1031,,,,,,,,8,7.1487767696380615,742.6135613918304
100,0.94,10,90,80,False,0,True,1905059377,False,0.4955,-0.1417,,,,,,,,9,7.370201587677002,742.6135613918304
100,0.94,10,90,80,False,0,True,1568999796,False,0.2118,-0.1776,,,,,,,,10,6.967855215072632,742.6135613918304
100,0.94,10,90,80,False,0,True,1722164150,False,0.3257,-0.1565,,,,,,,,11,7.643397092819214,742.6135613918304
100,0.94,10,90,80,False,0,True,1386104569,False,0.3307,-0.1548,,,,,,,,12,7.670735120773315,742.6135613918304
100,0.94,10,90,80,False,0,True,1050044988,False,0.972,-0.0743,,,,,,,,13,7.4051833152771,742.6135613918304
100,0.94,10,90,80,False,0,True,2008530192,False,0.8941,0.0897,,,,,,,,14,7.827584505081177,742.6135613918304
100,0.94,10,90,80,False,0,True,867149761,False,0.8252,0.0912,,,,,,,,15,6.9115846157073975,742.6135613918304
100,0.94,10,90,80,False,0,True,1825634965,False,0.3497,0.1504,,,,,,,,16,7.239084482192993,742.6135613918304
100,0.94,10,90,80,False,0,True,1489575384,False,0.5644,-0.129,,,,,,,,17,7.349761486053467,742.6135613918304
100,0.94,10,90,80,False,0,True,1153515803,False,0.2687,-0.1845,,,,,,,,18,7.425124645233154,742.6135613918304
100,0.94,10,90,80,False,0,True,1306680157,False,0.5674,0.1273,,,,,,,,19,7.717935085296631,742.6135613918304
100,0.94,10,90,80,False,0,True,970620576,False,0.7383,-0.0948,,,,,,,,20,7.304814577102661,742.6135613918304
100,0.94,10,90,80,False,0,True,1929105780,False,0.0559,-0.2283,,,,,,,,21,7.732923269271851,742.6135613918304
100,0.94,10,90,80,False,0,True,1593046199,False,0.3696,0.1512,,,,,,,,22,7.488010406494141,742.6135613918304
100,0.94,10,90,80,False,0,True,1746210553,False,0.6733,-0.1103,,,,,,,,23,7.008316278457642,742.6135613918304
100,0.94,10,90,80,False,0,True,1410150972,False,0.3417,0.1654,,,,,,,,24,6.793027877807617,742.6135613918304
100,0.94,10,90,80,False,0,True,1074091391,False,0.7183,0.09,,,,,,,,25,7.155283212661743,742.6135613918304
100,0.94,10,90,80,False,0,True,2032576595,False,0.7642,0.1047,,,,,,,,26,6.957163572311401,742.6135613918304
100,0.94,10,90,80,False,0,True,1696517014,False,0.3856,-0.1307,,,,,,,,27,7.3524556159973145,742.6135613918304
100,0.94,10,90,80,False,0,True,1849681368,False,0.0739,0.2383,,,,,,,,28,6.772110223770142,742.6135613918304
100,0.94,10,90,80,False,0,True,1513621787,False,0.6573,-0.1128,,,,,,,,29,7.765138864517212,742.6135613918304
100,0.94,10,90,80,False,0,True,324623343,False,0.6204,0.1013,,,,,,,,30,7.898629188537598,742.6135613918304
100,0.94,10,90,80,False,0,True,2136047410,False,0.3227,0.1579,,,,,,,,31,7.575298309326172,742.6135613918304
100,0.94,10,90,80,False,0,True,994666979,False,0.3616,-0.1608,,,,,,,,32,7.020098447799683,742.6135613918304
100,0.94,10,90,80,False,0,True,1953152183,True,0.019,-0.2317,,,,,,,,33,7.129438400268555,742.6135613918304
100,0.94,10,90,80,False,0,True,1617092602,True,0.027,0.2697,,,,,,,,34,7.7376708984375,742.6135613918304
100,0.94,10,90,80,False,0,True,428094158,False,0.4505,-0.1357,,,,,,,,35,7.37047553062439,742.6135613918304
100,0.94,10,90,80,False,0,True,1434197375,False,0.5534,-0.1229,,,,,,,,36,7.005573511123657,742.6135613918304
100,0.94,10,90,80,False,0,True,245198931,False,0.4346,-0.1411,,,,,,,,37,7.777197599411011,742.6135613918304
100,0.94,10,90,80,False,0,True,2056622998,False,0.4446,0.1449,,,,,,,,38,7.882609128952026,742.6135613918304
100,0.94,10,90,80,False,0,True,1720563417,False,0.1449,-0.1974,,,,,,,,39,7.680342435836792,742.6135613918304
100,0.94,10,90,80,False,0,True,1873727771,False,0.2398,0.1795,,,,,,,,40,6.7991623878479,742.6135613918304
100,0.94,10,90,80,False,0,True,1537668190,False,0.8571,0.0898,,,,,,,,41,7.445535659790039,742.6135613918304
100,0.94,10,90,80,False,0,True,348669746,False,0.964,0.0703,,,,,,,,42,7.138633489608765,742.6135613918304
100,0.94,10,90,80,False,0,True,12610165,False,0.98,-0.0691,,,,,,,,43,7.106639623641968,742.6135613918304
100,0.94,10,90,80,False,0,True,1018713382,False,0.3846,0.1357,,,,,,,,44,7.351726055145264,742.6135613918304
100,0.94,10,90,80,False,0,True,1977198586,False,0.2967,-0.1936,,,,,,,,45,7.662844181060791,742.6135613918304
100,0.94,10,90,80,False,0,True,1641139005,False,0.958,0.0716,,,,,,,,46,7.575429201126099,742.6135613918304
100,0.94,10,90,80,False,0,True,452140561,False,0.7163,0.1136,,,,,,,,47,7.36565637588501,742.6135613918304
100,0.94,10,90,80,False,0,True,1458243778,False,0.2717,0.1527,,,,,,,,48,6.515821933746338,742.6135613918304
100,0.94,10,90,80,False,0,True,269245334,False,0.9421,-0.0754,,,,,,,,49,7.471422433853149,742.6135613918304
100,0.96,10,90,80,False,0,False,78421763,True,0.001,0.4241,False,-6.0,8.0,0.851063829787234,,,,0,7.201649188995361,732.0971734523773
100,0.96,10,90,80,False,0,False,1036906967,True,0.001,0.5643,False,-10.0,8.0,0.8163265306122449,,,,1,7.0485334396362305,732.0971734523773
100,0.96,10,90,80,False,0,False,700847386,True,0.004,0.419,False,0.0,6.0,0.9302325581395349,,,,2,7.174571514129639,732.0971734523773
100,0.96,10,90,80,False,0,False,1607611716,True,0.006,0.4542,False,-5.0,1.0,0.9302325581395349,,,,3,7.713855266571045,732.0971734523773
100,0.96,10,90,80,False,0,False,517952159,True,0.001,0.5098,False,-9.0,4.0,0.8602150537634409,,,,4,7.49234676361084,732.0971734523773
100,0.96,10,90,80,False,0,False,181892578,True,0.016,0.3704,True,0.0,0.0,1.0,,,,5,7.4212164878845215,732.0971734523773
100,0.96,10,90,80,False,0,False,1140377782,True,0.004,0.4662,False,-10.0,2.0,0.8695652173913043,,,,6,6.700601100921631,732.0971734523773
100,0.96,10,90,80,False,0,False,2047142112,True,0.004,0.4468,False,-1.0,7.0,0.9090909090909091,,,,7,7.062135457992554,732.0971734523773
100,0.96,10,90,80,False,0,False,957482555,True,0.001,0.6257,False,-10.0,10.0,0.8,,,,8,6.715866327285767,732.0971734523773
100,0.96,10,90,80,False,0,False,621422974,True,0.001,0.4896,False,0.0,8.0,0.9090909090909091,,,,9,6.84390664100647,732.0971734523773
100,0.96,10,90,80,False,0,False,285363393,True,0.001,0.4698,False,-10.0,0.0,0.8888888888888888,,,,10,6.627325534820557,732.0971734523773
100,0.96,10,90,80,False,0,False,1243848597,True,0.001,0.5072,False,-8.0,1.0,0.898876404494382,,,,11,7.47203803062439,732.0971734523773
100,0.96,10,90,80,False,0,False,102468166,True,0.001,0.4496,False,-4.0,7.0,0.8791208791208791,,,,12,7.4584856033325195,732.0971734523773
100,0.96,10,90,80,False,0,False,1060953370,True,0.001,0.6224,False,-10.0,10.0,0.8,,,,13,7.4350340366363525,732.0971734523773
100,0.96,10,90,80,False,0,False,724893789,True,0.003,0.4786,False,-10.0,1.0,0.8791208791208791,,,,14,7.239870548248291,732.0971734523773
100,0.96,10,90,80,False,0,False,1683378993,True,0.002,0.5317,False,-9.0,2.0,0.8791208791208791,,,,15,7.2743494510650635,732.0971734523773
100,0.96,10,90,80,False,0,False,541998562,True,0.002,0.5102,False,-4.0,0.0,0.9523809523809523,,,,16,7.120337247848511,732.0971734523773
100,0.96,10,90,80,False,0,False,205938981,True,0.001,0.5007,False,-10.0,10.0,0.8,,,,17,6.83964729309082,732.0971734523773
100,0.96,10,90,80,False,0,False,1164424185,True,0.001,0.5224,False,-5.0,9.0,0.851063829787234,,,,18,6.8747100830078125,732.0971734523773
100,0.96,10,90,80,False,0,False,828364604,True,0.001,0.55,False,-10.0,7.0,0.8247422680412371,,,,19,7.9243083000183105,732.0971734523773
100,0.96,10,90,80,False,0,False,981528958,True,0.011,0.3599,False,0.0,2.0,0.975609756097561,,,,20,7.5926673412323,732.0971734523773
100,0.96,10,90,80,False,0,False,645469377,True,0.009,0.419,True,0.0,0.0,1.0,,,,21,7.474425315856934,732.0971734523773
100,0.96,10,90,80,False,0,False,309409796,True,0.002,0.5182,False,-7.0,1.0,0.9090909090909091,,,,22,7.205804824829102,732.0971734523773
100,0.96,10,90,80,False,0,False,1267895000,True,0.002,0.4856,False,-6.0,9.0,0.8421052631578947,,,,23,7.796747446060181,732.0971734523773
100,0.96,10,90,80,False,0,False,27175682,True,0.001,0.4859,False,-9.0,10.0,0.8080808080808081,,,,24,7.206305742263794,732.0971734523773
100,0.96,10,90,80,False,0,False,1084999773,True,0.002,0.5054,False,-2.0,4.0,0.9302325581395349,,,,25,7.072912693023682,732.0971734523773
100,0.96,10,90,80,False,0,False,748940192,True,0.001,0.5039,False,-10.0,6.0,0.8333333333333334,,,,26,6.875088453292847,732.0971734523773
100,0.96,10,90,80,False,0,False,1707425396,True,0.001,0.5042,False,-10.0,2.0,0.8695652173913043,,,,27,7.490431547164917,732.0971734523773
100,0.96,10,90,80,False,0,False,466706078,True,0.001,0.4356,False,-3.0,10.0,0.8602150537634409,,,,28,7.600535869598389,732.0971734523773
100,0.96,10,90,80,False,0,False,130646497,True,0.002,0.4982,False,-1.0,10.0,0.8791208791208791,,,,29,7.308767557144165,732.0971734523773
100,0.96,10,90,80,False,0,False,1188470588,True,0.001,0.4544,False,-5.0,0.0,0.9411764705882353,,,,30,7.202240705490112,732.0971734523773
100,0.96,10,90,80,False,0,False,852411007,True,0.001,0.42,False,0.0,5.0,0.9411764705882353,,,,31,7.420684576034546,732.0971734523773
100,0.96,10,90,80,False,0,False,1810896211,True,0.011,0.4137,False,0.0,7.0,0.9195402298850575,,,,32,7.406981468200684,732.0971734523773
100,0.96,10,90,80,False,0,False,570176893,True,0.002,0.4772,False,-10.0,0.0,0.8888888888888888,,,,33,6.591193199157715,732.0971734523773
100,0.96,10,90,80,False,0,False,1628000984,True,0.004,0.446,False,-7.0,0.0,0.9195402298850575,,,,34,7.103961229324341,732.0971734523773
100,0.96,10,90,80,False,0,False,1291941403,True,0.007,0.4358,False,-2.0,2.0,0.9523809523809523,,,,35,7.670341491699219,732.0971734523773
100,0.96,10,90,80,False,0,False,955881822,True,0.003,0.4618,False,-3.0,5.0,0.9090909090909091,,,,36,7.9892418384552,732.0971734523773
100,0.96,10,90,80,False,0,False,1109046176,True,0.006,0.4571,False,-10.0,10.0,0.8,,,,37,7.584751129150391,732.0971734523773
100,0.96,10,90,80,False,0,False,673647708,True,0.005,0.518,False,0.0,10.0,0.8888888888888888,,,,38,6.7367963790893555,732.0971734523773
100,0.96,10,90,80,False,0,False,1731471799,True,0.003,0.4511,False,-7.0,1.0,0.9090909090909091,,,,39,7.038075923919678,732.0971734523773
100,0.96,10,90,80,False,0,False,1395412218,True,0.001,0.4355,False,-10.0,4.0,0.851063829787234,,,,40,7.13861083984375,732.0971734523773
100,0.96,10,90,80,False,0,False,154692900,True,0.001,0.5345,False,-10.0,0.0,0.8888888888888888,,,,41,7.059406042098999,732.0971734523773
100,0.96,10,90,80,False,0,False,1212516991,True,0.005,0.3974,False,-10.0,7.0,0.8247422680412371,,,,42,7.036836624145508,732.0971734523773
100,0.96,10,90,80,False,0,False,777118523,True,0.001,0.4705,False,-8.0,5.0,0.8602150537634409,,,,43,7.190591096878052,732.0971734523773
100,0.96,10,90,80,False,0,False,1834942614,True,0.001,0.5685,False,-9.0,7.0,0.8333333333333334,,,,44,7.794829368591309,732.0971734523773
100,0.96,10,90,80,False,0,False,594223296,True,0.006,0.4537,False,-1.0,3.0,0.9523809523809523,,,,45,7.258991956710815,732.0971734523773
100,0.96,10,90,80,False,0,False,1652047387,True,0.004,0.404,False,0.0,1.0,0.9876543209876543,,,,46,7.496233940124512,732.0971734523773
100,0.96,10,90,80,False,0,False,1315987806,True,0.001,0.4732,False,0.0,4.0,0.9523809523809523,,,,47,7.340436697006226,732.0971734523773
100,0.96,10,90,80,False,0,False,880589338,True,0.002,0.4663,False,-2.0,9.0,0.8791208791208791,,,,48,7.907879114151001,732.0971734523773
100,0.96,10,90,80,False,0,False,1033753692,True,0.004,0.4273,False,-1.0,2.0,0.963855421686747,,,,49,7.366231441497803,732.0971734523773
100,0.96,10,90,80,False,0,True,1229833517,False,0.2927,0.1601,,,,,,,,0,7.264040231704712,732.0971734523773
100,0.96,10,90,80,False,0,True,40835073,False,0.8661,0.0945,,,,,,,,1,6.81374716758728,732.0971734523773
100,0.96,10,90,80,False,0,True,1852259140,False,0.6354,-0.1179,,,,,,,,2,7.2643022537231445,732.0971734523773
100,0.96,10,90,80,False,0,True,611539822,False,0.3896,0.1494,,,,,,,,3,7.509039878845215,732.0971734523773
100,0.96,10,90,80,False,0,True,1669363913,False,0.6653,0.1271,,,,,,,,4,7.384027004241943,732.0971734523773
100,0.96,10,90,80,False,0,True,1333304332,False,0.2587,-0.1848,,,,,,,,5,7.229830265045166,732.0971734523773
100,0.96,10,90,80,False,0,True,144305888,True,0.004,-0.2951,,,,,,,,6,7.3703014850616455,732.0971734523773
100,0.96,10,90,80,False,0,True,1051070218,False,0.8052,0.0922,,,,,,,,7,7.4379332065582275,732.0971734523773
100,0.96,10,90,80,False,0,True,2108894309,False,0.2348,-0.1912,,,,,,,,8,6.888648271560669,732.0971734523773
100,0.96,10,90,80,False,0,True,1772834728,False,0.6703,0.1319,,,,,,,,9,7.1552393436431885,732.0971734523773
100,0.96,10,90,80,False,0,True,1436775147,False,0.1029,0.209,,,,,,,,10,7.728085279464722,732.0971734523773
100,0.96,10,90,80,False,0,True,247776703,False,0.6823,0.1242,,,,,,,,11,7.808022975921631,732.0971734523773
100,0.96,10,90,80,False,0,True,1154541033,False,0.7003,-0.1191,,,,,,,,12,7.4147629737854,732.0971734523773
100,0.96,10,90,80,False,0,True,64881476,False,0.6933,0.1089,,,,,,,,13,7.239749431610107,732.0971734523773
100,0.96,10,90,80,False,0,True,1876305543,False,0.0909,-0.1995,,,,,,,,14,7.655965328216553,732.0971734523773
100,0.96,10,90,80,False,0,True,687307099,False,0.4106,-0.1379,,,,,,,,15,7.22835898399353,732.0971734523773
100,0.96,10,90,80,False,0,True,1594071429,False,0.7033,0.0986,,,,,,,,16,7.6145031452178955,732.0971734523773
100,0.96,10,90,80,False,0,True,1258011848,False,0.0989,-0.2038,,,,,,,,17,7.054156303405762,732.0971734523773
100,0.96,10,90,80,False,0,True,168352291,False,0.5405,0.1164,,,,,,,,18,7.606417655944824,732.0971734523773
100,0.96,10,90,80,False,0,True,1979776358,False,0.1588,0.179,,,,,,,,19,7.550986051559448,732.0971734523773
100,0.96,10,90,80,False,0,True,2132940712,False,0.8192,-0.0908,,,,,,,,20,7.84032940864563,732.0971734523773
100,0.96,10,90,80,False,0,True,1697542244,False,0.7023,-0.1086,,,,,,,,21,7.04587984085083,732.0971734523773
100,0.96,10,90,80,False,0,True,1361482663,False,0.1928,0.1627,,,,,,,,22,6.834630012512207,732.0971734523773
100,0.96,10,90,80,False,0,True,271823106,False,0.9181,0.0834,,,,,,,,23,7.095240116119385,732.0971734523773
100,0.96,10,90,80,False,0,True,1178587436,False,0.1718,-0.2021,,,,,,,,24,7.011344909667969,732.0971734523773
100,0.96,10,90,80,False,0,True,88927879,False,0.1608,0.183,,,,,,,,25,6.709563493728638,732.0971734523773
100,0.96,10,90,80,False,0,True,1801013059,True,0.021,0.2735,,,,,,,,26,7.614914894104004,732.0971734523773
100,0.96,10,90,80,False,0,True,711353502,False,0.3247,0.1495,,,,,,,,27,7.817340850830078,732.0971734523773
100,0.96,10,90,80,False,0,True,1618117832,False,0.2148,0.1969,,,,,,,,28,7.820478200912476,732.0971734523773
100,0.96,10,90,80,False,0,True,1282058251,False,0.6294,0.1078,,,,,,,,29,7.535282373428345,732.0971734523773
100,0.96,10,90,80,False,0,True,192398694,False,0.8501,0.0951,,,,,,,,30,7.302063465118408,732.0971734523773
100,0.96,10,90,80,False,0,True,1904483874,False,0.2557,-0.1566,,,,,,,,31,7.663139820098877,732.0971734523773
100,0.96,10,90,80,False,0,True,814824317,False,0.5375,0.1155,,,,,,,,32,6.9650139808654785,732.0971734523773
100,0.96,10,90,80,False,0,True,1721588647,False,0.4985,0.1389,,,,,,,,33,7.431365728378296,732.0971734523773
100,0.96,10,90,80,False,0,True,631929090,False,0.3487,-0.1635,,,,,,,,34,7.826984882354736,732.0971734523773
100,0.96,10,90,80,False,0,True,295869509,False,0.0669,0.2084,,,,,,,,35,7.787685394287109,732.0971734523773
100,0.96,10,90,80,False,0,True,2107293576,True,0.014,0.2449,,,,,,,,36,7.642964124679565,732.0971734523773
100,0.96,10,90,80,False,0,True,13635395,False,0.1299,0.1925,,,,,,,,37,7.458291530609131,732.0971734523773
100,0.96,10,90,80,False,0,True,1825059462,False,0.2348,-0.1583,,,,,,,,38,7.438021659851074,732.0971734523773
100,0.96,10,90,80,False,0,True,735399905,False,0.6154,0.1162,,,,,,,,39,7.2764363288879395,732.0971734523773
100,0.96,10,90,80,False,0,True,399340324,True,0.027,-0.2553,,,,,,,,40,7.359863758087158,732.0971734523773
100,0.96,10,90,80,False,0,True,1306104654,False,0.6174,0.1256,,,,,,,,41,7.026169061660767,732.0971734523773
100,0.96,10,90,80,False,0,True,117106210,False,0.6563,0.1162,,,,,,,,42,7.682852745056152,732.0971734523773
100,0.96,10,90,80,False,0,True,1928530277,False,0.4096,-0.1391,,,,,,,,43,7.599006175994873,732.0971734523773
100,0.96,10,90,80,False,0,True,838870720,False,0.2088,0.1867,,,,,,,,44,7.34228777885437,732.0971734523773
100,0.96,10,90,80,False,0,True,1745635050,False,0.5994,-0.132,,,,,,,,45,7.5321738719940186,732.0971734523773
100,0.96,10,90,80,False,0,True,556636606,False,0.3017,0.1673,,,,,,,,46,7.352388381958008,732.0971734523773
100,0.96,10,90,80,False,0,True,220577025,False,0.9141,0.0848,,,,,,,,47,7.114604473114014,732.0971734523773
100,0.96,10,90,80,False,0,True,2032001092,False,0.5574,-0.1255,,,,,,,,48,6.9447197914123535,732.0971734523773
100,0.96,10,90,80,False,0,True,37681798,False,0.7033,0.0983,,,,,,,,49,7.069547891616821,732.0971734523773
100,0.98,10,90,80,False,0,False,1442957340,True,0.002,0.4389,False,-2.0,1.0,0.963855421686747,,,,0,7.40525221824646,737.6267104148865
100,0.98,10,90,80,False,0,False,1106897759,True,0.002,0.4821,False,-10.0,3.0,0.8602150537634409,,,,1,7.86341667175293,737.6267104148865
100,0.98,10,90,80,False,0,False,2065382963,True,0.004,0.4464,False,-2.0,6.0,0.9090909090909091,,,,2,7.311609506607056,737.6267104148865
100,0.98,10,90,80,False,0,False,1729323382,True,0.001,0.5539,False,-10.0,4.0,0.851063829787234,,,,3,7.582020044326782,737.6267104148865
100,0.98,10,90,80,False,0,False,1882487736,True,0.002,0.538,False,-10.0,8.0,0.8163265306122449,,,,4,7.1297080516815186,737.6267104148865
100,0.98,10,90,80,False,0,False,1546428155,True,0.001,0.4501,False,-9.0,4.0,0.8602150537634409,,,,5,7.316107511520386,737.6267104148865
100,0.98,10,90,80,False,0,False,1210368574,True,0.009,0.4,False,0.0,3.0,0.963855421686747,,,,6,7.252303838729858,737.6267104148865
100,0.98,10,90,80,False,0,False,21370130,True,0.001,0.6405,False,-5.0,10.0,0.8421052631578947,,,,7,6.861681699752808,737.6267104148865
100,0.98,10,90,80,False,0,False,1027473347,True,0.009,0.4201,False,-1.0,5.0,0.9302325581395349,,,,8,7.456276178359985,737.6267104148865
100,0.98,10,90,80,False,0,False,1985958551,True,0.009,0.4315,False,0.0,8.0,0.9090909090909091,,,,9,7.841418981552124,737.6267104148865
100,0.98,10,90,80,False,0,False,1649898970,True,0.001,0.4643,False,-10.0,0.0,0.8888888888888888,,,,10,7.8210508823394775,737.6267104148865
100,0.98,10,90,80,False,0,False,460900526,True,0.003,0.4368,False,-2.0,4.0,0.9302325581395349,,,,11,7.558459281921387,737.6267104148865
100,0.98,10,90,80,False,0,False,1467003743,True,0.003,0.415,False,-5.0,5.0,0.8888888888888888,,,,12,7.493329763412476,737.6267104148865
100,0.98,10,90,80,False,0,False,1130944162,True,0.005,0.4453,False,-10.0,2.0,0.8695652173913043,,,,13,6.941458702087402,737.6267104148865
100,0.98,10,90,80,False,0,False,2089429366,True,0.001,0.5092,False,-2.0,7.0,0.898876404494382,,,,14,7.275406360626221,737.6267104148865
100,0.98,10,90,80,False,0,False,1753369785,True,0.001,0.5115,False,-4.0,2.0,0.9302325581395349,,,,15,7.49915337562561,737.6267104148865
100,0.98,10,90,80,False,0,False,564371341,True,0.008,0.4003,True,0.0,0.0,1.0,,,,16,7.548581838607788,737.6267104148865
100,0.98,10,90,80,False,0,False,1570474558,True,0.008,0.3746,False,0.0,1.0,0.9876543209876543,,,,17,7.803666114807129,737.6267104148865
100,0.98,10,90,80,False,0,False,1234414977,True,0.004,0.4798,False,-8.0,7.0,0.8421052631578947,,,,18,7.855265378952026,737.6267104148865
100,0.98,10,90,80,False,0,False,45416533,True,0.002,0.4417,False,-4.0,0.0,0.9523809523809523,,,,19,7.377950429916382,737.6267104148865
100,0.98,10,90,80,False,0,False,1856840600,True,0.001,0.4476,False,-7.0,2.0,0.898876404494382,,,,20,7.239425897598267,737.6267104148865
100,0.98,10,90,80,False,0,False,2010004954,True,0.002,0.5112,False,-7.0,8.0,0.8421052631578947,,,,21,7.511101961135864,737.6267104148865
100,0.98,10,90,80,False,0,False,1673945373,True,0.001,0.4607,False,0.0,7.0,0.9195402298850575,,,,22,7.6785078048706055,737.6267104148865
100,0.98,10,90,80,False,0,False,484946929,True,0.011,0.4098,False,0.0,2.0,0.975609756097561,,,,23,6.869736671447754,737.6267104148865
100,0.98,10,90,80,False,0,False,148887348,True,0.001,0.5059,False,-10.0,7.0,0.8247422680412371,,,,24,7.295454263687134,737.6267104148865
100,0.98,10,90,80,False,0,False,1154990565,True,0.002,0.4982,False,-2.0,4.0,0.9302325581395349,,,,25,7.696011066436768,737.6267104148865
100,0.98,10,90,80,False,0,False,2113475769,True,0.002,0.4669,False,0.0,8.0,0.9090909090909091,,,,26,7.5857625007629395,737.6267104148865
100,0.98,10,90,80,False,0,False,1777416188,True,0.002,0.4563,False,-1.0,9.0,0.8888888888888888,,,,27,7.689112901687622,737.6267104148865
100,0.98,10,90,80,False,0,False,588417744,True,0.003,0.4491,False,-4.0,1.0,0.9411764705882353,,,,28,7.400668382644653,737.6267104148865
100,0.98,10,90,80,False,0,False,1594520961,True,0.002,0.5142,False,-9.0,5.0,0.851063829787234,,,,29,7.404190540313721,737.6267104148865
100,0.98,10,90,80,False,0,False,405522517,True,0.001,0.542,False,-9.0,7.0,0.8333333333333334,,,,30,7.142334938049316,737.6267104148865
100,0.98,10,90,80,False,0,False,69462936,True,0.001,0.5156,False,0.0,8.0,0.9090909090909091,,,,31,7.4911744594573975,737.6267104148865
100,0.98,10,90,80,False,0,False,1880887003,True,0.007,0.4087,False,-2.0,2.0,0.9523809523809523,,,,32,7.584996938705444,737.6267104148865
100,0.98,10,90,80,False,0,False,2034051357,True,0.009,0.4284,False,0.0,3.0,0.963855421686747,,,,33,7.531579494476318,737.6267104148865
100,0.98,10,90,80,False,0,False,1697991776,True,0.007,0.4133,False,0.0,7.0,0.9195402298850575,,,,34,7.45899224281311,737.6267104148865
100,0.98,10,90,80,False,0,False,508993332,True,0.002,0.4626,False,-7.0,7.0,0.851063829787234,,,,35,7.613382816314697,737.6267104148865
100,0.98,10,90,80,False,0,False,172933751,True,0.005,0.4332,False,-2.0,0.0,0.975609756097561,,,,36,7.490691423416138,737.6267104148865
100,0.98,10,90,80,False,0,False,1984357818,True,0.004,0.4815,False,-1.0,10.0,0.8791208791208791,,,,37,6.8147711753845215,737.6267104148865
100,0.98,10,90,80,False,0,False,2137522172,True,0.003,0.4829,False,-3.0,10.0,0.8602150537634409,,,,38,7.129640102386475,737.6267104148865
100,0.98,10,90,80,False,0,False,1801462591,True,0.002,0.4711,False,-1.0,10.0,0.8791208791208791,,,,39,7.196223974227905,737.6267104148865
100,0.98,10,90,80,False,0,False,612464147,True,0.008,0.4056,True,0.0,0.0,1.0,,,,40,6.778377056121826,737.6267104148865
100,0.98,10,90,80,False,0,False,276404566,True,0.008,0.4256,False,-2.0,10.0,0.8695652173913043,,,,41,7.529364347457886,737.6267104148865
100,0.98,10,90,80,False,0,False,429568920,True,0.002,0.4525,False,-10.0,3.0,0.8602150537634409,,,,42,7.84345555305481,737.6267104148865
100,0.98,10,90,80,False,0,False,93509339,True,0.003,0.4715,False,-9.0,10.0,0.8080808080808081,,,,43,7.707286834716797,737.6267104148865
100,0.98,10,90,80,False,0,False,1904933406,True,0.001,0.5598,False,-10.0,10.0,0.8,,,,44,7.021913528442383,737.6267104148865
100,0.98,10,90,80,False,0,False,715934962,True,0.002,0.4816,False,-5.0,10.0,0.8421052631578947,,,,45,7.236428260803223,737.6267104148865
100,0.98,10,90,80,False,0,False,1722038179,True,0.002,0.5005,False,-4.0,9.0,0.8602150537634409,,,,46,7.617746353149414,737.6267104148865
100,0.98,10,90,80,False,0,False,533039735,True,0.001,0.5039,False,0.0,3.0,0.963855421686747,,,,47,7.321169137954712,737.6267104148865
100,0.98,10,90,80,False,0,False,196980154,True,0.004,0.5065,False,0.0,10.0,0.8888888888888888,,,,48,7.036281108856201,737.6267104148865
100,0.98,10,90,80,False,0,False,1155465358,True,0.003,0.4229,False,0.0,10.0,0.8888888888888888,,,,49,7.79631233215332,737.6267104148865
100,0.98,10,90,80,False,0,True,446885446,False,0.992,0.0603,,,,,,,,0,7.802250385284424,737.6267104148865
100,0.98,10,90,80,False,0,True,110825865,True,0.047,0.2423,,,,,,,,1,7.527833700180054,737.6267104148865
100,0.98,10,90,80,False,0,True,1069311069,False,0.1419,-0.1707,,,,,,,,2,7.746990442276001,737.6267104148865
100,0.98,10,90,80,False,0,True,733251488,True,0.032,-0.2335,,,,,,,,3,7.2689368724823,737.6267104148865
100,0.98,10,90,80,False,0,True,886415842,False,0.1678,-0.1913,,,,,,,,4,7.140554666519165,737.6267104148865
100,0.98,10,90,80,False,0,True,550356261,False,0.9321,-0.0746,,,,,,,,5,7.1250951290130615,737.6267104148865
100,0.98,10,90,80,False,0,True,214296680,False,0.1958,-0.1674,,,,,,,,6,7.137572288513184,737.6267104148865
100,0.98,10,90,80,False,0,True,1172781884,False,0.3117,-0.1631,,,,,,,,7,7.567007780075073,737.6267104148865
100,0.98,10,90,80,False,0,True,31401453,False,0.6484,0.1263,,,,,,,,8,7.912935972213745,737.6267104148865
100,0.98,10,90,80,False,0,True,989886657,False,0.9391,-0.0815,,,,,,,,9,7.275658845901489,737.6267104148865
100,0.98,10,90,80,False,0,True,653827076,False,0.1678,0.1728,,,,,,,,10,7.752200365066528,737.6267104148865
100,0.98,10,90,80,False,0,True,1612312280,True,0.041,-0.2471,,,,,,,,11,7.150371789932251,737.6267104148865
100,0.98,10,90,80,False,0,True,470931849,False,0.6324,-0.1323,,,,,,,,12,7.2436745166778564,737.6267104148865
100,0.98,10,90,80,False,0,True,134872268,False,0.5035,-0.1341,,,,,,,,13,7.28420352935791,737.6267104148865
100,0.98,10,90,80,False,0,True,1093357472,False,0.8521,-0.0867,,,,,,,,14,7.052604913711548,737.6267104148865
100,0.98,10,90,80,False,0,True,757297891,False,0.951,-0.0743,,,,,,,,15,7.47283673286438,737.6267104148865
100,0.98,10,90,80,False,0,True,1715783095,False,0.2517,-0.1573,,,,,,,,16,7.966192007064819,737.6267104148865
100,0.98,10,90,80,False,0,True,574402664,False,0.8531,-0.0802,,,,,,,,17,7.289149284362793,737.6267104148865
100,0.98,10,90,80,False,0,True,238343083,False,0.1858,0.1877,,,,,,,,18,7.299839496612549,737.6267104148865
100,0.98,10,90,80,False,0,True,1196828287,False,0.982,-0.0643,,,,,,,,19,7.0912134647369385,737.6267104148865
100,0.98,10,90,80,False,0,True,860768706,False,0.9041,0.0846,,,,,,,,20,6.9313013553619385,737.6267104148865
100,0.98,10,90,80,False,0,True,1013933060,False,0.6533,-0.1083,,,,,,,,21,7.210261106491089,737.6267104148865
100,0.98,10,90,80,False,0,True,677873479,False,0.994,-0.0635,,,,,,,,22,6.793397665023804,737.6267104148865
100,0.98,10,90,80,False,0,True,1636358683,False,0.2478,0.1914,,,,,,,,23,7.639260292053223,737.6267104148865
100,0.98,10,90,80,False,0,True,1300299102,False,0.3197,0.166,,,,,,,,24,7.539453983306885,737.6267104148865
100,0.98,10,90,80,False,0,True,158918671,False,0.0529,-0.2286,,,,,,,,25,7.534952640533447,737.6267104148865
100,0.98,10,90,80,False,0,True,1117403875,False,0.8941,0.0854,,,,,,,,26,7.280197381973267,737.6267104148865
100,0.98,10,90,80,False,0,True,781344294,False,0.4136,-0.1531,,,,,,,,27,7.2312281131744385,737.6267104148865
100,0.98,10,90,80,False,0,True,1739829498,False,0.2198,-0.1784,,,,,,,,28,6.821871995925903,737.6267104148865
100,0.98,10,90,80,False,0,True,598449067,False,0.1039,0.1847,,,,,,,,29,7.381178379058838,737.6267104148865
100,0.98,10,90,80,False,0,True,1556934271,False,0.6883,-0.1039,,,,,,,,30,7.037823438644409,737.6267104148865
100,0.98,10,90,80,False,0,True,1220874690,False,0.7962,0.0916,,,,,,,,31,6.904649019241333,737.6267104148865
100,0.98,10,90,80,False,0,True,884815109,False,0.8212,0.1027,,,,,,,,32,7.463089942932129,737.6267104148865
100,0.98,10,90,80,False,0,True,1037979463,False,0.5514,-0.1028,,,,,,,,33,7.605260133743286,737.6267104148865
100,0.98,10,90,80,False,0,True,701919882,False,0.8042,-0.1002,,,,,,,,34,7.570598125457764,737.6267104148865
100,0.98,10,90,80,False,0,True,1660405086,False,0.3137,0.1775,,,,,,,,35,7.352478981018066,737.6267104148865
100,0.98,10,90,80,False,0,True,1324345505,False,0.4735,0.1167,,,,,,,,36,7.238945960998535,737.6267104148865
100,0.98,10,90,80,False,0,True,988285924,False,0.2567,0.161,,,,,,,,37,7.233062744140625,737.6267104148865
100,0.98,10,90,80,False,0,True,1141450278,False,0.5934,-0.1066,,,,,,,,38,6.813984155654907,737.6267104148865
100,0.98,10,90,80,False,0,True,805390697,False,0.4745,0.1232,,,,,,,,39,6.845904111862183,737.6267104148865
100,0.98,10,90,80,False,0,True,1763875901,False,0.4106,-0.1248,,,,,,,,40,7.427049875259399,737.6267104148865
100,0.98,10,90,80,False,0,True,1427816320,True,0.008,-0.3429,,,,,,,,41,7.5088677406311035,737.6267104148865
100,0.98,10,90,80,False,0,True,1580980674,False,0.4545,0.1504,,,,,,,,42,7.923739433288574,737.6267104148865
100,0.98,10,90,80,False,0,True,1244921093,False,0.9381,0.0817,,,,,,,,43,7.736235618591309,737.6267104148865
100,0.98,10,90,80,False,0,True,908861512,False,0.5754,0.1131,,,,,,,,44,7.175588846206665,737.6267104148865
100,0.98,10,90,80,False,0,True,1867346716,False,0.6314,-0.1048,,,,,,,,45,7.005286931991577,737.6267104148865
100,0.98,10,90,80,False,0,True,725966285,False,0.967,0.0719,,,,,,,,46,7.187809467315674,737.6267104148865
100,0.98,10,90,80,False,0,True,1684451489,False,0.7882,-0.0995,,,,,,,,47,7.045343399047852,737.6267104148865
100,0.98,10,90,80,False,0,True,1348391908,False,0.9301,0.0798,,,,,,,,48,7.485206365585327,737.6267104148865
100,0.98,10,90,80,False,0,True,159393464,False,0.996,-0.055,,,,,,,,49,7.543521165847778,737.6267104148865
100,1.0,10,90,80,False,0,False,1226477774,True,0.004,0.4132,False,-5.0,3.0,0.9090909090909091,,,,0,7.414693593978882,735.9630072116852
100,1.0,10,90,80,False,0,False,85097343,True,0.007,0.4442,False,-4.0,0.0,0.9523809523809523,,,,1,7.193976640701294,735.9630072116852
100,1.0,10,90,80,False,0,False,1896521410,True,0.012,0.4106,True,0.0,0.0,1.0,,,,2,6.96906304359436,735.9630072116852
100,1.0,10,90,80,False,0,False,707522966,True,0.001,0.5651,False,-10.0,6.0,0.8333333333333334,,,,3,6.948120594024658,735.9630072116852
100,1.0,10,90,80,False,0,False,371463385,True,0.001,0.5275,False,-4.0,10.0,0.851063829787234,,,,4,7.0122129917144775,735.9630072116852
100,1.0,10,90,80,False,0,False,1329948589,True,0.004,0.4335,False,-1.0,4.0,0.9411764705882353,,,,5,6.941757678985596,735.9630072116852
100,1.0,10,90,80,False,0,False,188568158,True,0.005,0.403,False,-4.0,0.0,0.9523809523809523,,,,6,7.324945688247681,735.9630072116852
100,1.0,10,90,80,False,0,False,1147053362,True,0.001,0.5358,False,-5.0,10.0,0.8421052631578947,,,,7,7.277608394622803,735.9630072116852
100,1.0,10,90,80,False,0,False,810993781,True,0.003,0.4453,False,-5.0,4.0,0.898876404494382,,,,8,7.4695725440979,735.9630072116852
100,1.0,10,90,80,False,0,False,474934200,True,0.002,0.4391,False,0.0,7.0,0.9195402298850575,,,,9,7.320391416549683,735.9630072116852
100,1.0,10,90,80,False,0,False,628098554,True,0.001,0.5409,False,-7.0,10.0,0.8247422680412371,,,,10,7.159571409225464,735.9630072116852
100,1.0,10,90,80,False,0,False,292038973,True,0.002,0.4359,False,-10.0,5.0,0.8421052631578947,,,,11,7.003638505935669,735.9630072116852
100,1.0,10,90,80,False,0,False,1250524177,True,0.002,0.4896,False,-10.0,2.0,0.8695652173913043,,,,12,7.055344581604004,735.9630072116852
100,1.0,10,90,80,False,0,False,914464596,True,0.001,0.5147,False,-3.0,10.0,0.8602150537634409,,,,13,7.055490016937256,735.9630072116852
100,1.0,10,90,80,False,0,False,1920567813,True,0.002,0.516,False,-10.0,3.0,0.8602150537634409,,,,14,7.01859712600708,735.9630072116852
100,1.0,10,90,80,False,0,False,731569369,True,0.003,0.4717,False,-6.0,8.0,0.851063829787234,,,,15,7.572146654129028,735.9630072116852
100,1.0,10,90,80,False,0,False,395509788,True,0.001,0.5413,False,-9.0,8.0,0.8247422680412371,,,,16,7.357147216796875,735.9630072116852
100,1.0,10,90,80,False,0,False,1353994992,True,0.004,0.5105,False,-9.0,7.0,0.8333333333333334,,,,17,7.806753396987915,735.9630072116852
100,1.0,10,90,80,False,0,False,212614561,True,0.001,0.5472,False,-10.0,10.0,0.8,,,,18,7.2596800327301025,735.9630072116852
100,1.0,10,90,80,False,0,False,1171099765,True,0.006,0.4586,False,0.0,7.0,0.9195402298850575,,,,19,7.022393226623535,735.9630072116852
100,1.0,10,90,80,False,0,False,835040184,True,0.002,0.4995,False,-10.0,9.0,0.8080808080808081,,,,20,7.143868684768677,735.9630072116852
100,1.0,10,90,80,False,0,False,498980603,True,0.006,0.414,False,-1.0,2.0,0.963855421686747,,,,21,7.434615850448608,735.9630072116852
100,1.0,10,90,80,False,0,False,652144957,True,0.003,0.4058,False,-2.0,9.0,0.8791208791208791,,,,22,7.024202823638916,735.9630072116852
100,1.0,10,90,80,False,0,False,316085376,True,0.003,0.4868,False,-2.0,7.0,0.898876404494382,,,,23,7.736160516738892,735.9630072116852
100,1.0,10,90,80,False,0,False,1274570580,True,0.003,0.4353,False,-6.0,5.0,0.8791208791208791,,,,24,7.306670904159546,735.9630072116852
100,1.0,10,90,80,False,0,False,938510999,True,0.002,0.4577,False,-8.0,8.0,0.8333333333333334,,,,25,7.509176254272461,735.9630072116852
100,1.0,10,90,80,False,0,False,1091675353,True,0.001,0.5252,False,-10.0,10.0,0.8,,,,26,7.5968217849731445,735.9630072116852
100,1.0,10,90,80,False,0,False,755615772,True,0.003,0.4437,False,-10.0,10.0,0.8,,,,27,7.045630216598511,735.9630072116852
100,1.0,10,90,80,False,0,False,419556191,True,0.001,0.5357,False,-3.0,10.0,0.8602150537634409,,,,28,7.074823617935181,735.9630072116852
100,1.0,10,90,80,False,0,False,1378041395,True,0.003,0.4819,False,-9.0,10.0,0.8080808080808081,,,,29,7.2321937084198,735.9630072116852
100,1.0,10,90,80,False,0,False,1041981814,True,0.004,0.4171,False,-3.0,0.0,0.963855421686747,,,,30,7.116220951080322,735.9630072116852
100,1.0,10,90,80,False,0,False,1195146168,True,0.005,0.4218,False,-1.0,0.0,0.9876543209876543,,,,31,7.773777484893799,735.9630072116852
100,1.0,10,90,80,False,0,False,859086587,True,0.001,0.5216,False,0.0,7.0,0.9195402298850575,,,,32,7.710878849029541,735.9630072116852
100,1.0,10,90,80,False,0,False,1817571791,True,0.003,0.4726,False,-3.0,3.0,0.9302325581395349,,,,33,7.251095533370972,735.9630072116852
100,1.0,10,90,80,False,0,False,1481512210,True,0.003,0.4866,False,-9.0,0.0,0.898876404494382,,,,34,7.621223449707031,735.9630072116852
100,1.0,10,90,80,False,0,False,340131779,True,0.001,0.569,False,-10.0,9.0,0.8080808080808081,,,,35,7.005016565322876,735.9630072116852
100,1.0,10,90,80,False,0,False,1298616983,True,0.001,0.5075,False,-10.0,9.0,0.8080808080808081,,,,36,6.798179388046265,735.9630072116852
100,1.0,10,90,80,False,0,False,962557402,True,0.001,0.5018,False,-10.0,10.0,0.8,,,,37,7.047894477844238,735.9630072116852
100,1.0,10,90,80,False,0,False,1921042606,True,0.004,0.4348,False,0.0,3.0,0.963855421686747,,,,38,6.712400197982788,735.9630072116852
100,1.0,10,90,80,False,0,False,779662175,True,0.001,0.564,False,-7.0,9.0,0.8333333333333334,,,,39,7.593268632888794,735.9630072116852
100,1.0,10,90,80,False,0,False,443602594,True,0.004,0.45,False,-6.0,8.0,0.851063829787234,,,,40,7.615561246871948,735.9630072116852
100,1.0,10,90,80,False,0,False,1402087798,True,0.009,0.4473,False,0.0,7.0,0.9195402298850575,,,,41,7.432854175567627,735.9630072116852
100,1.0,10,90,80,False,0,False,1066028217,True,0.002,0.5647,False,-9.0,1.0,0.8888888888888888,,,,42,7.421422481536865,735.9630072116852
100,1.0,10,90,80,False,0,False,1219192571,True,0.001,0.5367,False,-10.0,7.0,0.8247422680412371,,,,43,7.083669900894165,735.9630072116852
100,1.0,10,90,80,False,0,False,883132990,True,0.002,0.4463,False,0.0,8.0,0.9090909090909091,,,,44,7.01162314414978,735.9630072116852
100,1.0,10,90,80,False,0,False,1841618194,True,0.003,0.4433,False,0.0,8.0,0.9090909090909091,,,,45,7.242956161499023,735.9630072116852
100,1.0,10,90,80,False,0,False,1505558613,True,0.002,0.516,False,-9.0,4.0,0.8602150537634409,,,,46,7.293339729309082,735.9630072116852
100,1.0,10,90,80,False,0,False,264839295,True,0.003,0.4978,False,-4.0,0.0,0.9523809523809523,,,,47,7.70408034324646,735.9630072116852
100,1.0,10,90,80,False,0,False,1322663386,True,0.005,0.4118,False,0.0,1.0,0.9876543209876543,,,,48,8.527303457260132,735.9630072116852
100,1.0,10,90,80,False,0,False,986603805,True,0.004,0.4564,False,-8.0,10.0,0.8163265306122449,,,,49,7.203312873840332,735.9630072116852
100,1.0,10,90,80,False,0,True,230405880,False,0.6284,0.1151,,,,,,,,0,7.47486424446106,735.9630072116852
100,1.0,10,90,80,False,0,True,1236509097,False,0.8122,0.0857,,,,,,,,1,7.570438623428345,735.9630072116852
100,1.0,10,90,80,False,0,True,900449516,False,0.0769,0.2107,,,,,,,,2,7.240537643432617,735.9630072116852
100,1.0,10,90,80,False,0,True,1858934720,False,0.9371,-0.0704,,,,,,,,3,7.4153993129730225,735.9630072116852
100,1.0,10,90,80,False,0,True,1522875139,False,0.5085,0.1418,,,,,,,,4,7.367292642593384,735.9630072116852
100,1.0,10,90,80,False,0,True,333876695,False,0.4426,0.1482,,,,,,,,5,7.157723903656006,735.9630072116852
100,1.0,10,90,80,False,0,True,1339979912,False,0.8531,-0.0979,,,,,,,,6,7.673753023147583,735.9630072116852
100,1.0,10,90,80,False,0,True,150981468,False,0.1758,0.1939,,,,,,,,7,7.808612108230591,735.9630072116852
100,1.0,10,90,80,False,0,True,1962405535,False,0.2338,-0.1729,,,,,,,,8,8.037251472473145,735.9630072116852
100,1.0,10,90,80,False,0,True,1626345954,False,0.3427,0.1405,,,,,,,,9,7.304168939590454,735.9630072116852
100,1.0,10,90,80,False,0,True,1779510308,False,0.9101,0.0934,,,,,,,,10,7.130925416946411,735.9630072116852
100,1.0,10,90,80,False,0,True,1443450727,False,0.4665,0.1174,,,,,,,,11,7.282041072845459,735.9630072116852
100,1.0,10,90,80,False,0,True,254452283,False,0.5514,-0.13,,,,,,,,12,7.336182594299316,735.9630072116852
100,1.0,10,90,80,False,0,True,2065876350,False,0.2527,0.1784,,,,,,,,13,7.565119504928589,735.9630072116852
100,1.0,10,90,80,False,0,True,924495919,False,0.4985,0.1503,,,,,,,,14,7.584069728851318,735.9630072116852
100,1.0,10,90,80,False,0,True,1882981123,False,0.5834,0.127,,,,,,,,15,7.7163074016571045,735.9630072116852
100,1.0,10,90,80,False,0,True,1546921542,False,0.6693,0.1262,,,,,,,,16,7.272470474243164,735.9630072116852
100,1.0,10,90,80,False,0,True,357923098,False,0.3057,0.1439,,,,,,,,17,7.268278121948242,735.9630072116852
100,1.0,10,90,80,False,0,True,1364026315,False,0.1868,-0.158,,,,,,,,18,7.333058595657349,735.9630072116852
100,1.0,10,90,80,False,0,True,175027871,False,0.3217,0.1489,,,,,,,,19,7.051893711090088,735.9630072116852
100,1.0,10,90,80,False,0,True,1986451938,False,0.9181,-0.0834,,,,,,,,20,7.371595621109009,735.9630072116852
100,1.0,10,90,80,False,0,True,1650392357,False,0.2777,0.1778,,,,,,,,21,7.329619646072388,735.9630072116852
100,1.0,10,90,80,False,0,True,1803556711,False,0.4416,0.1207,,,,,,,,22,7.948623418807983,735.9630072116852
100,1.0,10,90,80,False,0,True,1467497130,False,0.4326,-0.1218,,,,,,,,23,7.9259727001190186,735.9630072116852
100,1.0,10,90,80,False,0,True,278498686,True,0.046,0.251,,,,,,,,24,7.875299692153931,735.9630072116852
100,1.0,10,90,80,False,0,True,2089922753,False,0.4545,-0.1507,,,,,,,,25,7.56502366065979,735.9630072116852
100,1.0,10,90,80,False,0,True,95603459,False,0.2517,-0.1543,,,,,,,,26,7.370338678359985,735.9630072116852
100,1.0,10,90,80,False,0,True,1907027526,False,0.1119,-0.1963,,,,,,,,27,7.328158855438232,735.9630072116852
100,1.0,10,90,80,False,0,True,1570967945,False,0.7073,-0.1068,,,,,,,,28,7.255006313323975,735.9630072116852
100,1.0,10,90,80,False,0,True,381969501,False,0.7842,-0.0936,,,,,,,,29,7.207576513290405,735.9630072116852
100,1.0,10,90,80,False,0,True,45909920,False,0.7003,0.113,,,,,,,,30,7.540386438369751,735.9630072116852
100,1.0,10,90,80,False,0,True,199074274,False,0.8092,0.1093,,,,,,,,31,7.407459259033203,735.9630072116852
100,1.0,10,90,80,False,0,True,2010498341,False,0.1788,-0.1967,,,,,,,,32,7.420300245285034,735.9630072116852
100,1.0,10,90,80,False,0,True,821499897,False,0.1429,-0.1831,,,,,,,,33,7.284762382507324,735.9630072116852
100,1.0,10,90,80,False,0,True,485440316,False,0.0979,-0.1975,,,,,,,,34,7.187578439712524,735.9630072116852
100,1.0,10,90,80,False,0,True,1491543533,False,0.8152,-0.11,,,,,,,,35,7.125982761383057,735.9630072116852
100,1.0,10,90,80,False,0,True,302545089,False,0.2937,0.1551,,,,,,,,36,7.201990842819214,735.9630072116852
100,1.0,10,90,80,False,0,True,2113969156,False,0.2537,-0.1571,,,,,,,,37,7.321619749069214,735.9630072116852
100,1.0,10,90,80,False,0,True,924970712,False,0.3107,-0.1349,,,,,,,,38,7.474876165390015,735.9630072116852
100,1.0,10,90,80,False,0,True,1931073929,False,0.2148,0.2021,,,,,,,,39,7.3005523681640625,735.9630072116852
100,1.0,10,90,80,False,0,True,1595014348,False,0.6454,0.1156,,,,,,,,40,7.499296188354492,735.9630072116852
100,1.0,10,90,80,False,0,True,406015904,False,0.7882,0.0995,,,,,,,,41,7.471244812011719,735.9630072116852
100,1.0,10,90,80,False,0,True,69956323,False,0.4486,0.1443,,,,,,,,42,7.295719623565674,735.9630072116852
100,1.0,10,90,80,False,0,True,223120677,False,0.6933,-0.1072,,,,,,,,43,7.124988079071045,735.9630072116852
100,1.0,10,90,80,False,0,True,2034544744,False,0.4016,0.1534,,,,,,,,44,7.020005702972412,735.9630072116852
100,1.0,10,90,80,False,0,True,845546300,False,0.6943,-0.1127,,,,,,,,45,7.356700420379639,735.9630072116852
100,1.0,10,90,80,False,0,True,509486719,False,0.3786,-0.1412,,,,,,,,46,7.534226894378662,735.9630072116852
100,1.0,10,90,80,False,0,True,1416251049,False,0.0869,0.2201,,,,,,,,47,7.285447120666504,735.9630072116852
100,1.0,10,90,80,False,0,True,326591492,True,0.024,0.2331,,,,,,,,48,8.31034231185913,735.9630072116852
100,1.0,10,90,80,False,0,True,2138015559,False,0.5684,-0.1294,,,,,,,,49,7.438872814178467,735.9630072116852
